{
"type": "FeatureCollection",
"name": "social_housing",
"crs": { "type": "name", "properties": { "name": "urn:ogc:def:crs:OGC:1.3:CRS84" } },
"features": [
{ "type": "Feature", "properties": { "Hofname": "Per-Albin-Hansson-Siedlung-Ost", "clean_address": "1100 Wien, Jura-Soyfer-Gasse", "Wohnungen": 4289, "Lokale": 25, "addr_key": "1100 wien, jura-soyfer-gasse" }, "geometry": { "type": "Point", "coordinates": [ 16.3920218, 48.1476654 ] } },
{ "type": "Feature", "properties": { "Hofname": "Rudolf-Hitzinger-Hof", "clean_address": "1210 Wien, Leopoldauer Straße", "Wohnungen": 284, "Lokale": 7, "addr_key": "1210 wien, leopoldauer straße" }, "geometry": { "type": "Point", "coordinates": [ 16.4049489, 48.2574122 ] } },
{ "type": "Feature", "properties": { "Hofname": "Großfeldsiedlung", "clean_address": "1210 Wien, St.-Michael-Gasse", "Wohnungen": 5525, "Lokale": 41, "addr_key": "1210 wien, st.-michael-gasse" }, "geometry": { "type": "Point", "coordinates": [ 16.4397714, 48.266736 ] } },
{ "type": "Feature", "properties": { "Hofname": "Georg-Emmerling-Hof", "clean_address": "1020 Wien, Obere Donaustraße", "Wohnungen": 215, "Lokale": 33, "addr_key": "1020 wien, obere donaustraße" }, "geometry": { "type": "Polygon", "coordinates": [ [ [ 16.369817, 48.2251015 ], [ 16.3697827, 48.2249334 ], [ 16.3699433, 48.2249181 ], [ 16.369951, 48.2249448 ], [ 16.3699968, 48.2249416 ], [ 16.3700202, 48.2250562 ], [ 16.3699718, 48.2250606 ], [ 16.3699772, 48.225087 ], [ 16.369817, 48.2251015 ] ] ] } },
{ "type": "Feature", "properties": { "Hofname": "Eduard-Leisching-Hof", "clean_address": "1050 Wien, Johannagasse", "Wohnungen": 283, "Lokale": 16, "addr_key": "1050 wien, johannagasse" }, "geometry": { "type": "Point", "coordinates": [ 16.3493708, 48.1824677 ] } },
{ "type": "Feature", "properties": { "Hofname": "Emmerich-Sailer-Hof", "clean_address": "1050 Wien, Kliebergasse", "Wohnungen": 50, "Lokale": 9, "addr_key": "1050 wien, kliebergasse" }, "geometry": { "type": "Point", "coordinates": [ 16.3635271, 48.1835761 ] } },
{ "type": "Feature", "properties": { "Hofname": "Per-Albin-Hansson-Siedlung-Nord", "clean_address": "1100 Wien, Saligergasse", "Wohnungen": 533, "Lokale": 29, "addr_key": "1100 wien, saligergasse" }, "geometry": { "type": "Polygon", "coordinates": [ [ [ 16.3785072, 48.1575359 ], [ 16.3786164, 48.1575377 ], [ 16.3787256, 48.1575394 ], [ 16.3787293, 48.1574384 ], [ 16.3785109, 48.1574349 ], [ 16.3785072, 48.1575359 ] ] ] } },
{ "type": "Feature", "properties": { "Hofname": "Salvador-Allende-Hof", "clean_address": "1110 Wien, Wilhelm-Kreß-Platz", "Wohnungen": 1154, "Lokale": 28, "addr_key": "1110 wien, wilhelm-kreß-platz" }, "geometry": { "type": "Point", "coordinates": [ 16.4272879, 48.1606934 ] } },
{ "type": "Feature", "properties": { "Hofname": "Herbert-Böhm-Hof", "clean_address": "1110 Wien, Studenygasse", "Wohnungen": 258, "Lokale": 4, "addr_key": "1110 wien, studenygasse" }, "geometry": { "type": "Point", "coordinates": [ 16.4297022, 48.1672721 ] } },
{ "type": "Feature", "properties": { "Hofname": "Karl-Swoboda-Hof", "clean_address": "1110 Wien, Florian-Hedorfer-Straße", "Wohnungen": 589, "Lokale": 5, "addr_key": "1110 wien, florian-hedorfer-straße" }, "geometry": { "type": "Point", "coordinates": [ 16.4305701, 48.1649275 ] } },
{ "type": "Feature", "properties": { "Hofname": "Karl-Maisel-Hof", "clean_address": "1110 Wien, Koblicekgasse", "Wohnungen": 1069, "Lokale": 7, "addr_key": "1110 wien, koblicekgasse" }, "geometry": { "type": "Point", "coordinates": [ 16.430159, 48.1703148 ] } },
{ "type": "Feature", "properties": { "Hofname": "Karl-Kysela-Hof", "clean_address": "1160 Wien, Thaliastraße", "Wohnungen": 191, "Lokale": 14, "addr_key": "1160 wien, thaliastraße" }, "geometry": { "type": "Point", "coordinates": [ 16.3352252, 48.2089601 ] } },
{ "type": "Feature", "properties": { "Hofname": "Josef-Wiedermann-Hof", "clean_address": "1190 Wien, Billrothstraße", "Wohnungen": 64, "Lokale": 17, "addr_key": "1190 wien, billrothstraße" }, "geometry": { "type": "Polygon", "coordinates": [ [ [ 16.350698, 48.2348048 ], [ 16.3508441, 48.2346694 ], [ 16.3506938, 48.2345983 ], [ 16.350605, 48.2345562 ], [ 16.3503428, 48.2345795 ], [ 16.3503541, 48.2346305 ], [ 16.3505203, 48.2346155 ], [ 16.3505177, 48.2346018 ], [ 16.3505387, 48.2345999 ], [ 16.3505463, 48.2346381 ], [ 16.3505625, 48.2346435 ], [ 16.350492, 48.2347096 ], [ 16.350698, 48.2348048 ] ] ] } },
{ "type": "Feature", "properties": { "Hofname": "Franz-Koblizka-Hof", "clean_address": "1200 Wien, Adalbert-Stifter-Straße", "Wohnungen": 466, "Lokale": 6, "addr_key": "1200 wien, adalbert-stifter-straße" }, "geometry": { "type": "Point", "coordinates": [ 16.3775983, 48.2440992 ] } },
{ "type": "Feature", "properties": { "Hofname": "Johann-Schauhuber-Hof", "clean_address": "1230 Wien, Rudolf-Zeller-Gasse", "Wohnungen": 157, "Lokale": 6, "addr_key": "1230 wien, rudolf-zeller-gasse" }, "geometry": { "type": "Point", "coordinates": [ 16.2860942, 48.153505 ] } },
{ "type": "Feature", "properties": { "Hofname": "Erich-Deschermaier-Hof", "clean_address": "1130 Wien, Am Rosenberg", "Wohnungen": 133, "Lokale": 6, "addr_key": "1130 wien, am rosenberg" }, "geometry": { "type": "Polygon", "coordinates": [ [ [ 16.387333, 48.2249571 ], [ 16.3871373, 48.2246964 ], [ 16.3870312, 48.2247176 ], [ 16.3870215, 48.2247035 ], [ 16.3869392, 48.2247252 ], [ 16.3868485, 48.2247615 ], [ 16.3868529, 48.2247757 ], [ 16.3867615, 48.2248143 ], [ 16.386928, 48.2250703 ], [ 16.3871738, 48.2250015 ], [ 16.387333, 48.2249571 ] ] ] } },
{ "type": "Feature", "properties": { "Hofname": "Josef-Matejcek-Hof", "clean_address": "1140 Wien, Mauerbachstraße", "Wohnungen": 95, "Lokale": 8, "addr_key": "1140 wien, mauerbachstraße" }, "geometry": { "type": "Point", "coordinates": [ 16.2249097, 48.2097376 ] } },
{ "type": "Feature", "properties": { "Hofname": "Willi-Liwanec-Hof", "clean_address": "1150 Wien, Minciostraße", "Wohnungen": 264, "Lokale": 11, "addr_key": "1150 wien, minciostraße" }, "geometry": { "type": "Point", "coordinates": [ 16.3129285, 48.2026796 ] } },
{ "type": "Feature", "properties": { "Hofname": "Ernest-Bevin-Hof", "clean_address": "1170 Wien, Andergasse", "Wohnungen": 202, "Lokale": 19, "addr_key": "1170 wien, andergasse" }, "geometry": { "type": "Point", "coordinates": [ 16.2951713, 48.2265183 ] } },
{ "type": "Feature", "properties": { "Hofname": "Franz-Schreiner-Hof", "clean_address": "1180 Wien, Buchleitengasse", "Wohnungen": 20, "Lokale": 2, "addr_key": "1180 wien, buchleitengasse" }, "geometry": { "type": "Point", "coordinates": [ 16.3056291, 48.2385214 ] } },
{ "type": "Feature", "properties": { "Hofname": "Emil-Reich-Hof", "clean_address": "1190 Wien, Döblinger Hauptstraße", "Wohnungen": 111, "Lokale": 10, "addr_key": "1190 wien, döblinger hauptstraße" }, "geometry": { "type": "Point", "coordinates": [ 16.3536159, 48.2330403 ] } },
{ "type": "Feature", "properties": { "Hofname": "Helmut-Qualtinger-Hof", "clean_address": "1190 Wien, Daringergasse", "Wohnungen": 368, "Lokale": 29, "addr_key": "1190 wien, daringergasse" }, "geometry": { "type": "Point", "coordinates": [ 16.3343177, 48.2468712 ] } },
{ "type": "Feature", "properties": { "Hofname": "Arthur-Schnitzler-Hof", "clean_address": "1190 Wien, Döblinger Hauptstraße", "Wohnungen": 47, "Lokale": 3, "addr_key": "1190 wien, döblinger hauptstraße" }, "geometry": { "type": "Point", "coordinates": [ 16.3536159, 48.2330403 ] } },
{ "type": "Feature", "properties": { "Hofname": "Hans-Binder-Hof", "clean_address": "1070 Wien, Lindengasse", "Wohnungen": 44, "Lokale": 23, "addr_key": "1070 wien, lindengasse" }, "geometry": { "type": "Point", "coordinates": [ 16.3504943, 48.2001801 ] } },
{ "type": "Feature", "properties": { "Hofname": "Schrödingerhof", "clean_address": "1100 Wien, Gußriegelstraße", "Wohnungen": 238, "Lokale": 3, "addr_key": "1100 wien, gußriegelstraße" }, "geometry": { "type": "Point", "coordinates": [ 16.3592835, 48.1749487 ] } },
{ "type": "Feature", "properties": { "Hofname": "Otto-Mraz-Hof", "clean_address": "1110 Wien, Hugogasse", "Wohnungen": 79, "Lokale": 2, "addr_key": "1110 wien, hugogasse" }, "geometry": { "type": "Polygon", "coordinates": [ [ [ 16.4160043, 48.1721193 ], [ 16.4158889, 48.172071 ], [ 16.4160338, 48.1719208 ], [ 16.4160687, 48.1719333 ], [ 16.4163825, 48.1716144 ], [ 16.4164895, 48.171688 ], [ 16.416184, 48.1719829 ], [ 16.4161572, 48.1719708 ], [ 16.4160043, 48.1721193 ] ] ] } },
{ "type": "Feature", "properties": { "Hofname": "Eduard-Pantucek-Hof", "clean_address": "1110 Wien, Simmeringer Hauptstraße", "Wohnungen": 33, "Lokale": 9, "addr_key": "1110 wien, simmeringer hauptstraße" }, "geometry": { "type": "Point", "coordinates": [ 16.4061483, 48.1838947 ] } },
{ "type": "Feature", "properties": { "Hofname": "Johann-Holzer-Hof", "clean_address": "1110 Wien, Simmeringer Hauptstraße", "Wohnungen": 70, "Lokale": 5, "addr_key": "1110 wien, simmeringer hauptstraße" }, "geometry": { "type": "Point", "coordinates": [ 16.4061483, 48.1838947 ] } },
{ "type": "Feature", "properties": { "Hofname": "Franz-Glaserer-Hof", "clean_address": "1140 Wien, Hackinger Straße", "Wohnungen": 272, "Lokale": 9, "addr_key": "1140 wien, hackinger straße" }, "geometry": { "type": "Point", "coordinates": [ 16.2659131, 48.1943794 ] } },
{ "type": "Feature", "properties": { "Hofname": "Paul-Richter-Hof", "clean_address": "1150 Wien, Grimmgasse", "Wohnungen": 89, "Lokale": 6, "addr_key": "1150 wien, grimmgasse" }, "geometry": { "type": "Point", "coordinates": [ 16.3278376, 48.1871161 ] } },
{ "type": "Feature", "properties": { "Hofname": "Alois-Küblböck-Hof", "clean_address": "1150 Wien, Grimmgasse", "Wohnungen": 28, "Lokale": 0, "addr_key": "1150 wien, grimmgasse" }, "geometry": { "type": "Point", "coordinates": [ 16.3278376, 48.1871161 ] } },
{ "type": "Feature", "properties": { "Hofname": "Karl-Honay-Hof", "clean_address": "1160 Wien, Gablenzgasse", "Wohnungen": 233, "Lokale": 7, "addr_key": "1160 wien, gablenzgasse" }, "geometry": { "type": "Point", "coordinates": [ 16.3245639, 48.2055295 ] } },
{ "type": "Feature", "properties": { "Hofname": "Wilhelmine-Moik-Hof", "clean_address": "1160 Wien, Wattgasse", "Wohnungen": 52, "Lokale": 13, "addr_key": "1160 wien, wattgasse" }, "geometry": { "type": "Point", "coordinates": [ 16.3185048, 48.213698 ] } },
{ "type": "Feature", "properties": { "Hofname": "Schöffelhof", "clean_address": "1180 Wien, Wielemansgasse", "Wohnungen": 162, "Lokale": 12, "addr_key": "1180 wien, wielemansgasse" }, "geometry": { "type": "Point", "coordinates": [ 16.3243472, 48.228054 ] } },
{ "type": "Feature", "properties": { "Hofname": "Edwin-Schuster-Hof", "clean_address": "1190 Wien, Greinergasse", "Wohnungen": 41, "Lokale": 6, "addr_key": "1190 wien, greinergasse" }, "geometry": { "type": "Point", "coordinates": [ 16.3650549, 48.2595941 ] } },
{ "type": "Feature", "properties": { "Hofname": "Johann-Kaps-Hof", "clean_address": "1200 Wien, Jägerstraße", "Wohnungen": 728, "Lokale": 33, "addr_key": "1200 wien, jägerstraße" }, "geometry": { "type": "Point", "coordinates": [ 16.3707403, 48.2349951 ] } },
{ "type": "Feature", "properties": { "Hofname": "Dr.-Ellenbogen-Hof", "clean_address": "1200 Wien, Brigittenauer Lände", "Wohnungen": 353, "Lokale": 3, "addr_key": "1200 wien, brigittenauer lände" }, "geometry": { "type": "Point", "coordinates": [ 16.3691355, 48.2246048 ] } },
{ "type": "Feature", "properties": { "Hofname": "Anton-Schmid-Hof", "clean_address": "1200 Wien, Pappenheimgasse", "Wohnungen": 208, "Lokale": 10, "addr_key": "1200 wien, pappenheimgasse" }, "geometry": { "type": "Point", "coordinates": [ 16.3694372, 48.2340343 ] } },
{ "type": "Feature", "properties": { "Hofname": "Marianne und Oscar-Pollak-Hof", "clean_address": "1210 Wien, Dunantgasse", "Wohnungen": 450, "Lokale": 6, "addr_key": "1210 wien, dunantgasse" }, "geometry": { "type": "Polygon", "coordinates": [ [ [ 16.3902232, 48.2604859 ], [ 16.3901896, 48.2604963 ], [ 16.3900743, 48.2605321 ], [ 16.3898978, 48.2602803 ], [ 16.3898286, 48.2601814 ], [ 16.3896097, 48.259869 ], [ 16.3897185, 48.2598353 ], [ 16.3897701, 48.2599089 ], [ 16.3898102, 48.2598964 ], [ 16.3902232, 48.2604859 ] ] ] } },
{ "type": "Feature", "properties": { "Hofname": "Conrad-Lötsch-Hof", "clean_address": "1210 Wien, Floridsdorfer Markt", "Wohnungen": 186, "Lokale": 24, "addr_key": "1210 wien, floridsdorfer markt" }, "geometry": { "type": "Point", "coordinates": [ 16.4024691, 48.2614728 ] } },
{ "type": "Feature", "properties": { "Hofname": "Oskar Helmer Hof", "clean_address": "1210 Wien, Roda-Roda-Gasse", "Wohnungen": 784, "Lokale": 16, "addr_key": "1210 wien, roda-roda-gasse" }, "geometry": { "type": "Point", "coordinates": [ 16.3834078, 48.2902309 ] } },
{ "type": "Feature", "properties": { "Hofname": "Marschallhof", "clean_address": "1220 Wien, Am Kaisermühlendamm", "Wohnungen": 245, "Lokale": 5, "addr_key": "1220 wien, am kaisermühlendamm" }, "geometry": { "type": "Polygon", "coordinates": [ [ [ 16.4182674, 48.226166 ], [ 16.4188351, 48.2264913 ], [ 16.4191011, 48.2266437 ], [ 16.4196071, 48.2262691 ], [ 16.4197043, 48.2261967 ], [ 16.419772, 48.226147 ], [ 16.4196922, 48.2261003 ], [ 16.4194979, 48.2259865 ], [ 16.419206, 48.2258155 ], [ 16.4189984, 48.2256939 ], [ 16.4182674, 48.226166 ] ] ] } },
{ "type": "Feature", "properties": { "Hofname": "Rudolf-Köppl-Hof", "clean_address": "1220 Wien, Eipeldauer Straße", "Wohnungen": 1316, "Lokale": 3, "addr_key": "1220 wien, eipeldauer straße" }, "geometry": { "type": "Point", "coordinates": [ 16.4360137, 48.2628517 ] } },
{ "type": "Feature", "properties": { "Hofname": "Professor-Rudolf-Boeck-Hof", "clean_address": "1230 Wien, Dr.-Barilits-Gasse", "Wohnungen": 64, "Lokale": 7, "addr_key": "1230 wien, dr.-barilits-gasse" }, "geometry": { "type": "Polygon", "coordinates": [ [ [ 16.2668275, 48.150083 ], [ 16.2668033, 48.1499546 ], [ 16.2671587, 48.1499248 ], [ 16.2671828, 48.1500532 ], [ 16.2668275, 48.150083 ] ] ] } },
{ "type": "Feature", "properties": { "Hofname": "Harry-S.-Truman-Hof", "clean_address": "1230 Wien, Rudolf-Zeller-Gasse", "Wohnungen": 485, "Lokale": 23, "addr_key": "1230 wien, rudolf-zeller-gasse" }, "geometry": { "type": "Point", "coordinates": [ 16.2860942, 48.153505 ] } },
{ "type": "Feature", "properties": { "Hofname": "Hans Weber-Hof", "clean_address": "1230 Wien, Ketzergasse", "Wohnungen": 53, "Lokale": 2, "addr_key": "1230 wien, ketzergasse" }, "geometry": { "type": "Polygon", "coordinates": [ [ [ 16.3079424, 48.1276806 ], [ 16.3079383, 48.1275809 ], [ 16.307896, 48.1273563 ], [ 16.3078145, 48.1273612 ], [ 16.3078385, 48.1275128 ], [ 16.3078829, 48.1275108 ], [ 16.3078851, 48.127539 ], [ 16.3076697, 48.1275482 ], [ 16.3076672, 48.1275255 ], [ 16.3077081, 48.1275246 ], [ 16.3076994, 48.1274606 ], [ 16.3076778, 48.1273799 ], [ 16.307599, 48.1273859 ], [ 16.3076471, 48.1276954 ], [ 16.3079424, 48.1276806 ] ] ] } },
{ "type": "Feature", "properties": { "Hofname": "Johann-Radfux-Hof", "clean_address": "1230 Wien, Breitenfurter Straße", "Wohnungen": 475, "Lokale": 9, "addr_key": "1230 wien, breitenfurter straße" }, "geometry": { "type": "Polygon", "coordinates": [ [ [ 16.3302986, 48.1731112 ], [ 16.3303307, 48.1731614 ], [ 16.3303625, 48.173211 ], [ 16.330217, 48.1732494 ], [ 16.3301204, 48.173209 ], [ 16.3298896, 48.1731126 ], [ 16.3299755, 48.1730236 ], [ 16.3300004, 48.1729986 ], [ 16.3300373, 48.172987 ], [ 16.3301867, 48.1729457 ], [ 16.3302224, 48.1729937 ], [ 16.3300325, 48.1730471 ], [ 16.3302315, 48.1731319 ], [ 16.3302986, 48.1731112 ] ] ] } },
{ "type": "Feature", "properties": { "Hofname": "Wohnsiedlung Am Wienerfeld Ost", "clean_address": "1100 Wien, Bullgasse", "Wohnungen": 426, "Lokale": 16, "addr_key": "1100 wien, bullgasse" }, "geometry": { "type": "Point", "coordinates": [ 16.3710627, 48.1529422 ] } },
{ "type": "Feature", "properties": { "Hofname": "Per-Albin-Hansson-Siedlung West", "clean_address": "1100 Wien, Malmögasse", "Wohnungen": 1099, "Lokale": 39, "addr_key": "1100 wien, malmögasse" }, "geometry": { "type": "Point", "coordinates": [ 16.3791579, 48.1518392 ] } },
{ "type": "Feature", "properties": { "Hofname": "Wohnsiedlung Am Laaer Berg", "clean_address": "1100 Wien, Economogasse", "Wohnungen": 215, "Lokale": 0, "addr_key": "1100 wien, economogasse" }, "geometry": { "type": "Polygon", "coordinates": [ [ [ 16.3950149, 48.1556415 ], [ 16.3950084, 48.155657 ], [ 16.3950376, 48.1556644 ], [ 16.3950455, 48.1556505 ], [ 16.3950793, 48.155659 ], [ 16.3951448, 48.1555439 ], [ 16.3950818, 48.155528 ], [ 16.3950733, 48.1555469 ], [ 16.3950149, 48.1556415 ] ] ] } },
{ "type": "Feature", "properties": { "Hofname": "Wohnsiedlung Am Wienerfeld West", "clean_address": "1100 Wien, Adolf-Kirchl-Gasse", "Wohnungen": 145, "Lokale": 2, "addr_key": "1100 wien, adolf-kirchl-gasse" }, "geometry": { "type": "Polygon", "coordinates": [ [ [ 16.3628193, 48.1533351 ], [ 16.3628641, 48.1534278 ], [ 16.3628392, 48.1534333 ], [ 16.3627668, 48.1534494 ], [ 16.3627488, 48.1534121 ], [ 16.3626997, 48.1534228 ], [ 16.3626725, 48.1533676 ], [ 16.3628193, 48.1533351 ] ] ] } },
{ "type": "Feature", "properties": { "Hofname": "Wohnsiedlung Weitmosergasse", "clean_address": "1100 Wien, Sickingengasse", "Wohnungen": 33, "Lokale": 1, "addr_key": "1100 wien, sickingengasse" }, "geometry": { "type": "Polygon", "coordinates": [ [ [ 16.3537411, 48.1660796 ], [ 16.353818, 48.1660509 ], [ 16.3537596, 48.1659815 ], [ 16.3536827, 48.1660103 ], [ 16.3537411, 48.1660796 ] ] ] } },
{ "type": "Feature", "properties": { "Hofname": "Wohnsiedlung Weißenböckstraße", "clean_address": "1110 Wien, Weißenböckstraße", "Wohnungen": 56, "Lokale": 3, "addr_key": "1110 wien, weißenböckstraße" }, "geometry": { "type": "Polygon", "coordinates": [ [ [ 16.4253943, 48.1585345 ], [ 16.4254947, 48.1584877 ], [ 16.4254234, 48.1584196 ], [ 16.425323, 48.1584664 ], [ 16.4253943, 48.1585345 ] ] ] } },
{ "type": "Feature", "properties": { "Hofname": "Wohnsiedlung Am Tivoli", "clean_address": "1120 Wien, Hohenbergstraße", "Wohnungen": 370, "Lokale": 11, "addr_key": "1120 wien, hohenbergstraße" }, "geometry": { "type": "Point", "coordinates": [ 16.3173117, 48.1760986 ] } },
{ "type": "Feature", "properties": { "Hofname": "Wohnsiedlung Lockerwiese", "clean_address": "1130 Wien, Camillianergasse", "Wohnungen": 763, "Lokale": 28, "addr_key": "1130 wien, camillianergasse" }, "geometry": { "type": "Polygon", "coordinates": [ [ [ 16.2778011, 48.1746783 ], [ 16.2778317, 48.1747036 ], [ 16.2778581, 48.1746893 ], [ 16.2779184, 48.1747391 ], [ 16.2778847, 48.1747573 ], [ 16.2778153, 48.1747946 ], [ 16.2777245, 48.1747196 ], [ 16.2778011, 48.1746783 ] ] ] } },
{ "type": "Feature", "properties": { "Hofname": "Wohnsiedlung Spiegelgrund", "clean_address": "1160 Wien, Dustmannweg", "Wohnungen": 289, "Lokale": 9, "addr_key": "1160 wien, dustmannweg" }, "geometry": { "type": "Polygon", "coordinates": [ [ [ 16.2866118, 48.2068837 ], [ 16.2865843, 48.206792 ], [ 16.2868339, 48.2067588 ], [ 16.2868613, 48.2068504 ], [ 16.2866118, 48.2068837 ] ] ] } },
{ "type": "Feature", "properties": { "Hofname": "Siedlung Rodaun", "clean_address": "1230 Wien, Breitenfurter Straße", "Wohnungen": 311, "Lokale": 16, "addr_key": "1230 wien, breitenfurter straße" }, "geometry": { "type": "Polygon", "coordinates": [ [ [ 16.3302986, 48.1731112 ], [ 16.3303307, 48.1731614 ], [ 16.3303625, 48.173211 ], [ 16.330217, 48.1732494 ], [ 16.3301204, 48.173209 ], [ 16.3298896, 48.1731126 ], [ 16.3299755, 48.1730236 ], [ 16.3300004, 48.1729986 ], [ 16.3300373, 48.172987 ], [ 16.3301867, 48.1729457 ], [ 16.3302224, 48.1729937 ], [ 16.3300325, 48.1730471 ], [ 16.3302315, 48.1731319 ], [ 16.3302986, 48.1731112 ] ] ] } },
{ "type": "Feature", "properties": { "Hofname": "Irene-Harand-Hof", "clean_address": "1010 Wien, Judengasse", "Wohnungen": 22, "Lokale": 7, "addr_key": "1010 wien, judengasse" }, "geometry": { "type": "Point", "coordinates": [ 16.3731469, 48.2110869 ] } },
{ "type": "Feature", "properties": { "Hofname": "Ginzkeyhof", "clean_address": "1010 Wien, Johannesgasse", "Wohnungen": 54, "Lokale": 5, "addr_key": "1010 wien, johannesgasse" }, "geometry": { "type": "Point", "coordinates": [ 16.3749037, 48.2042132 ] } },
{ "type": "Feature", "properties": { "Hofname": "Wachauer Hof", "clean_address": "1020 Wien, Jungstraße", "Wohnungen": 186, "Lokale": 10, "addr_key": "1020 wien, jungstraße" }, "geometry": { "type": "Point", "coordinates": [ 16.4056414, 48.2207564 ] } },
{ "type": "Feature", "properties": { "Hofname": "Lassalle-Hof", "clean_address": "1020 Wien, Lassallestraße", "Wohnungen": 268, "Lokale": 33, "addr_key": "1020 wien, lassallestraße" }, "geometry": { "type": "Point", "coordinates": [ 16.4007692, 48.2232157 ] } },
{ "type": "Feature", "properties": { "Hofname": "Hubert-Hladej-Hof", "clean_address": "1020 Wien, Wehlistraße", "Wohnungen": 292, "Lokale": 17, "addr_key": "1020 wien, wehlistraße" }, "geometry": { "type": "Point", "coordinates": [ 16.3848812, 48.2406481 ] } },
{ "type": "Feature", "properties": { "Hofname": "Heizmann-Hof", "clean_address": "1020 Wien, Vorgartenstraße", "Wohnungen": 212, "Lokale": 10, "addr_key": "1020 wien, vorgartenstraße" }, "geometry": { "type": "Point", "coordinates": [ 16.3822433, 48.2405928 ] } },
{ "type": "Feature", "properties": { "Hofname": "Hermann-Fischer-Hof", "clean_address": "1020 Wien, Ybbsstraße", "Wohnungen": 69, "Lokale": 6, "addr_key": "1020 wien, ybbsstraße" }, "geometry": { "type": "Point", "coordinates": [ 16.3997091, 48.2219819 ] } },
{ "type": "Feature", "properties": { "Hofname": "Elderschhof", "clean_address": "1020 Wien, Elderschplatz", "Wohnungen": 123, "Lokale": 4, "addr_key": "1020 wien, elderschplatz" }, "geometry": { "type": "Point", "coordinates": [ 16.4104688, 48.2172357 ] } },
{ "type": "Feature", "properties": { "Hofname": "Franz-Mair-Hof", "clean_address": "1020 Wien, Schüttelstraße", "Wohnungen": 269, "Lokale": 9, "addr_key": "1020 wien, schüttelstraße" }, "geometry": { "type": "Point", "coordinates": [ 16.3981519, 48.2067455 ] } },
{ "type": "Feature", "properties": { "Hofname": "Robert-Erber-Hof", "clean_address": "1020 Wien, Schüttelstraße", "Wohnungen": 246, "Lokale": 8, "addr_key": "1020 wien, schüttelstraße" }, "geometry": { "type": "Point", "coordinates": [ 16.3981519, 48.2067455 ] } },
{ "type": "Feature", "properties": { "Hofname": "Theodor Herzl-Hof", "clean_address": "1020 Wien, Leopoldsgasse", "Wohnungen": 29, "Lokale": 3, "addr_key": "1020 wien, leopoldsgasse" }, "geometry": { "type": "Point", "coordinates": [ 16.3749473, 48.2212781 ] } },
{ "type": "Feature", "properties": { "Hofname": "Chopinhof", "clean_address": "1020 Wien, Am Tabor", "Wohnungen": 93, "Lokale": 7, "addr_key": "1020 wien, am tabor" }, "geometry": { "type": "Polygon", "coordinates": [ [ [ 16.387333, 48.2249571 ], [ 16.3871373, 48.2246964 ], [ 16.3870312, 48.2247176 ], [ 16.3870215, 48.2247035 ], [ 16.3869392, 48.2247252 ], [ 16.3868485, 48.2247615 ], [ 16.3868529, 48.2247757 ], [ 16.3867615, 48.2248143 ], [ 16.386928, 48.2250703 ], [ 16.3871738, 48.2250015 ], [ 16.387333, 48.2249571 ] ] ] } },
{ "type": "Feature", "properties": { "Hofname": "Erdberger-Hof", "clean_address": "1030 Wien, Drorygasse", "Wohnungen": 61, "Lokale": 10, "addr_key": "1030 wien, drorygasse" }, "geometry": { "type": "Point", "coordinates": [ 16.4047396, 48.1989678 ] } },
{ "type": "Feature", "properties": { "Hofname": "Hanuschhof", "clean_address": "1030 Wien, Ludwig-Koeßler-Platz", "Wohnungen": 501, "Lokale": 32, "addr_key": "1030 wien, ludwig-koeßler-platz" }, "geometry": { "type": "Point", "coordinates": [ 16.409234, 48.1962001 ] } },
{ "type": "Feature", "properties": { "Hofname": "Rabenhof", "clean_address": "1030 Wien, Baumgasse", "Wohnungen": 1110, "Lokale": 51, "addr_key": "1030 wien, baumgasse" }, "geometry": { "type": "Point", "coordinates": [ 16.3984802, 48.1956421 ] } },
{ "type": "Feature", "properties": { "Hofname": "Marianne-Hainisch-Hof", "clean_address": "1030 Wien, Petrusgasse", "Wohnungen": 25, "Lokale": 6, "addr_key": "1030 wien, petrusgasse" }, "geometry": { "type": "Point", "coordinates": [ 16.3990412, 48.1929445 ] } },
{ "type": "Feature", "properties": { "Hofname": "Felleishof", "clean_address": "1030 Wien, Hagenmüllergasse", "Wohnungen": 100, "Lokale": 13, "addr_key": "1030 wien, hagenmüllergasse" }, "geometry": { "type": "Point", "coordinates": [ 16.4051983, 48.1973747 ] } },
{ "type": "Feature", "properties": { "Hofname": "Franz-Silberer-Hof", "clean_address": "1030 Wien, Kardinal-Nagl-Platz", "Wohnungen": 127, "Lokale": 16, "addr_key": "1030 wien, kardinal-nagl-platz" }, "geometry": { "type": "Point", "coordinates": [ 16.4024135, 48.1972479 ] } },
{ "type": "Feature", "properties": { "Hofname": "Anton-Kohl-Hof", "clean_address": "1030 Wien, Rüdengasse", "Wohnungen": 177, "Lokale": 2, "addr_key": "1030 wien, rüdengasse" }, "geometry": { "type": "Polygon", "coordinates": [ [ [ 16.4013053, 48.1982734 ], [ 16.4014314, 48.1984012 ], [ 16.4013055, 48.1984579 ], [ 16.4012607, 48.1984136 ], [ 16.4012176, 48.198433 ], [ 16.4012271, 48.1984424 ], [ 16.4012136, 48.1984485 ], [ 16.4012232, 48.198458 ], [ 16.4011275, 48.1985001 ], [ 16.401101, 48.1984761 ], [ 16.4010411, 48.1984217 ], [ 16.4011415, 48.1983755 ], [ 16.4011543, 48.1983882 ], [ 16.4011755, 48.1983786 ], [ 16.4011853, 48.1983888 ], [ 16.4011956, 48.1983767 ], [ 16.4012177, 48.1983666 ], [ 16.4011802, 48.1983291 ], [ 16.4013053, 48.1982734 ] ] ] } },
{ "type": "Feature", "properties": { "Hofname": "Franz-Schuster-Hof", "clean_address": "1030 Wien, Hagenmüllergasse", "Wohnungen": 48, "Lokale": 5, "addr_key": "1030 wien, hagenmüllergasse" }, "geometry": { "type": "Point", "coordinates": [ 16.4051983, 48.1973747 ] } },
{ "type": "Feature", "properties": { "Hofname": "Wildganshof", "clean_address": "1030 Wien, Grasbergergasse", "Wohnungen": 730, "Lokale": 33, "addr_key": "1030 wien, grasbergergasse" }, "geometry": { "type": "Polygon", "coordinates": [ [ [ 16.3993254, 48.1839385 ], [ 16.3994938, 48.1839004 ], [ 16.3994217, 48.1837589 ], [ 16.3993813, 48.1836796 ], [ 16.3992639, 48.1834489 ], [ 16.3990955, 48.183487 ], [ 16.3992525, 48.1837953 ], [ 16.3993254, 48.1839385 ] ] ] } },
{ "type": "Feature", "properties": { "Hofname": "Ungerhof", "clean_address": "1030 Wien, Obere Bahngasse", "Wohnungen": 164, "Lokale": 9, "addr_key": "1030 wien, obere bahngasse" }, "geometry": { "type": "Point", "coordinates": [ 16.3894696, 48.1928382 ] } },
{ "type": "Feature", "properties": { "Hofname": "Josef-Illedits-Hof", "clean_address": "1030 Wien, Kärchergasse", "Wohnungen": 160, "Lokale": 4, "addr_key": "1030 wien, kärchergasse" }, "geometry": { "type": "Point", "coordinates": [ 16.3904477, 48.1892598 ] } },
{ "type": "Feature", "properties": { "Hofname": "Richard-Strauss-Hof", "clean_address": "1030 Wien, Am Modenapark", "Wohnungen": 188, "Lokale": 10, "addr_key": "1030 wien, am modenapark" }, "geometry": { "type": "Polygon", "coordinates": [ [ [ 16.387333, 48.2249571 ], [ 16.3871373, 48.2246964 ], [ 16.3870312, 48.2247176 ], [ 16.3870215, 48.2247035 ], [ 16.3869392, 48.2247252 ], [ 16.3868485, 48.2247615 ], [ 16.3868529, 48.2247757 ], [ 16.3867615, 48.2248143 ], [ 16.386928, 48.2250703 ], [ 16.3871738, 48.2250015 ], [ 16.387333, 48.2249571 ] ] ] } },
{ "type": "Feature", "properties": { "Hofname": "Franz-Seitler-Hof", "clean_address": "1030 Wien, Sebastianplatz", "Wohnungen": 137, "Lokale": 11, "addr_key": "1030 wien, sebastianplatz" }, "geometry": { "type": "Point", "coordinates": [ 16.389325, 48.1993595 ] } },
{ "type": "Feature", "properties": { "Hofname": "Franz-Adelpoller-Hof", "clean_address": "1030 Wien, Gestettengasse", "Wohnungen": 256, "Lokale": 21, "addr_key": "1030 wien, gestettengasse" }, "geometry": { "type": "Point", "coordinates": [ 16.402158, 48.1968711 ] } },
{ "type": "Feature", "properties": { "Hofname": "Südtiroler Hof", "clean_address": "1040 Wien, Schelleingasse", "Wohnungen": 179, "Lokale": 20, "addr_key": "1040 wien, schelleingasse" }, "geometry": { "type": "Point", "coordinates": [ 16.3708915, 48.1862292 ] } },
{ "type": "Feature", "properties": { "Hofname": "Bertha-von-Suttner-Hof", "clean_address": "1040 Wien, Waltergasse", "Wohnungen": 360, "Lokale": 37, "addr_key": "1040 wien, waltergasse" }, "geometry": { "type": "Point", "coordinates": [ 16.3708814, 48.1916965 ] } },
{ "type": "Feature", "properties": { "Hofname": "Metzleinstalerhof", "clean_address": "1050 Wien, Margaretengürtel", "Wohnungen": 252, "Lokale": 33, "addr_key": "1050 wien, margaretengürtel" }, "geometry": { "type": "Point", "coordinates": [ 16.3485405, 48.1815901 ] } },
{ "type": "Feature", "properties": { "Hofname": "Reumannhof", "clean_address": "1050 Wien, Margaretengürtel", "Wohnungen": 450, "Lokale": 50, "addr_key": "1050 wien, margaretengürtel" }, "geometry": { "type": "Point", "coordinates": [ 16.3485405, 48.1815901 ] } },
{ "type": "Feature", "properties": { "Hofname": "Julius-Popp-Hof", "clean_address": "1050 Wien, Margaretengürtel", "Wohnungen": 370, "Lokale": 9, "addr_key": "1050 wien, margaretengürtel" }, "geometry": { "type": "Point", "coordinates": [ 16.3485405, 48.1815901 ] } },
{ "type": "Feature", "properties": { "Hofname": "Heinehof", "clean_address": "1050 Wien, Stöbergasse", "Wohnungen": 155, "Lokale": 8, "addr_key": "1050 wien, stöbergasse" }, "geometry": { "type": "Point", "coordinates": [ 16.3552344, 48.185587 ] } },
{ "type": "Feature", "properties": { "Hofname": "Matteottihof", "clean_address": "1050 Wien, Siebenbrunnenfeldgasse", "Wohnungen": 424, "Lokale": 20, "addr_key": "1050 wien, siebenbrunnenfeldgasse" }, "geometry": { "type": "Point", "coordinates": [ 16.3508584, 48.1810495 ] } },
{ "type": "Feature", "properties": { "Hofname": "Julius-Ofner-Hof", "clean_address": "1050 Wien, Margaretengürtel", "Wohnungen": 140, "Lokale": 3, "addr_key": "1050 wien, margaretengürtel" }, "geometry": { "type": "Point", "coordinates": [ 16.3485405, 48.1815901 ] } },
{ "type": "Feature", "properties": { "Hofname": "Herweghhof", "clean_address": "1050 Wien, Margaretengürtel", "Wohnungen": 206, "Lokale": 15, "addr_key": "1050 wien, margaretengürtel" }, "geometry": { "type": "Point", "coordinates": [ 16.3485405, 48.1815901 ] } },
{ "type": "Feature", "properties": { "Hofname": "Franz-Domes-Hof", "clean_address": "1050 Wien, Margaretengürtel", "Wohnungen": 176, "Lokale": 10, "addr_key": "1050 wien, margaretengürtel" }, "geometry": { "type": "Point", "coordinates": [ 16.3485405, 48.1815901 ] } },
{ "type": "Feature", "properties": { "Hofname": "Anton-Katschinka-Hof", "clean_address": "1050 Wien, Siebenbrunnenfeldgasse", "Wohnungen": 45, "Lokale": 1, "addr_key": "1050 wien, siebenbrunnenfeldgasse" }, "geometry": { "type": "Point", "coordinates": [ 16.3508584, 48.1810495 ] } },
{ "type": "Feature", "properties": { "Hofname": "Furtmüllerhof", "clean_address": "1050 Wien, Ziegelofengasse", "Wohnungen": 48, "Lokale": 6, "addr_key": "1050 wien, ziegelofengasse" }, "geometry": { "type": "Point", "coordinates": [ 16.362606, 48.1896724 ] } },
{ "type": "Feature", "properties": { "Hofname": "Eiselsberg Hof", "clean_address": "1050 Wien, Bacherplatz", "Wohnungen": 167, "Lokale": 8, "addr_key": "1050 wien, bacherplatz" }, "geometry": { "type": "Point", "coordinates": [ 16.3546469, 48.1873433 ] } },
{ "type": "Feature", "properties": { "Hofname": "Theodor-Körner-Hof", "clean_address": "1050 Wien, Margaretengürtel", "Wohnungen": 1224, "Lokale": 39, "addr_key": "1050 wien, margaretengürtel" }, "geometry": { "type": "Point", "coordinates": [ 16.3485405, 48.1815901 ] } },
{ "type": "Feature", "properties": { "Hofname": "Leuthnerhof", "clean_address": "1060 Wien, Mollardgasse", "Wohnungen": 155, "Lokale": 7, "addr_key": "1060 wien, mollardgasse" }, "geometry": { "type": "Point", "coordinates": [ 16.3522129, 48.191967 ] } },
{ "type": "Feature", "properties": { "Hofname": "Einsteinhof", "clean_address": "1060 Wien, Mollardgasse", "Wohnungen": 183, "Lokale": 15, "addr_key": "1060 wien, mollardgasse" }, "geometry": { "type": "Point", "coordinates": [ 16.3522129, 48.191967 ] } },
{ "type": "Feature", "properties": { "Hofname": "Ludo-Hartmann-Hof", "clean_address": "1080 Wien, Albertgasse", "Wohnungen": 74, "Lokale": 11, "addr_key": "1080 wien, albertgasse" }, "geometry": { "type": "Polygon", "coordinates": [ [ [ 16.3437, 48.2122083 ], [ 16.3436772, 48.2122163 ], [ 16.3436638, 48.2122324 ], [ 16.3436611, 48.2122494 ], [ 16.3436705, 48.2122628 ], [ 16.3436892, 48.21227 ], [ 16.3437013, 48.21227 ], [ 16.3437, 48.2123343 ], [ 16.343689, 48.2123371 ], [ 16.3436383, 48.2123379 ], [ 16.3436415, 48.2124005 ], [ 16.3438842, 48.2123939 ], [ 16.3438855, 48.2123607 ], [ 16.3438971, 48.2123549 ], [ 16.3438988, 48.2123141 ], [ 16.3438867, 48.2123078 ], [ 16.3438849, 48.2122441 ], [ 16.3438857, 48.212223 ], [ 16.3437855, 48.2122199 ], [ 16.3437809, 48.2122549 ], [ 16.3437324, 48.2122527 ], [ 16.343734, 48.2122172 ], [ 16.3437, 48.2122083 ] ] ] } },
{ "type": "Feature", "properties": { "Hofname": "Dr.-Kronawetter-Hof", "clean_address": "1080 Wien, Pfeilgasse", "Wohnungen": 62, "Lokale": 3, "addr_key": "1080 wien, pfeilgasse" }, "geometry": { "type": "Point", "coordinates": [ 16.3475406, 48.2084283 ] } },
{ "type": "Feature", "properties": { "Hofname": "Faberhof", "clean_address": "1080 Wien, Pfeilgasse", "Wohnungen": 15, "Lokale": 2, "addr_key": "1080 wien, pfeilgasse" }, "geometry": { "type": "Point", "coordinates": [ 16.3475406, 48.2084283 ] } },
{ "type": "Feature", "properties": { "Hofname": "Therese-Schlesinger-Hof", "clean_address": "1080 Wien, Schlösselgasse", "Wohnungen": 83, "Lokale": 5, "addr_key": "1080 wien, schlösselgasse" }, "geometry": { "type": "Point", "coordinates": [ 16.3533238, 48.2135329 ] } },
{ "type": "Feature", "properties": { "Hofname": "Maria-Franc-Hof", "clean_address": "1080 Wien, Lange Gasse", "Wohnungen": 77, "Lokale": 7, "addr_key": "1080 wien, lange gasse" }, "geometry": { "type": "Point", "coordinates": [ 16.4469741, 48.2276346 ] } },
{ "type": "Feature", "properties": { "Hofname": "Sigmund-Freud-Hof", "clean_address": "1090 Wien, Gussenbauergasse", "Wohnungen": 258, "Lokale": 25, "addr_key": "1090 wien, gussenbauergasse" }, "geometry": { "type": "Point", "coordinates": [ 16.3623494, 48.2275957 ] } },
{ "type": "Feature", "properties": { "Hofname": "Gallhof", "clean_address": "1090 Wien, Heiligenstädter Straße", "Wohnungen": 137, "Lokale": 7, "addr_key": "1090 wien, heiligenstädter straße" }, "geometry": { "type": "Point", "coordinates": [ 16.3554266, 48.232647 ] } },
{ "type": "Feature", "properties": { "Hofname": "Thuryhof", "clean_address": "1090 Wien, Marktgasse", "Wohnungen": 95, "Lokale": 8, "addr_key": "1090 wien, marktgasse" }, "geometry": { "type": "Point", "coordinates": [ 16.3584137, 48.2251724 ] } },
{ "type": "Feature", "properties": { "Hofname": "Wagner-Jauregg-Hof", "clean_address": "1090 Wien, Lustkandlgasse", "Wohnungen": 114, "Lokale": 10, "addr_key": "1090 wien, lustkandlgasse" }, "geometry": { "type": "Point", "coordinates": [ 16.3514004, 48.2282656 ] } },
{ "type": "Feature", "properties": { "Hofname": "Karl-Schönherr-Hof", "clean_address": "1090 Wien, Badgasse", "Wohnungen": 119, "Lokale": 10, "addr_key": "1090 wien, badgasse" }, "geometry": { "type": "Point", "coordinates": [ 16.2247326, 48.2097054 ] } },
{ "type": "Feature", "properties": { "Hofname": "Quarinhof", "clean_address": "1100 Wien, Quaringasse", "Wohnungen": 122, "Lokale": 25, "addr_key": "1100 wien, quaringasse" }, "geometry": { "type": "Polygon", "coordinates": [ [ [ 16.3537838, 48.1714274 ], [ 16.3537609, 48.1714234 ], [ 16.3536838, 48.1713417 ], [ 16.3532453, 48.1708876 ], [ 16.353906, 48.1706039 ], [ 16.3544307, 48.1711474 ], [ 16.3543294, 48.1711909 ], [ 16.3542881, 48.1712086 ], [ 16.354278, 48.171213 ], [ 16.3542678, 48.1712173 ], [ 16.3541192, 48.1712811 ], [ 16.3538354, 48.1714049 ], [ 16.3537838, 48.1714274 ] ] ] } },
{ "type": "Feature", "properties": { "Hofname": "Viktor-Adler-Hof", "clean_address": "1100 Wien, Triester Straße", "Wohnungen": 110, "Lokale": 5, "addr_key": "1100 wien, triester straße" }, "geometry": { "type": "Polygon", "coordinates": [ [ [ 16.3581927, 48.1784195 ], [ 16.358077, 48.1782995 ], [ 16.3582181, 48.1782388 ], [ 16.3582643, 48.1782843 ], [ 16.3583035, 48.1782666 ], [ 16.3582589, 48.1782209 ], [ 16.3583861, 48.1781658 ], [ 16.3585006, 48.1782835 ], [ 16.3584493, 48.1783061 ], [ 16.3583336, 48.1783572 ], [ 16.3581927, 48.1784195 ] ] ] } },
{ "type": "Feature", "properties": { "Hofname": "Pernerstorfer-Hof", "clean_address": "1100 Wien, Troststraße", "Wohnungen": 426, "Lokale": 14, "addr_key": "1100 wien, troststraße" }, "geometry": { "type": "Point", "coordinates": [ 16.366119, 48.1696293 ] } },
{ "type": "Feature", "properties": { "Hofname": "Jean-Jaures-Hof", "clean_address": "1100 Wien, Neilreichgasse", "Wohnungen": 384, "Lokale": 9, "addr_key": "1100 wien, neilreichgasse" }, "geometry": { "type": "Polygon", "coordinates": [ [ [ 16.364344, 48.1703779 ], [ 16.3644027, 48.1705994 ], [ 16.3642363, 48.170619 ], [ 16.3642282, 48.1705865 ], [ 16.3642014, 48.1705897 ], [ 16.3641722, 48.1704802 ], [ 16.3642008, 48.1704768 ], [ 16.364181, 48.1703972 ], [ 16.364344, 48.1703779 ] ] ] } },
{ "type": "Feature", "properties": { "Hofname": "Pölzer-Hof", "clean_address": "1100 Wien, Dampfgasse", "Wohnungen": 98, "Lokale": 7, "addr_key": "1100 wien, dampfgasse" }, "geometry": { "type": "Point", "coordinates": [ 16.3667311, 48.1798758 ] } },
{ "type": "Feature", "properties": { "Hofname": "Zürcher-Hof", "clean_address": "1100 Wien, Laxenburger Straße", "Wohnungen": 221, "Lokale": 28, "addr_key": "1100 wien, laxenburger straße" }, "geometry": { "type": "Point", "coordinates": [ 16.3735576, 48.1818826 ] } },
{ "type": "Feature", "properties": { "Hofname": "Hueber-Hof", "clean_address": "1100 Wien, Quellenstraße", "Wohnungen": 464, "Lokale": 5, "addr_key": "1100 wien, quellenstraße" }, "geometry": { "type": "Point", "coordinates": [ 16.3894845, 48.1737196 ] } },
{ "type": "Feature", "properties": { "Hofname": "Anton-Hölzl-Hof", "clean_address": "1100 Wien, Laxenburger Straße", "Wohnungen": 329, "Lokale": 6, "addr_key": "1100 wien, laxenburger straße" }, "geometry": { "type": "Point", "coordinates": [ 16.3735576, 48.1818826 ] } },
{ "type": "Feature", "properties": { "Hofname": "Maria-und-Rudolf-Fischer-Hof", "clean_address": "1100 Wien, Laxenburger Straße", "Wohnungen": 125, "Lokale": 3, "addr_key": "1100 wien, laxenburger straße" }, "geometry": { "type": "Point", "coordinates": [ 16.3735576, 48.1818826 ] } },
{ "type": "Feature", "properties": { "Hofname": "Wohnhausanlage Am Laaer Berg", "clean_address": "1100 Wien, Theodor-Sickel-Gasse", "Wohnungen": 726, "Lokale": 12, "addr_key": "1100 wien, theodor-sickel-gasse" }, "geometry": { "type": "Polygon", "coordinates": [ [ [ 16.3912554, 48.1610585 ], [ 16.391119, 48.1607765 ], [ 16.3912534, 48.1607489 ], [ 16.3918232, 48.160632 ], [ 16.3922598, 48.1605425 ], [ 16.3922804, 48.1608511 ], [ 16.3919531, 48.1609099 ], [ 16.3918785, 48.1609258 ], [ 16.3917425, 48.1609547 ], [ 16.3916697, 48.1609702 ], [ 16.3915277, 48.1610005 ], [ 16.3914687, 48.161013 ], [ 16.3913279, 48.161043 ], [ 16.3912554, 48.1610585 ] ] ] } },
{ "type": "Feature", "properties": { "Hofname": "Emil Fucik-Hof", "clean_address": "1100 Wien, Gudrunstraße", "Wohnungen": 666, "Lokale": 13, "addr_key": "1100 wien, gudrunstraße" }, "geometry": { "type": "Point", "coordinates": [ 16.3866113, 48.1769898 ] } },
{ "type": "Feature", "properties": { "Hofname": "Brunngraberhof", "clean_address": "1100 Wien, Arthaberplatz", "Wohnungen": 158, "Lokale": 17, "addr_key": "1100 wien, arthaberplatz" }, "geometry": { "type": "Point", "coordinates": [ 16.3722432, 48.1735422 ] } },
{ "type": "Feature", "properties": { "Hofname": "Mithlingerhof Rasenstadt", "clean_address": "1100 Wien, Neilreichgasse", "Wohnungen": 958, "Lokale": 13, "addr_key": "1100 wien, neilreichgasse" }, "geometry": { "type": "Polygon", "coordinates": [ [ [ 16.364344, 48.1703779 ], [ 16.3644027, 48.1705994 ], [ 16.3642363, 48.170619 ], [ 16.3642282, 48.1705865 ], [ 16.3642014, 48.1705897 ], [ 16.3641722, 48.1704802 ], [ 16.3642008, 48.1704768 ], [ 16.364181, 48.1703972 ], [ 16.364344, 48.1703779 ] ] ] } },
{ "type": "Feature", "properties": { "Hofname": "Dr.-Franz-Klein-Hof", "clean_address": "1110 Wien, Herbortgasse", "Wohnungen": 223, "Lokale": 21, "addr_key": "1110 wien, herbortgasse" }, "geometry": { "type": "Point", "coordinates": [ 16.4089513, 48.1737223 ] } },
{ "type": "Feature", "properties": { "Hofname": "Alfons-Petzold-Hof", "clean_address": "1110 Wien, Lorystraße", "Wohnungen": 94, "Lokale": 15, "addr_key": "1110 wien, lorystraße" }, "geometry": { "type": "Polygon", "coordinates": [ [ [ 16.4134641, 48.1728938 ], [ 16.4134453, 48.1728849 ], [ 16.4134291, 48.1728974 ], [ 16.413322, 48.1728438 ], [ 16.4133327, 48.172833 ], [ 16.4133031, 48.1728201 ], [ 16.4131196, 48.1729999 ], [ 16.4129876, 48.1729392 ], [ 16.4132184, 48.1727174 ], [ 16.413322, 48.1727668 ], [ 16.4133032, 48.1727829 ], [ 16.4133272, 48.1727938 ], [ 16.4133381, 48.1727847 ], [ 16.4133568, 48.1727812 ], [ 16.4134668, 48.1728312 ], [ 16.4135094, 48.1728528 ], [ 16.4134641, 48.1728938 ] ] ] } },
{ "type": "Feature", "properties": { "Hofname": "Josef-Scheu-Hof", "clean_address": "1110 Wien, Ehamgasse", "Wohnungen": 184, "Lokale": 1, "addr_key": "1110 wien, ehamgasse" }, "geometry": { "type": "Point", "coordinates": [ 16.4095937, 48.1740175 ] } },
{ "type": "Feature", "properties": { "Hofname": "Widholz-Hof", "clean_address": "1110 Wien, Geiselbergstraße", "Wohnungen": 166, "Lokale": 11, "addr_key": "1110 wien, geiselbergstraße" }, "geometry": { "type": "Point", "coordinates": [ 16.4001373, 48.1752112 ] } },
{ "type": "Feature", "properties": { "Hofname": "Karl-Höger-Hof", "clean_address": "1110 Wien, Lorystraße", "Wohnungen": 219, "Lokale": 28, "addr_key": "1110 wien, lorystraße" }, "geometry": { "type": "Polygon", "coordinates": [ [ [ 16.4134641, 48.1728938 ], [ 16.4134453, 48.1728849 ], [ 16.4134291, 48.1728974 ], [ 16.413322, 48.1728438 ], [ 16.4133327, 48.172833 ], [ 16.4133031, 48.1728201 ], [ 16.4131196, 48.1729999 ], [ 16.4129876, 48.1729392 ], [ 16.4132184, 48.1727174 ], [ 16.413322, 48.1727668 ], [ 16.4133032, 48.1727829 ], [ 16.4133272, 48.1727938 ], [ 16.4133381, 48.1727847 ], [ 16.4133568, 48.1727812 ], [ 16.4134668, 48.1728312 ], [ 16.4135094, 48.1728528 ], [ 16.4134641, 48.1728938 ] ] ] } },
{ "type": "Feature", "properties": { "Hofname": "Friedrich-Engels-Hof", "clean_address": "1110 Wien, Ehamgasse", "Wohnungen": 174, "Lokale": 9, "addr_key": "1110 wien, ehamgasse" }, "geometry": { "type": "Point", "coordinates": [ 16.4095937, 48.1740175 ] } },
{ "type": "Feature", "properties": { "Hofname": "Anton-Schrammel-Hof", "clean_address": "1110 Wien, Kopalgasse", "Wohnungen": 220, "Lokale": 10, "addr_key": "1110 wien, kopalgasse" }, "geometry": { "type": "Polygon", "coordinates": [ [ [ 16.4244502, 48.1794039 ], [ 16.4240759, 48.1793244 ], [ 16.4239117, 48.1797186 ], [ 16.4242851, 48.1797909 ], [ 16.4244053, 48.1795091 ], [ 16.4244502, 48.1794039 ] ] ] } },
{ "type": "Feature", "properties": { "Hofname": "Strindberghof", "clean_address": "1110 Wien, Strindberggasse", "Wohnungen": 538, "Lokale": 22, "addr_key": "1110 wien, strindberggasse" }, "geometry": { "type": "Point", "coordinates": [ 16.4134824, 48.1789218 ] } },
{ "type": "Feature", "properties": { "Hofname": "Hedorfer-Hof", "clean_address": "1110 Wien, Enkplatz", "Wohnungen": 32, "Lokale": 11, "addr_key": "1110 wien, enkplatz" }, "geometry": { "type": "Point", "coordinates": [ 16.413341, 48.1763638 ] } },
{ "type": "Feature", "properties": { "Hofname": "Wilhelm-Weber Hof", "clean_address": "1110 Wien, Rinnböckstraße", "Wohnungen": 292, "Lokale": 15, "addr_key": "1110 wien, rinnböckstraße" }, "geometry": { "type": "Point", "coordinates": [ 16.4062311, 48.1846718 ] } },
{ "type": "Feature", "properties": { "Hofname": "Kurt-Holubarz-Hof", "clean_address": "1110 Wien, Geiselbergstraße", "Wohnungen": 47, "Lokale": 2, "addr_key": "1110 wien, geiselbergstraße" }, "geometry": { "type": "Point", "coordinates": [ 16.4001373, 48.1752112 ] } },
{ "type": "Feature", "properties": { "Hofname": "Karl-Tlasek-Hof", "clean_address": "1110 Wien, Lorystraße", "Wohnungen": 47, "Lokale": 1, "addr_key": "1110 wien, lorystraße" }, "geometry": { "type": "Polygon", "coordinates": [ [ [ 16.4134641, 48.1728938 ], [ 16.4134453, 48.1728849 ], [ 16.4134291, 48.1728974 ], [ 16.413322, 48.1728438 ], [ 16.4133327, 48.172833 ], [ 16.4133031, 48.1728201 ], [ 16.4131196, 48.1729999 ], [ 16.4129876, 48.1729392 ], [ 16.4132184, 48.1727174 ], [ 16.413322, 48.1727668 ], [ 16.4133032, 48.1727829 ], [ 16.4133272, 48.1727938 ], [ 16.4133381, 48.1727847 ], [ 16.4133568, 48.1727812 ], [ 16.4134668, 48.1728312 ], [ 16.4135094, 48.1728528 ], [ 16.4134641, 48.1728938 ] ] ] } },
{ "type": "Feature", "properties": { "Hofname": "Josef-Haas-Hof", "clean_address": "1110 Wien, Zippererstraße", "Wohnungen": 289, "Lokale": 8, "addr_key": "1110 wien, zippererstraße" }, "geometry": { "type": "Point", "coordinates": [ 16.411702, 48.1798036 ] } },
{ "type": "Feature", "properties": { "Hofname": "Alfred-Wunsch-Hof", "clean_address": "1110 Wien, Lorystraße", "Wohnungen": 103, "Lokale": 12, "addr_key": "1110 wien, lorystraße" }, "geometry": { "type": "Polygon", "coordinates": [ [ [ 16.4134641, 48.1728938 ], [ 16.4134453, 48.1728849 ], [ 16.4134291, 48.1728974 ], [ 16.413322, 48.1728438 ], [ 16.4133327, 48.172833 ], [ 16.4133031, 48.1728201 ], [ 16.4131196, 48.1729999 ], [ 16.4129876, 48.1729392 ], [ 16.4132184, 48.1727174 ], [ 16.413322, 48.1727668 ], [ 16.4133032, 48.1727829 ], [ 16.4133272, 48.1727938 ], [ 16.4133381, 48.1727847 ], [ 16.4133568, 48.1727812 ], [ 16.4134668, 48.1728312 ], [ 16.4135094, 48.1728528 ], [ 16.4134641, 48.1728938 ] ] ] } },
{ "type": "Feature", "properties": { "Hofname": "Gustav-Fuchs-Hof", "clean_address": "1110 Wien, Geiselbergstraße", "Wohnungen": 219, "Lokale": 4, "addr_key": "1110 wien, geiselbergstraße" }, "geometry": { "type": "Point", "coordinates": [ 16.4001373, 48.1752112 ] } },
{ "type": "Feature", "properties": { "Hofname": "Leopold-Schwarz-Hof", "clean_address": "1110 Wien, Kopalgasse", "Wohnungen": 42, "Lokale": 9, "addr_key": "1110 wien, kopalgasse" }, "geometry": { "type": "Polygon", "coordinates": [ [ [ 16.4244502, 48.1794039 ], [ 16.4240759, 48.1793244 ], [ 16.4239117, 48.1797186 ], [ 16.4242851, 48.1797909 ], [ 16.4244053, 48.1795091 ], [ 16.4244502, 48.1794039 ] ] ] } },
{ "type": "Feature", "properties": { "Hofname": "Max-Wopenka-Hof", "clean_address": "1110 Wien, Geiselbergstraße", "Wohnungen": 371, "Lokale": 12, "addr_key": "1110 wien, geiselbergstraße" }, "geometry": { "type": "Point", "coordinates": [ 16.4001373, 48.1752112 ] } },
{ "type": "Feature", "properties": { "Hofname": "Wohnhausanlage Hasenleiten", "clean_address": "1110 Wien, Hasenleitengasse", "Wohnungen": 1214, "Lokale": 89, "addr_key": "1110 wien, hasenleitengasse" }, "geometry": { "type": "Point", "coordinates": [ 16.4189388, 48.1602994 ] } },
{ "type": "Feature", "properties": { "Hofname": "Stefan-Achatz-Hof", "clean_address": "1110 Wien, Kaiser-Ebersdorfer Straße", "Wohnungen": 92, "Lokale": 13, "addr_key": "1110 wien, kaiser-ebersdorfer straße" }, "geometry": { "type": "Polygon", "coordinates": [ [ [ 16.4258282, 48.1682913 ], [ 16.4257192, 48.1683556 ], [ 16.4257004, 48.1683395 ], [ 16.4256172, 48.168386 ], [ 16.4256312, 48.1683984 ], [ 16.4255501, 48.168445 ], [ 16.4256487, 48.1685252 ], [ 16.4257326, 48.168479 ], [ 16.4257492, 48.1684932 ], [ 16.425768, 48.1684807 ], [ 16.4258104, 48.168513 ], [ 16.4258828, 48.1684701 ], [ 16.4258452, 48.1684397 ], [ 16.4258645, 48.1684288 ], [ 16.4258506, 48.1684146 ], [ 16.4259242, 48.1683737 ], [ 16.4258282, 48.1682913 ] ] ] } },
{ "type": "Feature", "properties": { "Hofname": "Fuchsenfeldhof", "clean_address": "1120 Wien, Längenfeldgasse", "Wohnungen": 452, "Lokale": 24, "addr_key": "1120 wien, längenfeldgasse" }, "geometry": { "type": "Point", "coordinates": [ 16.3411036, 48.1778503 ] } },
{ "type": "Feature", "properties": { "Hofname": "Reismannhof", "clean_address": "1120 Wien, Am Fuchsenfeld", "Wohnungen": 625, "Lokale": 37, "addr_key": "1120 wien, am fuchsenfeld" }, "geometry": { "type": "Polygon", "coordinates": [ [ [ 16.387333, 48.2249571 ], [ 16.3871373, 48.2246964 ], [ 16.3870312, 48.2247176 ], [ 16.3870215, 48.2247035 ], [ 16.3869392, 48.2247252 ], [ 16.3868485, 48.2247615 ], [ 16.3868529, 48.2247757 ], [ 16.3867615, 48.2248143 ], [ 16.386928, 48.2250703 ], [ 16.3871738, 48.2250015 ], [ 16.387333, 48.2249571 ] ] ] } },
{ "type": "Feature", "properties": { "Hofname": "Bebel-Hof", "clean_address": "1120 Wien, Steinbauergasse", "Wohnungen": 307, "Lokale": 30, "addr_key": "1120 wien, steinbauergasse" }, "geometry": { "type": "Point", "coordinates": [ 16.343093, 48.1829557 ] } },
{ "type": "Feature", "properties": { "Hofname": "Liebknechthof", "clean_address": "1120 Wien, Böckhgasse", "Wohnungen": 427, "Lokale": 10, "addr_key": "1120 wien, böckhgasse" }, "geometry": { "type": "Point", "coordinates": [ 16.3403924, 48.1800673 ] } },
{ "type": "Feature", "properties": { "Hofname": "Simony-Hof", "clean_address": "1120 Wien, Koppreitergasse", "Wohnungen": 160, "Lokale": 11, "addr_key": "1120 wien, koppreitergasse" }, "geometry": { "type": "Point", "coordinates": [ 16.326936, 48.1747001 ] } },
{ "type": "Feature", "properties": { "Hofname": "Lorenshof", "clean_address": "1120 Wien, Längenfeldgasse", "Wohnungen": 164, "Lokale": 8, "addr_key": "1120 wien, längenfeldgasse" }, "geometry": { "type": "Point", "coordinates": [ 16.3411036, 48.1778503 ] } },
{ "type": "Feature", "properties": { "Hofname": "Fröhlich-Hof", "clean_address": "1120 Wien, Malfattigasse", "Wohnungen": 160, "Lokale": 7, "addr_key": "1120 wien, malfattigasse" }, "geometry": { "type": "Point", "coordinates": [ 16.3401406, 48.1827688 ] } },
{ "type": "Feature", "properties": { "Hofname": "Haydnhof", "clean_address": "1120 Wien, Gaudenzdorfer Gürtel", "Wohnungen": 326, "Lokale": 11, "addr_key": "1120 wien, gaudenzdorfer gürtel" }, "geometry": { "type": "Point", "coordinates": [ 16.3476789, 48.1811112 ] } },
{ "type": "Feature", "properties": { "Hofname": "Leopoldine-Glöckel-Hof", "clean_address": "1120 Wien, Steinbauergasse", "Wohnungen": 304, "Lokale": 3, "addr_key": "1120 wien, steinbauergasse" }, "geometry": { "type": "Point", "coordinates": [ 16.343093, 48.1829557 ] } },
{ "type": "Feature", "properties": { "Hofname": "Max-Opravil-Hof", "clean_address": "1120 Wien, Wienerbergstraße", "Wohnungen": 424, "Lokale": 30, "addr_key": "1120 wien, wienerbergstraße" }, "geometry": { "type": "Point", "coordinates": [ 16.3368675, 48.1708142 ] } },
{ "type": "Feature", "properties": { "Hofname": "Johann Resch-Hof", "clean_address": "1120 Wien, Werthenburggasse", "Wohnungen": 178, "Lokale": 14, "addr_key": "1120 wien, werthenburggasse" }, "geometry": { "type": "Polygon", "coordinates": [ [ [ 16.2972481, 48.169824 ], [ 16.2972885, 48.1698807 ], [ 16.2973142, 48.1698877 ], [ 16.2972964, 48.1698677 ], [ 16.2973026, 48.1698521 ], [ 16.2973252, 48.169846 ], [ 16.2973467, 48.1698513 ], [ 16.2973583, 48.1698689 ], [ 16.2973687, 48.1698517 ], [ 16.2973228, 48.1697974 ], [ 16.2974262, 48.1697628 ], [ 16.2974652, 48.1697489 ], [ 16.2975806, 48.1698999 ], [ 16.2974581, 48.1699411 ], [ 16.2974385, 48.1699477 ], [ 16.2973975, 48.1698909 ], [ 16.297373, 48.1698869 ], [ 16.2973234, 48.1699048 ], [ 16.2973173, 48.1699208 ], [ 16.2973637, 48.1699748 ], [ 16.2972217, 48.1700221 ], [ 16.2971078, 48.169873 ], [ 16.2972481, 48.169824 ] ] ] } },
{ "type": "Feature", "properties": { "Hofname": "Wohnhausanlage Am Schöpfwerk", "clean_address": "1120 Wien, Am Schöpfwerk", "Wohnungen": 866, "Lokale": 46, "addr_key": "1120 wien, am schöpfwerk" }, "geometry": { "type": "Polygon", "coordinates": [ [ [ 16.387333, 48.2249571 ], [ 16.3871373, 48.2246964 ], [ 16.3870312, 48.2247176 ], [ 16.3870215, 48.2247035 ], [ 16.3869392, 48.2247252 ], [ 16.3868485, 48.2247615 ], [ 16.3868529, 48.2247757 ], [ 16.3867615, 48.2248143 ], [ 16.386928, 48.2250703 ], [ 16.3871738, 48.2250015 ], [ 16.387333, 48.2249571 ] ] ] } },
{ "type": "Feature", "properties": { "Hofname": "Ernst-Reuter-Hof", "clean_address": "1120 Wien, Böckhgasse", "Wohnungen": 200, "Lokale": 9, "addr_key": "1120 wien, böckhgasse" }, "geometry": { "type": "Point", "coordinates": [ 16.3403924, 48.1800673 ] } },
{ "type": "Feature", "properties": { "Hofname": "August-Fürst-Hof", "clean_address": "1120 Wien, Meidlinger Hauptstraße", "Wohnungen": 159, "Lokale": 20, "addr_key": "1120 wien, meidlinger hauptstraße" }, "geometry": { "type": "Point", "coordinates": [ 16.3300277, 48.1826172 ] } },
{ "type": "Feature", "properties": { "Hofname": "Wohnhausanlage Roter Berg", "clean_address": "1130 Wien, Horeischygasse", "Wohnungen": 106, "Lokale": 18, "addr_key": "1130 wien, horeischygasse" }, "geometry": { "type": "Point", "coordinates": [ 16.2750958, 48.1845992 ] } },
{ "type": "Feature", "properties": { "Hofname": "Eduard-Schlesinger-Hof", "clean_address": "1130 Wien, Wilhelm-Leibl-Gasse", "Wohnungen": 19, "Lokale": 1, "addr_key": "1130 wien, wilhelm-leibl-gasse" }, "geometry": { "type": "Polygon", "coordinates": [ [ [ 16.2768967, 48.1767163 ], [ 16.2771062, 48.1766977 ], [ 16.2770763, 48.1765486 ], [ 16.2769355, 48.1765612 ], [ 16.276943, 48.1765986 ], [ 16.2768744, 48.1766047 ], [ 16.2768967, 48.1767163 ] ] ] } },
{ "type": "Feature", "properties": { "Hofname": "Wohnhausanlage Kongreßsiedlung", "clean_address": "1130 Wien, Kalmanstraße", "Wohnungen": 260, "Lokale": 34, "addr_key": "1130 wien, kalmanstraße" }, "geometry": { "type": "Polygon", "coordinates": [ [ [ 16.270445, 48.1657303 ], [ 16.2705921, 48.1657332 ], [ 16.2706084, 48.1653597 ], [ 16.2704612, 48.1653569 ], [ 16.2704568, 48.1654591 ], [ 16.270449, 48.1656372 ], [ 16.270445, 48.1657303 ] ] ] } },
{ "type": "Feature", "properties": { "Hofname": "Franz-Rosenberger-Hof", "clean_address": "1130 Wien, Lainzer Straße", "Wohnungen": 92, "Lokale": 0, "addr_key": "1130 wien, lainzer straße" }, "geometry": { "type": "Polygon", "coordinates": [ [ [ 16.2962798, 48.1856515 ], [ 16.2961723, 48.1856053 ], [ 16.2961921, 48.1855863 ], [ 16.2961507, 48.1855601 ], [ 16.2961027, 48.1855343 ], [ 16.2960447, 48.185517 ], [ 16.2960308, 48.1855311 ], [ 16.2959283, 48.1854863 ], [ 16.2960126, 48.1853981 ], [ 16.2960729, 48.1854248 ], [ 16.2963128, 48.1855311 ], [ 16.2963138, 48.1855692 ], [ 16.2963148, 48.1856102 ], [ 16.2962798, 48.1856515 ] ] ] } },
{ "type": "Feature", "properties": { "Hofname": "Steinitzhof", "clean_address": "1130 Wien, Hietzinger Kai", "Wohnungen": 255, "Lokale": 11, "addr_key": "1130 wien, hietzinger kai" }, "geometry": { "type": "Point", "coordinates": [ 16.2892808, 48.1903832 ] } },
{ "type": "Feature", "properties": { "Hofname": "Rudolfine-Muhr-Hof", "clean_address": "1130 Wien, Volkgasse", "Wohnungen": 212, "Lokale": 9, "addr_key": "1130 wien, volkgasse" }, "geometry": { "type": "Point", "coordinates": [ 16.296994, 48.1777903 ] } },
{ "type": "Feature", "properties": { "Hofname": "Franz-Kurz-Hof", "clean_address": "1140 Wien, Spallartgasse", "Wohnungen": 80, "Lokale": 8, "addr_key": "1140 wien, spallartgasse" }, "geometry": { "type": "Point", "coordinates": [ 16.3104734, 48.2001677 ] } },
{ "type": "Feature", "properties": { "Hofname": "Blathof", "clean_address": "1140 Wien, Linzer Straße", "Wohnungen": 302, "Lokale": 18, "addr_key": "1140 wien, linzer straße" }, "geometry": { "type": "Point", "coordinates": [ 16.3530978, 48.216483 ] } },
{ "type": "Feature", "properties": { "Hofname": "Schimon-Hof", "clean_address": "1140 Wien, Penzinger Straße", "Wohnungen": 365, "Lokale": 16, "addr_key": "1140 wien, penzinger straße" }, "geometry": { "type": "Point", "coordinates": [ 16.2985671, 48.1900131 ] } },
{ "type": "Feature", "properties": { "Hofname": "Somogyi-Hof", "clean_address": "1140 Wien, Hütteldorfer Straße", "Wohnungen": 336, "Lokale": 20, "addr_key": "1140 wien, hütteldorfer straße" }, "geometry": { "type": "Point", "coordinates": [ 16.3369119, 48.2013401 ] } },
{ "type": "Feature", "properties": { "Hofname": "Hugo-Breitner-Hof", "clean_address": "1140 Wien, Linzer Straße", "Wohnungen": 1265, "Lokale": 109, "addr_key": "1140 wien, linzer straße" }, "geometry": { "type": "Point", "coordinates": [ 16.3530978, 48.216483 ] } },
{ "type": "Feature", "properties": { "Hofname": "Liska-Hof", "clean_address": "1140 Wien, Fünkhgasse", "Wohnungen": 67, "Lokale": 0, "addr_key": "1140 wien, fünkhgasse" }, "geometry": { "type": "Point", "coordinates": [ 16.2933632, 48.1951091 ] } },
{ "type": "Feature", "properties": { "Hofname": "Dr.-Josef-Bayer-Hof", "clean_address": "1140 Wien, Märzstraße", "Wohnungen": 134, "Lokale": 0, "addr_key": "1140 wien, märzstraße" }, "geometry": { "type": "Point", "coordinates": [ 16.3366289, 48.2005011 ] } },
{ "type": "Feature", "properties": { "Hofname": "Lützow-Hof", "clean_address": "1140 Wien, Linzer Straße", "Wohnungen": 171, "Lokale": 10, "addr_key": "1140 wien, linzer straße" }, "geometry": { "type": "Point", "coordinates": [ 16.3530978, 48.216483 ] } },
{ "type": "Feature", "properties": { "Hofname": "Josef-Rautmann-Hof", "clean_address": "1140 Wien, Hauptstraße", "Wohnungen": 20, "Lokale": 0, "addr_key": "1140 wien, hauptstraße" }, "geometry": { "type": "Polygon", "coordinates": [ [ [ 16.2191, 48.2095856 ], [ 16.2192774, 48.2095484 ], [ 16.2193787, 48.2097627 ], [ 16.2192013, 48.2097999 ], [ 16.2191, 48.2095856 ] ] ] } },
{ "type": "Feature", "properties": { "Hofname": "Anton-Figl-Hof", "clean_address": "1140 Wien, Hernstorferstraße", "Wohnungen": 382, "Lokale": 26, "addr_key": "1140 wien, hernstorferstraße" }, "geometry": { "type": "Point", "coordinates": [ 16.28758, 48.1949858 ] } },
{ "type": "Feature", "properties": { "Hofname": "Forstnerhof", "clean_address": "1150 Wien, Alliogasse", "Wohnungen": 134, "Lokale": 31, "addr_key": "1150 wien, alliogasse" }, "geometry": { "type": "Point", "coordinates": [ 16.3281924, 48.2021724 ] } },
{ "type": "Feature", "properties": { "Hofname": "Heimhof", "clean_address": "1150 Wien, Pilgerimgasse", "Wohnungen": 171, "Lokale": 36, "addr_key": "1150 wien, pilgerimgasse" }, "geometry": { "type": "Point", "coordinates": [ 16.3237879, 48.1996671 ] } },
{ "type": "Feature", "properties": { "Hofname": "Ebert-Hof", "clean_address": "1150 Wien, Hütteldorfer Straße", "Wohnungen": 179, "Lokale": 12, "addr_key": "1150 wien, hütteldorfer straße" }, "geometry": { "type": "Point", "coordinates": [ 16.3369119, 48.2013401 ] } },
{ "type": "Feature", "properties": { "Hofname": "Johann-Witzmann-Hof", "clean_address": "1150 Wien, Reuenthalgasse", "Wohnungen": 186, "Lokale": 13, "addr_key": "1150 wien, reuenthalgasse" }, "geometry": { "type": "Point", "coordinates": [ 16.3312195, 48.2029438 ] } },
{ "type": "Feature", "properties": { "Hofname": "Vogelweidhof", "clean_address": "1150 Wien, Wurzbachgasse", "Wohnungen": 110, "Lokale": 13, "addr_key": "1150 wien, wurzbachgasse" }, "geometry": { "type": "Point", "coordinates": [ 16.3356545, 48.2038097 ] } },
{ "type": "Feature", "properties": { "Hofname": "Paula-Mistinger-Mraz-Hof", "clean_address": "1150 Wien, Fünfhausgasse", "Wohnungen": 19, "Lokale": 1, "addr_key": "1150 wien, fünfhausgasse" }, "geometry": { "type": "Point", "coordinates": [ 16.3353288, 48.189222 ] } },
{ "type": "Feature", "properties": { "Hofname": "Grassingerhof", "clean_address": "1150 Wien, Brunhildengasse", "Wohnungen": 117, "Lokale": 0, "addr_key": "1150 wien, brunhildengasse" }, "geometry": { "type": "Point", "coordinates": [ 16.3264331, 48.2041942 ] } },
{ "type": "Feature", "properties": { "Hofname": "Käthe-Königstetter-Hof", "clean_address": "1150 Wien, Tautenhayngasse", "Wohnungen": 130, "Lokale": 1, "addr_key": "1150 wien, tautenhayngasse" }, "geometry": { "type": "Point", "coordinates": [ 16.31671, 48.2009096 ] } },
{ "type": "Feature", "properties": { "Hofname": "Skarethof", "clean_address": "1150 Wien, Diefenbachgasse", "Wohnungen": 106, "Lokale": 9, "addr_key": "1150 wien, diefenbachgasse" }, "geometry": { "type": "Point", "coordinates": [ 16.3301576, 48.1847374 ] } },
{ "type": "Feature", "properties": { "Hofname": "Johann-Hartmann-Hof", "clean_address": "1150 Wien, Meiselstraße", "Wohnungen": 123, "Lokale": 3, "addr_key": "1150 wien, meiselstraße" }, "geometry": { "type": "Point", "coordinates": [ 16.3204608, 48.1974868 ] } },
{ "type": "Feature", "properties": { "Hofname": "Karl-Frey-Hof", "clean_address": "1150 Wien, Hütteldorfer Straße", "Wohnungen": 235, "Lokale": 21, "addr_key": "1150 wien, hütteldorfer straße" }, "geometry": { "type": "Point", "coordinates": [ 16.3369119, 48.2013401 ] } },
{ "type": "Feature", "properties": { "Hofname": "Heinrich-Hajek-Hof", "clean_address": "1150 Wien, Oeverseestraße", "Wohnungen": 250, "Lokale": 13, "addr_key": "1150 wien, oeverseestraße" }, "geometry": { "type": "Point", "coordinates": [ 16.3177019, 48.2018231 ] } },
{ "type": "Feature", "properties": { "Hofname": "Schuhmeier-Hof", "clean_address": "1160 Wien, Pfenninggeldgasse", "Wohnungen": 276, "Lokale": 12, "addr_key": "1160 wien, pfenninggeldgasse" }, "geometry": { "type": "Polygon", "coordinates": [ [ [ 16.3130708, 48.2079161 ], [ 16.3130269, 48.2079539 ], [ 16.3128964, 48.2078865 ], [ 16.3129358, 48.2078526 ], [ 16.3128522, 48.2078095 ], [ 16.3130614, 48.2076293 ], [ 16.3132175, 48.2077098 ], [ 16.3131242, 48.2077901 ], [ 16.3130127, 48.2078861 ], [ 16.3130708, 48.2079161 ] ] ] } },
{ "type": "Feature", "properties": { "Hofname": "Wohnhausanlage Sandleiten", "clean_address": "1160 Wien, Sandleitengasse", "Wohnungen": 1513, "Lokale": 148, "addr_key": "1160 wien, sandleitengasse" }, "geometry": { "type": "Point", "coordinates": [ 16.3078222, 48.218162 ] } },
{ "type": "Feature", "properties": { "Hofname": "Dr.-Friedrich-Becke-Hof", "clean_address": "1160 Wien, Thalhaimergasse", "Wohnungen": 199, "Lokale": 14, "addr_key": "1160 wien, thalhaimergasse" }, "geometry": { "type": "Point", "coordinates": [ 16.3207811, 48.2101401 ] } },
{ "type": "Feature", "properties": { "Hofname": "Davidhof", "clean_address": "1160 Wien, Effingergasse", "Wohnungen": 239, "Lokale": 5, "addr_key": "1160 wien, effingergasse" }, "geometry": { "type": "Point", "coordinates": [ 16.3198916, 48.2182465 ] } },
{ "type": "Feature", "properties": { "Hofname": "Karl-Volkert-Hof", "clean_address": "1160 Wien, Thaliastraße", "Wohnungen": 228, "Lokale": 10, "addr_key": "1160 wien, thaliastraße" }, "geometry": { "type": "Point", "coordinates": [ 16.3352252, 48.2089601 ] } },
{ "type": "Feature", "properties": { "Hofname": "Severhof", "clean_address": "1160 Wien, Maroltingergasse", "Wohnungen": 83, "Lokale": 6, "addr_key": "1160 wien, maroltingergasse" }, "geometry": { "type": "Point", "coordinates": [ 16.3055884, 48.2111534 ] } },
{ "type": "Feature", "properties": { "Hofname": "Siegelhof", "clean_address": "1160 Wien, Redtenbachergasse", "Wohnungen": 93, "Lokale": 3, "addr_key": "1160 wien, redtenbachergasse" }, "geometry": { "type": "Point", "coordinates": [ 16.3145994, 48.2136695 ] } },
{ "type": "Feature", "properties": { "Hofname": "Adelheid-Popp-Hof", "clean_address": "1160 Wien, Possingergasse", "Wohnungen": 235, "Lokale": 7, "addr_key": "1160 wien, possingergasse" }, "geometry": { "type": "Point", "coordinates": [ 16.3163288, 48.2036576 ] } },
{ "type": "Feature", "properties": { "Hofname": "Austerlitz-Hof", "clean_address": "1160 Wien, Lorenz-Mandl-Gasse", "Wohnungen": 129, "Lokale": 0, "addr_key": "1160 wien, lorenz-mandl-gasse" }, "geometry": { "type": "Point", "coordinates": [ 16.3062443, 48.2069599 ] } },
{ "type": "Feature", "properties": { "Hofname": "Franz-Novy-Hof", "clean_address": "1160 Wien, Koppstraße", "Wohnungen": 793, "Lokale": 25, "addr_key": "1160 wien, koppstraße" }, "geometry": { "type": "Point", "coordinates": [ 16.3299636, 48.2073014 ] } },
{ "type": "Feature", "properties": { "Hofname": "Fleminghof", "clean_address": "1160 Wien, Josef-Weinheber Platz", "Wohnungen": 525, "Lokale": 30, "addr_key": "1160 wien, josef-weinheber platz" }, "geometry": { "type": "Point", "coordinates": [ 16.3101556, 48.1484909 ] } },
{ "type": "Feature", "properties": { "Hofname": "Berliner Hof", "clean_address": "1160 Wien, Koppstraße", "Wohnungen": 247, "Lokale": 15, "addr_key": "1160 wien, koppstraße" }, "geometry": { "type": "Point", "coordinates": [ 16.3299636, 48.2073014 ] } },
{ "type": "Feature", "properties": { "Hofname": "Wiedenhoferhof", "clean_address": "1170 Wien, Zeillergasse", "Wohnungen": 241, "Lokale": 38, "addr_key": "1170 wien, zeillergasse" }, "geometry": { "type": "Point", "coordinates": [ 16.3134714, 48.2230291 ] } },
{ "type": "Feature", "properties": { "Hofname": "Türkenritthof", "clean_address": "1170 Wien, Hernalser Hauptstraße", "Wohnungen": 77, "Lokale": 20, "addr_key": "1170 wien, hernalser hauptstraße" }, "geometry": { "type": "Polygon", "coordinates": [ [ [ 16.3404552, 48.2164195 ], [ 16.3404649, 48.2164879 ], [ 16.3404263, 48.2164901 ], [ 16.3404297, 48.2165158 ], [ 16.3404678, 48.2165139 ], [ 16.3404707, 48.2165261 ], [ 16.3404775, 48.2166024 ], [ 16.3401486, 48.2166717 ], [ 16.3401197, 48.2165797 ], [ 16.3401638, 48.2165703 ], [ 16.3401477, 48.2165489 ], [ 16.3401127, 48.2165572 ], [ 16.3401033, 48.2165143 ], [ 16.3400982, 48.2164768 ], [ 16.3400803, 48.2163925 ], [ 16.3400658, 48.2162496 ], [ 16.3400469, 48.2161293 ], [ 16.3400396, 48.2160662 ], [ 16.3401189, 48.2160655 ], [ 16.3401758, 48.2164693 ], [ 16.3402013, 48.2165381 ], [ 16.3402704, 48.2165232 ], [ 16.34025, 48.2164769 ], [ 16.3403235, 48.2164633 ], [ 16.3403399, 48.2165087 ], [ 16.3403685, 48.216506 ], [ 16.340378, 48.2164924 ], [ 16.3403603, 48.2163526 ], [ 16.3404448, 48.2163489 ], [ 16.3404552, 48.2164195 ] ] ] } },
{ "type": "Feature", "properties": { "Hofname": "Holyhof", "clean_address": "1170 Wien, Gräffergasse", "Wohnungen": 103, "Lokale": 3, "addr_key": "1170 wien, gräffergasse" }, "geometry": { "type": "Point", "coordinates": [ 16.3154469, 48.2238142 ] } },
{ "type": "Feature", "properties": { "Hofname": "Eiflerhof", "clean_address": "1170 Wien, Hernalser Hauptstraße", "Wohnungen": 183, "Lokale": 9, "addr_key": "1170 wien, hernalser hauptstraße" }, "geometry": { "type": "Polygon", "coordinates": [ [ [ 16.3404552, 48.2164195 ], [ 16.3404649, 48.2164879 ], [ 16.3404263, 48.2164901 ], [ 16.3404297, 48.2165158 ], [ 16.3404678, 48.2165139 ], [ 16.3404707, 48.2165261 ], [ 16.3404775, 48.2166024 ], [ 16.3401486, 48.2166717 ], [ 16.3401197, 48.2165797 ], [ 16.3401638, 48.2165703 ], [ 16.3401477, 48.2165489 ], [ 16.3401127, 48.2165572 ], [ 16.3401033, 48.2165143 ], [ 16.3400982, 48.2164768 ], [ 16.3400803, 48.2163925 ], [ 16.3400658, 48.2162496 ], [ 16.3400469, 48.2161293 ], [ 16.3400396, 48.2160662 ], [ 16.3401189, 48.2160655 ], [ 16.3401758, 48.2164693 ], [ 16.3402013, 48.2165381 ], [ 16.3402704, 48.2165232 ], [ 16.34025, 48.2164769 ], [ 16.3403235, 48.2164633 ], [ 16.3403399, 48.2165087 ], [ 16.3403685, 48.216506 ], [ 16.340378, 48.2164924 ], [ 16.3403603, 48.2163526 ], [ 16.3404448, 48.2163489 ], [ 16.3404552, 48.2164195 ] ] ] } },
{ "type": "Feature", "properties": { "Hofname": "Wohnhausanlage Freiheitssiedlung", "clean_address": "1170 Wien, Steinmüllergasse", "Wohnungen": 125, "Lokale": 6, "addr_key": "1170 wien, steinmüllergasse" }, "geometry": { "type": "Point", "coordinates": [ 16.3009938, 48.2234285 ] } },
{ "type": "Feature", "properties": { "Hofname": "Karl-Panek-Hof", "clean_address": "1170 Wien, Neuwaldegger Straße", "Wohnungen": 116, "Lokale": 10, "addr_key": "1170 wien, neuwaldegger straße" }, "geometry": { "type": "Point", "coordinates": [ 16.2906141, 48.2356122 ] } },
{ "type": "Feature", "properties": { "Hofname": "Pfannenstielhof", "clean_address": "1180 Wien, Kreuzgasse", "Wohnungen": 176, "Lokale": 17, "addr_key": "1180 wien, kreuzgasse" }, "geometry": { "type": "Point", "coordinates": [ 16.3313629, 48.2263182 ] } },
{ "type": "Feature", "properties": { "Hofname": "Lindenhof", "clean_address": "1180 Wien, Kreuzgasse", "Wohnungen": 306, "Lokale": 34, "addr_key": "1180 wien, kreuzgasse" }, "geometry": { "type": "Point", "coordinates": [ 16.3313629, 48.2263182 ] } },
{ "type": "Feature", "properties": { "Hofname": "Toeplerhof", "clean_address": "1180 Wien, Währinger Straße", "Wohnungen": 64, "Lokale": 8, "addr_key": "1180 wien, währinger straße" }, "geometry": { "type": "Point", "coordinates": [ 16.3591778, 48.2174662 ] } },
{ "type": "Feature", "properties": { "Hofname": "Ernst-Karl-Winter-Hof", "clean_address": "1180 Wien, Thimiggasse", "Wohnungen": 163, "Lokale": 15, "addr_key": "1180 wien, thimiggasse" }, "geometry": { "type": "Point", "coordinates": [ 16.3238623, 48.2311565 ] } },
{ "type": "Feature", "properties": { "Hofname": "Klosehof", "clean_address": "1190 Wien, Philippovichgasse", "Wohnungen": 143, "Lokale": 28, "addr_key": "1190 wien, philippovichgasse" }, "geometry": { "type": "MultiPolygon", "coordinates": [ [ [ [ 16.3512804, 48.2334397 ], [ 16.3512672, 48.2333469 ], [ 16.3515416, 48.2333297 ], [ 16.3515547, 48.2334225 ], [ 16.3514358, 48.23343 ], [ 16.3514377, 48.2334439 ], [ 16.3514399, 48.2334589 ], [ 16.3514037, 48.2334611 ], [ 16.3513996, 48.2334322 ], [ 16.3512804, 48.2334397 ] ] ], [ [ [ 16.3511816, 48.2336744 ], [ 16.3511831, 48.2336833 ], [ 16.3512083, 48.233682 ], [ 16.3512073, 48.233673 ], [ 16.3514196, 48.2336578 ], [ 16.3514198, 48.2336641 ], [ 16.3514511, 48.2336622 ], [ 16.3514815, 48.2336601 ], [ 16.3514807, 48.2336536 ], [ 16.351694, 48.2336372 ], [ 16.3516952, 48.2336443 ], [ 16.3517233, 48.2336423 ], [ 16.3517225, 48.2336358 ], [ 16.3518842, 48.2336236 ], [ 16.3518612, 48.233453 ], [ 16.351876, 48.2334522 ], [ 16.3518729, 48.2334326 ], [ 16.3518574, 48.2334337 ], [ 16.3518455, 48.2333538 ], [ 16.351836, 48.2332747 ], [ 16.3518515, 48.2332737 ], [ 16.3518498, 48.2332585 ], [ 16.3518353, 48.2332592 ], [ 16.3518117, 48.2330926 ], [ 16.3509316, 48.2331449 ], [ 16.3509573, 48.2333157 ], [ 16.3509461, 48.2333159 ], [ 16.350949, 48.2333331 ], [ 16.3509593, 48.2333326 ], [ 16.3509871, 48.2334978 ], [ 16.3509748, 48.2334986 ], [ 16.3509778, 48.2335139 ], [ 16.35099, 48.233513 ], [ 16.3510196, 48.2336853 ], [ 16.3511816, 48.2336744 ] ], [ [ 16.3511372, 48.233536 ], [ 16.3511555, 48.2335349 ], [ 16.3511496, 48.2334926 ], [ 16.3511438, 48.2334511 ], [ 16.3511214, 48.2334525 ], [ 16.3511082, 48.2333576 ], [ 16.3511253, 48.2333565 ], [ 16.3511199, 48.2333178 ], [ 16.3511135, 48.2332719 ], [ 16.3510945, 48.2332731 ], [ 16.3510904, 48.2332443 ], [ 16.3511206, 48.2332425 ], [ 16.3511868, 48.2332384 ], [ 16.3511849, 48.233225 ], [ 16.3513222, 48.2332165 ], [ 16.3513238, 48.2332279 ], [ 16.3513744, 48.2332248 ], [ 16.3513764, 48.2332391 ], [ 16.3514003, 48.2332376 ], [ 16.3513993, 48.2332307 ], [ 16.3513983, 48.2332235 ], [ 16.3514491, 48.2332204 ], [ 16.3514475, 48.2332087 ], [ 16.351581, 48.2332005 ], [ 16.3515829, 48.233214 ], [ 16.351621, 48.2332116 ], [ 16.3516205, 48.2332079 ], [ 16.3516372, 48.2332069 ], [ 16.3516556, 48.2332058 ], [ 16.351656, 48.233209 ], [ 16.3516836, 48.2332073 ], [ 16.3516873, 48.2332338 ], [ 16.3516675, 48.233235 ], [ 16.3516737, 48.2332791 ], [ 16.3516791, 48.2333183 ], [ 16.3517012, 48.2333169 ], [ 16.3517077, 48.2333638 ], [ 16.3517138, 48.2334142 ], [ 16.3516926, 48.2334153 ], [ 16.3516977, 48.2334552 ], [ 16.3517037, 48.2334983 ], [ 16.3517259, 48.233497 ], [ 16.3517297, 48.233526 ], [ 16.3516836, 48.2335286 ], [ 16.3516251, 48.2335322 ], [ 16.3516274, 48.2335463 ], [ 16.3515005, 48.2335541 ], [ 16.351499, 48.2335435 ], [ 16.3514344, 48.2335476 ], [ 16.3513715, 48.2335515 ], [ 16.3513734, 48.2335654 ], [ 16.3512429, 48.2335735 ], [ 16.3512412, 48.2335613 ], [ 16.3511761, 48.2335653 ], [ 16.3511416, 48.2335675 ], [ 16.3511372, 48.233536 ] ] ] ] } },
{ "type": "Feature", "properties": { "Hofname": "Karl-Mark-Hof", "clean_address": "1190 Wien, Obkirchergasse", "Wohnungen": 279, "Lokale": 16, "addr_key": "1190 wien, obkirchergasse" }, "geometry": { "type": "Point", "coordinates": [ 16.3419058, 48.2428027 ] } },
{ "type": "Feature", "properties": { "Hofname": "Professor-Jodl-Hof", "clean_address": "1190 Wien, Döblinger Gürtel", "Wohnungen": 227, "Lokale": 19, "addr_key": "1190 wien, döblinger gürtel" }, "geometry": { "type": "Point", "coordinates": [ 16.3547175, 48.2345988 ] } },
{ "type": "Feature", "properties": { "Hofname": "Pestalozzi-Hof", "clean_address": "1190 Wien, Philippovichgasse", "Wohnungen": 126, "Lokale": 7, "addr_key": "1190 wien, philippovichgasse" }, "geometry": { "type": "MultiPolygon", "coordinates": [ [ [ [ 16.3512804, 48.2334397 ], [ 16.3512672, 48.2333469 ], [ 16.3515416, 48.2333297 ], [ 16.3515547, 48.2334225 ], [ 16.3514358, 48.23343 ], [ 16.3514377, 48.2334439 ], [ 16.3514399, 48.2334589 ], [ 16.3514037, 48.2334611 ], [ 16.3513996, 48.2334322 ], [ 16.3512804, 48.2334397 ] ] ], [ [ [ 16.3511816, 48.2336744 ], [ 16.3511831, 48.2336833 ], [ 16.3512083, 48.233682 ], [ 16.3512073, 48.233673 ], [ 16.3514196, 48.2336578 ], [ 16.3514198, 48.2336641 ], [ 16.3514511, 48.2336622 ], [ 16.3514815, 48.2336601 ], [ 16.3514807, 48.2336536 ], [ 16.351694, 48.2336372 ], [ 16.3516952, 48.2336443 ], [ 16.3517233, 48.2336423 ], [ 16.3517225, 48.2336358 ], [ 16.3518842, 48.2336236 ], [ 16.3518612, 48.233453 ], [ 16.351876, 48.2334522 ], [ 16.3518729, 48.2334326 ], [ 16.3518574, 48.2334337 ], [ 16.3518455, 48.2333538 ], [ 16.351836, 48.2332747 ], [ 16.3518515, 48.2332737 ], [ 16.3518498, 48.2332585 ], [ 16.3518353, 48.2332592 ], [ 16.3518117, 48.2330926 ], [ 16.3509316, 48.2331449 ], [ 16.3509573, 48.2333157 ], [ 16.3509461, 48.2333159 ], [ 16.350949, 48.2333331 ], [ 16.3509593, 48.2333326 ], [ 16.3509871, 48.2334978 ], [ 16.3509748, 48.2334986 ], [ 16.3509778, 48.2335139 ], [ 16.35099, 48.233513 ], [ 16.3510196, 48.2336853 ], [ 16.3511816, 48.2336744 ] ], [ [ 16.3511372, 48.233536 ], [ 16.3511555, 48.2335349 ], [ 16.3511496, 48.2334926 ], [ 16.3511438, 48.2334511 ], [ 16.3511214, 48.2334525 ], [ 16.3511082, 48.2333576 ], [ 16.3511253, 48.2333565 ], [ 16.3511199, 48.2333178 ], [ 16.3511135, 48.2332719 ], [ 16.3510945, 48.2332731 ], [ 16.3510904, 48.2332443 ], [ 16.3511206, 48.2332425 ], [ 16.3511868, 48.2332384 ], [ 16.3511849, 48.233225 ], [ 16.3513222, 48.2332165 ], [ 16.3513238, 48.2332279 ], [ 16.3513744, 48.2332248 ], [ 16.3513764, 48.2332391 ], [ 16.3514003, 48.2332376 ], [ 16.3513993, 48.2332307 ], [ 16.3513983, 48.2332235 ], [ 16.3514491, 48.2332204 ], [ 16.3514475, 48.2332087 ], [ 16.351581, 48.2332005 ], [ 16.3515829, 48.233214 ], [ 16.351621, 48.2332116 ], [ 16.3516205, 48.2332079 ], [ 16.3516372, 48.2332069 ], [ 16.3516556, 48.2332058 ], [ 16.351656, 48.233209 ], [ 16.3516836, 48.2332073 ], [ 16.3516873, 48.2332338 ], [ 16.3516675, 48.233235 ], [ 16.3516737, 48.2332791 ], [ 16.3516791, 48.2333183 ], [ 16.3517012, 48.2333169 ], [ 16.3517077, 48.2333638 ], [ 16.3517138, 48.2334142 ], [ 16.3516926, 48.2334153 ], [ 16.3516977, 48.2334552 ], [ 16.3517037, 48.2334983 ], [ 16.3517259, 48.233497 ], [ 16.3517297, 48.233526 ], [ 16.3516836, 48.2335286 ], [ 16.3516251, 48.2335322 ], [ 16.3516274, 48.2335463 ], [ 16.3515005, 48.2335541 ], [ 16.351499, 48.2335435 ], [ 16.3514344, 48.2335476 ], [ 16.3513715, 48.2335515 ], [ 16.3513734, 48.2335654 ], [ 16.3512429, 48.2335735 ], [ 16.3512412, 48.2335613 ], [ 16.3511761, 48.2335653 ], [ 16.3511416, 48.2335675 ], [ 16.3511372, 48.233536 ] ] ] ] } },
{ "type": "Feature", "properties": { "Hofname": "Svobodahof", "clean_address": "1190 Wien, Heiligenstädter Straße", "Wohnungen": 56, "Lokale": 1, "addr_key": "1190 wien, heiligenstädter straße" }, "geometry": { "type": "Point", "coordinates": [ 16.3554266, 48.232647 ] } },
{ "type": "Feature", "properties": { "Hofname": "Karl-Marx-Hof", "clean_address": "1190 Wien, Heiligenstädter Strasse", "Wohnungen": 1271, "Lokale": 45, "addr_key": "1190 wien, heiligenstädter strasse" }, "geometry": { "type": "Point", "coordinates": [ 16.4352327, 48.2424214 ] } },
{ "type": "Feature", "properties": { "Hofname": "Rebec-Hof", "clean_address": "1190 Wien, Flotowgasse", "Wohnungen": 23, "Lokale": 1, "addr_key": "1190 wien, flotowgasse" }, "geometry": { "type": "Point", "coordinates": [ 16.3391414, 48.2421051 ] } },
{ "type": "Feature", "properties": { "Hofname": "Dittes-Hof", "clean_address": "1190 Wien, Heiligenstädter Straße", "Wohnungen": 280, "Lokale": 31, "addr_key": "1190 wien, heiligenstädter straße" }, "geometry": { "type": "Point", "coordinates": [ 16.3554266, 48.232647 ] } },
{ "type": "Feature", "properties": { "Hofname": "Julius-Deutsch-Hof", "clean_address": "1190 Wien, Grinzinger Allee", "Wohnungen": 210, "Lokale": 5, "addr_key": "1190 wien, grinzinger allee" }, "geometry": { "type": "Point", "coordinates": [ 16.3426256, 48.2479327 ] } },
{ "type": "Feature", "properties": { "Hofname": "Kopenhagen-Hof", "clean_address": "1190 Wien, Schegargasse", "Wohnungen": 433, "Lokale": 50, "addr_key": "1190 wien, schegargasse" }, "geometry": { "type": "Point", "coordinates": [ 16.3488746, 48.2350391 ] } },
{ "type": "Feature", "properties": { "Hofname": "Robert-Blum-Hof", "clean_address": "1200 Wien, Engerthstraße", "Wohnungen": 243, "Lokale": 28, "addr_key": "1200 wien, engerthstraße" }, "geometry": { "type": "Polygon", "coordinates": [ [ [ 16.385906, 48.2396857 ], [ 16.3860207, 48.2397411 ], [ 16.3863033, 48.2394874 ], [ 16.3862586, 48.2394662 ], [ 16.3861848, 48.2394312 ], [ 16.3861218, 48.2394896 ], [ 16.3860656, 48.2394626 ], [ 16.3861308, 48.2394027 ], [ 16.3860139, 48.2393458 ], [ 16.3857306, 48.2396046 ], [ 16.3858457, 48.2396606 ], [ 16.385915, 48.2396004 ], [ 16.3859712, 48.2396258 ], [ 16.385906, 48.2396857 ] ], [ [ 16.3859487, 48.2395749 ], [ 16.3860364, 48.2394926 ], [ 16.3860859, 48.2395195 ], [ 16.3859982, 48.2395989 ], [ 16.3859487, 48.2395749 ] ], [ [ 16.3859999, 48.2394751 ], [ 16.385978, 48.2394651 ], [ 16.3860045, 48.2394383 ], [ 16.3860241, 48.2394475 ], [ 16.3859999, 48.2394751 ] ], [ [ 16.3860494, 48.2396269 ], [ 16.3860252, 48.2396545 ], [ 16.3860033, 48.2396445 ], [ 16.3860298, 48.2396177 ], [ 16.3860494, 48.2396269 ] ], [ [ 16.3861461, 48.2395058 ], [ 16.3861656, 48.239515 ], [ 16.3861415, 48.2395426 ], [ 16.3861196, 48.2395326 ], [ 16.3861461, 48.2395058 ] ] ] } },
{ "type": "Feature", "properties": { "Hofname": "Otto-Haas-Hof", "clean_address": "1200 Wien, Winarskystraße", "Wohnungen": 264, "Lokale": 16, "addr_key": "1200 wien, winarskystraße" }, "geometry": { "type": "Polygon", "coordinates": [ [ [ 16.3783158, 48.2395136 ], [ 16.3789729, 48.2389262 ], [ 16.3790506, 48.238966 ], [ 16.3790434, 48.2389722 ], [ 16.3789352, 48.2390665 ], [ 16.3789889, 48.2390914 ], [ 16.3790612, 48.2390306 ], [ 16.3791696, 48.2390851 ], [ 16.3792046, 48.2390546 ], [ 16.3793227, 48.2391138 ], [ 16.3791566, 48.2392607 ], [ 16.3792011, 48.239283 ], [ 16.3791393, 48.2393377 ], [ 16.3791822, 48.2393592 ], [ 16.3789954, 48.2395245 ], [ 16.3789082, 48.2394808 ], [ 16.3787106, 48.2396557 ], [ 16.3785966, 48.2395986 ], [ 16.3786318, 48.2395674 ], [ 16.3785422, 48.2395225 ], [ 16.3786079, 48.2394644 ], [ 16.3785893, 48.2394637 ], [ 16.3785725, 48.239455 ], [ 16.3785767, 48.2394391 ], [ 16.3785483, 48.2394251 ], [ 16.3785744, 48.2394015 ], [ 16.3785642, 48.2393965 ], [ 16.3783925, 48.2395514 ], [ 16.3783158, 48.2395136 ] ] ] } },
{ "type": "Feature", "properties": { "Hofname": "Winarskyhof", "clean_address": "1200 Wien, Stromstraße", "Wohnungen": 559, "Lokale": 16, "addr_key": "1200 wien, stromstraße" }, "geometry": { "type": "Point", "coordinates": [ 16.3793211, 48.240166 ] } },
{ "type": "Feature", "properties": { "Hofname": "Plocekhof", "clean_address": "1200 Wien, Denisgasse", "Wohnungen": 117, "Lokale": 4, "addr_key": "1200 wien, denisgasse" }, "geometry": { "type": "Point", "coordinates": [ 16.3646744, 48.2342548 ] } },
{ "type": "Feature", "properties": { "Hofname": "Janecek-Hof", "clean_address": "1200 Wien, Donaueschingenstraße", "Wohnungen": 725, "Lokale": 3, "addr_key": "1200 wien, donaueschingenstraße" }, "geometry": { "type": "Point", "coordinates": [ 16.3810175, 48.2348495 ] } },
{ "type": "Feature", "properties": { "Hofname": "Grossmannhof", "clean_address": "1200 Wien, Denisgasse", "Wohnungen": 82, "Lokale": 11, "addr_key": "1200 wien, denisgasse" }, "geometry": { "type": "Point", "coordinates": [ 16.3646744, 48.2342548 ] } },
{ "type": "Feature", "properties": { "Hofname": "Beerhof", "clean_address": "1200 Wien, Engerthstraße", "Wohnungen": 421, "Lokale": 13, "addr_key": "1200 wien, engerthstraße" }, "geometry": { "type": "Polygon", "coordinates": [ [ [ 16.385906, 48.2396857 ], [ 16.3860207, 48.2397411 ], [ 16.3863033, 48.2394874 ], [ 16.3862586, 48.2394662 ], [ 16.3861848, 48.2394312 ], [ 16.3861218, 48.2394896 ], [ 16.3860656, 48.2394626 ], [ 16.3861308, 48.2394027 ], [ 16.3860139, 48.2393458 ], [ 16.3857306, 48.2396046 ], [ 16.3858457, 48.2396606 ], [ 16.385915, 48.2396004 ], [ 16.3859712, 48.2396258 ], [ 16.385906, 48.2396857 ] ], [ [ 16.3859487, 48.2395749 ], [ 16.3860364, 48.2394926 ], [ 16.3860859, 48.2395195 ], [ 16.3859982, 48.2395989 ], [ 16.3859487, 48.2395749 ] ], [ [ 16.3859999, 48.2394751 ], [ 16.385978, 48.2394651 ], [ 16.3860045, 48.2394383 ], [ 16.3860241, 48.2394475 ], [ 16.3859999, 48.2394751 ] ], [ [ 16.3860494, 48.2396269 ], [ 16.3860252, 48.2396545 ], [ 16.3860033, 48.2396445 ], [ 16.3860298, 48.2396177 ], [ 16.3860494, 48.2396269 ] ], [ [ 16.3861461, 48.2395058 ], [ 16.3861656, 48.239515 ], [ 16.3861415, 48.2395426 ], [ 16.3861196, 48.2395326 ], [ 16.3861461, 48.2395058 ] ] ] } },
{ "type": "Feature", "properties": { "Hofname": "Szydzina-Hof", "clean_address": "1200 Wien, Salzachstraße", "Wohnungen": 66, "Lokale": 5, "addr_key": "1200 wien, salzachstraße" }, "geometry": { "type": "Point", "coordinates": [ 16.3856126, 48.2366301 ] } },
{ "type": "Feature", "properties": { "Hofname": "Georg Schmiedel-Hof", "clean_address": "1200 Wien, Kluckygasse", "Wohnungen": 77, "Lokale": 10, "addr_key": "1200 wien, kluckygasse" }, "geometry": { "type": "Point", "coordinates": [ 16.3690661, 48.2293032 ] } },
{ "type": "Feature", "properties": { "Hofname": "Pokornyhof", "clean_address": "1200 Wien, Leipziger Straße", "Wohnungen": 116, "Lokale": 4, "addr_key": "1200 wien, leipziger straße" }, "geometry": { "type": "Point", "coordinates": [ 16.3749325, 48.2352143 ] } },
{ "type": "Feature", "properties": { "Hofname": "Gerlhof", "clean_address": "1200 Wien, Stromstraße", "Wohnungen": 357, "Lokale": 18, "addr_key": "1200 wien, stromstraße" }, "geometry": { "type": "Point", "coordinates": [ 16.3793211, 48.240166 ] } },
{ "type": "Feature", "properties": { "Hofname": "Karl-Michal-Hof", "clean_address": "1200 Wien, Brigittaplatz", "Wohnungen": 145, "Lokale": 11, "addr_key": "1200 wien, brigittaplatz" }, "geometry": { "type": "Point", "coordinates": [ 16.3719533, 48.233097 ] } },
{ "type": "Feature", "properties": { "Hofname": "Otto-Gratzl-Hof", "clean_address": "1200 Wien, Engerthstraße", "Wohnungen": 351, "Lokale": 10, "addr_key": "1200 wien, engerthstraße" }, "geometry": { "type": "Polygon", "coordinates": [ [ [ 16.385906, 48.2396857 ], [ 16.3860207, 48.2397411 ], [ 16.3863033, 48.2394874 ], [ 16.3862586, 48.2394662 ], [ 16.3861848, 48.2394312 ], [ 16.3861218, 48.2394896 ], [ 16.3860656, 48.2394626 ], [ 16.3861308, 48.2394027 ], [ 16.3860139, 48.2393458 ], [ 16.3857306, 48.2396046 ], [ 16.3858457, 48.2396606 ], [ 16.385915, 48.2396004 ], [ 16.3859712, 48.2396258 ], [ 16.385906, 48.2396857 ] ], [ [ 16.3859487, 48.2395749 ], [ 16.3860364, 48.2394926 ], [ 16.3860859, 48.2395195 ], [ 16.3859982, 48.2395989 ], [ 16.3859487, 48.2395749 ] ], [ [ 16.3859999, 48.2394751 ], [ 16.385978, 48.2394651 ], [ 16.3860045, 48.2394383 ], [ 16.3860241, 48.2394475 ], [ 16.3859999, 48.2394751 ] ], [ [ 16.3860494, 48.2396269 ], [ 16.3860252, 48.2396545 ], [ 16.3860033, 48.2396445 ], [ 16.3860298, 48.2396177 ], [ 16.3860494, 48.2396269 ] ], [ [ 16.3861461, 48.2395058 ], [ 16.3861656, 48.239515 ], [ 16.3861415, 48.2395426 ], [ 16.3861196, 48.2395326 ], [ 16.3861461, 48.2395058 ] ] ] } },
{ "type": "Feature", "properties": { "Hofname": "Franz-Bretschneider-Hof", "clean_address": "1210 Wien, Mitterhofergasse", "Wohnungen": 91, "Lokale": 16, "addr_key": "1210 wien, mitterhofergasse" }, "geometry": { "type": "Point", "coordinates": [ 16.4018469, 48.2781601 ] } },
{ "type": "Feature", "properties": { "Hofname": "Schlinger-Hof", "clean_address": "1210 Wien, Brünner Straße", "Wohnungen": 397, "Lokale": 52, "addr_key": "1210 wien, brünner straße" }, "geometry": { "type": "Point", "coordinates": [ 16.4030724, 48.2660544 ] } },
{ "type": "Feature", "properties": { "Hofname": "Bieler Hof", "clean_address": "1210 Wien, Kinzerplatz", "Wohnungen": 96, "Lokale": 10, "addr_key": "1210 wien, kinzerplatz" }, "geometry": { "type": "Point", "coordinates": [ 16.4081224, 48.2539188 ] } },
{ "type": "Feature", "properties": { "Hofname": "Karl-Seitz-Hof", "clean_address": "1210 Wien, Jedleseer Straße", "Wohnungen": 1128, "Lokale": 64, "addr_key": "1210 wien, jedleseer straße" }, "geometry": { "type": "Point", "coordinates": [ 16.3887367, 48.260852 ] } },
{ "type": "Feature", "properties": { "Hofname": "Appel-Hof", "clean_address": "1210 Wien, Prager Straße", "Wohnungen": 159, "Lokale": 10, "addr_key": "1210 wien, prager straße" }, "geometry": { "type": "Point", "coordinates": [ 16.3530978, 48.216483 ] } },
{ "type": "Feature", "properties": { "Hofname": "Paul-Speiser-Hof", "clean_address": "1210 Wien, Freytaggasse", "Wohnungen": 460, "Lokale": 13, "addr_key": "1210 wien, freytaggasse" }, "geometry": { "type": "Point", "coordinates": [ 16.4025279, 48.2558427 ] } },
{ "type": "Feature", "properties": { "Hofname": "Dag-Hammerskjöld-Hof", "clean_address": "1210 Wien, An der oberen alten Donau", "Wohnungen": 390, "Lokale": 13, "addr_key": "1210 wien, an der oberen alten donau" }, "geometry": { "type": "Point", "coordinates": [ 16.3948405, 48.2532677 ] } },
{ "type": "Feature", "properties": { "Hofname": "Schüttauhof", "clean_address": "1220 Wien, Schiffmühlenstraße", "Wohnungen": 271, "Lokale": 13, "addr_key": "1220 wien, schiffmühlenstraße" }, "geometry": { "type": "Point", "coordinates": [ 16.4210774, 48.2264776 ] } },
{ "type": "Feature", "properties": { "Hofname": "Goethehof", "clean_address": "1220 Wien, Schüttaustraße", "Wohnungen": 784, "Lokale": 29, "addr_key": "1220 wien, schüttaustraße" }, "geometry": { "type": "Point", "coordinates": [ 16.4254762, 48.2245369 ] } },
{ "type": "Feature", "properties": { "Hofname": "Alois Glauer Hof", "clean_address": "1230 Wien, Erlaaer Straße", "Wohnungen": 118, "Lokale": 7, "addr_key": "1230 wien, erlaaer straße" }, "geometry": { "type": "Point", "coordinates": [ 16.302154, 48.1474592 ] } },
{ "type": "Feature", "properties": { "Hofname": "Wilhelm Hartl-Hof", "clean_address": "1230 Wien, Breitenfurter Straße", "Wohnungen": 54, "Lokale": 9, "addr_key": "1230 wien, breitenfurter straße" }, "geometry": { "type": "Polygon", "coordinates": [ [ [ 16.3302986, 48.1731112 ], [ 16.3303307, 48.1731614 ], [ 16.3303625, 48.173211 ], [ 16.330217, 48.1732494 ], [ 16.3301204, 48.173209 ], [ 16.3298896, 48.1731126 ], [ 16.3299755, 48.1730236 ], [ 16.3300004, 48.1729986 ], [ 16.3300373, 48.172987 ], [ 16.3301867, 48.1729457 ], [ 16.3302224, 48.1729937 ], [ 16.3300325, 48.1730471 ], [ 16.3302315, 48.1731319 ], [ 16.3302986, 48.1731112 ] ] ] } },
{ "type": "Feature", "properties": { "Hofname": "Franz-Kinkor-Hof", "clean_address": "1150 Wien, Johnstraße", "Wohnungen": 43, "Lokale": 4, "addr_key": "1150 wien, johnstraße" }, "geometry": { "type": "Polygon", "coordinates": [ [ [ 16.318796, 48.1988041 ], [ 16.3187492, 48.198557 ], [ 16.3185941, 48.19857 ], [ 16.3185748, 48.1985717 ], [ 16.3185954, 48.1986806 ], [ 16.3185817, 48.1986818 ], [ 16.3185875, 48.1987123 ], [ 16.3186012, 48.1987112 ], [ 16.3186216, 48.1988188 ], [ 16.3186316, 48.1988179 ], [ 16.318796, 48.1988041 ] ] ] } },
{ "type": "Feature", "properties": { "Hofname": "Karl-Holoubek-Hof", "clean_address": "1150 Wien, Schwendergasse", "Wohnungen": 81, "Lokale": 4, "addr_key": "1150 wien, schwendergasse" }, "geometry": { "type": "Point", "coordinates": [ 16.3206997, 48.1898855 ] } },
{ "type": "Feature", "properties": { "Hofname": "Karl-Kautsky-Hof", "clean_address": "1220 Wien, Ziegelhofstraße", "Wohnungen": 971, "Lokale": 10, "addr_key": "1220 wien, ziegelhofstraße" }, "geometry": { "type": "Point", "coordinates": [ 16.4779733, 48.2380027 ] } },
{ "type": "Feature", "properties": { "Hofname": "Julius-Bermann-Hof", "clean_address": "1020 Wien, Zirkusgasse", "Wohnungen": 163, "Lokale": 9, "addr_key": "1020 wien, zirkusgasse" }, "geometry": { "type": "Point", "coordinates": [ 16.3822996, 48.2142899 ] } },
{ "type": "Feature", "properties": { "Hofname": "Robert-Uhlir-Hof", "clean_address": "1020 Wien, Engerthstraße", "Wohnungen": 550, "Lokale": 28, "addr_key": "1020 wien, engerthstraße" }, "geometry": { "type": "Polygon", "coordinates": [ [ [ 16.385906, 48.2396857 ], [ 16.3860207, 48.2397411 ], [ 16.3863033, 48.2394874 ], [ 16.3862586, 48.2394662 ], [ 16.3861848, 48.2394312 ], [ 16.3861218, 48.2394896 ], [ 16.3860656, 48.2394626 ], [ 16.3861308, 48.2394027 ], [ 16.3860139, 48.2393458 ], [ 16.3857306, 48.2396046 ], [ 16.3858457, 48.2396606 ], [ 16.385915, 48.2396004 ], [ 16.3859712, 48.2396258 ], [ 16.385906, 48.2396857 ] ], [ [ 16.3859487, 48.2395749 ], [ 16.3860364, 48.2394926 ], [ 16.3860859, 48.2395195 ], [ 16.3859982, 48.2395989 ], [ 16.3859487, 48.2395749 ] ], [ [ 16.3859999, 48.2394751 ], [ 16.385978, 48.2394651 ], [ 16.3860045, 48.2394383 ], [ 16.3860241, 48.2394475 ], [ 16.3859999, 48.2394751 ] ], [ [ 16.3860494, 48.2396269 ], [ 16.3860252, 48.2396545 ], [ 16.3860033, 48.2396445 ], [ 16.3860298, 48.2396177 ], [ 16.3860494, 48.2396269 ] ], [ [ 16.3861461, 48.2395058 ], [ 16.3861656, 48.239515 ], [ 16.3861415, 48.2395426 ], [ 16.3861196, 48.2395326 ], [ 16.3861461, 48.2395058 ] ] ] } },
{ "type": "Feature", "properties": { "Hofname": "Olof Palme-Hof", "clean_address": "1100 Wien, Ada-Christen-Gasse", "Wohnungen": 404, "Lokale": 41, "addr_key": "1100 wien, ada-christen-gasse" }, "geometry": { "type": "Polygon", "coordinates": [ [ [ 16.3829168, 48.1499629 ], [ 16.382958, 48.1499651 ], [ 16.3831544, 48.1499756 ], [ 16.3831674, 48.1499763 ], [ 16.3831392, 48.1502408 ], [ 16.3831335, 48.150294 ], [ 16.3831919, 48.1503213 ], [ 16.3833065, 48.1503748 ], [ 16.3833216, 48.1503818 ], [ 16.3833449, 48.1503927 ], [ 16.3834116, 48.1503725 ], [ 16.3836955, 48.1502864 ], [ 16.3837035, 48.1502984 ], [ 16.3837293, 48.150337 ], [ 16.3837836, 48.1504184 ], [ 16.3834346, 48.1505253 ], [ 16.3834463, 48.1505429 ], [ 16.3834602, 48.1505436 ], [ 16.3834565, 48.1505906 ], [ 16.3834553, 48.1506011 ], [ 16.3834232, 48.150864 ], [ 16.3834152, 48.1509251 ], [ 16.3834866, 48.1509581 ], [ 16.3836598, 48.1510383 ], [ 16.3836745, 48.1510451 ], [ 16.3837128, 48.1510628 ], [ 16.3837869, 48.1510396 ], [ 16.3841424, 48.1509282 ], [ 16.3841513, 48.1509379 ], [ 16.3841741, 48.1509727 ], [ 16.3841834, 48.1509857 ], [ 16.3841919, 48.1509976 ], [ 16.3841992, 48.1510078 ], [ 16.3842082, 48.1510205 ], [ 16.3842366, 48.1510603 ], [ 16.3838004, 48.151201 ], [ 16.3838069, 48.1512102 ], [ 16.3838224, 48.1512121 ], [ 16.3838234, 48.1512268 ], [ 16.3838206, 48.1512575 ], [ 16.3837598, 48.1517231 ], [ 16.3840487, 48.1518568 ], [ 16.3840879, 48.1518752 ], [ 16.384141, 48.1518997 ], [ 16.3842102, 48.1518777 ], [ 16.3846562, 48.1517358 ], [ 16.3846633, 48.1517454 ], [ 16.3846875, 48.1517806 ], [ 16.3846965, 48.1517936 ], [ 16.3847057, 48.1518069 ], [ 16.3847129, 48.1518174 ], [ 16.3847216, 48.15183 ], [ 16.3847553, 48.1518789 ], [ 16.3847412, 48.1518831 ], [ 16.3847481, 48.1518925 ], [ 16.3847535, 48.1518999 ], [ 16.384768, 48.1518965 ], [ 16.3847663, 48.1519128 ], [ 16.3847613, 48.1519619 ], [ 16.384678, 48.1519235 ], [ 16.3847326, 48.151906 ], [ 16.3847275, 48.1518987 ], [ 16.3847212, 48.151889 ], [ 16.3842314, 48.1520411 ], [ 16.3842355, 48.1520468 ], [ 16.384242, 48.1520486 ], [ 16.3842405, 48.1520694 ], [ 16.3842256, 48.1521934 ], [ 16.3842124, 48.1523028 ], [ 16.3841956, 48.1524331 ], [ 16.3842512, 48.1524166 ], [ 16.3842792, 48.1524304 ], [ 16.3842525, 48.1526415 ], [ 16.3842211, 48.152649 ], [ 16.3841682, 48.1526263 ], [ 16.3841629, 48.1526771 ], [ 16.3841629, 48.1526874 ], [ 16.384297, 48.1527495 ], [ 16.3845372, 48.1528609 ], [ 16.384595, 48.1528877 ], [ 16.3846286, 48.1529033 ], [ 16.3846729, 48.1528892 ], [ 16.3847364, 48.1528689 ], [ 16.3853207, 48.1526828 ], [ 16.3853266, 48.1526911 ], [ 16.3853509, 48.1527248 ], [ 16.3853603, 48.152738 ], [ 16.3853781, 48.1527628 ], [ 16.3853859, 48.1527736 ], [ 16.3854099, 48.152807 ], [ 16.3854233, 48.1528257 ], [ 16.3854076, 48.1528306 ], [ 16.3854173, 48.1528455 ], [ 16.3854302, 48.1528416 ], [ 16.3854224, 48.1529076 ], [ 16.385341, 48.1528693 ], [ 16.3853943, 48.152852 ], [ 16.3853857, 48.1528391 ], [ 16.3853168, 48.1528603 ], [ 16.3847123, 48.1530466 ], [ 16.3846989, 48.1530507 ], [ 16.3846016, 48.1530807 ], [ 16.3845703, 48.1530662 ], [ 16.3839957, 48.1527993 ], [ 16.3839244, 48.1527662 ], [ 16.3839303, 48.1526903 ], [ 16.3839326, 48.1526815 ], [ 16.3839007, 48.1526666 ], [ 16.3837403, 48.1525917 ], [ 16.3837505, 48.1525154 ], [ 16.3837636, 48.1524181 ], [ 16.3839412, 48.1523632 ], [ 16.3839718, 48.1523538 ], [ 16.3839788, 48.1522945 ], [ 16.383993, 48.1521845 ], [ 16.3840091, 48.1520602 ], [ 16.3840094, 48.1520457 ], [ 16.3840096, 48.1520335 ], [ 16.3839865, 48.1520229 ], [ 16.3836071, 48.151845 ], [ 16.3835016, 48.1517955 ], [ 16.3835048, 48.1517676 ], [ 16.3835712, 48.1512232 ], [ 16.3835726, 48.1512123 ], [ 16.3835756, 48.1511985 ], [ 16.3835459, 48.1511851 ], [ 16.3831566, 48.1510006 ], [ 16.3831603, 48.1509636 ], [ 16.3832051, 48.1505778 ], [ 16.3832085, 48.150553 ], [ 16.3832125, 48.1505293 ], [ 16.3831835, 48.1505162 ], [ 16.3828695, 48.1503741 ], [ 16.382874, 48.1503393 ], [ 16.3829168, 48.1499629 ] ] ] } },
{ "type": "Feature", "properties": { "Hofname": "Franz-Graczoll-Hof", "clean_address": "1150 Wien, Flachgasse", "Wohnungen": 116, "Lokale": 3, "addr_key": "1150 wien, flachgasse" }, "geometry": { "type": "Point", "coordinates": [ 16.3132627, 48.193703 ] } },
{ "type": "Feature", "properties": { "Hofname": "Dr.-Gerhard-Weißenberg-Hof", "clean_address": "1150 Wien, Hofmoklgasse", "Wohnungen": 90, "Lokale": 1, "addr_key": "1150 wien, hofmoklgasse" }, "geometry": { "type": "Point", "coordinates": [ 16.3272705, 48.1847171 ] } },
{ "type": "Feature", "properties": { "Hofname": "Ernst-Papanek-Hof", "clean_address": "1150 Wien, Oelweingasse", "Wohnungen": 33, "Lokale": 1, "addr_key": "1150 wien, oelweingasse" }, "geometry": { "type": "Point", "coordinates": [ 16.3278179, 48.1891683 ] } },
{ "type": "Feature", "properties": { "Hofname": "Karl-Czernetz-Hof", "clean_address": "1150 Wien, Clementinengasse", "Wohnungen": 50, "Lokale": 6, "addr_key": "1150 wien, clementinengasse" }, "geometry": { "type": "Point", "coordinates": [ 16.3329975, 48.1918616 ] } },
{ "type": "Feature", "properties": { "Hofname": "August-Scholz-Hof", "clean_address": "1160 Wien, Panikengasse", "Wohnungen": 98, "Lokale": 4, "addr_key": "1160 wien, panikengasse" }, "geometry": { "type": "Polygon", "coordinates": [ [ [ 16.3240452, 48.2067331 ], [ 16.325763, 48.206473 ], [ 16.3257015, 48.2062928 ], [ 16.3256619, 48.206163 ], [ 16.325486, 48.2056346 ], [ 16.3253997, 48.2053661 ], [ 16.3249045, 48.2054393 ], [ 16.3241781, 48.2055461 ], [ 16.3236581, 48.205623 ], [ 16.323751, 48.2059504 ], [ 16.3237853, 48.2060111 ], [ 16.3239123, 48.206388 ], [ 16.3238998, 48.2063899 ], [ 16.3239273, 48.2064715 ], [ 16.323979, 48.2065389 ], [ 16.3240452, 48.2067331 ] ] ] } },
{ "type": "Feature", "properties": { "Hofname": "Rosa-Albach-Retty-Hof", "clean_address": "1190 Wien, Billrothstraße", "Wohnungen": 70, "Lokale": 14, "addr_key": "1190 wien, billrothstraße" }, "geometry": { "type": "Polygon", "coordinates": [ [ [ 16.350698, 48.2348048 ], [ 16.3508441, 48.2346694 ], [ 16.3506938, 48.2345983 ], [ 16.350605, 48.2345562 ], [ 16.3503428, 48.2345795 ], [ 16.3503541, 48.2346305 ], [ 16.3505203, 48.2346155 ], [ 16.3505177, 48.2346018 ], [ 16.3505387, 48.2345999 ], [ 16.3505463, 48.2346381 ], [ 16.3505625, 48.2346435 ], [ 16.350492, 48.2347096 ], [ 16.350698, 48.2348048 ] ] ] } },
{ "type": "Feature", "properties": { "Hofname": "Karl-Heinz-Hof", "clean_address": "1210 Wien, Gerichtsgasse", "Wohnungen": 71, "Lokale": 2, "addr_key": "1210 wien, gerichtsgasse" }, "geometry": { "type": "Polygon", "coordinates": [ [ [ 16.3963207, 48.2617343 ], [ 16.3964021, 48.2616877 ], [ 16.3964206, 48.2616888 ], [ 16.39644, 48.2616899 ], [ 16.3965086, 48.2617458 ], [ 16.3966266, 48.2616813 ], [ 16.3965214, 48.2615938 ], [ 16.3965297, 48.2614918 ], [ 16.3963756, 48.2614831 ], [ 16.3963643, 48.2615763 ], [ 16.3962219, 48.2616557 ], [ 16.3963207, 48.2617343 ] ] ] } },
{ "type": "Feature", "properties": { "Hofname": "Dr. Franz-Koch-Hof", "clean_address": "1210 Wien, Mitterhofergasse", "Wohnungen": 1426, "Lokale": 47, "addr_key": "1210 wien, mitterhofergasse" }, "geometry": { "type": "Point", "coordinates": [ 16.4018469, 48.2781601 ] } },
{ "type": "Feature", "properties": { "Hofname": "Alfred Klinkan-Hof", "clean_address": "1220 Wien, Donaustadtstraße", "Wohnungen": 528, "Lokale": 11, "addr_key": "1220 wien, donaustadtstraße" }, "geometry": { "type": "Point", "coordinates": [ 16.4447137, 48.222682 ] } },
{ "type": "Feature", "properties": { "Hofname": "Frieda-Nödl-Hof", "clean_address": "1030 Wien, Rochusgasse", "Wohnungen": 33, "Lokale": 10, "addr_key": "1030 wien, rochusgasse" }, "geometry": { "type": "Point", "coordinates": [ 16.3883195, 48.2011894 ] } },
{ "type": "Feature", "properties": { "Hofname": "Leopold-Thaller-Hof", "clean_address": "1030 Wien, Baumgasse", "Wohnungen": 33, "Lokale": 4, "addr_key": "1030 wien, baumgasse" }, "geometry": { "type": "Point", "coordinates": [ 16.3984802, 48.1956421 ] } },
{ "type": "Feature", "properties": { "Hofname": "Josef-Bohmann-Hof", "clean_address": "1220 Wien, Oskar-Grissemann-Straße", "Wohnungen": 1329, "Lokale": 52, "addr_key": "1220 wien, oskar-grissemann-straße" }, "geometry": { "type": "Point", "coordinates": [ 16.4438484, 48.2616053 ] } },
{ "type": "Feature", "properties": { "Hofname": "August-Bergmann-Hof", "clean_address": "1040 Wien, Favoritenstraße", "Wohnungen": 62, "Lokale": 12, "addr_key": "1040 wien, favoritenstraße" }, "geometry": { "type": "Point", "coordinates": [ 16.3730802, 48.1883395 ] } },
{ "type": "Feature", "properties": { "Hofname": "Otto-Limanovsky-Hof", "clean_address": "1070 Wien, Westbahnstraße", "Wohnungen": 54, "Lokale": 3, "addr_key": "1070 wien, westbahnstraße" }, "geometry": { "type": "Point", "coordinates": [ 16.343707, 48.2019258 ] } },
{ "type": "Feature", "properties": { "Hofname": "Karl-Wrba-Hof", "clean_address": "1100 Wien, Sahulkastraße", "Wohnungen": 1045, "Lokale": 43, "addr_key": "1100 wien, sahulkastraße" }, "geometry": { "type": "Point", "coordinates": [ 16.3616415, 48.1639462 ] } },
{ "type": "Feature", "properties": { "Hofname": "Anton-Matourek-Hof", "clean_address": "1150 Wien, Rustengasse", "Wohnungen": 35, "Lokale": 1, "addr_key": "1150 wien, rustengasse" }, "geometry": { "type": "Point", "coordinates": [ 16.3273763, 48.1915975 ] } },
{ "type": "Feature", "properties": { "Hofname": "Pablo-Neruda-Hof", "clean_address": "1180 Wien, Gersthofer Straße", "Wohnungen": 65, "Lokale": 9, "addr_key": "1180 wien, gersthofer straße" }, "geometry": { "type": "Point", "coordinates": [ 16.3287117, 48.2320825 ] } },
{ "type": "Feature", "properties": { "Hofname": "Leopold-Horacek-Hof", "clean_address": "1220 Wien, Lenkgasse", "Wohnungen": 125, "Lokale": 4, "addr_key": "1220 wien, lenkgasse" }, "geometry": { "type": "Point", "coordinates": [ 16.4369255, 48.2456611 ] } },
{ "type": "Feature", "properties": { "Hofname": "Franz-Ramel-Hof", "clean_address": "1040 Wien, Rainergasse", "Wohnungen": 34, "Lokale": 1, "addr_key": "1040 wien, rainergasse" }, "geometry": { "type": "Point", "coordinates": [ 16.3651214, 48.1873445 ] } },
{ "type": "Feature", "properties": { "Hofname": "Alfred-Porges-Hof", "clean_address": "1060 Wien, Gumpendorfer Straße", "Wohnungen": 26, "Lokale": 1, "addr_key": "1060 wien, gumpendorfer straße" }, "geometry": { "type": "Polygon", "coordinates": [ [ [ 16.3613539, 48.200111 ], [ 16.3615952, 48.2003652 ], [ 16.3617482, 48.2002858 ], [ 16.3616771, 48.2002259 ], [ 16.3617094, 48.2002113 ], [ 16.3617313, 48.2002307 ], [ 16.3617872, 48.2002051 ], [ 16.3617751, 48.200194 ], [ 16.3618231, 48.2001721 ], [ 16.3617818, 48.2001273 ], [ 16.3617448, 48.2001429 ], [ 16.3617195, 48.2001158 ], [ 16.3617567, 48.2000986 ], [ 16.3617107, 48.2000497 ], [ 16.361662, 48.2000725 ], [ 16.3616526, 48.2000619 ], [ 16.3615884, 48.2000889 ], [ 16.3615992, 48.2000997 ], [ 16.3616095, 48.2001103 ], [ 16.3615753, 48.2001254 ], [ 16.3615098, 48.2000593 ], [ 16.361447, 48.2000882 ], [ 16.3614313, 48.2000743 ], [ 16.3613539, 48.200111 ] ], [ [ 16.3615795, 48.2001754 ], [ 16.3616054, 48.2002037 ], [ 16.3615936, 48.2002085 ], [ 16.3615677, 48.2001803 ], [ 16.3615795, 48.2001754 ] ] ] } },
{ "type": "Feature", "properties": { "Hofname": "Rudolf-Krammer-Hof", "clean_address": "1060 Wien, Mollardgasse", "Wohnungen": 50, "Lokale": 6, "addr_key": "1060 wien, mollardgasse" }, "geometry": { "type": "Point", "coordinates": [ 16.3522129, 48.191967 ] } },
{ "type": "Feature", "properties": { "Hofname": "Ernst-Kirchweger-Hof", "clean_address": "1100 Wien, Sonnwendgasse", "Wohnungen": 20, "Lokale": 0, "addr_key": "1100 wien, sonnwendgasse" }, "geometry": { "type": "Polygon", "coordinates": [ [ [ 16.3782306, 48.1829871 ], [ 16.3781706, 48.1829967 ], [ 16.3772716, 48.1831408 ], [ 16.3772414, 48.1831361 ], [ 16.3772197, 48.1831218 ], [ 16.3772116, 48.1831024 ], [ 16.3772176, 48.1830851 ], [ 16.3777805, 48.1826189 ], [ 16.3779245, 48.1826973 ], [ 16.3781786, 48.1828338 ], [ 16.3782306, 48.1829871 ] ] ] } },
{ "type": "Feature", "properties": { "Hofname": "Hermine-Fiala-Hof", "clean_address": "1100 Wien, Troststraße", "Wohnungen": 398, "Lokale": 16, "addr_key": "1100 wien, troststraße" }, "geometry": { "type": "Point", "coordinates": [ 16.366119, 48.1696293 ] } },
{ "type": "Feature", "properties": { "Hofname": "Felix-Swoboda Hof", "clean_address": "1110 Wien, Mitterfeldgasse", "Wohnungen": 144, "Lokale": 3, "addr_key": "1110 wien, mitterfeldgasse" }, "geometry": { "type": "Polygon", "coordinates": [ [ [ 16.4133063, 48.1645019 ], [ 16.4133221, 48.1644936 ], [ 16.4132212, 48.164408 ], [ 16.4130934, 48.164475 ], [ 16.4131929, 48.1645594 ], [ 16.4132261, 48.164542 ], [ 16.4132545, 48.1645661 ], [ 16.413267, 48.1645596 ], [ 16.4133333, 48.1645248 ], [ 16.4133063, 48.1645019 ] ] ] } },
{ "type": "Feature", "properties": { "Hofname": "Dr.-Adolf-Schärf-Hof", "clean_address": "1160 Wien, Roterdstraße", "Wohnungen": 329, "Lokale": 15, "addr_key": "1160 wien, roterdstraße" }, "geometry": { "type": "Point", "coordinates": [ 16.2973706, 48.2208623 ] } },
{ "type": "Feature", "properties": { "Hofname": "Friedrich-Holomek-Hof", "clean_address": "1180 Wien, Martinstraße", "Wohnungen": 20, "Lokale": 2, "addr_key": "1180 wien, martinstraße" }, "geometry": { "type": "Point", "coordinates": [ 16.3409777, 48.2211077 ] } },
{ "type": "Feature", "properties": { "Hofname": "Federico-Garcia-Lorca-Hof", "clean_address": "1210 Wien, Schliemanngasse", "Wohnungen": 40, "Lokale": 0, "addr_key": "1210 wien, schliemanngasse" }, "geometry": { "type": "Point", "coordinates": [ 16.4053473, 48.2545652 ] } },
{ "type": "Feature", "properties": { "Hofname": "Hedwig-Lehnert-Hof", "clean_address": "1210 Wien, Prager Straße", "Wohnungen": 183, "Lokale": 11, "addr_key": "1210 wien, prager straße" }, "geometry": { "type": "Point", "coordinates": [ 16.3530978, 48.216483 ] } },
{ "type": "Feature", "properties": { "Hofname": "Stella-Klein-Löw-Hof", "clean_address": "1020 Wien, Taborstraße", "Wohnungen": 50, "Lokale": 2, "addr_key": "1020 wien, taborstraße" }, "geometry": { "type": "Point", "coordinates": [ 16.3813524, 48.2187706 ] } },
{ "type": "Feature", "properties": { "Hofname": "Karl-Waldbrunner-Hof", "clean_address": "1030 Wien, Lechnerstraße", "Wohnungen": 512, "Lokale": 6, "addr_key": "1030 wien, lechnerstraße" }, "geometry": { "type": "Point", "coordinates": [ 16.4074454, 48.1983213 ] } },
{ "type": "Feature", "properties": { "Hofname": "Franz-Bauer-Hof", "clean_address": "1060 Wien, Gumpendorfer Straße", "Wohnungen": 53, "Lokale": 9, "addr_key": "1060 wien, gumpendorfer straße" }, "geometry": { "type": "Polygon", "coordinates": [ [ [ 16.3613539, 48.200111 ], [ 16.3615952, 48.2003652 ], [ 16.3617482, 48.2002858 ], [ 16.3616771, 48.2002259 ], [ 16.3617094, 48.2002113 ], [ 16.3617313, 48.2002307 ], [ 16.3617872, 48.2002051 ], [ 16.3617751, 48.200194 ], [ 16.3618231, 48.2001721 ], [ 16.3617818, 48.2001273 ], [ 16.3617448, 48.2001429 ], [ 16.3617195, 48.2001158 ], [ 16.3617567, 48.2000986 ], [ 16.3617107, 48.2000497 ], [ 16.361662, 48.2000725 ], [ 16.3616526, 48.2000619 ], [ 16.3615884, 48.2000889 ], [ 16.3615992, 48.2000997 ], [ 16.3616095, 48.2001103 ], [ 16.3615753, 48.2001254 ], [ 16.3615098, 48.2000593 ], [ 16.361447, 48.2000882 ], [ 16.3614313, 48.2000743 ], [ 16.3613539, 48.200111 ] ], [ [ 16.3615795, 48.2001754 ], [ 16.3616054, 48.2002037 ], [ 16.3615936, 48.2002085 ], [ 16.3615677, 48.2001803 ], [ 16.3615795, 48.2001754 ] ] ] } },
{ "type": "Feature", "properties": { "Hofname": "Ankerbrotgründe", "clean_address": "1100 Wien, Absberggasse", "Wohnungen": 404, "Lokale": 14, "addr_key": "1100 wien, absberggasse" }, "geometry": { "type": "Point", "coordinates": [ 16.3886376, 48.1710623 ] } },
{ "type": "Feature", "properties": { "Hofname": "Helene-Potetz-Hof", "clean_address": "1120 Wien, Rosenhügelstraße", "Wohnungen": 45, "Lokale": 0, "addr_key": "1120 wien, rosenhügelstraße" }, "geometry": { "type": "Point", "coordinates": [ 16.3019073, 48.1684788 ] } },
{ "type": "Feature", "properties": { "Hofname": "Christine-Busta-Hof", "clean_address": "1160 Wien, Wichtelgasse", "Wohnungen": 18, "Lokale": 0, "addr_key": "1160 wien, wichtelgasse" }, "geometry": { "type": "Point", "coordinates": [ 16.3208501, 48.2167434 ] } },
{ "type": "Feature", "properties": { "Hofname": "Bruno-Kreisky-Hof", "clean_address": "1170 Wien, Hernalser Hauptstraße", "Wohnungen": 279, "Lokale": 40, "addr_key": "1170 wien, hernalser hauptstraße" }, "geometry": { "type": "Polygon", "coordinates": [ [ [ 16.3404552, 48.2164195 ], [ 16.3404649, 48.2164879 ], [ 16.3404263, 48.2164901 ], [ 16.3404297, 48.2165158 ], [ 16.3404678, 48.2165139 ], [ 16.3404707, 48.2165261 ], [ 16.3404775, 48.2166024 ], [ 16.3401486, 48.2166717 ], [ 16.3401197, 48.2165797 ], [ 16.3401638, 48.2165703 ], [ 16.3401477, 48.2165489 ], [ 16.3401127, 48.2165572 ], [ 16.3401033, 48.2165143 ], [ 16.3400982, 48.2164768 ], [ 16.3400803, 48.2163925 ], [ 16.3400658, 48.2162496 ], [ 16.3400469, 48.2161293 ], [ 16.3400396, 48.2160662 ], [ 16.3401189, 48.2160655 ], [ 16.3401758, 48.2164693 ], [ 16.3402013, 48.2165381 ], [ 16.3402704, 48.2165232 ], [ 16.34025, 48.2164769 ], [ 16.3403235, 48.2164633 ], [ 16.3403399, 48.2165087 ], [ 16.3403685, 48.216506 ], [ 16.340378, 48.2164924 ], [ 16.3403603, 48.2163526 ], [ 16.3404448, 48.2163489 ], [ 16.3404552, 48.2164195 ] ] ] } },
{ "type": "Feature", "properties": { "Hofname": "Aldo-Moro-Hof", "clean_address": "1180 Wien, Antonigasse", "Wohnungen": 20, "Lokale": 1, "addr_key": "1180 wien, antonigasse" }, "geometry": { "type": "Point", "coordinates": [ 16.3406207, 48.2213036 ] } },
{ "type": "Feature", "properties": { "Hofname": "Franz-Weber-Hof", "clean_address": "1190 Wien, Weinberggasse", "Wohnungen": 430, "Lokale": 33, "addr_key": "1190 wien, weinberggasse" }, "geometry": { "type": "Point", "coordinates": [ 16.331408, 48.2436485 ] } },
{ "type": "Feature", "properties": { "Hofname": "Josef-Pfeifer-Hof", "clean_address": "1030 Wien, Landstraßer Hauptstraße", "Wohnungen": 18, "Lokale": 0, "addr_key": "1030 wien, landstraßer hauptstraße" }, "geometry": { "type": "Polygon", "coordinates": [ [ [ 16.3862543, 48.2053241 ], [ 16.3858974, 48.2054256 ], [ 16.3859043, 48.2054351 ], [ 16.3859769, 48.2055336 ], [ 16.3863436, 48.2054287 ], [ 16.3862862, 48.2053137 ], [ 16.3862543, 48.2053241 ] ] ] } },
{ "type": "Feature", "properties": { "Hofname": "Bruno-Marek-Hof", "clean_address": "1060 Wien, Gumpendorfer Straße", "Wohnungen": 69, "Lokale": 8, "addr_key": "1060 wien, gumpendorfer straße" }, "geometry": { "type": "Polygon", "coordinates": [ [ [ 16.3613539, 48.200111 ], [ 16.3615952, 48.2003652 ], [ 16.3617482, 48.2002858 ], [ 16.3616771, 48.2002259 ], [ 16.3617094, 48.2002113 ], [ 16.3617313, 48.2002307 ], [ 16.3617872, 48.2002051 ], [ 16.3617751, 48.200194 ], [ 16.3618231, 48.2001721 ], [ 16.3617818, 48.2001273 ], [ 16.3617448, 48.2001429 ], [ 16.3617195, 48.2001158 ], [ 16.3617567, 48.2000986 ], [ 16.3617107, 48.2000497 ], [ 16.361662, 48.2000725 ], [ 16.3616526, 48.2000619 ], [ 16.3615884, 48.2000889 ], [ 16.3615992, 48.2000997 ], [ 16.3616095, 48.2001103 ], [ 16.3615753, 48.2001254 ], [ 16.3615098, 48.2000593 ], [ 16.361447, 48.2000882 ], [ 16.3614313, 48.2000743 ], [ 16.3613539, 48.200111 ] ], [ [ 16.3615795, 48.2001754 ], [ 16.3616054, 48.2002037 ], [ 16.3615936, 48.2002085 ], [ 16.3615677, 48.2001803 ], [ 16.3615795, 48.2001754 ] ] ] } },
{ "type": "Feature", "properties": { "Hofname": "Max-Böhm-Hof", "clean_address": "1080 Wien, Tigergasse", "Wohnungen": 26, "Lokale": 0, "addr_key": "1080 wien, tigergasse" }, "geometry": { "type": "Point", "coordinates": [ 16.3447646, 48.2074498 ] } },
{ "type": "Feature", "properties": { "Hofname": "Josef-Schober-Hof", "clean_address": "1090 Wien, Grünentorgasse", "Wohnungen": 37, "Lokale": 1, "addr_key": "1090 wien, grünentorgasse" }, "geometry": { "type": "Point", "coordinates": [ 16.3646125, 48.2208938 ] } },
{ "type": "Feature", "properties": { "Hofname": "Nora-Hiltl-Hof", "clean_address": "1130 Wien, Anton-Langer-Gasse", "Wohnungen": 14, "Lokale": 2, "addr_key": "1130 wien, anton-langer-gasse" }, "geometry": { "type": "Point", "coordinates": [ 16.2828537, 48.1734666 ] } },
{ "type": "Feature", "properties": { "Hofname": "Josef-Hala-Hof", "clean_address": "1180 Wien, Schulgasse", "Wohnungen": 36, "Lokale": 1, "addr_key": "1180 wien, schulgasse" }, "geometry": { "type": "Point", "coordinates": [ 16.3442089, 48.2248761 ] } },
{ "type": "Feature", "properties": { "Hofname": "Friederike-Seidl-Hof", "clean_address": "1050 Wien, Viktor-Christ-Gasse", "Wohnungen": 31, "Lokale": 1, "addr_key": "1050 wien, viktor-christ-gasse" }, "geometry": { "type": "Point", "coordinates": [ 16.3604543, 48.1891376 ] } },
{ "type": "Feature", "properties": { "Hofname": "Maria-Restituta-Hof", "clean_address": "1050 Wien, Margaretenstraße", "Wohnungen": 44, "Lokale": 2, "addr_key": "1050 wien, margaretenstraße" }, "geometry": { "type": "Point", "coordinates": [ 16.3602553, 48.1922863 ] } },
{ "type": "Feature", "properties": { "Hofname": "Rudolf-von-Alt-Hof", "clean_address": "1080 Wien, Skodagasse", "Wohnungen": 16, "Lokale": 1, "addr_key": "1080 wien, skodagasse" }, "geometry": { "type": "Point", "coordinates": [ 16.3484422, 48.2146131 ] } },
{ "type": "Feature", "properties": { "Hofname": "Rudolf-Krbec-Hof", "clean_address": "1220 Wien, Schiffmühlenstraße", "Wohnungen": 98, "Lokale": 2, "addr_key": "1220 wien, schiffmühlenstraße" }, "geometry": { "type": "Point", "coordinates": [ 16.4210774, 48.2264776 ] } },
{ "type": "Feature", "properties": { "Hofname": "Viktor-Frankl-Hof", "clean_address": "1020 Wien, Zirkusgasse", "Wohnungen": 24, "Lokale": 0, "addr_key": "1020 wien, zirkusgasse" }, "geometry": { "type": "Point", "coordinates": [ 16.3822996, 48.2142899 ] } },
{ "type": "Feature", "properties": { "Hofname": "Adolf-Scharner-Hof", "clean_address": "1040 Wien, Goldeggasse", "Wohnungen": 16, "Lokale": 1, "addr_key": "1040 wien, goldeggasse" }, "geometry": { "type": "Polygon", "coordinates": [ [ [ 16.379828, 48.1905134 ], [ 16.3798786, 48.1904239 ], [ 16.3798628, 48.1904058 ], [ 16.3798473, 48.1903982 ], [ 16.3798193, 48.1903938 ], [ 16.3797803, 48.1904031 ], [ 16.3796213, 48.1903693 ], [ 16.3796065, 48.190354 ], [ 16.3795822, 48.1903438 ], [ 16.3795609, 48.1903414 ], [ 16.3795246, 48.1903488 ], [ 16.3793488, 48.1903115 ], [ 16.3793366, 48.1902969 ], [ 16.3793216, 48.1902903 ], [ 16.3793043, 48.190288 ], [ 16.379274, 48.1902956 ], [ 16.3792129, 48.1904026 ], [ 16.3792656, 48.1904151 ], [ 16.3792767, 48.1904271 ], [ 16.3792678, 48.1904426 ], [ 16.3792496, 48.1904441 ], [ 16.3792297, 48.1904802 ], [ 16.3792156, 48.190477 ], [ 16.3791945, 48.1905183 ], [ 16.3792086, 48.1905215 ], [ 16.3791887, 48.1905587 ], [ 16.3793528, 48.190594 ], [ 16.3793754, 48.1905498 ], [ 16.3793926, 48.1905455 ], [ 16.3794111, 48.1905094 ], [ 16.3794017, 48.1904982 ], [ 16.3794367, 48.1904298 ], [ 16.3794609, 48.1904353 ], [ 16.3794467, 48.1904621 ], [ 16.3794573, 48.1904874 ], [ 16.3794512, 48.1904991 ], [ 16.3794719, 48.190504 ], [ 16.3794781, 48.1904922 ], [ 16.379508, 48.1904993 ], [ 16.3795391, 48.1904937 ], [ 16.3795529, 48.1904676 ], [ 16.3795721, 48.1904605 ], [ 16.3795948, 48.1904657 ], [ 16.3795537, 48.1905461 ], [ 16.3795319, 48.1905411 ], [ 16.3795186, 48.1905672 ], [ 16.3795356, 48.1905872 ], [ 16.379581, 48.1905975 ], [ 16.3795601, 48.1906385 ], [ 16.3797361, 48.1906763 ], [ 16.3797823, 48.1905945 ], [ 16.3797904, 48.1905965 ], [ 16.3798357, 48.1905153 ], [ 16.379828, 48.1905134 ] ] ] } },
{ "type": "Feature", "properties": { "Hofname": "Hildegard-Burjan-Hof", "clean_address": "1130 Wien, Speisinger Straße", "Wohnungen": 31, "Lokale": 5, "addr_key": "1130 wien, speisinger straße" }, "geometry": { "type": "Point", "coordinates": [ 16.2847057, 48.1731646 ] } },
{ "type": "Feature", "properties": { "Hofname": "Franz-Gawlik-Hof", "clean_address": "1150 Wien, Goldschlagstraße", "Wohnungen": 13, "Lokale": 1, "addr_key": "1150 wien, goldschlagstraße" }, "geometry": { "type": "Point", "coordinates": [ 16.334221, 48.1986419 ] } },
{ "type": "Feature", "properties": { "Hofname": "Margarete-Schütte-Lihotzky-Hof", "clean_address": "1210 Wien, Donaufelder Straße", "Wohnungen": 174, "Lokale": 10, "addr_key": "1210 wien, donaufelder straße" }, "geometry": { "type": "Point", "coordinates": [ 16.4086322, 48.254689 ] } },
{ "type": "Feature", "properties": { "Hofname": "Europan", "clean_address": "1220 Wien, Rosalia-Chladek-Gasse", "Wohnungen": 182, "Lokale": 5, "addr_key": "1220 wien, rosalia-chladek-gasse" }, "geometry": { "type": "Point", "coordinates": [ 16.5270746, 48.2121412 ] } },
{ "type": "Feature", "properties": { "Hofname": "Naturnahes Wohnen", "clean_address": "1220 Wien, Fred-Raymond-Gasse", "Wohnungen": 41, "Lokale": 0, "addr_key": "1220 wien, fred-raymond-gasse" }, "geometry": { "type": "Point", "coordinates": [ 16.4715057, 48.2112495 ] } },
{ "type": "Feature", "properties": { "Hofname": "Erzherzog-Karl-Stadt", "clean_address": "1220 Wien, Erzherzog-Karl-Straße", "Wohnungen": 206, "Lokale": 2, "addr_key": "1220 wien, erzherzog-karl-straße" }, "geometry": { "type": "Point", "coordinates": [ 16.4310503, 48.2387435 ] } },
{ "type": "Feature", "properties": { "Hofname": "Donaufelderhof", "clean_address": "1220 Wien, Arakawastraße", "Wohnungen": 107, "Lokale": 2, "addr_key": "1220 wien, arakawastraße" }, "geometry": { "type": "Point", "coordinates": [ 16.4309497, 48.248509 ] } },
{ "type": "Feature", "properties": { "Hofname": "Leopold-Mayrhofer-Hof", "clean_address": "1130 Wien, Steckhovengasse", "Wohnungen": 48, "Lokale": 1, "addr_key": "1130 wien, steckhovengasse" }, "geometry": { "type": "Point", "coordinates": [ 16.2922609, 48.1893989 ] } },
{ "type": "Feature", "properties": { "Hofname": "Fischerstiege 4-8", "clean_address": "1010 Wien, Fischerstiege", "Wohnungen": 66, "Lokale": 16, "addr_key": "1010 wien, fischerstiege" }, "geometry": { "type": "Point", "coordinates": [ 16.3718524, 48.2129925 ] } },
{ "type": "Feature", "properties": { "Hofname": "Salvatorgasse 10", "clean_address": "1010 Wien, Salvatorgasse", "Wohnungen": 116, "Lokale": 30, "addr_key": "1010 wien, salvatorgasse" }, "geometry": { "type": "Point", "coordinates": [ 16.3716193, 48.2120143 ] } },
{ "type": "Feature", "properties": { "Hofname": "Rudolfsplatz 8", "clean_address": "1010 Wien, Rudolfsplatz", "Wohnungen": 44, "Lokale": 12, "addr_key": "1010 wien, rudolfsplatz" }, "geometry": { "type": "Point", "coordinates": [ 16.3722943, 48.2146045 ] } },
{ "type": "Feature", "properties": { "Hofname": "Ausstellungsstraße 43", "clean_address": "1020 Wien, Ausstellungsstraße", "Wohnungen": 18, "Lokale": 2, "addr_key": "1020 wien, ausstellungsstraße" }, "geometry": { "type": "Point", "coordinates": [ 16.3976277, 48.2182241 ] } },
{ "type": "Feature", "properties": { "Hofname": "Gredlerstraße 7", "clean_address": "1020 Wien, Gredlerstraße", "Wohnungen": 97, "Lokale": 3, "addr_key": "1020 wien, gredlerstraße" }, "geometry": { "type": "Point", "coordinates": [ 16.3795334, 48.213839 ] } },
{ "type": "Feature", "properties": { "Hofname": "Mexikoplatz 25", "clean_address": "1020 Wien, Mexikoplatz", "Wohnungen": 48, "Lokale": 5, "addr_key": "1020 wien, mexikoplatz" }, "geometry": { "type": "Point", "coordinates": [ 16.4015252, 48.2256491 ] } },
{ "type": "Feature", "properties": { "Hofname": "Negerlegasse 4", "clean_address": "1020 Wien, Negerlegasse", "Wohnungen": 52, "Lokale": 3, "addr_key": "1020 wien, negerlegasse" }, "geometry": { "type": "Point", "coordinates": [ 16.3784741, 48.2149689 ] } },
{ "type": "Feature", "properties": { "Hofname": "Blumauergasse 24", "clean_address": "1020 Wien, Blumauergasse", "Wohnungen": 15, "Lokale": 2, "addr_key": "1020 wien, blumauergasse" }, "geometry": { "type": "Point", "coordinates": [ 16.3814042, 48.2190357 ] } },
{ "type": "Feature", "properties": { "Hofname": "Engerthstraße 230", "clean_address": "1020 Wien, Engerthstraße", "Wohnungen": 350, "Lokale": 6, "addr_key": "1020 wien, engerthstraße" }, "geometry": { "type": "Polygon", "coordinates": [ [ [ 16.385906, 48.2396857 ], [ 16.3860207, 48.2397411 ], [ 16.3863033, 48.2394874 ], [ 16.3862586, 48.2394662 ], [ 16.3861848, 48.2394312 ], [ 16.3861218, 48.2394896 ], [ 16.3860656, 48.2394626 ], [ 16.3861308, 48.2394027 ], [ 16.3860139, 48.2393458 ], [ 16.3857306, 48.2396046 ], [ 16.3858457, 48.2396606 ], [ 16.385915, 48.2396004 ], [ 16.3859712, 48.2396258 ], [ 16.385906, 48.2396857 ] ], [ [ 16.3859487, 48.2395749 ], [ 16.3860364, 48.2394926 ], [ 16.3860859, 48.2395195 ], [ 16.3859982, 48.2395989 ], [ 16.3859487, 48.2395749 ] ], [ [ 16.3859999, 48.2394751 ], [ 16.385978, 48.2394651 ], [ 16.3860045, 48.2394383 ], [ 16.3860241, 48.2394475 ], [ 16.3859999, 48.2394751 ] ], [ [ 16.3860494, 48.2396269 ], [ 16.3860252, 48.2396545 ], [ 16.3860033, 48.2396445 ], [ 16.3860298, 48.2396177 ], [ 16.3860494, 48.2396269 ] ], [ [ 16.3861461, 48.2395058 ], [ 16.3861656, 48.239515 ], [ 16.3861415, 48.2395426 ], [ 16.3861196, 48.2395326 ], [ 16.3861461, 48.2395058 ] ] ] } },
{ "type": "Feature", "properties": { "Hofname": "Quellenstraße 24a", "clean_address": "1100 Wien, Quellenstraße", "Wohnungen": 175, "Lokale": 10, "addr_key": "1100 wien, quellenstraße" }, "geometry": { "type": "Point", "coordinates": [ 16.3894845, 48.1737196 ] } },
{ "type": "Feature", "properties": { "Hofname": "Linke Wienzeile 6", "clean_address": "1060 Wien, Linke Wienzeile", "Wohnungen": 11, "Lokale": 0, "addr_key": "1060 wien, linke wienzeile" }, "geometry": { "type": "Point", "coordinates": [ 16.362776, 48.1986281 ] } },
{ "type": "Feature", "properties": { "Hofname": "Aichholzgasse 52", "clean_address": "1120 Wien, Aichholzgasse", "Wohnungen": 0, "Lokale": 3, "addr_key": "1120 wien, aichholzgasse" }, "geometry": { "type": "Point", "coordinates": [ 16.324431, 48.1819231 ] } },
{ "type": "Feature", "properties": { "Hofname": "Kapaunplatz 1", "clean_address": "1200 Wien, Kapaunplatz", "Wohnungen": 30, "Lokale": 1, "addr_key": "1200 wien, kapaunplatz" }, "geometry": { "type": "Point", "coordinates": [ 16.3766466, 48.2462793 ] } },
{ "type": "Feature", "properties": { "Hofname": "Wollzeile 27", "clean_address": "1010 Wien, Wollzeile", "Wohnungen": 18, "Lokale": 6, "addr_key": "1010 wien, wollzeile" }, "geometry": { "type": "Point", "coordinates": [ 16.3741705, 48.2091698 ] } },
{ "type": "Feature", "properties": { "Hofname": "Heinestraße 5-7", "clean_address": "1020 Wien, Heinestraße", "Wohnungen": 47, "Lokale": 2, "addr_key": "1020 wien, heinestraße" }, "geometry": { "type": "Point", "coordinates": [ 16.388272, 48.2194622 ] } },
{ "type": "Feature", "properties": { "Hofname": "Darwingasse 12", "clean_address": "1020 Wien, Darwingasse", "Wohnungen": 31, "Lokale": 3, "addr_key": "1020 wien, darwingasse" }, "geometry": { "type": "Point", "coordinates": [ 16.3878484, 48.221841 ] } },
{ "type": "Feature", "properties": { "Hofname": "Negerlegasse 8", "clean_address": "1020 Wien, Negerlegasse", "Wohnungen": 16, "Lokale": 1, "addr_key": "1020 wien, negerlegasse" }, "geometry": { "type": "Point", "coordinates": [ 16.3784741, 48.2149689 ] } },
{ "type": "Feature", "properties": { "Hofname": "Marinelligasse 10", "clean_address": "1020 Wien, Marinelligasse", "Wohnungen": 47, "Lokale": 3, "addr_key": "1020 wien, marinelligasse" }, "geometry": { "type": "Point", "coordinates": [ 16.3876765, 48.2254368 ] } },
{ "type": "Feature", "properties": { "Hofname": "Schüttelstraße 3", "clean_address": "1020 Wien, Schüttelstraße", "Wohnungen": 38, "Lokale": 2, "addr_key": "1020 wien, schüttelstraße" }, "geometry": { "type": "Point", "coordinates": [ 16.3981519, 48.2067455 ] } },
{ "type": "Feature", "properties": { "Hofname": "Untere Augartenstraße 1-3", "clean_address": "1020 Wien, Untere Augartenstraße", "Wohnungen": 102, "Lokale": 18, "addr_key": "1020 wien, untere augartenstraße" }, "geometry": { "type": "Point", "coordinates": [ 16.3722157, 48.2205017 ] } },
{ "type": "Feature", "properties": { "Hofname": "Springergasse 22", "clean_address": "1020 Wien, Springergasse", "Wohnungen": 16, "Lokale": 1, "addr_key": "1020 wien, springergasse" }, "geometry": { "type": "Point", "coordinates": [ 16.3868936, 48.2207951 ] } },
{ "type": "Feature", "properties": { "Hofname": "Franzensbrückenstraße 19", "clean_address": "1020 Wien, Franzensbrückenstraße", "Wohnungen": 65, "Lokale": 6, "addr_key": "1020 wien, franzensbrückenstraße" }, "geometry": { "type": "Point", "coordinates": [ 16.3904291, 48.2172777 ] } },
{ "type": "Feature", "properties": { "Hofname": "Nordbahnstraße 24", "clean_address": "1020 Wien, Nordbahnstraße", "Wohnungen": 31, "Lokale": 0, "addr_key": "1020 wien, nordbahnstraße" }, "geometry": { "type": "Polygon", "coordinates": [ [ [ 16.3894421, 48.2198228 ], [ 16.3894146, 48.2199621 ], [ 16.3893819, 48.2201134 ], [ 16.3894024, 48.2201152 ], [ 16.3894575, 48.2201195 ], [ 16.3895694, 48.2201321 ], [ 16.3895936, 48.2201345 ], [ 16.3896456, 48.2201397 ], [ 16.3896268, 48.220224 ], [ 16.389619, 48.2202589 ], [ 16.3896007, 48.2203406 ], [ 16.389507, 48.2203312 ], [ 16.3894384, 48.220323 ], [ 16.3893418, 48.2203146 ], [ 16.3893095, 48.2204482 ], [ 16.3895747, 48.2204749 ], [ 16.3895462, 48.2205945 ], [ 16.3892828, 48.2205686 ], [ 16.3892753, 48.2206043 ], [ 16.3892671, 48.2206433 ], [ 16.3892511, 48.2207195 ], [ 16.3897462, 48.2207665 ], [ 16.3899602, 48.219757 ], [ 16.3894682, 48.2197124 ], [ 16.3894421, 48.2198228 ] ], [ [ 16.3895413, 48.2198686 ], [ 16.3897022, 48.2198836 ], [ 16.3896789, 48.2200099 ], [ 16.3895157, 48.2199929 ], [ 16.3895413, 48.2198686 ] ] ] } },
{ "type": "Feature", "properties": { "Hofname": "Obere Donaustraße 35", "clean_address": "1020 Wien, Obere Donaustraße", "Wohnungen": 36, "Lokale": 3, "addr_key": "1020 wien, obere donaustraße" }, "geometry": { "type": "Polygon", "coordinates": [ [ [ 16.369817, 48.2251015 ], [ 16.3697827, 48.2249334 ], [ 16.3699433, 48.2249181 ], [ 16.369951, 48.2249448 ], [ 16.3699968, 48.2249416 ], [ 16.3700202, 48.2250562 ], [ 16.3699718, 48.2250606 ], [ 16.3699772, 48.225087 ], [ 16.369817, 48.2251015 ] ] ] } },
{ "type": "Feature", "properties": { "Hofname": "Franzensbrückenstraße 21", "clean_address": "1020 Wien, Franzensbrückenstraße", "Wohnungen": 48, "Lokale": 4, "addr_key": "1020 wien, franzensbrückenstraße" }, "geometry": { "type": "Point", "coordinates": [ 16.3904291, 48.2172777 ] } },
{ "type": "Feature", "properties": { "Hofname": "Marinelligasse 1", "clean_address": "1020 Wien, Marinelligasse", "Wohnungen": 48, "Lokale": 2, "addr_key": "1020 wien, marinelligasse" }, "geometry": { "type": "Point", "coordinates": [ 16.3876765, 48.2254368 ] } },
{ "type": "Feature", "properties": { "Hofname": "Radingerstraße 21", "clean_address": "1020 Wien, Radingerstraße", "Wohnungen": 17, "Lokale": 1, "addr_key": "1020 wien, radingerstraße" }, "geometry": { "type": "Point", "coordinates": [ 16.4014917, 48.2225119 ] } },
{ "type": "Feature", "properties": { "Hofname": "Ybbsstraße 31-33", "clean_address": "1020 Wien, Ybbsstraße", "Wohnungen": 39, "Lokale": 2, "addr_key": "1020 wien, ybbsstraße" }, "geometry": { "type": "Point", "coordinates": [ 16.3997091, 48.2219819 ] } },
{ "type": "Feature", "properties": { "Hofname": "Harkortstraße 3", "clean_address": "1020 Wien, Harkortstraße", "Wohnungen": 14, "Lokale": 1, "addr_key": "1020 wien, harkortstraße" }, "geometry": { "type": "Point", "coordinates": [ 16.3992, 48.2222738 ] } },
{ "type": "Feature", "properties": { "Hofname": "Ybbsstraße 40-42", "clean_address": "1020 Wien, Ybbsstraße", "Wohnungen": 36, "Lokale": 3, "addr_key": "1020 wien, ybbsstraße" }, "geometry": { "type": "Point", "coordinates": [ 16.3997091, 48.2219819 ] } },
{ "type": "Feature", "properties": { "Hofname": "Wohlmutstraße 14-16", "clean_address": "1020 Wien, Wohlmutstraße", "Wohnungen": 105, "Lokale": 8, "addr_key": "1020 wien, wohlmutstraße" }, "geometry": { "type": "Point", "coordinates": [ 16.4036095, 48.219739 ] } },
{ "type": "Feature", "properties": { "Hofname": "Handelskai 210", "clean_address": "1020 Wien, Handelskai", "Wohnungen": 50, "Lokale": 2, "addr_key": "1020 wien, handelskai" }, "geometry": { "type": "Polygon", "coordinates": [ [ [ 16.3946468, 48.2338443 ], [ 16.3944825, 48.2337559 ], [ 16.3946877, 48.2335811 ], [ 16.3947243, 48.2335497 ], [ 16.3947437, 48.2335332 ], [ 16.3947701, 48.2335107 ], [ 16.3949501, 48.2333573 ], [ 16.3951175, 48.2334487 ], [ 16.3946468, 48.2338443 ] ] ] } },
{ "type": "Feature", "properties": { "Hofname": "Tandelmarktgasse 14", "clean_address": "1020 Wien, Tandelmarktgasse", "Wohnungen": 7, "Lokale": 1, "addr_key": "1020 wien, tandelmarktgasse" }, "geometry": { "type": "Point", "coordinates": [ 16.3803933, 48.2173256 ] } },
{ "type": "Feature", "properties": { "Hofname": "Wohlmutstraße 4-6", "clean_address": "1020 Wien, Wohlmutstraße", "Wohnungen": 25, "Lokale": 1, "addr_key": "1020 wien, wohlmutstraße" }, "geometry": { "type": "Point", "coordinates": [ 16.4036095, 48.219739 ] } },
{ "type": "Feature", "properties": { "Hofname": "Engerthstraße 241-247", "clean_address": "1020 Wien, Engerthstraße", "Wohnungen": 406, "Lokale": 10, "addr_key": "1020 wien, engerthstraße" }, "geometry": { "type": "Polygon", "coordinates": [ [ [ 16.385906, 48.2396857 ], [ 16.3860207, 48.2397411 ], [ 16.3863033, 48.2394874 ], [ 16.3862586, 48.2394662 ], [ 16.3861848, 48.2394312 ], [ 16.3861218, 48.2394896 ], [ 16.3860656, 48.2394626 ], [ 16.3861308, 48.2394027 ], [ 16.3860139, 48.2393458 ], [ 16.3857306, 48.2396046 ], [ 16.3858457, 48.2396606 ], [ 16.385915, 48.2396004 ], [ 16.3859712, 48.2396258 ], [ 16.385906, 48.2396857 ] ], [ [ 16.3859487, 48.2395749 ], [ 16.3860364, 48.2394926 ], [ 16.3860859, 48.2395195 ], [ 16.3859982, 48.2395989 ], [ 16.3859487, 48.2395749 ] ], [ [ 16.3859999, 48.2394751 ], [ 16.385978, 48.2394651 ], [ 16.3860045, 48.2394383 ], [ 16.3860241, 48.2394475 ], [ 16.3859999, 48.2394751 ] ], [ [ 16.3860494, 48.2396269 ], [ 16.3860252, 48.2396545 ], [ 16.3860033, 48.2396445 ], [ 16.3860298, 48.2396177 ], [ 16.3860494, 48.2396269 ] ], [ [ 16.3861461, 48.2395058 ], [ 16.3861656, 48.239515 ], [ 16.3861415, 48.2395426 ], [ 16.3861196, 48.2395326 ], [ 16.3861461, 48.2395058 ] ] ] } },
{ "type": "Feature", "properties": { "Hofname": "Wehlistraße 305", "clean_address": "1020 Wien, Wehlistraße", "Wohnungen": 84, "Lokale": 4, "addr_key": "1020 wien, wehlistraße" }, "geometry": { "type": "Point", "coordinates": [ 16.3848812, 48.2406481 ] } },
{ "type": "Feature", "properties": { "Hofname": "Wehlistraße 309", "clean_address": "1020 Wien, Wehlistraße", "Wohnungen": 56, "Lokale": 5, "addr_key": "1020 wien, wehlistraße" }, "geometry": { "type": "Point", "coordinates": [ 16.3848812, 48.2406481 ] } },
{ "type": "Feature", "properties": { "Hofname": "Obere Augartenstraße 12-14", "clean_address": "1020 Wien, Obere Augartenstraße", "Wohnungen": 188, "Lokale": 17, "addr_key": "1020 wien, obere augartenstraße" }, "geometry": { "type": "Point", "coordinates": [ 16.3703731, 48.225651 ] } },
{ "type": "Feature", "properties": { "Hofname": "Kafkastraße 11", "clean_address": "1020 Wien, Kafkastraße", "Wohnungen": 35, "Lokale": 1, "addr_key": "1020 wien, kafkastraße" }, "geometry": { "type": "Point", "coordinates": [ 16.4114112, 48.2190315 ] } },
{ "type": "Feature", "properties": { "Hofname": "Obere Augartenstraße 44", "clean_address": "1020 Wien, Obere Augartenstraße", "Wohnungen": 81, "Lokale": 2, "addr_key": "1020 wien, obere augartenstraße" }, "geometry": { "type": "Point", "coordinates": [ 16.3703731, 48.225651 ] } },
{ "type": "Feature", "properties": { "Hofname": "Wehlistraße 156-158", "clean_address": "1020 Wien, Wehlistraße", "Wohnungen": 50, "Lokale": 1, "addr_key": "1020 wien, wehlistraße" }, "geometry": { "type": "Point", "coordinates": [ 16.3848812, 48.2406481 ] } },
{ "type": "Feature", "properties": { "Hofname": "Untere Augartenstraße 15-17", "clean_address": "1020 Wien, Untere Augartenstraße", "Wohnungen": 51, "Lokale": 2, "addr_key": "1020 wien, untere augartenstraße" }, "geometry": { "type": "Point", "coordinates": [ 16.3722157, 48.2205017 ] } },
{ "type": "Feature", "properties": { "Hofname": "Miesbachgasse 15", "clean_address": "1020 Wien, Miesbachgasse", "Wohnungen": 116, "Lokale": 9, "addr_key": "1020 wien, miesbachgasse" }, "geometry": { "type": "Point", "coordinates": [ 16.3744583, 48.2198473 ] } },
{ "type": "Feature", "properties": { "Hofname": "Untere Augartenstraße 39", "clean_address": "1020 Wien, Untere Augartenstraße", "Wohnungen": 34, "Lokale": 6, "addr_key": "1020 wien, untere augartenstraße" }, "geometry": { "type": "Point", "coordinates": [ 16.3722157, 48.2205017 ] } },
{ "type": "Feature", "properties": { "Hofname": "Lassallestraße 24", "clean_address": "1020 Wien, Lassallestraße", "Wohnungen": 37, "Lokale": 4, "addr_key": "1020 wien, lassallestraße" }, "geometry": { "type": "Point", "coordinates": [ 16.4007692, 48.2232157 ] } },
{ "type": "Feature", "properties": { "Hofname": "Walcherstraße 10-16", "clean_address": "1020 Wien, Walcherstraße", "Wohnungen": 108, "Lokale": 3, "addr_key": "1020 wien, walcherstraße" }, "geometry": { "type": "Point", "coordinates": [ 16.3996828, 48.2250998 ] } },
{ "type": "Feature", "properties": { "Hofname": "Edgar-Schranz-Hof", "clean_address": "1020 Wien, Rustenschacherallee", "Wohnungen": 163, "Lokale": 3, "addr_key": "1020 wien, rustenschacherallee" }, "geometry": { "type": "Point", "coordinates": [ 16.3984013, 48.2104221 ] } },
{ "type": "Feature", "properties": { "Hofname": "Kleine Mohrengasse 9", "clean_address": "1020 Wien, Kleine Mohrengasse", "Wohnungen": 21, "Lokale": 3, "addr_key": "1020 wien, kleine mohrengasse" }, "geometry": { "type": "Point", "coordinates": [ 16.3836408, 48.2160816 ] } },
{ "type": "Feature", "properties": { "Hofname": "Franz-Hochedlinger-Gasse 30-32", "clean_address": "1020 Wien, Franz-Hochedlinger-Gasse", "Wohnungen": 43, "Lokale": 7, "addr_key": "1020 wien, franz-hochedlinger-gasse" }, "geometry": { "type": "Point", "coordinates": [ 16.3722089, 48.2199146 ] } },
{ "type": "Feature", "properties": { "Hofname": "Sturgasse 3-5", "clean_address": "1020 Wien, Sturgasse", "Wohnungen": 173, "Lokale": 6, "addr_key": "1020 wien, sturgasse" }, "geometry": { "type": "Point", "coordinates": [ 16.415096, 48.2164126 ] } },
{ "type": "Feature", "properties": { "Hofname": "Vorgartenstraße 198", "clean_address": "1020 Wien, Vorgartenstraße", "Wohnungen": 18, "Lokale": 2, "addr_key": "1020 wien, vorgartenstraße" }, "geometry": { "type": "Point", "coordinates": [ 16.3822433, 48.2405928 ] } },
{ "type": "Feature", "properties": { "Hofname": "Vivariumstraße 6-10", "clean_address": "1020 Wien, Vivariumstraße", "Wohnungen": 149, "Lokale": 7, "addr_key": "1020 wien, vivariumstraße" }, "geometry": { "type": "Point", "coordinates": [ 16.3922606, 48.2142908 ] } },
{ "type": "Feature", "properties": { "Hofname": "Vorgartenstraße 194", "clean_address": "1020 Wien, Vorgartenstraße", "Wohnungen": 19, "Lokale": 0, "addr_key": "1020 wien, vorgartenstraße" }, "geometry": { "type": "Point", "coordinates": [ 16.3822433, 48.2405928 ] } },
{ "type": "Feature", "properties": { "Hofname": "Ausstellungsstraße 67", "clean_address": "1020 Wien, Ausstellungsstraße", "Wohnungen": 18, "Lokale": 0, "addr_key": "1020 wien, ausstellungsstraße" }, "geometry": { "type": "Point", "coordinates": [ 16.3976277, 48.2182241 ] } },
{ "type": "Feature", "properties": { "Hofname": "Vivariumstraße 13-17", "clean_address": "1020 Wien, Vivariumstraße", "Wohnungen": 126, "Lokale": 3, "addr_key": "1020 wien, vivariumstraße" }, "geometry": { "type": "Point", "coordinates": [ 16.3922606, 48.2142908 ] } },
{ "type": "Feature", "properties": { "Hofname": "Taborstraße 53-55", "clean_address": "1020 Wien, Taborstraße", "Wohnungen": 33, "Lokale": 5, "addr_key": "1020 wien, taborstraße" }, "geometry": { "type": "Point", "coordinates": [ 16.3813524, 48.2187706 ] } },
{ "type": "Feature", "properties": { "Hofname": "Zirkusgasse 33", "clean_address": "1020 Wien, Zirkusgasse", "Wohnungen": 33, "Lokale": 4, "addr_key": "1020 wien, zirkusgasse" }, "geometry": { "type": "Point", "coordinates": [ 16.3822996, 48.2142899 ] } },
{ "type": "Feature", "properties": { "Hofname": "Große Pfarrgasse 16-20", "clean_address": "1020 Wien, Große Pfarrgasse", "Wohnungen": 16, "Lokale": 3, "addr_key": "1020 wien, große pfarrgasse" }, "geometry": { "type": "Point", "coordinates": [ 16.3798832, 48.2184821 ] } },
{ "type": "Feature", "properties": { "Hofname": "Vorgartenstraße 158-170", "clean_address": "1020 Wien, Vorgartenstraße", "Wohnungen": 323, "Lokale": 9, "addr_key": "1020 wien, vorgartenstraße" }, "geometry": { "type": "Point", "coordinates": [ 16.3822433, 48.2405928 ] } },
{ "type": "Feature", "properties": { "Hofname": "Heinz-Weißmann-Hof", "clean_address": "1020 Wien, Mexikoplatz", "Wohnungen": 171, "Lokale": 12, "addr_key": "1020 wien, mexikoplatz" }, "geometry": { "type": "Point", "coordinates": [ 16.4015252, 48.2256491 ] } },
{ "type": "Feature", "properties": { "Hofname": "Czerninplatz 7", "clean_address": "1020 Wien, Czerninplatz", "Wohnungen": 96, "Lokale": 6, "addr_key": "1020 wien, czerninplatz" }, "geometry": { "type": "Point", "coordinates": [ 16.3870771, 48.2142803 ] } },
{ "type": "Feature", "properties": { "Hofname": "Eveline-Andrlik-Hof", "clean_address": "1020 Wien, Engerthstraße", "Wohnungen": 567, "Lokale": 23, "addr_key": "1020 wien, engerthstraße" }, "geometry": { "type": "Polygon", "coordinates": [ [ [ 16.385906, 48.2396857 ], [ 16.3860207, 48.2397411 ], [ 16.3863033, 48.2394874 ], [ 16.3862586, 48.2394662 ], [ 16.3861848, 48.2394312 ], [ 16.3861218, 48.2394896 ], [ 16.3860656, 48.2394626 ], [ 16.3861308, 48.2394027 ], [ 16.3860139, 48.2393458 ], [ 16.3857306, 48.2396046 ], [ 16.3858457, 48.2396606 ], [ 16.385915, 48.2396004 ], [ 16.3859712, 48.2396258 ], [ 16.385906, 48.2396857 ] ], [ [ 16.3859487, 48.2395749 ], [ 16.3860364, 48.2394926 ], [ 16.3860859, 48.2395195 ], [ 16.3859982, 48.2395989 ], [ 16.3859487, 48.2395749 ] ], [ [ 16.3859999, 48.2394751 ], [ 16.385978, 48.2394651 ], [ 16.3860045, 48.2394383 ], [ 16.3860241, 48.2394475 ], [ 16.3859999, 48.2394751 ] ], [ [ 16.3860494, 48.2396269 ], [ 16.3860252, 48.2396545 ], [ 16.3860033, 48.2396445 ], [ 16.3860298, 48.2396177 ], [ 16.3860494, 48.2396269 ] ], [ [ 16.3861461, 48.2395058 ], [ 16.3861656, 48.239515 ], [ 16.3861415, 48.2395426 ], [ 16.3861196, 48.2395326 ], [ 16.3861461, 48.2395058 ] ] ] } },
{ "type": "Feature", "properties": { "Hofname": "Wehlistraße 303", "clean_address": "1020 Wien, Wehlistraße", "Wohnungen": 147, "Lokale": 11, "addr_key": "1020 wien, wehlistraße" }, "geometry": { "type": "Point", "coordinates": [ 16.3848812, 48.2406481 ] } },
{ "type": "Feature", "properties": { "Hofname": "Ennsgasse 7-11", "clean_address": "1020 Wien, Ennsgasse", "Wohnungen": 136, "Lokale": 11, "addr_key": "1020 wien, ennsgasse" }, "geometry": { "type": "Point", "coordinates": [ 16.4030038, 48.2227612 ] } },
{ "type": "Feature", "properties": { "Hofname": "Mexikoplatz 2-3", "clean_address": "1020 Wien, Mexikoplatz", "Wohnungen": 112, "Lokale": 5, "addr_key": "1020 wien, mexikoplatz" }, "geometry": { "type": "Point", "coordinates": [ 16.4015252, 48.2256491 ] } },
{ "type": "Feature", "properties": { "Hofname": "Handelskai 390-392", "clean_address": "1020 Wien, Wehlistraße", "Wohnungen": 28, "Lokale": 5, "addr_key": "1020 wien, wehlistraße" }, "geometry": { "type": "Point", "coordinates": [ 16.3848812, 48.2406481 ] } },
{ "type": "Feature", "properties": { "Hofname": "Dr.-Natterer-Gasse 2-4", "clean_address": "1020 Wien, Dr.-Natterer-Gasse", "Wohnungen": 227, "Lokale": 3, "addr_key": "1020 wien, dr.-natterer-gasse" }, "geometry": { "type": "Point", "coordinates": [ 16.4213786, 48.2130701 ] } },
{ "type": "Feature", "properties": { "Hofname": "Wehlistraße 307", "clean_address": "1020 Wien, Wehlistraße", "Wohnungen": 16, "Lokale": 6, "addr_key": "1020 wien, wehlistraße" }, "geometry": { "type": "Point", "coordinates": [ 16.3848812, 48.2406481 ] } },
{ "type": "Feature", "properties": { "Hofname": "Sturgasse 7", "clean_address": "1020 Wien, Sturgasse", "Wohnungen": 154, "Lokale": 5, "addr_key": "1020 wien, sturgasse" }, "geometry": { "type": "Point", "coordinates": [ 16.415096, 48.2164126 ] } },
{ "type": "Feature", "properties": { "Hofname": "Karlheinz-Hora-Hof", "clean_address": "1020 Wien, Handelskai", "Wohnungen": 1041, "Lokale": 59, "addr_key": "1020 wien, handelskai" }, "geometry": { "type": "Polygon", "coordinates": [ [ [ 16.3946468, 48.2338443 ], [ 16.3944825, 48.2337559 ], [ 16.3946877, 48.2335811 ], [ 16.3947243, 48.2335497 ], [ 16.3947437, 48.2335332 ], [ 16.3947701, 48.2335107 ], [ 16.3949501, 48.2333573 ], [ 16.3951175, 48.2334487 ], [ 16.3946468, 48.2338443 ] ] ] } },
{ "type": "Feature", "properties": { "Hofname": "Engerthstraße 189-191", "clean_address": "1020 Wien, Engerthstraße", "Wohnungen": 131, "Lokale": 10, "addr_key": "1020 wien, engerthstraße" }, "geometry": { "type": "Polygon", "coordinates": [ [ [ 16.385906, 48.2396857 ], [ 16.3860207, 48.2397411 ], [ 16.3863033, 48.2394874 ], [ 16.3862586, 48.2394662 ], [ 16.3861848, 48.2394312 ], [ 16.3861218, 48.2394896 ], [ 16.3860656, 48.2394626 ], [ 16.3861308, 48.2394027 ], [ 16.3860139, 48.2393458 ], [ 16.3857306, 48.2396046 ], [ 16.3858457, 48.2396606 ], [ 16.385915, 48.2396004 ], [ 16.3859712, 48.2396258 ], [ 16.385906, 48.2396857 ] ], [ [ 16.3859487, 48.2395749 ], [ 16.3860364, 48.2394926 ], [ 16.3860859, 48.2395195 ], [ 16.3859982, 48.2395989 ], [ 16.3859487, 48.2395749 ] ], [ [ 16.3859999, 48.2394751 ], [ 16.385978, 48.2394651 ], [ 16.3860045, 48.2394383 ], [ 16.3860241, 48.2394475 ], [ 16.3859999, 48.2394751 ] ], [ [ 16.3860494, 48.2396269 ], [ 16.3860252, 48.2396545 ], [ 16.3860033, 48.2396445 ], [ 16.3860298, 48.2396177 ], [ 16.3860494, 48.2396269 ] ], [ [ 16.3861461, 48.2395058 ], [ 16.3861656, 48.239515 ], [ 16.3861415, 48.2395426 ], [ 16.3861196, 48.2395326 ], [ 16.3861461, 48.2395058 ] ] ] } },
{ "type": "Feature", "properties": { "Hofname": "Wehlistraße 157", "clean_address": "1020 Wien, Wehlistraße", "Wohnungen": 30, "Lokale": 0, "addr_key": "1020 wien, wehlistraße" }, "geometry": { "type": "Point", "coordinates": [ 16.3848812, 48.2406481 ] } },
{ "type": "Feature", "properties": { "Hofname": "Zirkusgasse 30", "clean_address": "1020 Wien, Zirkusgasse", "Wohnungen": 14, "Lokale": 0, "addr_key": "1020 wien, zirkusgasse" }, "geometry": { "type": "Point", "coordinates": [ 16.3822996, 48.2142899 ] } },
{ "type": "Feature", "properties": { "Hofname": "Kurt-Heller-Hof", "clean_address": "1020 Wien, Engerthstraße", "Wohnungen": 273, "Lokale": 14, "addr_key": "1020 wien, engerthstraße" }, "geometry": { "type": "Polygon", "coordinates": [ [ [ 16.385906, 48.2396857 ], [ 16.3860207, 48.2397411 ], [ 16.3863033, 48.2394874 ], [ 16.3862586, 48.2394662 ], [ 16.3861848, 48.2394312 ], [ 16.3861218, 48.2394896 ], [ 16.3860656, 48.2394626 ], [ 16.3861308, 48.2394027 ], [ 16.3860139, 48.2393458 ], [ 16.3857306, 48.2396046 ], [ 16.3858457, 48.2396606 ], [ 16.385915, 48.2396004 ], [ 16.3859712, 48.2396258 ], [ 16.385906, 48.2396857 ] ], [ [ 16.3859487, 48.2395749 ], [ 16.3860364, 48.2394926 ], [ 16.3860859, 48.2395195 ], [ 16.3859982, 48.2395989 ], [ 16.3859487, 48.2395749 ] ], [ [ 16.3859999, 48.2394751 ], [ 16.385978, 48.2394651 ], [ 16.3860045, 48.2394383 ], [ 16.3860241, 48.2394475 ], [ 16.3859999, 48.2394751 ] ], [ [ 16.3860494, 48.2396269 ], [ 16.3860252, 48.2396545 ], [ 16.3860033, 48.2396445 ], [ 16.3860298, 48.2396177 ], [ 16.3860494, 48.2396269 ] ], [ [ 16.3861461, 48.2395058 ], [ 16.3861656, 48.239515 ], [ 16.3861415, 48.2395426 ], [ 16.3861196, 48.2395326 ], [ 16.3861461, 48.2395058 ] ] ] } },
{ "type": "Feature", "properties": { "Hofname": "Weintraubengasse 6-10", "clean_address": "1020 Wien, Weintraubengasse", "Wohnungen": 26, "Lokale": 1, "addr_key": "1020 wien, weintraubengasse" }, "geometry": { "type": "Polygon", "coordinates": [ [ [ 16.3870314, 48.217308 ], [ 16.3869908, 48.2172781 ], [ 16.3871249, 48.2172007 ], [ 16.3871782, 48.2172439 ], [ 16.3873116, 48.2171817 ], [ 16.3873041, 48.2171761 ], [ 16.3872798, 48.217159 ], [ 16.3870511, 48.216986 ], [ 16.3869145, 48.2168832 ], [ 16.3867891, 48.2169492 ], [ 16.3868229, 48.2169767 ], [ 16.3866925, 48.2170528 ], [ 16.3866487, 48.2170195 ], [ 16.3865283, 48.2170837 ], [ 16.3868988, 48.2173653 ], [ 16.3870314, 48.217308 ] ], [ [ 16.3867769, 48.2171154 ], [ 16.3869071, 48.2170391 ], [ 16.387055, 48.21715 ], [ 16.386924, 48.2172273 ], [ 16.3867769, 48.2171154 ] ] ] } },
{ "type": "Feature", "properties": { "Hofname": "Weintraubengasse 13", "clean_address": "1020 Wien, Weintraubengasse", "Wohnungen": 5, "Lokale": 2, "addr_key": "1020 wien, weintraubengasse" }, "geometry": { "type": "Polygon", "coordinates": [ [ [ 16.3870314, 48.217308 ], [ 16.3869908, 48.2172781 ], [ 16.3871249, 48.2172007 ], [ 16.3871782, 48.2172439 ], [ 16.3873116, 48.2171817 ], [ 16.3873041, 48.2171761 ], [ 16.3872798, 48.217159 ], [ 16.3870511, 48.216986 ], [ 16.3869145, 48.2168832 ], [ 16.3867891, 48.2169492 ], [ 16.3868229, 48.2169767 ], [ 16.3866925, 48.2170528 ], [ 16.3866487, 48.2170195 ], [ 16.3865283, 48.2170837 ], [ 16.3868988, 48.2173653 ], [ 16.3870314, 48.217308 ] ], [ [ 16.3867769, 48.2171154 ], [ 16.3869071, 48.2170391 ], [ 16.387055, 48.21715 ], [ 16.386924, 48.2172273 ], [ 16.3867769, 48.2171154 ] ] ] } },
{ "type": "Feature", "properties": { "Hofname": "Taborstraße 100", "clean_address": "1020 Wien, Taborstraße", "Wohnungen": 29, "Lokale": 1, "addr_key": "1020 wien, taborstraße" }, "geometry": { "type": "Point", "coordinates": [ 16.3813524, 48.2187706 ] } },
{ "type": "Feature", "properties": { "Hofname": "Zirkusgasse 22", "clean_address": "1020 Wien, Zirkusgasse", "Wohnungen": 13, "Lokale": 0, "addr_key": "1020 wien, zirkusgasse" }, "geometry": { "type": "Point", "coordinates": [ 16.3822996, 48.2142899 ] } },
{ "type": "Feature", "properties": { "Hofname": "Rueppgasse 12-14", "clean_address": "1020 Wien, Rueppgasse", "Wohnungen": 26, "Lokale": 0, "addr_key": "1020 wien, rueppgasse" }, "geometry": { "type": "Polygon", "coordinates": [ [ [ 16.3862812, 48.2211631 ], [ 16.3861006, 48.2212018 ], [ 16.38601, 48.221222 ], [ 16.3860243, 48.221252 ], [ 16.3861127, 48.221232 ], [ 16.3861286, 48.221266 ], [ 16.386184, 48.2213825 ], [ 16.386208, 48.221433 ], [ 16.3863929, 48.2214003 ], [ 16.3862812, 48.2211631 ] ] ] } },
{ "type": "Feature", "properties": { "Hofname": "Wehlistraße 160-162", "clean_address": "1020 Wien, Wehlistraße", "Wohnungen": 50, "Lokale": 1, "addr_key": "1020 wien, wehlistraße" }, "geometry": { "type": "Point", "coordinates": [ 16.3848812, 48.2406481 ] } },
{ "type": "Feature", "properties": { "Hofname": "Kleine Stadtgutgasse 11-13", "clean_address": "1020 Wien, Kleine Stadtgutgasse", "Wohnungen": 41, "Lokale": 2, "addr_key": "1020 wien, kleine stadtgutgasse" }, "geometry": { "type": "Polygon", "coordinates": [ [ [ 16.3881332, 48.2186846 ], [ 16.3880197, 48.2185394 ], [ 16.3881936, 48.2184816 ], [ 16.3881848, 48.2184745 ], [ 16.388332, 48.2184218 ], [ 16.3884302, 48.2185428 ], [ 16.3883822, 48.2185637 ], [ 16.3883993, 48.218586 ], [ 16.3881332, 48.2186846 ] ] ] } },
{ "type": "Feature", "properties": { "Hofname": "Große Schiffgasse 32", "clean_address": "1020 Wien, Große Schiffgasse", "Wohnungen": 18, "Lokale": 1, "addr_key": "1020 wien, große schiffgasse" }, "geometry": { "type": "Polygon", "coordinates": [ [ [ 16.3755882, 48.2163032 ], [ 16.3755863, 48.2162988 ], [ 16.3755436, 48.2162025 ], [ 16.3755357, 48.2161846 ], [ 16.3755343, 48.2161815 ], [ 16.3756909, 48.2161275 ], [ 16.3757276, 48.2162067 ], [ 16.3757487, 48.2162037 ], [ 16.3757758, 48.2162578 ], [ 16.3755882, 48.2163032 ] ] ] } },
{ "type": "Feature", "properties": { "Hofname": "Leopoldsgasse 24", "clean_address": "1020 Wien, Leopoldsgasse", "Wohnungen": 27, "Lokale": 2, "addr_key": "1020 wien, leopoldsgasse" }, "geometry": { "type": "Point", "coordinates": [ 16.3749473, 48.2212781 ] } },
{ "type": "Feature", "properties": { "Hofname": "Malzgasse 1", "clean_address": "1020 Wien, Malzgasse", "Wohnungen": 14, "Lokale": 1, "addr_key": "1020 wien, malzgasse" }, "geometry": { "type": "Point", "coordinates": [ 16.3768387, 48.2203818 ] } },
{ "type": "Feature", "properties": { "Hofname": "Im Werd 15", "clean_address": "1020 Wien, Im Werd", "Wohnungen": 13, "Lokale": 0, "addr_key": "1020 wien, im werd" }, "geometry": { "type": "Point", "coordinates": [ 16.3761013, 48.2171305 ] } },
{ "type": "Feature", "properties": { "Hofname": "Im Werd 4", "clean_address": "1020 Wien, Im Werd", "Wohnungen": 11, "Lokale": 2, "addr_key": "1020 wien, im werd" }, "geometry": { "type": "Point", "coordinates": [ 16.3761013, 48.2171305 ] } },
{ "type": "Feature", "properties": { "Hofname": "Untere Augartenstraße 23", "clean_address": "1020 Wien, Untere Augartenstraße", "Wohnungen": 41, "Lokale": 0, "addr_key": "1020 wien, untere augartenstraße" }, "geometry": { "type": "Point", "coordinates": [ 16.3722157, 48.2205017 ] } },
{ "type": "Feature", "properties": { "Hofname": "Große Schiffgasse 30", "clean_address": "1020 Wien, Große Schiffgasse", "Wohnungen": 19, "Lokale": 1, "addr_key": "1020 wien, große schiffgasse" }, "geometry": { "type": "Polygon", "coordinates": [ [ [ 16.3755882, 48.2163032 ], [ 16.3755863, 48.2162988 ], [ 16.3755436, 48.2162025 ], [ 16.3755357, 48.2161846 ], [ 16.3755343, 48.2161815 ], [ 16.3756909, 48.2161275 ], [ 16.3757276, 48.2162067 ], [ 16.3757487, 48.2162037 ], [ 16.3757758, 48.2162578 ], [ 16.3755882, 48.2163032 ] ] ] } },
{ "type": "Feature", "properties": { "Hofname": "Lorbeergasse 6", "clean_address": "1030 Wien, Lorbeergasse", "Wohnungen": 27, "Lokale": 2, "addr_key": "1030 wien, lorbeergasse" }, "geometry": { "type": "Point", "coordinates": [ 16.388419, 48.2099663 ] } },
{ "type": "Feature", "properties": { "Hofname": "Baumgasse 43", "clean_address": "1030 Wien, Baumgasse", "Wohnungen": 23, "Lokale": 0, "addr_key": "1030 wien, baumgasse" }, "geometry": { "type": "Point", "coordinates": [ 16.3984802, 48.1956421 ] } },
{ "type": "Feature", "properties": { "Hofname": "Drorygasse 8", "clean_address": "1030 Wien, Drorygasse", "Wohnungen": 110, "Lokale": 12, "addr_key": "1030 wien, drorygasse" }, "geometry": { "type": "Point", "coordinates": [ 16.4047396, 48.1989678 ] } },
{ "type": "Feature", "properties": { "Hofname": "Engelsberggasse 3", "clean_address": "1030 Wien, Engelsberggasse", "Wohnungen": 39, "Lokale": 1, "addr_key": "1030 wien, engelsberggasse" }, "geometry": { "type": "Point", "coordinates": [ 16.3880155, 48.1987692 ] } },
{ "type": "Feature", "properties": { "Hofname": "Riesgasse 4", "clean_address": "1030 Wien, Riesgasse", "Wohnungen": 38, "Lokale": 2, "addr_key": "1030 wien, riesgasse" }, "geometry": { "type": "Point", "coordinates": [ 16.3888381, 48.1984554 ] } },
{ "type": "Feature", "properties": { "Hofname": "Ludwig-Koeßler-Platz 3", "clean_address": "1030 Wien, Ludwig-Koeßler-Platz", "Wohnungen": 125, "Lokale": 16, "addr_key": "1030 wien, ludwig-koeßler-platz" }, "geometry": { "type": "Point", "coordinates": [ 16.409234, 48.1962001 ] } },
{ "type": "Feature", "properties": { "Hofname": "Dietrichgasse 32-34", "clean_address": "1030 Wien, Dietrichgasse", "Wohnungen": 67, "Lokale": 1, "addr_key": "1030 wien, dietrichgasse" }, "geometry": { "type": "Point", "coordinates": [ 16.4023823, 48.2001394 ] } },
{ "type": "Feature", "properties": { "Hofname": "Khunngasse 6-8", "clean_address": "1030 Wien, Khunngasse", "Wohnungen": 43, "Lokale": 6, "addr_key": "1030 wien, khunngasse" }, "geometry": { "type": "Point", "coordinates": [ 16.3876161, 48.1902191 ] } },
{ "type": "Feature", "properties": { "Hofname": "Hagenmüllergasse 25", "clean_address": "1030 Wien, Hagenmüllergasse", "Wohnungen": 68, "Lokale": 4, "addr_key": "1030 wien, hagenmüllergasse" }, "geometry": { "type": "Point", "coordinates": [ 16.4051983, 48.1973747 ] } },
{ "type": "Feature", "properties": { "Hofname": "Klopsteinplatz 6", "clean_address": "1030 Wien, Klopsteinplatz", "Wohnungen": 62, "Lokale": 4, "addr_key": "1030 wien, klopsteinplatz" }, "geometry": { "type": "Point", "coordinates": [ 16.3994086, 48.1940985 ] } },
{ "type": "Feature", "properties": { "Hofname": "Hagenmüllergasse 21-23", "clean_address": "1030 Wien, Hagenmüllergasse", "Wohnungen": 123, "Lokale": 9, "addr_key": "1030 wien, hagenmüllergasse" }, "geometry": { "type": "Point", "coordinates": [ 16.4051983, 48.1973747 ] } },
{ "type": "Feature", "properties": { "Hofname": "Eslarngasse 3-9", "clean_address": "1030 Wien, Eslarngasse", "Wohnungen": 85, "Lokale": 3, "addr_key": "1030 wien, eslarngasse" }, "geometry": { "type": "Point", "coordinates": [ 16.3941136, 48.1946737 ] } },
{ "type": "Feature", "properties": { "Hofname": "Weinlechnergasse 1", "clean_address": "1030 Wien, Weinlechnergasse", "Wohnungen": 26, "Lokale": 0, "addr_key": "1030 wien, weinlechnergasse" }, "geometry": { "type": "Point", "coordinates": [ 16.3985415, 48.1944231 ] } },
{ "type": "Feature", "properties": { "Hofname": "Khunngasse 20", "clean_address": "1030 Wien, Khunngasse", "Wohnungen": 16, "Lokale": 0, "addr_key": "1030 wien, khunngasse" }, "geometry": { "type": "Point", "coordinates": [ 16.3876161, 48.1902191 ] } },
{ "type": "Feature", "properties": { "Hofname": "Göllnergasse 25", "clean_address": "1030 Wien, Göllnergasse", "Wohnungen": 10, "Lokale": 0, "addr_key": "1030 wien, göllnergasse" }, "geometry": { "type": "Point", "coordinates": [ 16.4027605, 48.1991266 ] } },
{ "type": "Feature", "properties": { "Hofname": "Weißgerberlände 24", "clean_address": "1030 Wien, Weißgerberlände", "Wohnungen": 23, "Lokale": 2, "addr_key": "1030 wien, weißgerberlände" }, "geometry": { "type": "Point", "coordinates": [ 16.3959091, 48.2071292 ] } },
{ "type": "Feature", "properties": { "Hofname": "Schützengasse 27-29", "clean_address": "1030 Wien, Schützengasse", "Wohnungen": 37, "Lokale": 2, "addr_key": "1030 wien, schützengasse" }, "geometry": { "type": "Point", "coordinates": [ 16.3890093, 48.1945951 ] } },
{ "type": "Feature", "properties": { "Hofname": "Alice-und-Heinrich-Scheuer-Hof", "clean_address": "1030 Wien, Neulinggasse", "Wohnungen": 55, "Lokale": 5, "addr_key": "1030 wien, neulinggasse" }, "geometry": { "type": "Point", "coordinates": [ 16.383318, 48.1992228 ] } },
{ "type": "Feature", "properties": { "Hofname": "Ziehrerplatz 8", "clean_address": "1030 Wien, Ziehrerplatz", "Wohnungen": 30, "Lokale": 1, "addr_key": "1030 wien, ziehrerplatz" }, "geometry": { "type": "Point", "coordinates": [ 16.3918353, 48.2000988 ] } },
{ "type": "Feature", "properties": { "Hofname": "Weißgerberlände 30-36", "clean_address": "1030 Wien, Weißgerberlände", "Wohnungen": 144, "Lokale": 12, "addr_key": "1030 wien, weißgerberlände" }, "geometry": { "type": "Point", "coordinates": [ 16.3959091, 48.2071292 ] } },
{ "type": "Feature", "properties": { "Hofname": "Landstraßer Hauptstraße 129", "clean_address": "1030 Wien, Landstraßer Hauptstraße", "Wohnungen": 9, "Lokale": 2, "addr_key": "1030 wien, landstraßer hauptstraße" }, "geometry": { "type": "Polygon", "coordinates": [ [ [ 16.3862543, 48.2053241 ], [ 16.3858974, 48.2054256 ], [ 16.3859043, 48.2054351 ], [ 16.3859769, 48.2055336 ], [ 16.3863436, 48.2054287 ], [ 16.3862862, 48.2053137 ], [ 16.3862543, 48.2053241 ] ] ] } },
{ "type": "Feature", "properties": { "Hofname": "Marxergasse 12", "clean_address": "1030 Wien, Marxergasse", "Wohnungen": 32, "Lokale": 5, "addr_key": "1030 wien, marxergasse" }, "geometry": { "type": "Point", "coordinates": [ 16.3858692, 48.2082214 ] } },
{ "type": "Feature", "properties": { "Hofname": "Schlachthausgasse 44", "clean_address": "1030 Wien, Schlachthausgasse", "Wohnungen": 24, "Lokale": 1, "addr_key": "1030 wien, schlachthausgasse" }, "geometry": { "type": "Point", "coordinates": [ 16.4090626, 48.1959844 ] } },
{ "type": "Feature", "properties": { "Hofname": "Hainburger Straße 57+61", "clean_address": "1030 Wien, Hainburger Straße", "Wohnungen": 121, "Lokale": 16, "addr_key": "1030 wien, hainburger straße" }, "geometry": { "type": "Point", "coordinates": [ 16.3978413, 48.1986199 ] } },
{ "type": "Feature", "properties": { "Hofname": "Strohgasse 14f", "clean_address": "1030 Wien, Strohgasse", "Wohnungen": 35, "Lokale": 2, "addr_key": "1030 wien, strohgasse" }, "geometry": { "type": "Point", "coordinates": [ 16.384847, 48.1982289 ] } },
{ "type": "Feature", "properties": { "Hofname": "Barthgasse 5-7", "clean_address": "1030 Wien, Barthgasse", "Wohnungen": 36, "Lokale": 6, "addr_key": "1030 wien, barthgasse" }, "geometry": { "type": "Point", "coordinates": [ 16.4066515, 48.1934146 ] } },
{ "type": "Feature", "properties": { "Hofname": "Baumgasse 63-65", "clean_address": "1030 Wien, Baumgasse", "Wohnungen": 24, "Lokale": 0, "addr_key": "1030 wien, baumgasse" }, "geometry": { "type": "Point", "coordinates": [ 16.3984802, 48.1956421 ] } },
{ "type": "Feature", "properties": { "Hofname": "Kegelgasse 44", "clean_address": "1030 Wien, Kegelgasse", "Wohnungen": 27, "Lokale": 1, "addr_key": "1030 wien, kegelgasse" }, "geometry": { "type": "Point", "coordinates": [ 16.3909802, 48.2074258 ] } },
{ "type": "Feature", "properties": { "Hofname": "Rudolf-Häuser-Hof", "clean_address": "1030 Wien, Kleingasse", "Wohnungen": 125, "Lokale": 3, "addr_key": "1030 wien, kleingasse" }, "geometry": { "type": "Point", "coordinates": [ 16.404583, 48.1939558 ] } },
{ "type": "Feature", "properties": { "Hofname": "Untere Weißgerberstraße 53-59", "clean_address": "1030 Wien, Untere Weißgerberstraße", "Wohnungen": 79, "Lokale": 2, "addr_key": "1030 wien, untere weißgerberstraße" }, "geometry": { "type": "Point", "coordinates": [ 16.3924807, 48.2118469 ] } },
{ "type": "Feature", "properties": { "Hofname": "Paracelsusgasse 4", "clean_address": "1030 Wien, Paracelsusgasse", "Wohnungen": 19, "Lokale": 1, "addr_key": "1030 wien, paracelsusgasse" }, "geometry": { "type": "Point", "coordinates": [ 16.394197, 48.2070149 ] } },
{ "type": "Feature", "properties": { "Hofname": "Kölblgasse 36", "clean_address": "1030 Wien, Kölblgasse", "Wohnungen": 39, "Lokale": 1, "addr_key": "1030 wien, kölblgasse" }, "geometry": { "type": "Polygon", "coordinates": [ [ [ 16.3874941, 48.1909982 ], [ 16.3875054, 48.1909812 ], [ 16.3874365, 48.1908202 ], [ 16.3872838, 48.1908494 ], [ 16.3871775, 48.1908515 ], [ 16.3871785, 48.1909002 ], [ 16.3871151, 48.1909022 ], [ 16.387123, 48.1910117 ], [ 16.3874941, 48.1909982 ] ], [ [ 16.3873845, 48.190901 ], [ 16.3873897, 48.1909202 ], [ 16.3873651, 48.1909231 ], [ 16.3873599, 48.1909039 ], [ 16.3873845, 48.190901 ] ] ] } },
{ "type": "Feature", "properties": { "Hofname": "Am Modenapark 15", "clean_address": "1030 Wien, Am Modenapark", "Wohnungen": 27, "Lokale": 1, "addr_key": "1030 wien, am modenapark" }, "geometry": { "type": "Polygon", "coordinates": [ [ [ 16.387333, 48.2249571 ], [ 16.3871373, 48.2246964 ], [ 16.3870312, 48.2247176 ], [ 16.3870215, 48.2247035 ], [ 16.3869392, 48.2247252 ], [ 16.3868485, 48.2247615 ], [ 16.3868529, 48.2247757 ], [ 16.3867615, 48.2248143 ], [ 16.386928, 48.2250703 ], [ 16.3871738, 48.2250015 ], [ 16.387333, 48.2249571 ] ] ] } },
{ "type": "Feature", "properties": { "Hofname": "Uchatiusgasse 10-12", "clean_address": "1030 Wien, Uchatiusgasse", "Wohnungen": 43, "Lokale": 2, "addr_key": "1030 wien, uchatiusgasse" }, "geometry": { "type": "Point", "coordinates": [ 16.3893345, 48.2057029 ] } },
{ "type": "Feature", "properties": { "Hofname": "Zaunergasse 12-14", "clean_address": "1030 Wien, Zaunergasse", "Wohnungen": 147, "Lokale": 6, "addr_key": "1030 wien, zaunergasse" }, "geometry": { "type": "Point", "coordinates": [ 16.3797892, 48.1989062 ] } },
{ "type": "Feature", "properties": { "Hofname": "Schimmelgasse 23", "clean_address": "1030 Wien, Schimmelgasse", "Wohnungen": 47, "Lokale": 3, "addr_key": "1030 wien, schimmelgasse" }, "geometry": { "type": "Polygon", "coordinates": [ [ [ 16.4023294, 48.192934 ], [ 16.4022771, 48.1929649 ], [ 16.4021847, 48.1928936 ], [ 16.4021122, 48.1929358 ], [ 16.4018045, 48.1931191 ], [ 16.4020265, 48.1932872 ], [ 16.4021092, 48.1932379 ], [ 16.4021525, 48.1932138 ], [ 16.4022262, 48.1931698 ], [ 16.4020523, 48.1930366 ], [ 16.4021171, 48.1929991 ], [ 16.4022909, 48.1931323 ], [ 16.4024066, 48.1930648 ], [ 16.402319, 48.1929972 ], [ 16.4023732, 48.1929682 ], [ 16.4024583, 48.1930346 ], [ 16.4025776, 48.1929649 ], [ 16.4023598, 48.1927928 ], [ 16.4022928, 48.1928318 ], [ 16.4022604, 48.1928495 ], [ 16.4022379, 48.1928626 ], [ 16.4023294, 48.192934 ] ], [ [ 16.4019955, 48.1931601 ], [ 16.4019697, 48.1931414 ], [ 16.4020144, 48.1931141 ], [ 16.4020401, 48.1931328 ], [ 16.4019955, 48.1931601 ] ], [ [ 16.4021191, 48.1931904 ], [ 16.4020744, 48.1932178 ], [ 16.4020487, 48.193199 ], [ 16.4020933, 48.1931717 ], [ 16.4021191, 48.1931904 ] ], [ [ 16.4022718, 48.1930115 ], [ 16.4022948, 48.19303 ], [ 16.4022686, 48.1930445 ], [ 16.4022456, 48.1930261 ], [ 16.4022718, 48.1930115 ] ], [ [ 16.4023881, 48.1929327 ], [ 16.4024143, 48.1929182 ], [ 16.4024373, 48.1929366 ], [ 16.4024111, 48.1929512 ], [ 16.4023881, 48.1929327 ] ] ] } },
{ "type": "Feature", "properties": { "Hofname": "Baumgasse 12", "clean_address": "1030 Wien, Baumgasse", "Wohnungen": 22, "Lokale": 5, "addr_key": "1030 wien, baumgasse" }, "geometry": { "type": "Point", "coordinates": [ 16.3984802, 48.1956421 ] } },
{ "type": "Feature", "properties": { "Hofname": "Gerlgasse 14", "clean_address": "1030 Wien, Gerlgasse", "Wohnungen": 111, "Lokale": 3, "addr_key": "1030 wien, gerlgasse" }, "geometry": { "type": "Point", "coordinates": [ 16.3894496, 48.1927098 ] } },
{ "type": "Feature", "properties": { "Hofname": "Salmgasse 19", "clean_address": "1030 Wien, Salmgasse", "Wohnungen": 48, "Lokale": 1, "addr_key": "1030 wien, salmgasse" }, "geometry": { "type": "Polygon", "coordinates": [ [ [ 16.3904282, 48.203507 ], [ 16.3905914, 48.2036458 ], [ 16.3907086, 48.2035994 ], [ 16.3906984, 48.203588 ], [ 16.3907304, 48.203575 ], [ 16.3907425, 48.2035871 ], [ 16.3908079, 48.2035619 ], [ 16.3908268, 48.2035546 ], [ 16.3907675, 48.2035055 ], [ 16.3907035, 48.2035426 ], [ 16.3906799, 48.2035234 ], [ 16.3907105, 48.2035049 ], [ 16.3906952, 48.2034938 ], [ 16.3907188, 48.2034802 ], [ 16.3906785, 48.2034471 ], [ 16.3906943, 48.2034385 ], [ 16.3906725, 48.2034192 ], [ 16.3906428, 48.2033928 ], [ 16.3905761, 48.2034267 ], [ 16.3906016, 48.2034471 ], [ 16.3905552, 48.2034725 ], [ 16.3905307, 48.2034509 ], [ 16.3904282, 48.203507 ] ] ] } },
{ "type": "Feature", "properties": { "Hofname": "Schlachthausgasse 39", "clean_address": "1030 Wien, Schlachthausgasse", "Wohnungen": 109, "Lokale": 5, "addr_key": "1030 wien, schlachthausgasse" }, "geometry": { "type": "Point", "coordinates": [ 16.4090626, 48.1959844 ] } },
{ "type": "Feature", "properties": { "Hofname": "Kurt-Steyrer-Hof", "clean_address": "1030 Wien, Landstraßer Hauptstraße", "Wohnungen": 71, "Lokale": 15, "addr_key": "1030 wien, landstraßer hauptstraße" }, "geometry": { "type": "Polygon", "coordinates": [ [ [ 16.3862543, 48.2053241 ], [ 16.3858974, 48.2054256 ], [ 16.3859043, 48.2054351 ], [ 16.3859769, 48.2055336 ], [ 16.3863436, 48.2054287 ], [ 16.3862862, 48.2053137 ], [ 16.3862543, 48.2053241 ] ] ] } },
{ "type": "Feature", "properties": { "Hofname": "Markhofgasse 20", "clean_address": "1030 Wien, Markhofgasse", "Wohnungen": 39, "Lokale": 4, "addr_key": "1030 wien, markhofgasse" }, "geometry": { "type": "Polygon", "coordinates": [ [ [ 16.4067451, 48.194193 ], [ 16.4068529, 48.1942695 ], [ 16.4070524, 48.1941447 ], [ 16.4069486, 48.1940719 ], [ 16.4069409, 48.1940679 ], [ 16.4068817, 48.1941081 ], [ 16.4068669, 48.1941001 ], [ 16.4068543, 48.1941106 ], [ 16.4068362, 48.194096 ], [ 16.4068483, 48.1940858 ], [ 16.4068389, 48.1940785 ], [ 16.4068916, 48.1940427 ], [ 16.4068378, 48.1939915 ], [ 16.4066733, 48.194095 ], [ 16.4067155, 48.194152 ], [ 16.406766, 48.1941202 ], [ 16.4067786, 48.194129 ], [ 16.4067923, 48.1941202 ], [ 16.4068066, 48.194129 ], [ 16.406789, 48.1941428 ], [ 16.4068055, 48.1941542 ], [ 16.4067451, 48.194193 ] ] ] } },
{ "type": "Feature", "properties": { "Hofname": "Landstraßer Hauptstraße 173-175", "clean_address": "1030 Wien, Landstraßer Hauptstraße", "Wohnungen": 393, "Lokale": 41, "addr_key": "1030 wien, landstraßer hauptstraße" }, "geometry": { "type": "Polygon", "coordinates": [ [ [ 16.3862543, 48.2053241 ], [ 16.3858974, 48.2054256 ], [ 16.3859043, 48.2054351 ], [ 16.3859769, 48.2055336 ], [ 16.3863436, 48.2054287 ], [ 16.3862862, 48.2053137 ], [ 16.3862543, 48.2053241 ] ] ] } },
{ "type": "Feature", "properties": { "Hofname": "Fasangasse 35-37", "clean_address": "1030 Wien, Fasangasse", "Wohnungen": 78, "Lokale": 7, "addr_key": "1030 wien, fasangasse" }, "geometry": { "type": "Point", "coordinates": [ 16.3861234, 48.1937938 ] } },
{ "type": "Feature", "properties": { "Hofname": "Apostelgasse 19-21", "clean_address": "1030 Wien, Apostelgasse", "Wohnungen": 73, "Lokale": 2, "addr_key": "1030 wien, apostelgasse" }, "geometry": { "type": "Polygon", "coordinates": [ [ [ 16.3964566, 48.1988616 ], [ 16.3965064, 48.1988518 ], [ 16.3966309, 48.1988236 ], [ 16.3967188, 48.1989889 ], [ 16.3965474, 48.1990287 ], [ 16.3964566, 48.1988616 ] ] ] } },
{ "type": "Feature", "properties": { "Hofname": "Markhofgasse 12-18", "clean_address": "1030 Wien, Markhofgasse", "Wohnungen": 270, "Lokale": 8, "addr_key": "1030 wien, markhofgasse" }, "geometry": { "type": "Polygon", "coordinates": [ [ [ 16.4067451, 48.194193 ], [ 16.4068529, 48.1942695 ], [ 16.4070524, 48.1941447 ], [ 16.4069486, 48.1940719 ], [ 16.4069409, 48.1940679 ], [ 16.4068817, 48.1941081 ], [ 16.4068669, 48.1941001 ], [ 16.4068543, 48.1941106 ], [ 16.4068362, 48.194096 ], [ 16.4068483, 48.1940858 ], [ 16.4068389, 48.1940785 ], [ 16.4068916, 48.1940427 ], [ 16.4068378, 48.1939915 ], [ 16.4066733, 48.194095 ], [ 16.4067155, 48.194152 ], [ 16.406766, 48.1941202 ], [ 16.4067786, 48.194129 ], [ 16.4067923, 48.1941202 ], [ 16.4068066, 48.194129 ], [ 16.406789, 48.1941428 ], [ 16.4068055, 48.1941542 ], [ 16.4067451, 48.194193 ] ] ] } },
{ "type": "Feature", "properties": { "Hofname": "Kollergasse 11-13", "clean_address": "1030 Wien, Kollergasse", "Wohnungen": 29, "Lokale": 0, "addr_key": "1030 wien, kollergasse" }, "geometry": { "type": "Point", "coordinates": [ 16.3896729, 48.2075926 ] } },
{ "type": "Feature", "properties": { "Hofname": "Leonhardgasse 2-10", "clean_address": "1030 Wien, Leonhardgasse", "Wohnungen": 332, "Lokale": 25, "addr_key": "1030 wien, leonhardgasse" }, "geometry": { "type": "Point", "coordinates": [ 16.4040898, 48.1954709 ] } },
{ "type": "Feature", "properties": { "Hofname": "Hofmannsthalgasse 12-24", "clean_address": "1030 Wien, Hofmannsthalgasse", "Wohnungen": 290, "Lokale": 10, "addr_key": "1030 wien, hofmannsthalgasse" }, "geometry": { "type": "Point", "coordinates": [ 16.3984519, 48.1855313 ] } },
{ "type": "Feature", "properties": { "Hofname": "Gestettengasse 21a", "clean_address": "1030 Wien, Gestettengasse", "Wohnungen": 15, "Lokale": 0, "addr_key": "1030 wien, gestettengasse" }, "geometry": { "type": "Point", "coordinates": [ 16.402158, 48.1968711 ] } },
{ "type": "Feature", "properties": { "Hofname": "Markhofgasse 6", "clean_address": "1030 Wien, Markhofgasse", "Wohnungen": 29, "Lokale": 4, "addr_key": "1030 wien, markhofgasse" }, "geometry": { "type": "Polygon", "coordinates": [ [ [ 16.4067451, 48.194193 ], [ 16.4068529, 48.1942695 ], [ 16.4070524, 48.1941447 ], [ 16.4069486, 48.1940719 ], [ 16.4069409, 48.1940679 ], [ 16.4068817, 48.1941081 ], [ 16.4068669, 48.1941001 ], [ 16.4068543, 48.1941106 ], [ 16.4068362, 48.194096 ], [ 16.4068483, 48.1940858 ], [ 16.4068389, 48.1940785 ], [ 16.4068916, 48.1940427 ], [ 16.4068378, 48.1939915 ], [ 16.4066733, 48.194095 ], [ 16.4067155, 48.194152 ], [ 16.406766, 48.1941202 ], [ 16.4067786, 48.194129 ], [ 16.4067923, 48.1941202 ], [ 16.4068066, 48.194129 ], [ 16.406789, 48.1941428 ], [ 16.4068055, 48.1941542 ], [ 16.4067451, 48.194193 ] ] ] } },
{ "type": "Feature", "properties": { "Hofname": "Kleingasse 2", "clean_address": "1030 Wien, Kleingasse", "Wohnungen": 43, "Lokale": 2, "addr_key": "1030 wien, kleingasse" }, "geometry": { "type": "Point", "coordinates": [ 16.404583, 48.1939558 ] } },
{ "type": "Feature", "properties": { "Hofname": "Gestettengasse 17", "clean_address": "1030 Wien, Gestettengasse", "Wohnungen": 62, "Lokale": 5, "addr_key": "1030 wien, gestettengasse" }, "geometry": { "type": "Point", "coordinates": [ 16.402158, 48.1968711 ] } },
{ "type": "Feature", "properties": { "Hofname": "Leonhardgasse 7-13", "clean_address": "1030 Wien, Leonhardgasse", "Wohnungen": 80, "Lokale": 2, "addr_key": "1030 wien, leonhardgasse" }, "geometry": { "type": "Point", "coordinates": [ 16.4040898, 48.1954709 ] } },
{ "type": "Feature", "properties": { "Hofname": "Erdbergstraße 16-28", "clean_address": "1030 Wien, Erdbergstraße", "Wohnungen": 87, "Lokale": 11, "addr_key": "1030 wien, erdbergstraße" }, "geometry": { "type": "Point", "coordinates": [ 16.3930286, 48.2025206 ] } },
{ "type": "Feature", "properties": { "Hofname": "Erdbergstraße 126-130", "clean_address": "1030 Wien, Erdbergstraße", "Wohnungen": 45, "Lokale": 10, "addr_key": "1030 wien, erdbergstraße" }, "geometry": { "type": "Point", "coordinates": [ 16.3930286, 48.2025206 ] } },
{ "type": "Feature", "properties": { "Hofname": "Aspangstraße 11-13", "clean_address": "1030 Wien, Aspangstraße", "Wohnungen": 23, "Lokale": 0, "addr_key": "1030 wien, aspangstraße" }, "geometry": { "type": "Point", "coordinates": [ 16.3918087, 48.1923991 ] } },
{ "type": "Feature", "properties": { "Hofname": "Erdbergstraße 134", "clean_address": "1030 Wien, Erdbergstraße", "Wohnungen": 11, "Lokale": 2, "addr_key": "1030 wien, erdbergstraße" }, "geometry": { "type": "Point", "coordinates": [ 16.3930286, 48.2025206 ] } },
{ "type": "Feature", "properties": { "Hofname": "Erdbergstraße 140-144", "clean_address": "1030 Wien, Erdbergstraße", "Wohnungen": 32, "Lokale": 5, "addr_key": "1030 wien, erdbergstraße" }, "geometry": { "type": "Point", "coordinates": [ 16.3930286, 48.2025206 ] } },
{ "type": "Feature", "properties": { "Hofname": "Kundmanngasse 30-32", "clean_address": "1030 Wien, Kundmanngasse", "Wohnungen": 30, "Lokale": 6, "addr_key": "1030 wien, kundmanngasse" }, "geometry": { "type": "Point", "coordinates": [ 16.3920585, 48.2018761 ] } },
{ "type": "Feature", "properties": { "Hofname": "Schlachthausgasse 3", "clean_address": "1030 Wien, Schlachthausgasse", "Wohnungen": 104, "Lokale": 7, "addr_key": "1030 wien, schlachthausgasse" }, "geometry": { "type": "Point", "coordinates": [ 16.4090626, 48.1959844 ] } },
{ "type": "Feature", "properties": { "Hofname": "Untere Weißgerberstraße 18", "clean_address": "1030 Wien, Untere Weißgerberstraße", "Wohnungen": 48, "Lokale": 6, "addr_key": "1030 wien, untere weißgerberstraße" }, "geometry": { "type": "Point", "coordinates": [ 16.3924807, 48.2118469 ] } },
{ "type": "Feature", "properties": { "Hofname": "Marie-Jahoda-Hof", "clean_address": "1030 Wien, Kegelgasse", "Wohnungen": 36, "Lokale": 4, "addr_key": "1030 wien, kegelgasse" }, "geometry": { "type": "Point", "coordinates": [ 16.3909802, 48.2074258 ] } },
{ "type": "Feature", "properties": { "Hofname": "Erdbergstraße 12-14", "clean_address": "1030 Wien, Erdbergstraße", "Wohnungen": 66, "Lokale": 10, "addr_key": "1030 wien, erdbergstraße" }, "geometry": { "type": "Point", "coordinates": [ 16.3930286, 48.2025206 ] } },
{ "type": "Feature", "properties": { "Hofname": "Pfarrhofgasse 14", "clean_address": "1030 Wien, Pfarrhofgasse", "Wohnungen": 15, "Lokale": 1, "addr_key": "1030 wien, pfarrhofgasse" }, "geometry": { "type": "Point", "coordinates": [ 16.3894828, 48.2020888 ] } },
{ "type": "Feature", "properties": { "Hofname": "Löwengasse 5", "clean_address": "1030 Wien, Löwengasse", "Wohnungen": 11, "Lokale": 2, "addr_key": "1030 wien, löwengasse" }, "geometry": { "type": "Point", "coordinates": [ 16.3928075, 48.2087324 ] } },
{ "type": "Feature", "properties": { "Hofname": "Trubelgasse 10", "clean_address": "1030 Wien, Trubelgasse", "Wohnungen": 26, "Lokale": 0, "addr_key": "1030 wien, trubelgasse" }, "geometry": { "type": "Point", "coordinates": [ 16.3892548, 48.1887822 ] } },
{ "type": "Feature", "properties": { "Hofname": "Erdbergstraße 36", "clean_address": "1030 Wien, Erdbergstraße", "Wohnungen": 28, "Lokale": 3, "addr_key": "1030 wien, erdbergstraße" }, "geometry": { "type": "Point", "coordinates": [ 16.3930286, 48.2025206 ] } },
{ "type": "Feature", "properties": { "Hofname": "Arenberggasse 6", "clean_address": "1030 Wien, Arenberggasse", "Wohnungen": 18, "Lokale": 0, "addr_key": "1030 wien, arenberggasse" }, "geometry": { "type": "Point", "coordinates": [ 16.3907633, 48.1969477 ] } },
{ "type": "Feature", "properties": { "Hofname": "Apostelgasse 35", "clean_address": "1030 Wien, Apostelgasse", "Wohnungen": 24, "Lokale": 0, "addr_key": "1030 wien, apostelgasse" }, "geometry": { "type": "Polygon", "coordinates": [ [ [ 16.3964566, 48.1988616 ], [ 16.3965064, 48.1988518 ], [ 16.3966309, 48.1988236 ], [ 16.3967188, 48.1989889 ], [ 16.3965474, 48.1990287 ], [ 16.3964566, 48.1988616 ] ] ] } },
{ "type": "Feature", "properties": { "Hofname": "Wällischgasse 10-12", "clean_address": "1030 Wien, Wällischgasse", "Wohnungen": 35, "Lokale": 0, "addr_key": "1030 wien, wällischgasse" }, "geometry": { "type": "Point", "coordinates": [ 16.4078097, 48.195665 ] } },
{ "type": "Feature", "properties": { "Hofname": "Matthäusgasse 3", "clean_address": "1030 Wien, Matthäusgasse", "Wohnungen": 14, "Lokale": 0, "addr_key": "1030 wien, matthäusgasse" }, "geometry": { "type": "Point", "coordinates": [ 16.3883789, 48.2108844 ] } },
{ "type": "Feature", "properties": { "Hofname": "Untere Weißgerberstraße 4", "clean_address": "1030 Wien, Untere Weißgerberstraße", "Wohnungen": 8, "Lokale": 0, "addr_key": "1030 wien, untere weißgerberstraße" }, "geometry": { "type": "Point", "coordinates": [ 16.3924807, 48.2118469 ] } },
{ "type": "Feature", "properties": { "Hofname": "Dietrichgasse 35-37", "clean_address": "1030 Wien, Dietrichgasse", "Wohnungen": 36, "Lokale": 0, "addr_key": "1030 wien, dietrichgasse" }, "geometry": { "type": "Point", "coordinates": [ 16.4023823, 48.2001394 ] } },
{ "type": "Feature", "properties": { "Hofname": "Blattgasse 5", "clean_address": "1030 Wien, Blattgasse", "Wohnungen": 43, "Lokale": 0, "addr_key": "1030 wien, blattgasse" }, "geometry": { "type": "Point", "coordinates": [ 16.3921532, 48.2081718 ] } },
{ "type": "Feature", "properties": { "Hofname": "Dietrichgasse 45", "clean_address": "1030 Wien, Dietrichgasse", "Wohnungen": 13, "Lokale": 0, "addr_key": "1030 wien, dietrichgasse" }, "geometry": { "type": "Point", "coordinates": [ 16.4023823, 48.2001394 ] } },
{ "type": "Feature", "properties": { "Hofname": "Haidingergasse 24", "clean_address": "1030 Wien, Haidingergasse", "Wohnungen": 25, "Lokale": 1, "addr_key": "1030 wien, haidingergasse" }, "geometry": { "type": "Polygon", "coordinates": [ [ [ 16.4005441, 48.1994146 ], [ 16.4002723, 48.1995471 ], [ 16.4003919, 48.1996935 ], [ 16.4004371, 48.1997489 ], [ 16.4005863, 48.1996944 ], [ 16.4005575, 48.19966 ], [ 16.4006151, 48.1996385 ], [ 16.4005856, 48.199605 ], [ 16.4005534, 48.1996162 ], [ 16.4005407, 48.1996001 ], [ 16.4005152, 48.1996099 ], [ 16.4004877, 48.1995759 ], [ 16.4006326, 48.1995071 ], [ 16.4005441, 48.1994146 ] ] ] } },
{ "type": "Feature", "properties": { "Hofname": "Würtzlerstraße 23", "clean_address": "1030 Wien, Würtzlerstraße", "Wohnungen": 21, "Lokale": 3, "addr_key": "1030 wien, würtzlerstraße" }, "geometry": { "type": "Point", "coordinates": [ 16.4093901, 48.1949704 ] } },
{ "type": "Feature", "properties": { "Hofname": "Kardinal-Nagl-Platz 6", "clean_address": "1030 Wien, Kardinal-Nagl-Platz", "Wohnungen": 38, "Lokale": 4, "addr_key": "1030 wien, kardinal-nagl-platz" }, "geometry": { "type": "Point", "coordinates": [ 16.4024135, 48.1972479 ] } },
{ "type": "Feature", "properties": { "Hofname": "Erdbergstraße 5-7", "clean_address": "1030 Wien, Erdbergstraße", "Wohnungen": 29, "Lokale": 2, "addr_key": "1030 wien, erdbergstraße" }, "geometry": { "type": "Point", "coordinates": [ 16.3930286, 48.2025206 ] } },
{ "type": "Feature", "properties": { "Hofname": "Graf-Starhemberg-Gasse 40-42", "clean_address": "1040 Wien, Graf-Starhemberg-Gasse", "Wohnungen": 75, "Lokale": 2, "addr_key": "1040 wien, graf-starhemberg-gasse" }, "geometry": { "type": "Point", "coordinates": [ 16.3674422, 48.192919 ] } },
{ "type": "Feature", "properties": { "Hofname": "Preßgasse 7", "clean_address": "1040 Wien, Preßgasse", "Wohnungen": 22, "Lokale": 5, "addr_key": "1040 wien, preßgasse" }, "geometry": { "type": "Point", "coordinates": [ 16.3630564, 48.1955834 ] } },
{ "type": "Feature", "properties": { "Hofname": "Schelleingasse 1", "clean_address": "1040 Wien, Schelleingasse", "Wohnungen": 17, "Lokale": 1, "addr_key": "1040 wien, schelleingasse" }, "geometry": { "type": "Point", "coordinates": [ 16.3708915, 48.1862292 ] } },
{ "type": "Feature", "properties": { "Hofname": "Margaretenstraße 40", "clean_address": "1040 Wien, Margaretenstraße", "Wohnungen": 21, "Lokale": 3, "addr_key": "1040 wien, margaretenstraße" }, "geometry": { "type": "Point", "coordinates": [ 16.3602553, 48.1922863 ] } },
{ "type": "Feature", "properties": { "Hofname": "Autokaderstraße 3-7", "clean_address": "1210 Wien, Autokaderstraße", "Wohnungen": 973, "Lokale": 3, "addr_key": "1210 wien, autokaderstraße" }, "geometry": { "type": "Polygon", "coordinates": [ [ [ 16.3796124, 48.2830903 ], [ 16.3794412, 48.2832041 ], [ 16.3802216, 48.2837565 ], [ 16.3803891, 48.2836526 ], [ 16.3796124, 48.2830903 ] ] ] } },
{ "type": "Feature", "properties": { "Hofname": "Favoritenstraße 42", "clean_address": "1040 Wien, Favoritenstraße", "Wohnungen": 13, "Lokale": 4, "addr_key": "1040 wien, favoritenstraße" }, "geometry": { "type": "Point", "coordinates": [ 16.3730802, 48.1883395 ] } },
{ "type": "Feature", "properties": { "Hofname": "Margaretenstraße 46", "clean_address": "1040 Wien, Margaretenstraße", "Wohnungen": 23, "Lokale": 2, "addr_key": "1040 wien, margaretenstraße" }, "geometry": { "type": "Point", "coordinates": [ 16.3602553, 48.1922863 ] } },
{ "type": "Feature", "properties": { "Hofname": "Favoritenstraße 45", "clean_address": "1040 Wien, Favoritenstraße", "Wohnungen": 32, "Lokale": 4, "addr_key": "1040 wien, favoritenstraße" }, "geometry": { "type": "Point", "coordinates": [ 16.3730802, 48.1883395 ] } },
{ "type": "Feature", "properties": { "Hofname": "Theresianumgasse 9", "clean_address": "1040 Wien, Theresianumgasse", "Wohnungen": 46, "Lokale": 2, "addr_key": "1040 wien, theresianumgasse" }, "geometry": { "type": "Point", "coordinates": [ 16.3750079, 48.1922246 ] } },
{ "type": "Feature", "properties": { "Hofname": "Favoritenstraße 43", "clean_address": "1040 Wien, Favoritenstraße", "Wohnungen": 14, "Lokale": 2, "addr_key": "1040 wien, favoritenstraße" }, "geometry": { "type": "Point", "coordinates": [ 16.3730802, 48.1883395 ] } },
{ "type": "Feature", "properties": { "Hofname": "Petzvalgasse 1-3", "clean_address": "1040 Wien, Petzvalgasse", "Wohnungen": 36, "Lokale": 2, "addr_key": "1040 wien, petzvalgasse" }, "geometry": { "type": "Point", "coordinates": [ 16.3718101, 48.1861647 ] } },
{ "type": "Feature", "properties": { "Hofname": "Schelleingasse 18-20", "clean_address": "1040 Wien, Schelleingasse", "Wohnungen": 35, "Lokale": 2, "addr_key": "1040 wien, schelleingasse" }, "geometry": { "type": "Point", "coordinates": [ 16.3708915, 48.1862292 ] } },
{ "type": "Feature", "properties": { "Hofname": "Schelleingasse 27-29", "clean_address": "1040 Wien, Schelleingasse", "Wohnungen": 39, "Lokale": 3, "addr_key": "1040 wien, schelleingasse" }, "geometry": { "type": "Point", "coordinates": [ 16.3708915, 48.1862292 ] } },
{ "type": "Feature", "properties": { "Hofname": "Kolschitzkygasse 9-13", "clean_address": "1040 Wien, Kolschitzkygasse", "Wohnungen": 105, "Lokale": 12, "addr_key": "1040 wien, kolschitzkygasse" }, "geometry": { "type": "Point", "coordinates": [ 16.3717305, 48.1878608 ] } },
{ "type": "Feature", "properties": { "Hofname": "Karolinengasse 24", "clean_address": "1040 Wien, Karolinengasse", "Wohnungen": 11, "Lokale": 0, "addr_key": "1040 wien, karolinengasse" }, "geometry": { "type": "Point", "coordinates": [ 16.3730299, 48.1898967 ] } },
{ "type": "Feature", "properties": { "Hofname": "Rainergasse 26-28", "clean_address": "1040 Wien, Rainergasse", "Wohnungen": 54, "Lokale": 4, "addr_key": "1040 wien, rainergasse" }, "geometry": { "type": "Point", "coordinates": [ 16.3651214, 48.1873445 ] } },
{ "type": "Feature", "properties": { "Hofname": "Belvederegasse 36-38", "clean_address": "1040 Wien, Belvederegasse", "Wohnungen": 55, "Lokale": 3, "addr_key": "1040 wien, belvederegasse" }, "geometry": { "type": "Point", "coordinates": [ 16.3772865, 48.191358 ] } },
{ "type": "Feature", "properties": { "Hofname": "Rainergasse 13", "clean_address": "1040 Wien, Rainergasse", "Wohnungen": 26, "Lokale": 0, "addr_key": "1040 wien, rainergasse" }, "geometry": { "type": "Point", "coordinates": [ 16.3651214, 48.1873445 ] } },
{ "type": "Feature", "properties": { "Hofname": "Rechte Wienzeile 25-27", "clean_address": "1040 Wien, Rechte Wienzeile", "Wohnungen": 101, "Lokale": 12, "addr_key": "1040 wien, rechte wienzeile" }, "geometry": { "type": "Polygon", "coordinates": [ [ [ 16.3596163, 48.1970109 ], [ 16.3593675, 48.1969615 ], [ 16.3594273, 48.1968276 ], [ 16.3597189, 48.1968855 ], [ 16.3596591, 48.1970194 ], [ 16.3596163, 48.1970109 ] ] ] } },
{ "type": "Feature", "properties": { "Hofname": "Margaretenstraße 31", "clean_address": "1040 Wien, Margaretenstraße", "Wohnungen": 18, "Lokale": 3, "addr_key": "1040 wien, margaretenstraße" }, "geometry": { "type": "Point", "coordinates": [ 16.3602553, 48.1922863 ] } },
{ "type": "Feature", "properties": { "Hofname": "Schelleingasse 28-30", "clean_address": "1040 Wien, Schelleingasse", "Wohnungen": 69, "Lokale": 2, "addr_key": "1040 wien, schelleingasse" }, "geometry": { "type": "Point", "coordinates": [ 16.3708915, 48.1862292 ] } },
{ "type": "Feature", "properties": { "Hofname": "Rainergasse 23-25", "clean_address": "1040 Wien, Rainergasse", "Wohnungen": 39, "Lokale": 0, "addr_key": "1040 wien, rainergasse" }, "geometry": { "type": "Point", "coordinates": [ 16.3651214, 48.1873445 ] } },
{ "type": "Feature", "properties": { "Hofname": "Schelleingasse 3", "clean_address": "1040 Wien, Schelleingasse", "Wohnungen": 18, "Lokale": 1, "addr_key": "1040 wien, schelleingasse" }, "geometry": { "type": "Point", "coordinates": [ 16.3708915, 48.1862292 ] } },
{ "type": "Feature", "properties": { "Hofname": "Margaretenstraße 36", "clean_address": "1040 Wien, Margaretenstraße", "Wohnungen": 19, "Lokale": 2, "addr_key": "1040 wien, margaretenstraße" }, "geometry": { "type": "Point", "coordinates": [ 16.3602553, 48.1922863 ] } },
{ "type": "Feature", "properties": { "Hofname": "Graf-Starhemberg-Gasse 35", "clean_address": "1040 Wien, Graf-Starhemberg-Gasse", "Wohnungen": 17, "Lokale": 1, "addr_key": "1040 wien, graf-starhemberg-gasse" }, "geometry": { "type": "Point", "coordinates": [ 16.3674422, 48.192919 ] } },
{ "type": "Feature", "properties": { "Hofname": "Paulanergasse 3", "clean_address": "1040 Wien, Paulanergasse", "Wohnungen": 37, "Lokale": 7, "addr_key": "1040 wien, paulanergasse" }, "geometry": { "type": "Point", "coordinates": [ 16.3653942, 48.1963112 ] } },
{ "type": "Feature", "properties": { "Hofname": "Viktorgasse 4", "clean_address": "1040 Wien, Viktorgasse", "Wohnungen": 12, "Lokale": 0, "addr_key": "1040 wien, viktorgasse" }, "geometry": { "type": "Point", "coordinates": [ 16.3738026, 48.1898675 ] } },
{ "type": "Feature", "properties": { "Hofname": "Goldeggasse 18", "clean_address": "1040 Wien, Goldeggasse", "Wohnungen": 24, "Lokale": 1, "addr_key": "1040 wien, goldeggasse" }, "geometry": { "type": "Polygon", "coordinates": [ [ [ 16.379828, 48.1905134 ], [ 16.3798786, 48.1904239 ], [ 16.3798628, 48.1904058 ], [ 16.3798473, 48.1903982 ], [ 16.3798193, 48.1903938 ], [ 16.3797803, 48.1904031 ], [ 16.3796213, 48.1903693 ], [ 16.3796065, 48.190354 ], [ 16.3795822, 48.1903438 ], [ 16.3795609, 48.1903414 ], [ 16.3795246, 48.1903488 ], [ 16.3793488, 48.1903115 ], [ 16.3793366, 48.1902969 ], [ 16.3793216, 48.1902903 ], [ 16.3793043, 48.190288 ], [ 16.379274, 48.1902956 ], [ 16.3792129, 48.1904026 ], [ 16.3792656, 48.1904151 ], [ 16.3792767, 48.1904271 ], [ 16.3792678, 48.1904426 ], [ 16.3792496, 48.1904441 ], [ 16.3792297, 48.1904802 ], [ 16.3792156, 48.190477 ], [ 16.3791945, 48.1905183 ], [ 16.3792086, 48.1905215 ], [ 16.3791887, 48.1905587 ], [ 16.3793528, 48.190594 ], [ 16.3793754, 48.1905498 ], [ 16.3793926, 48.1905455 ], [ 16.3794111, 48.1905094 ], [ 16.3794017, 48.1904982 ], [ 16.3794367, 48.1904298 ], [ 16.3794609, 48.1904353 ], [ 16.3794467, 48.1904621 ], [ 16.3794573, 48.1904874 ], [ 16.3794512, 48.1904991 ], [ 16.3794719, 48.190504 ], [ 16.3794781, 48.1904922 ], [ 16.379508, 48.1904993 ], [ 16.3795391, 48.1904937 ], [ 16.3795529, 48.1904676 ], [ 16.3795721, 48.1904605 ], [ 16.3795948, 48.1904657 ], [ 16.3795537, 48.1905461 ], [ 16.3795319, 48.1905411 ], [ 16.3795186, 48.1905672 ], [ 16.3795356, 48.1905872 ], [ 16.379581, 48.1905975 ], [ 16.3795601, 48.1906385 ], [ 16.3797361, 48.1906763 ], [ 16.3797823, 48.1905945 ], [ 16.3797904, 48.1905965 ], [ 16.3798357, 48.1905153 ], [ 16.379828, 48.1905134 ] ] ] } },
{ "type": "Feature", "properties": { "Hofname": "Karolinengasse 14", "clean_address": "1040 Wien, Karolinengasse", "Wohnungen": 23, "Lokale": 0, "addr_key": "1040 wien, karolinengasse" }, "geometry": { "type": "Point", "coordinates": [ 16.3730299, 48.1898967 ] } },
{ "type": "Feature", "properties": { "Hofname": "Karolinengasse 26", "clean_address": "1040 Wien, Karolinengasse", "Wohnungen": 20, "Lokale": 0, "addr_key": "1040 wien, karolinengasse" }, "geometry": { "type": "Point", "coordinates": [ 16.3730299, 48.1898967 ] } },
{ "type": "Feature", "properties": { "Hofname": "Mommsengasse 18", "clean_address": "1040 Wien, Mommsengasse", "Wohnungen": 11, "Lokale": 0, "addr_key": "1040 wien, mommsengasse" }, "geometry": { "type": "Point", "coordinates": [ 16.3785089, 48.1893062 ] } },
{ "type": "Feature", "properties": { "Hofname": "Karolinengasse 15", "clean_address": "1040 Wien, Karolinengasse", "Wohnungen": 17, "Lokale": 2, "addr_key": "1040 wien, karolinengasse" }, "geometry": { "type": "Point", "coordinates": [ 16.3730299, 48.1898967 ] } },
{ "type": "Feature", "properties": { "Hofname": "Argentinierstraße 44", "clean_address": "1040 Wien, Argentinierstraße", "Wohnungen": 25, "Lokale": 1, "addr_key": "1040 wien, argentinierstraße" }, "geometry": { "type": "Point", "coordinates": [ 16.3714602, 48.1976475 ] } },
{ "type": "Feature", "properties": { "Hofname": "Gießaufgasse 34", "clean_address": "1050 Wien, Gießaufgasse", "Wohnungen": 56, "Lokale": 0, "addr_key": "1050 wien, gießaufgasse" }, "geometry": { "type": "Point", "coordinates": [ 16.3458035, 48.1849513 ] } },
{ "type": "Feature", "properties": { "Hofname": "Paletzgasse 15", "clean_address": "1160 Wien, Paletzgasse", "Wohnungen": 44, "Lokale": 0, "addr_key": "1160 wien, paletzgasse" }, "geometry": { "type": "Point", "coordinates": [ 16.3195637, 48.2203343 ] } },
{ "type": "Feature", "properties": { "Hofname": "Leystraße 23", "clean_address": "1200 Wien, Leystraße", "Wohnungen": 389, "Lokale": 8, "addr_key": "1200 wien, leystraße" }, "geometry": { "type": "Point", "coordinates": [ 16.3840239, 48.2375718 ] } },
{ "type": "Feature", "properties": { "Hofname": "Brandmayergasse 24", "clean_address": "1050 Wien, Brandmayergasse", "Wohnungen": 67, "Lokale": 7, "addr_key": "1050 wien, brandmayergasse" }, "geometry": { "type": "Point", "coordinates": [ 16.3504721, 48.1844588 ] } },
{ "type": "Feature", "properties": { "Hofname": "Ernst-Hinterberger-Hof", "clean_address": "1050 Wien, Margaretengürtel", "Wohnungen": 105, "Lokale": 6, "addr_key": "1050 wien, margaretengürtel" }, "geometry": { "type": "Point", "coordinates": [ 16.3485405, 48.1815901 ] } },
{ "type": "Feature", "properties": { "Hofname": "Fendigasse 19-21", "clean_address": "1050 Wien, Fendigasse", "Wohnungen": 72, "Lokale": 4, "addr_key": "1050 wien, fendigasse" }, "geometry": { "type": "Point", "coordinates": [ 16.3521346, 48.1825564 ] } },
{ "type": "Feature", "properties": { "Hofname": "Rechte Wienzeile 71", "clean_address": "1050 Wien, Rechte Wienzeile", "Wohnungen": 50, "Lokale": 4, "addr_key": "1050 wien, rechte wienzeile" }, "geometry": { "type": "Polygon", "coordinates": [ [ [ 16.3596163, 48.1970109 ], [ 16.3593675, 48.1969615 ], [ 16.3594273, 48.1968276 ], [ 16.3597189, 48.1968855 ], [ 16.3596591, 48.1970194 ], [ 16.3596163, 48.1970109 ] ] ] } },
{ "type": "Feature", "properties": { "Hofname": "Gassergasse 24-26", "clean_address": "1050 Wien, Gassergasse", "Wohnungen": 59, "Lokale": 2, "addr_key": "1050 wien, gassergasse" }, "geometry": { "type": "Point", "coordinates": [ 16.3617609, 48.1826805 ] } },
{ "type": "Feature", "properties": { "Hofname": "Brandmayergasse 27", "clean_address": "1050 Wien, Brandmayergasse", "Wohnungen": 81, "Lokale": 3, "addr_key": "1050 wien, brandmayergasse" }, "geometry": { "type": "Point", "coordinates": [ 16.3504721, 48.1844588 ] } },
{ "type": "Feature", "properties": { "Hofname": "Gassergasse 48-50", "clean_address": "1050 Wien, Gassergasse", "Wohnungen": 51, "Lokale": 3, "addr_key": "1050 wien, gassergasse" }, "geometry": { "type": "Point", "coordinates": [ 16.3617609, 48.1826805 ] } },
{ "type": "Feature", "properties": { "Hofname": "Hauslabgasse 25", "clean_address": "1050 Wien, Hauslabgasse", "Wohnungen": 29, "Lokale": 0, "addr_key": "1050 wien, hauslabgasse" }, "geometry": { "type": "Point", "coordinates": [ 16.3628133, 48.1839967 ] } },
{ "type": "Feature", "properties": { "Hofname": "Hauslabgasse 24", "clean_address": "1050 Wien, Hauslabgasse", "Wohnungen": 29, "Lokale": 4, "addr_key": "1050 wien, hauslabgasse" }, "geometry": { "type": "Point", "coordinates": [ 16.3628133, 48.1839967 ] } },
{ "type": "Feature", "properties": { "Hofname": "Wiedner Hauptstraße 103", "clean_address": "1050 Wien, Wiedner Hauptstraße", "Wohnungen": 9, "Lokale": 2, "addr_key": "1050 wien, wiedner hauptstraße" }, "geometry": { "type": "Point", "coordinates": [ 16.3680536, 48.1989412 ] } },
{ "type": "Feature", "properties": { "Hofname": "Siebenbrunnengasse 76-80", "clean_address": "1050 Wien, Siebenbrunnengasse", "Wohnungen": 71, "Lokale": 5, "addr_key": "1050 wien, siebenbrunnengasse" }, "geometry": { "type": "Point", "coordinates": [ 16.3607785, 48.1883497 ] } },
{ "type": "Feature", "properties": { "Hofname": "Gartengasse 9-11", "clean_address": "1050 Wien, Gartengasse", "Wohnungen": 45, "Lokale": 5, "addr_key": "1050 wien, gartengasse" }, "geometry": { "type": "Point", "coordinates": [ 16.3588695, 48.1896382 ] } },
{ "type": "Feature", "properties": { "Hofname": "Blechturmgasse 23-27", "clean_address": "1050 Wien, Blechturmgasse", "Wohnungen": 78, "Lokale": 1, "addr_key": "1050 wien, blechturmgasse" }, "geometry": { "type": "Point", "coordinates": [ 16.3654197, 48.1871371 ] } },
{ "type": "Feature", "properties": { "Hofname": "Laurenzgasse 14-18", "clean_address": "1050 Wien, Laurenzgasse", "Wohnungen": 105, "Lokale": 7, "addr_key": "1050 wien, laurenzgasse" }, "geometry": { "type": "Point", "coordinates": [ 16.3650183, 48.1835863 ] } },
{ "type": "Feature", "properties": { "Hofname": "Reinprechtsdorfer Straße 51", "clean_address": "1050 Wien, Reinprechtsdorfer Straße", "Wohnungen": 17, "Lokale": 4, "addr_key": "1050 wien, reinprechtsdorfer straße" }, "geometry": { "type": "Point", "coordinates": [ 16.3580913, 48.181867 ] } },
{ "type": "Feature", "properties": { "Hofname": "Schönbrunner Straße 101", "clean_address": "1050 Wien, Schönbrunner Straße", "Wohnungen": 17, "Lokale": 2, "addr_key": "1050 wien, schönbrunner straße" }, "geometry": { "type": "Point", "coordinates": [ 16.36104, 48.1950727 ] } },
{ "type": "Feature", "properties": { "Hofname": "Leopold-Rister-Gasse 5", "clean_address": "1050 Wien, Leopold-Rister-Gasse", "Wohnungen": 103, "Lokale": 6, "addr_key": "1050 wien, leopold-rister-gasse" }, "geometry": { "type": "Point", "coordinates": [ 16.3565569, 48.1814193 ] } },
{ "type": "Feature", "properties": { "Hofname": "Margaretengürtel 42", "clean_address": "1050 Wien, Margaretengürtel", "Wohnungen": 84, "Lokale": 0, "addr_key": "1050 wien, margaretengürtel" }, "geometry": { "type": "Point", "coordinates": [ 16.3485405, 48.1815901 ] } },
{ "type": "Feature", "properties": { "Hofname": "Wiedner Hauptstraße 119", "clean_address": "1050 Wien, Wiedner Hauptstraße", "Wohnungen": 67, "Lokale": 3, "addr_key": "1050 wien, wiedner hauptstraße" }, "geometry": { "type": "Point", "coordinates": [ 16.3680536, 48.1989412 ] } },
{ "type": "Feature", "properties": { "Hofname": "Hofgasse 2", "clean_address": "1050 Wien, Hofgasse", "Wohnungen": 17, "Lokale": 0, "addr_key": "1050 wien, hofgasse" }, "geometry": { "type": "Point", "coordinates": [ 16.358338, 48.1909916 ] } },
{ "type": "Feature", "properties": { "Hofname": "Spengergasse 30-32", "clean_address": "1050 Wien, Spengergasse", "Wohnungen": 33, "Lokale": 5, "addr_key": "1050 wien, spengergasse" }, "geometry": { "type": "Point", "coordinates": [ 16.352333, 48.1897533 ] } },
{ "type": "Feature", "properties": { "Hofname": "Castelligasse 3", "clean_address": "1050 Wien, Castelligasse", "Wohnungen": 36, "Lokale": 4, "addr_key": "1050 wien, castelligasse" }, "geometry": { "type": "Point", "coordinates": [ 16.3588295, 48.1894925 ] } },
{ "type": "Feature", "properties": { "Hofname": "Franzensgasse 7-9", "clean_address": "1050 Wien, Franzensgasse", "Wohnungen": 60, "Lokale": 11, "addr_key": "1050 wien, franzensgasse" }, "geometry": { "type": "Point", "coordinates": [ 16.3612397, 48.1937907 ] } },
{ "type": "Feature", "properties": { "Hofname": "Gartengasse 7", "clean_address": "1050 Wien, Gartengasse", "Wohnungen": 10, "Lokale": 1, "addr_key": "1050 wien, gartengasse" }, "geometry": { "type": "Point", "coordinates": [ 16.3588695, 48.1896382 ] } },
{ "type": "Feature", "properties": { "Hofname": "Franzensgasse 17", "clean_address": "1050 Wien, Franzensgasse", "Wohnungen": 23, "Lokale": 3, "addr_key": "1050 wien, franzensgasse" }, "geometry": { "type": "Point", "coordinates": [ 16.3612397, 48.1937907 ] } },
{ "type": "Feature", "properties": { "Hofname": "Brandmayergasse 2", "clean_address": "1050 Wien, Brandmayergasse", "Wohnungen": 30, "Lokale": 2, "addr_key": "1050 wien, brandmayergasse" }, "geometry": { "type": "Point", "coordinates": [ 16.3504721, 48.1844588 ] } },
{ "type": "Feature", "properties": { "Hofname": "Krongasse 18", "clean_address": "1050 Wien, Krongasse", "Wohnungen": 17, "Lokale": 1, "addr_key": "1050 wien, krongasse" }, "geometry": { "type": "Point", "coordinates": [ 16.3614705, 48.1932889 ] } },
{ "type": "Feature", "properties": { "Hofname": "Kleine Neugasse 21", "clean_address": "1050 Wien, Kleine Neugasse", "Wohnungen": 19, "Lokale": 0, "addr_key": "1050 wien, kleine neugasse" }, "geometry": { "type": "Point", "coordinates": [ 16.362877, 48.1931223 ] } },
{ "type": "Feature", "properties": { "Hofname": "Einsiedlergasse 13", "clean_address": "1050 Wien, Einsiedlergasse", "Wohnungen": 12, "Lokale": 1, "addr_key": "1050 wien, einsiedlergasse" }, "geometry": { "type": "Point", "coordinates": [ 16.3503747, 48.1842901 ] } },
{ "type": "Feature", "properties": { "Hofname": "Ziegelofengasse 24-26", "clean_address": "1050 Wien, Ziegelofengasse", "Wohnungen": 54, "Lokale": 2, "addr_key": "1050 wien, ziegelofengasse" }, "geometry": { "type": "Point", "coordinates": [ 16.362606, 48.1896724 ] } },
{ "type": "Feature", "properties": { "Hofname": "Embelgasse 53-55", "clean_address": "1050 Wien, Embelgasse", "Wohnungen": 25, "Lokale": 0, "addr_key": "1050 wien, embelgasse" }, "geometry": { "type": "Point", "coordinates": [ 16.3529223, 48.1819947 ] } },
{ "type": "Feature", "properties": { "Hofname": "Amtshausgasse 3-5", "clean_address": "1050 Wien, Amtshausgasse", "Wohnungen": 49, "Lokale": 1, "addr_key": "1050 wien, amtshausgasse" }, "geometry": { "type": "Point", "coordinates": [ 16.3492127, 48.1885381 ] } },
{ "type": "Feature", "properties": { "Hofname": "Grüngasse 14", "clean_address": "1050 Wien, Grüngasse", "Wohnungen": 18, "Lokale": 1, "addr_key": "1050 wien, grüngasse" }, "geometry": { "type": "Polygon", "coordinates": [ [ [ 16.3561833, 48.1941963 ], [ 16.3560613, 48.1941449 ], [ 16.3559771, 48.1942337 ], [ 16.3559171, 48.1943033 ], [ 16.3558962, 48.1942955 ], [ 16.3558603, 48.1943377 ], [ 16.3558033, 48.1944138 ], [ 16.3557581, 48.1944862 ], [ 16.3559268, 48.1944657 ], [ 16.3559617, 48.1944613 ], [ 16.3560083, 48.1944606 ], [ 16.3560083, 48.1944434 ], [ 16.3560094, 48.1943911 ], [ 16.3559224, 48.1943885 ], [ 16.3560263, 48.1942537 ], [ 16.356096, 48.1942836 ], [ 16.3561833, 48.1941963 ] ] ] } },
{ "type": "Feature", "properties": { "Hofname": "Leitgebgasse 3", "clean_address": "1050 Wien, Leitgebgasse", "Wohnungen": 11, "Lokale": 0, "addr_key": "1050 wien, leitgebgasse" }, "geometry": { "type": "Point", "coordinates": [ 16.3537159, 48.1837685 ] } },
{ "type": "Feature", "properties": { "Hofname": "Gießaufgasse 26", "clean_address": "1050 Wien, Gießaufgasse", "Wohnungen": 11, "Lokale": 0, "addr_key": "1050 wien, gießaufgasse" }, "geometry": { "type": "Point", "coordinates": [ 16.3458035, 48.1849513 ] } },
{ "type": "Feature", "properties": { "Hofname": "Margaretenstraße 140", "clean_address": "1050 Wien, Margaretenstraße", "Wohnungen": 51, "Lokale": 0, "addr_key": "1050 wien, margaretenstraße" }, "geometry": { "type": "Point", "coordinates": [ 16.3602553, 48.1922863 ] } },
{ "type": "Feature", "properties": { "Hofname": "Rechte Wienzeile 69", "clean_address": "1050 Wien, Rechte Wienzeile", "Wohnungen": 19, "Lokale": 0, "addr_key": "1050 wien, rechte wienzeile" }, "geometry": { "type": "Polygon", "coordinates": [ [ [ 16.3596163, 48.1970109 ], [ 16.3593675, 48.1969615 ], [ 16.3594273, 48.1968276 ], [ 16.3597189, 48.1968855 ], [ 16.3596591, 48.1970194 ], [ 16.3596163, 48.1970109 ] ] ] } },
{ "type": "Feature", "properties": { "Hofname": "Jahngasse 34", "clean_address": "1050 Wien, Jahngasse", "Wohnungen": 13, "Lokale": 0, "addr_key": "1050 wien, jahngasse" }, "geometry": { "type": "Point", "coordinates": [ 16.3607155, 48.1850773 ] } },
{ "type": "Feature", "properties": { "Hofname": "Brandmayergasse 4", "clean_address": "1050 Wien, Brandmayergasse", "Wohnungen": 21, "Lokale": 0, "addr_key": "1050 wien, brandmayergasse" }, "geometry": { "type": "Point", "coordinates": [ 16.3504721, 48.1844588 ] } },
{ "type": "Feature", "properties": { "Hofname": "Jahngasse 32", "clean_address": "1050 Wien, Jahngasse", "Wohnungen": 13, "Lokale": 0, "addr_key": "1050 wien, jahngasse" }, "geometry": { "type": "Point", "coordinates": [ 16.3607155, 48.1850773 ] } },
{ "type": "Feature", "properties": { "Hofname": "Wiedner Hauptstraße 132", "clean_address": "1050 Wien, Wiedner Hauptstraße", "Wohnungen": 20, "Lokale": 1, "addr_key": "1050 wien, wiedner hauptstraße" }, "geometry": { "type": "Point", "coordinates": [ 16.3680536, 48.1989412 ] } },
{ "type": "Feature", "properties": { "Hofname": "Margaretenstraße 89", "clean_address": "1050 Wien, Margaretenstraße", "Wohnungen": 30, "Lokale": 3, "addr_key": "1050 wien, margaretenstraße" }, "geometry": { "type": "Point", "coordinates": [ 16.3602553, 48.1922863 ] } },
{ "type": "Feature", "properties": { "Hofname": "Schönbrunner Straße 34", "clean_address": "1050 Wien, Schönbrunner Straße", "Wohnungen": 43, "Lokale": 3, "addr_key": "1050 wien, schönbrunner straße" }, "geometry": { "type": "Point", "coordinates": [ 16.36104, 48.1950727 ] } },
{ "type": "Feature", "properties": { "Hofname": "Hubert-Feilnreiter-Hof", "clean_address": "1060 Wien, Magdalenenstraße", "Wohnungen": 44, "Lokale": 3, "addr_key": "1060 wien, magdalenenstraße" }, "geometry": { "type": "Point", "coordinates": [ 16.3521736, 48.1941823 ] } },
{ "type": "Feature", "properties": { "Hofname": "Dominikanergasse 5", "clean_address": "1060 Wien, Dominikanergasse", "Wohnungen": 18, "Lokale": 0, "addr_key": "1060 wien, dominikanergasse" }, "geometry": { "type": "Point", "coordinates": [ 16.3449887, 48.1902812 ] } },
{ "type": "Feature", "properties": { "Hofname": "Mollardgasse 75", "clean_address": "1060 Wien, Mollardgasse", "Wohnungen": 37, "Lokale": 5, "addr_key": "1060 wien, mollardgasse" }, "geometry": { "type": "Point", "coordinates": [ 16.3522129, 48.191967 ] } },
{ "type": "Feature", "properties": { "Hofname": "Elfi-Dassanowsky-Hof", "clean_address": "1060 Wien, Magdalenenstraße", "Wohnungen": 26, "Lokale": 5, "addr_key": "1060 wien, magdalenenstraße" }, "geometry": { "type": "Point", "coordinates": [ 16.3521736, 48.1941823 ] } },
{ "type": "Feature", "properties": { "Hofname": "Mollardgasse 28", "clean_address": "1060 Wien, Mollardgasse", "Wohnungen": 54, "Lokale": 9, "addr_key": "1060 wien, mollardgasse" }, "geometry": { "type": "Point", "coordinates": [ 16.3522129, 48.191967 ] } },
{ "type": "Feature", "properties": { "Hofname": "Fillgradergasse 17-21", "clean_address": "1060 Wien, Fillgradergasse", "Wohnungen": 42, "Lokale": 1, "addr_key": "1060 wien, fillgradergasse" }, "geometry": { "type": "Point", "coordinates": [ 16.3589246, 48.2000311 ] } },
{ "type": "Feature", "properties": { "Hofname": "Gumpendorfer Straße 86", "clean_address": "1060 Wien, Gumpendorfer Straße", "Wohnungen": 15, "Lokale": 2, "addr_key": "1060 wien, gumpendorfer straße" }, "geometry": { "type": "Polygon", "coordinates": [ [ [ 16.3613539, 48.200111 ], [ 16.3615952, 48.2003652 ], [ 16.3617482, 48.2002858 ], [ 16.3616771, 48.2002259 ], [ 16.3617094, 48.2002113 ], [ 16.3617313, 48.2002307 ], [ 16.3617872, 48.2002051 ], [ 16.3617751, 48.200194 ], [ 16.3618231, 48.2001721 ], [ 16.3617818, 48.2001273 ], [ 16.3617448, 48.2001429 ], [ 16.3617195, 48.2001158 ], [ 16.3617567, 48.2000986 ], [ 16.3617107, 48.2000497 ], [ 16.361662, 48.2000725 ], [ 16.3616526, 48.2000619 ], [ 16.3615884, 48.2000889 ], [ 16.3615992, 48.2000997 ], [ 16.3616095, 48.2001103 ], [ 16.3615753, 48.2001254 ], [ 16.3615098, 48.2000593 ], [ 16.361447, 48.2000882 ], [ 16.3614313, 48.2000743 ], [ 16.3613539, 48.200111 ] ], [ [ 16.3615795, 48.2001754 ], [ 16.3616054, 48.2002037 ], [ 16.3615936, 48.2002085 ], [ 16.3615677, 48.2001803 ], [ 16.3615795, 48.2001754 ] ] ] } },
{ "type": "Feature", "properties": { "Hofname": "Kaunitzgasse 11-13", "clean_address": "1060 Wien, Kaunitzgasse", "Wohnungen": 36, "Lokale": 2, "addr_key": "1060 wien, kaunitzgasse" }, "geometry": { "type": "Point", "coordinates": [ 16.354098, 48.197022 ] } },
{ "type": "Feature", "properties": { "Hofname": "Mollardgasse 53-55", "clean_address": "1060 Wien, Mollardgasse", "Wohnungen": 53, "Lokale": 2, "addr_key": "1060 wien, mollardgasse" }, "geometry": { "type": "Point", "coordinates": [ 16.3522129, 48.191967 ] } },
{ "type": "Feature", "properties": { "Hofname": "Garbergasse 5", "clean_address": "1060 Wien, Garbergasse", "Wohnungen": 22, "Lokale": 0, "addr_key": "1060 wien, garbergasse" }, "geometry": { "type": "Point", "coordinates": [ 16.343236, 48.1937233 ] } },
{ "type": "Feature", "properties": { "Hofname": "Grabnergasse 11-13", "clean_address": "1060 Wien, Grabnergasse", "Wohnungen": 85, "Lokale": 6, "addr_key": "1060 wien, grabnergasse" }, "geometry": { "type": "Point", "coordinates": [ 16.348874, 48.1917047 ] } },
{ "type": "Feature", "properties": { "Hofname": "Johanna-Prangl-Hof", "clean_address": "1060 Wien, Damböckgasse", "Wohnungen": 81, "Lokale": 4, "addr_key": "1060 wien, damböckgasse" }, "geometry": { "type": "Point", "coordinates": [ 16.3504732, 48.19714 ] } },
{ "type": "Feature", "properties": { "Hofname": "Magdalenenstraße 9", "clean_address": "1060 Wien, Magdalenenstraße", "Wohnungen": 22, "Lokale": 4, "addr_key": "1060 wien, magdalenenstraße" }, "geometry": { "type": "Point", "coordinates": [ 16.3521736, 48.1941823 ] } },
{ "type": "Feature", "properties": { "Hofname": "Meravigliagasse 5-7", "clean_address": "1060 Wien, Meravigliagasse", "Wohnungen": 24, "Lokale": 1, "addr_key": "1060 wien, meravigliagasse" }, "geometry": { "type": "Point", "coordinates": [ 16.3399153, 48.1900809 ] } },
{ "type": "Feature", "properties": { "Hofname": "Katharina-Lins-Hof", "clean_address": "1060 Wien, Gumpendorfer Straße", "Wohnungen": 15, "Lokale": 6, "addr_key": "1060 wien, gumpendorfer straße" }, "geometry": { "type": "Polygon", "coordinates": [ [ [ 16.3613539, 48.200111 ], [ 16.3615952, 48.2003652 ], [ 16.3617482, 48.2002858 ], [ 16.3616771, 48.2002259 ], [ 16.3617094, 48.2002113 ], [ 16.3617313, 48.2002307 ], [ 16.3617872, 48.2002051 ], [ 16.3617751, 48.200194 ], [ 16.3618231, 48.2001721 ], [ 16.3617818, 48.2001273 ], [ 16.3617448, 48.2001429 ], [ 16.3617195, 48.2001158 ], [ 16.3617567, 48.2000986 ], [ 16.3617107, 48.2000497 ], [ 16.361662, 48.2000725 ], [ 16.3616526, 48.2000619 ], [ 16.3615884, 48.2000889 ], [ 16.3615992, 48.2000997 ], [ 16.3616095, 48.2001103 ], [ 16.3615753, 48.2001254 ], [ 16.3615098, 48.2000593 ], [ 16.361447, 48.2000882 ], [ 16.3614313, 48.2000743 ], [ 16.3613539, 48.200111 ] ], [ [ 16.3615795, 48.2001754 ], [ 16.3616054, 48.2002037 ], [ 16.3615936, 48.2002085 ], [ 16.3615677, 48.2001803 ], [ 16.3615795, 48.2001754 ] ] ] } },
{ "type": "Feature", "properties": { "Hofname": "Kaunitzgasse 15-17", "clean_address": "1060 Wien, Kaunitzgasse", "Wohnungen": 29, "Lokale": 3, "addr_key": "1060 wien, kaunitzgasse" }, "geometry": { "type": "Point", "coordinates": [ 16.354098, 48.197022 ] } },
{ "type": "Feature", "properties": { "Hofname": "Stumpergasse 42", "clean_address": "1060 Wien, Stumpergasse", "Wohnungen": 30, "Lokale": 6, "addr_key": "1060 wien, stumpergasse" }, "geometry": { "type": "Point", "coordinates": [ 16.3460033, 48.1924825 ] } },
{ "type": "Feature", "properties": { "Hofname": "Millergasse 23", "clean_address": "1060 Wien, Millergasse", "Wohnungen": 22, "Lokale": 0, "addr_key": "1060 wien, millergasse" }, "geometry": { "type": "Polygon", "coordinates": [ [ [ 16.3426492, 48.1940076 ], [ 16.3427462, 48.1938866 ], [ 16.3428842, 48.1939551 ], [ 16.3428538, 48.1939907 ], [ 16.3428758, 48.1940003 ], [ 16.3428825, 48.1940149 ], [ 16.3428715, 48.1940307 ], [ 16.342853, 48.1940347 ], [ 16.3428437, 48.1940307 ], [ 16.3428352, 48.1940409 ], [ 16.34282, 48.1940364 ], [ 16.3427863, 48.1940761 ], [ 16.3426492, 48.1940076 ] ] ] } },
{ "type": "Feature", "properties": { "Hofname": "Stumpergasse 16", "clean_address": "1060 Wien, Stumpergasse", "Wohnungen": 53, "Lokale": 4, "addr_key": "1060 wien, stumpergasse" }, "geometry": { "type": "Point", "coordinates": [ 16.3460033, 48.1924825 ] } },
{ "type": "Feature", "properties": { "Hofname": "Brauergasse 4", "clean_address": "1060 Wien, Brauergasse", "Wohnungen": 10, "Lokale": 0, "addr_key": "1060 wien, brauergasse" }, "geometry": { "type": "Point", "coordinates": [ 16.3505569, 48.1951058 ] } },
{ "type": "Feature", "properties": { "Hofname": "Meravigliagasse 8", "clean_address": "1060 Wien, Meravigliagasse", "Wohnungen": 14, "Lokale": 0, "addr_key": "1060 wien, meravigliagasse" }, "geometry": { "type": "Point", "coordinates": [ 16.3399153, 48.1900809 ] } },
{ "type": "Feature", "properties": { "Hofname": "Malva-Schalek-Hof", "clean_address": "1060 Wien, Dürergasse", "Wohnungen": 15, "Lokale": 0, "addr_key": "1060 wien, dürergasse" }, "geometry": { "type": "Point", "coordinates": [ 16.3551392, 48.1969532 ] } },
{ "type": "Feature", "properties": { "Hofname": "Linke Wienzeile 132", "clean_address": "1060 Wien, Linke Wienzeile", "Wohnungen": 26, "Lokale": 1, "addr_key": "1060 wien, linke wienzeile" }, "geometry": { "type": "Point", "coordinates": [ 16.362776, 48.1986281 ] } },
{ "type": "Feature", "properties": { "Hofname": "Millergasse 39", "clean_address": "1060 Wien, Millergasse", "Wohnungen": 22, "Lokale": 1, "addr_key": "1060 wien, millergasse" }, "geometry": { "type": "Polygon", "coordinates": [ [ [ 16.3426492, 48.1940076 ], [ 16.3427462, 48.1938866 ], [ 16.3428842, 48.1939551 ], [ 16.3428538, 48.1939907 ], [ 16.3428758, 48.1940003 ], [ 16.3428825, 48.1940149 ], [ 16.3428715, 48.1940307 ], [ 16.342853, 48.1940347 ], [ 16.3428437, 48.1940307 ], [ 16.3428352, 48.1940409 ], [ 16.34282, 48.1940364 ], [ 16.3427863, 48.1940761 ], [ 16.3426492, 48.1940076 ] ] ] } },
{ "type": "Feature", "properties": { "Hofname": "Marchettigasse 16", "clean_address": "1060 Wien, Marchettigasse", "Wohnungen": 19, "Lokale": 0, "addr_key": "1060 wien, marchettigasse" }, "geometry": { "type": "Point", "coordinates": [ 16.3502983, 48.1919159 ] } },
{ "type": "Feature", "properties": { "Hofname": "Liniengasse 27", "clean_address": "1060 Wien, Liniengasse", "Wohnungen": 22, "Lokale": 0, "addr_key": "1060 wien, liniengasse" }, "geometry": { "type": "Polygon", "coordinates": [ [ [ 16.3417013, 48.1914445 ], [ 16.3416539, 48.1915313 ], [ 16.3420959, 48.1916245 ], [ 16.3421483, 48.191525 ], [ 16.3421144, 48.1915176 ], [ 16.3421652, 48.1914061 ], [ 16.3420071, 48.191374 ], [ 16.341994, 48.1913713 ], [ 16.3419352, 48.1914936 ], [ 16.3417013, 48.1914445 ] ] ] } },
{ "type": "Feature", "properties": { "Hofname": "Corneliusgasse 1", "clean_address": "1060 Wien, Corneliusgasse", "Wohnungen": 43, "Lokale": 4, "addr_key": "1060 wien, corneliusgasse" }, "geometry": { "type": "Point", "coordinates": [ 16.3519446, 48.1962763 ] } },
{ "type": "Feature", "properties": { "Hofname": "Wallgasse 13", "clean_address": "1060 Wien, Wallgasse", "Wohnungen": 28, "Lokale": 1, "addr_key": "1060 wien, wallgasse" }, "geometry": { "type": "Polygon", "coordinates": [ [ [ 16.3392882, 48.1920069 ], [ 16.3392126, 48.1917899 ], [ 16.3390173, 48.191817 ], [ 16.3390263, 48.1919307 ], [ 16.338951, 48.1919418 ], [ 16.3389279, 48.1918815 ], [ 16.3388618, 48.1918923 ], [ 16.3388435, 48.1919149 ], [ 16.338861, 48.1919632 ], [ 16.3389102, 48.1920018 ], [ 16.3389192, 48.1920314 ], [ 16.3388717, 48.1920381 ], [ 16.3388789, 48.1920691 ], [ 16.3389605, 48.1920566 ], [ 16.3391267, 48.1920313 ], [ 16.3391632, 48.1920258 ], [ 16.3392882, 48.1920069 ] ] ] } },
{ "type": "Feature", "properties": { "Hofname": "Bürgerspitalgasse 7", "clean_address": "1060 Wien, Bürgerspitalgasse", "Wohnungen": 37, "Lokale": 1, "addr_key": "1060 wien, bürgerspitalgasse" }, "geometry": { "type": "Point", "coordinates": [ 16.3428379, 48.1921289 ] } },
{ "type": "Feature", "properties": { "Hofname": "Mittelgasse 1", "clean_address": "1060 Wien, Mittelgasse", "Wohnungen": 30, "Lokale": 6, "addr_key": "1060 wien, mittelgasse" }, "geometry": { "type": "Polygon", "coordinates": [ [ [ 16.340659, 48.1927045 ], [ 16.3409248, 48.1928071 ], [ 16.3410074, 48.1927024 ], [ 16.3411255, 48.1925541 ], [ 16.3408453, 48.1924646 ], [ 16.3408051, 48.1925162 ], [ 16.3407402, 48.1925998 ], [ 16.340659, 48.1927045 ] ], [ [ 16.341028, 48.1925446 ], [ 16.3409867, 48.1925936 ], [ 16.3409634, 48.1925941 ], [ 16.3409015, 48.1925719 ], [ 16.3408993, 48.1925573 ], [ 16.3409346, 48.1925161 ], [ 16.341028, 48.1925446 ] ] ] } },
{ "type": "Feature", "properties": { "Hofname": "Mittelgasse 25", "clean_address": "1060 Wien, Mittelgasse", "Wohnungen": 37, "Lokale": 2, "addr_key": "1060 wien, mittelgasse" }, "geometry": { "type": "Polygon", "coordinates": [ [ [ 16.340659, 48.1927045 ], [ 16.3409248, 48.1928071 ], [ 16.3410074, 48.1927024 ], [ 16.3411255, 48.1925541 ], [ 16.3408453, 48.1924646 ], [ 16.3408051, 48.1925162 ], [ 16.3407402, 48.1925998 ], [ 16.340659, 48.1927045 ] ], [ [ 16.341028, 48.1925446 ], [ 16.3409867, 48.1925936 ], [ 16.3409634, 48.1925941 ], [ 16.3409015, 48.1925719 ], [ 16.3408993, 48.1925573 ], [ 16.3409346, 48.1925161 ], [ 16.341028, 48.1925446 ] ] ] } },
{ "type": "Feature", "properties": { "Hofname": "Bernardgasse 38", "clean_address": "1070 Wien, Bernardgasse", "Wohnungen": 21, "Lokale": 4, "addr_key": "1070 wien, bernardgasse" }, "geometry": { "type": "Point", "coordinates": [ 16.3434458, 48.2066198 ] } },
{ "type": "Feature", "properties": { "Hofname": "Neustiftgasse 143", "clean_address": "1070 Wien, Neustiftgasse", "Wohnungen": 37, "Lokale": 3, "addr_key": "1070 wien, neustiftgasse" }, "geometry": { "type": "Polygon", "coordinates": [ [ [ 16.3498832, 48.205019 ], [ 16.3498825, 48.2050136 ], [ 16.3498772, 48.2050139 ], [ 16.3497959, 48.2050185 ], [ 16.3496865, 48.2050246 ], [ 16.3496907, 48.2050541 ], [ 16.3497023, 48.2051355 ], [ 16.3497565, 48.2051334 ], [ 16.3497582, 48.205149 ], [ 16.349776, 48.2051496 ], [ 16.3497769, 48.2051818 ], [ 16.3497095, 48.2051862 ], [ 16.3497133, 48.2052132 ], [ 16.3497286, 48.2053205 ], [ 16.3499207, 48.2053082 ], [ 16.3499065, 48.2051989 ], [ 16.3498544, 48.2051999 ], [ 16.3498519, 48.2051811 ], [ 16.3498327, 48.2051822 ], [ 16.3498291, 48.2051478 ], [ 16.3498445, 48.2051469 ], [ 16.3498418, 48.2051263 ], [ 16.3498967, 48.2051227 ], [ 16.3498832, 48.205019 ] ] ] } },
{ "type": "Feature", "properties": { "Hofname": "Neustiftgasse 14", "clean_address": "1070 Wien, Neustiftgasse", "Wohnungen": 17, "Lokale": 4, "addr_key": "1070 wien, neustiftgasse" }, "geometry": { "type": "Polygon", "coordinates": [ [ [ 16.3498832, 48.205019 ], [ 16.3498825, 48.2050136 ], [ 16.3498772, 48.2050139 ], [ 16.3497959, 48.2050185 ], [ 16.3496865, 48.2050246 ], [ 16.3496907, 48.2050541 ], [ 16.3497023, 48.2051355 ], [ 16.3497565, 48.2051334 ], [ 16.3497582, 48.205149 ], [ 16.349776, 48.2051496 ], [ 16.3497769, 48.2051818 ], [ 16.3497095, 48.2051862 ], [ 16.3497133, 48.2052132 ], [ 16.3497286, 48.2053205 ], [ 16.3499207, 48.2053082 ], [ 16.3499065, 48.2051989 ], [ 16.3498544, 48.2051999 ], [ 16.3498519, 48.2051811 ], [ 16.3498327, 48.2051822 ], [ 16.3498291, 48.2051478 ], [ 16.3498445, 48.2051469 ], [ 16.3498418, 48.2051263 ], [ 16.3498967, 48.2051227 ], [ 16.3498832, 48.205019 ] ] ] } },
{ "type": "Feature", "properties": { "Hofname": "Mondscheingasse 9", "clean_address": "1070 Wien, Mondscheingasse", "Wohnungen": 18, "Lokale": 2, "addr_key": "1070 wien, mondscheingasse" }, "geometry": { "type": "Point", "coordinates": [ 16.349407, 48.2010645 ] } },
{ "type": "Feature", "properties": { "Hofname": "Bernardgasse 10", "clean_address": "1070 Wien, Bernardgasse", "Wohnungen": 10, "Lokale": 1, "addr_key": "1070 wien, bernardgasse" }, "geometry": { "type": "Point", "coordinates": [ 16.3434458, 48.2066198 ] } },
{ "type": "Feature", "properties": { "Hofname": "Neustiftgasse 43", "clean_address": "1070 Wien, Neustiftgasse", "Wohnungen": 35, "Lokale": 4, "addr_key": "1070 wien, neustiftgasse" }, "geometry": { "type": "Polygon", "coordinates": [ [ [ 16.3498832, 48.205019 ], [ 16.3498825, 48.2050136 ], [ 16.3498772, 48.2050139 ], [ 16.3497959, 48.2050185 ], [ 16.3496865, 48.2050246 ], [ 16.3496907, 48.2050541 ], [ 16.3497023, 48.2051355 ], [ 16.3497565, 48.2051334 ], [ 16.3497582, 48.205149 ], [ 16.349776, 48.2051496 ], [ 16.3497769, 48.2051818 ], [ 16.3497095, 48.2051862 ], [ 16.3497133, 48.2052132 ], [ 16.3497286, 48.2053205 ], [ 16.3499207, 48.2053082 ], [ 16.3499065, 48.2051989 ], [ 16.3498544, 48.2051999 ], [ 16.3498519, 48.2051811 ], [ 16.3498327, 48.2051822 ], [ 16.3498291, 48.2051478 ], [ 16.3498445, 48.2051469 ], [ 16.3498418, 48.2051263 ], [ 16.3498967, 48.2051227 ], [ 16.3498832, 48.205019 ] ] ] } },
{ "type": "Feature", "properties": { "Hofname": "Stollgasse 1", "clean_address": "1070 Wien, Stollgasse", "Wohnungen": 96, "Lokale": 2, "addr_key": "1070 wien, stollgasse" }, "geometry": { "type": "Point", "coordinates": [ 16.3428313, 48.1990441 ] } },
{ "type": "Feature", "properties": { "Hofname": "Neustiftgasse 89-91", "clean_address": "1070 Wien, Neustiftgasse", "Wohnungen": 67, "Lokale": 4, "addr_key": "1070 wien, neustiftgasse" }, "geometry": { "type": "Polygon", "coordinates": [ [ [ 16.3498832, 48.205019 ], [ 16.3498825, 48.2050136 ], [ 16.3498772, 48.2050139 ], [ 16.3497959, 48.2050185 ], [ 16.3496865, 48.2050246 ], [ 16.3496907, 48.2050541 ], [ 16.3497023, 48.2051355 ], [ 16.3497565, 48.2051334 ], [ 16.3497582, 48.205149 ], [ 16.349776, 48.2051496 ], [ 16.3497769, 48.2051818 ], [ 16.3497095, 48.2051862 ], [ 16.3497133, 48.2052132 ], [ 16.3497286, 48.2053205 ], [ 16.3499207, 48.2053082 ], [ 16.3499065, 48.2051989 ], [ 16.3498544, 48.2051999 ], [ 16.3498519, 48.2051811 ], [ 16.3498327, 48.2051822 ], [ 16.3498291, 48.2051478 ], [ 16.3498445, 48.2051469 ], [ 16.3498418, 48.2051263 ], [ 16.3498967, 48.2051227 ], [ 16.3498832, 48.205019 ] ] ] } },
{ "type": "Feature", "properties": { "Hofname": "Westbahnstraße 1", "clean_address": "1070 Wien, Westbahnstraße", "Wohnungen": 51, "Lokale": 20, "addr_key": "1070 wien, westbahnstraße" }, "geometry": { "type": "Point", "coordinates": [ 16.343707, 48.2019258 ] } },
{ "type": "Feature", "properties": { "Hofname": "Hermanngasse 9", "clean_address": "1070 Wien, Hermanngasse", "Wohnungen": 26, "Lokale": 5, "addr_key": "1070 wien, hermanngasse" }, "geometry": { "type": "Point", "coordinates": [ 16.3470997, 48.2025743 ] } },
{ "type": "Feature", "properties": { "Hofname": "Lindengasse 57", "clean_address": "1070 Wien, Lindengasse", "Wohnungen": 25, "Lokale": 5, "addr_key": "1070 wien, lindengasse" }, "geometry": { "type": "Point", "coordinates": [ 16.3504943, 48.2001801 ] } },
{ "type": "Feature", "properties": { "Hofname": "Badhausgasse 5-7", "clean_address": "1070 Wien, Badhausgasse", "Wohnungen": 20, "Lokale": 1, "addr_key": "1070 wien, badhausgasse" }, "geometry": { "type": "Point", "coordinates": [ 16.3442538, 48.2071943 ] } },
{ "type": "Feature", "properties": { "Hofname": "Lerchenfelder Straße 33", "clean_address": "1070 Wien, Lerchenfelder Straße", "Wohnungen": 14, "Lokale": 1, "addr_key": "1070 wien, lerchenfelder straße" }, "geometry": { "type": "Point", "coordinates": [ 16.3543259, 48.2068054 ] } },
{ "type": "Feature", "properties": { "Hofname": "Schottenfeldgasse 37", "clean_address": "1070 Wien, Schottenfeldgasse", "Wohnungen": 19, "Lokale": 0, "addr_key": "1070 wien, schottenfeldgasse" }, "geometry": { "type": "Polygon", "coordinates": [ [ [ 16.3438836, 48.1970834 ], [ 16.3438678, 48.1971162 ], [ 16.3438135, 48.1971046 ], [ 16.3438293, 48.1970718 ], [ 16.3436785, 48.1970396 ], [ 16.3436515, 48.1970978 ], [ 16.3437523, 48.1971207 ], [ 16.3437452, 48.1971338 ], [ 16.3437515, 48.1971352 ], [ 16.3437379, 48.1971603 ], [ 16.3437205, 48.1971648 ], [ 16.3437029, 48.1971973 ], [ 16.3437117, 48.1972085 ], [ 16.3436853, 48.1972572 ], [ 16.3435872, 48.1972361 ], [ 16.3435578, 48.1972994 ], [ 16.3436827, 48.1973201 ], [ 16.3436947, 48.1973221 ], [ 16.3437104, 48.1972867 ], [ 16.3437678, 48.1972961 ], [ 16.343752, 48.1973316 ], [ 16.3438812, 48.1973529 ], [ 16.3440043, 48.1971091 ], [ 16.3438836, 48.1970834 ] ], [ [ 16.3438059, 48.1972212 ], [ 16.3438276, 48.1972259 ], [ 16.3438227, 48.1972359 ], [ 16.3438011, 48.1972312 ], [ 16.3438059, 48.1972212 ] ] ] } },
{ "type": "Feature", "properties": { "Hofname": "Feldgasse 19", "clean_address": "1080 Wien, Feldgasse", "Wohnungen": 16, "Lokale": 2, "addr_key": "1080 wien, feldgasse" }, "geometry": { "type": "Polygon", "coordinates": [ [ [ 16.2528847, 48.1347302 ], [ 16.2531011, 48.134715 ], [ 16.2530913, 48.1346533 ], [ 16.252875, 48.1346685 ], [ 16.2528847, 48.1347302 ] ] ] } },
{ "type": "Feature", "properties": { "Hofname": "Kochgasse 25", "clean_address": "1080 Wien, Kochgasse", "Wohnungen": 35, "Lokale": 2, "addr_key": "1080 wien, kochgasse" }, "geometry": { "type": "Point", "coordinates": [ 16.3493851, 48.2134952 ] } },
{ "type": "Feature", "properties": { "Hofname": "Albertplatz 7", "clean_address": "1080 Wien, Albertplatz", "Wohnungen": 52, "Lokale": 2, "addr_key": "1080 wien, albertplatz" }, "geometry": { "type": "Point", "coordinates": [ 16.344234, 48.2139147 ] } },
{ "type": "Feature", "properties": { "Hofname": "Pfeilgasse 10-12", "clean_address": "1080 Wien, Pfeilgasse", "Wohnungen": 60, "Lokale": 7, "addr_key": "1080 wien, pfeilgasse" }, "geometry": { "type": "Point", "coordinates": [ 16.3475406, 48.2084283 ] } },
{ "type": "Feature", "properties": { "Hofname": "Neudeggergasse 12", "clean_address": "1080 Wien, Neudeggergasse", "Wohnungen": 21, "Lokale": 0, "addr_key": "1080 wien, neudeggergasse" }, "geometry": { "type": "Point", "coordinates": [ 16.3519272, 48.2071031 ] } },
{ "type": "Feature", "properties": { "Hofname": "Rögergasse 6", "clean_address": "1090 Wien, Rögergasse", "Wohnungen": 42, "Lokale": 12, "addr_key": "1090 wien, rögergasse" }, "geometry": { "type": "Point", "coordinates": [ 16.3661721, 48.2223684 ] } },
{ "type": "Feature", "properties": { "Hofname": "Leon-Askin-Hof", "clean_address": "1090 Wien, Sechsschimmelgasse", "Wohnungen": 27, "Lokale": 2, "addr_key": "1090 wien, sechsschimmelgasse" }, "geometry": { "type": "Point", "coordinates": [ 16.3531571, 48.2252684 ] } },
{ "type": "Feature", "properties": { "Hofname": "Marktgasse 45", "clean_address": "1090 Wien, Marktgasse", "Wohnungen": 32, "Lokale": 4, "addr_key": "1090 wien, marktgasse" }, "geometry": { "type": "Point", "coordinates": [ 16.3584137, 48.2251724 ] } },
{ "type": "Feature", "properties": { "Hofname": "Müllnergasse 20", "clean_address": "1090 Wien, Müllnergasse", "Wohnungen": 22, "Lokale": 2, "addr_key": "1090 wien, müllnergasse" }, "geometry": { "type": "Point", "coordinates": [ 16.362895, 48.2202455 ] } },
{ "type": "Feature", "properties": { "Hofname": "Hernalser Gürtel 26", "clean_address": "1090 Wien, Hernalser Gürtel", "Wohnungen": 47, "Lokale": 7, "addr_key": "1090 wien, hernalser gürtel" }, "geometry": { "type": "Point", "coordinates": [ 16.3413809, 48.2171156 ] } },
{ "type": "Feature", "properties": { "Hofname": "Pramergasse 30", "clean_address": "1090 Wien, Pramergasse", "Wohnungen": 88, "Lokale": 8, "addr_key": "1090 wien, pramergasse" }, "geometry": { "type": "Point", "coordinates": [ 16.36402, 48.2219648 ] } },
{ "type": "Feature", "properties": { "Hofname": "Wiesengasse 32", "clean_address": "1090 Wien, Wiesengasse", "Wohnungen": 39, "Lokale": 8, "addr_key": "1090 wien, wiesengasse" }, "geometry": { "type": "Point", "coordinates": [ 16.2267743, 48.2104684 ] } },
{ "type": "Feature", "properties": { "Hofname": "Marktgasse 15-17", "clean_address": "1090 Wien, Marktgasse", "Wohnungen": 8, "Lokale": 3, "addr_key": "1090 wien, marktgasse" }, "geometry": { "type": "Point", "coordinates": [ 16.3584137, 48.2251724 ] } },
{ "type": "Feature", "properties": { "Hofname": "Salzergasse 12", "clean_address": "1090 Wien, Salzergasse", "Wohnungen": 9, "Lokale": 3, "addr_key": "1090 wien, salzergasse" }, "geometry": { "type": "Point", "coordinates": [ 16.3571536, 48.2264881 ] } },
{ "type": "Feature", "properties": { "Hofname": "Rufgasse 4", "clean_address": "1090 Wien, Rufgasse", "Wohnungen": 42, "Lokale": 6, "addr_key": "1090 wien, rufgasse" }, "geometry": { "type": "Point", "coordinates": [ 16.3546593, 48.2299996 ] } },
{ "type": "Feature", "properties": { "Hofname": "Nußdorfer Straße 13", "clean_address": "1090 Wien, Nußdorfer Straße", "Wohnungen": 16, "Lokale": 3, "addr_key": "1090 wien, nußdorfer straße" }, "geometry": { "type": "Point", "coordinates": [ 16.3540539, 48.2305792 ] } },
{ "type": "Feature", "properties": { "Hofname": "Reznicekgasse 18-22", "clean_address": "1090 Wien, Reznicekgasse", "Wohnungen": 55, "Lokale": 7, "addr_key": "1090 wien, reznicekgasse" }, "geometry": { "type": "Point", "coordinates": [ 16.3563957, 48.2282248 ] } },
{ "type": "Feature", "properties": { "Hofname": "Galileigasse 6", "clean_address": "1090 Wien, Galileigasse", "Wohnungen": 27, "Lokale": 2, "addr_key": "1090 wien, galileigasse" }, "geometry": { "type": "Point", "coordinates": [ 16.3537057, 48.2254052 ] } },
{ "type": "Feature", "properties": { "Hofname": "Salzergasse 19", "clean_address": "1090 Wien, Salzergasse", "Wohnungen": 12, "Lokale": 4, "addr_key": "1090 wien, salzergasse" }, "geometry": { "type": "Point", "coordinates": [ 16.3571536, 48.2264881 ] } },
{ "type": "Feature", "properties": { "Hofname": "Salzergasse 14", "clean_address": "1090 Wien, Salzergasse", "Wohnungen": 12, "Lokale": 0, "addr_key": "1090 wien, salzergasse" }, "geometry": { "type": "Point", "coordinates": [ 16.3571536, 48.2264881 ] } },
{ "type": "Feature", "properties": { "Hofname": "Liechtensteinstraße 131-133", "clean_address": "1090 Wien, Liechtensteinstraße", "Wohnungen": 30, "Lokale": 3, "addr_key": "1090 wien, liechtensteinstraße" }, "geometry": { "type": "Point", "coordinates": [ 16.3624974, 48.2169074 ] } },
{ "type": "Feature", "properties": { "Hofname": "Badgasse 10", "clean_address": "1090 Wien, Badgasse", "Wohnungen": 26, "Lokale": 1, "addr_key": "1090 wien, badgasse" }, "geometry": { "type": "Point", "coordinates": [ 16.2247326, 48.2097054 ] } },
{ "type": "Feature", "properties": { "Hofname": "Wiesengasse 19-21", "clean_address": "1090 Wien, Wiesengasse", "Wohnungen": 21, "Lokale": 0, "addr_key": "1090 wien, wiesengasse" }, "geometry": { "type": "Point", "coordinates": [ 16.2267743, 48.2104684 ] } },
{ "type": "Feature", "properties": { "Hofname": "Thurygasse 6", "clean_address": "1090 Wien, Thurygasse", "Wohnungen": 11, "Lokale": 0, "addr_key": "1090 wien, thurygasse" }, "geometry": { "type": "Point", "coordinates": [ 16.3573407, 48.2253081 ] } },
{ "type": "Feature", "properties": { "Hofname": "Marktgasse 9-13", "clean_address": "1090 Wien, Marktgasse", "Wohnungen": 23, "Lokale": 3, "addr_key": "1090 wien, marktgasse" }, "geometry": { "type": "Point", "coordinates": [ 16.3584137, 48.2251724 ] } },
{ "type": "Feature", "properties": { "Hofname": "Liechtensteinstraße 120", "clean_address": "1090 Wien, Liechtensteinstraße", "Wohnungen": 10, "Lokale": 1, "addr_key": "1090 wien, liechtensteinstraße" }, "geometry": { "type": "Point", "coordinates": [ 16.3624974, 48.2169074 ] } },
{ "type": "Feature", "properties": { "Hofname": "Althanstraße 11-13", "clean_address": "1090 Wien, Althanstraße", "Wohnungen": 55, "Lokale": 5, "addr_key": "1090 wien, althanstraße" }, "geometry": { "type": "Point", "coordinates": [ 16.3602073, 48.2278104 ] } },
{ "type": "Feature", "properties": { "Hofname": "Althanstraße 27", "clean_address": "1090 Wien, Althanstraße", "Wohnungen": 17, "Lokale": 2, "addr_key": "1090 wien, althanstraße" }, "geometry": { "type": "Point", "coordinates": [ 16.3602073, 48.2278104 ] } },
{ "type": "Feature", "properties": { "Hofname": "Friedl-Dicker-Brandeis-Hof", "clean_address": "1090 Wien, Althanstraße", "Wohnungen": 17, "Lokale": 1, "addr_key": "1090 wien, althanstraße" }, "geometry": { "type": "Point", "coordinates": [ 16.3602073, 48.2278104 ] } },
{ "type": "Feature", "properties": { "Hofname": "Höfergasse 9-11", "clean_address": "1090 Wien, Höfergasse", "Wohnungen": 26, "Lokale": 0, "addr_key": "1090 wien, höfergasse" }, "geometry": { "type": "Point", "coordinates": [ 16.3496459, 48.2161275 ] } },
{ "type": "Feature", "properties": { "Hofname": "Lichtentaler Gasse 11-13", "clean_address": "1090 Wien, Lichtentaler Gasse", "Wohnungen": 29, "Lokale": 1, "addr_key": "1090 wien, lichtentaler gasse" }, "geometry": { "type": "Point", "coordinates": [ 16.3576261, 48.2270764 ] } },
{ "type": "Feature", "properties": { "Hofname": "Lazarettgasse 13a", "clean_address": "1090 Wien, Lazarettgasse", "Wohnungen": 20, "Lokale": 2, "addr_key": "1090 wien, lazarettgasse" }, "geometry": { "type": "Point", "coordinates": [ 16.3427092, 48.2172528 ] } },
{ "type": "Feature", "properties": { "Hofname": "Althanstraße 29-31", "clean_address": "1090 Wien, Althanstraße", "Wohnungen": 27, "Lokale": 2, "addr_key": "1090 wien, althanstraße" }, "geometry": { "type": "Point", "coordinates": [ 16.3602073, 48.2278104 ] } },
{ "type": "Feature", "properties": { "Hofname": "Simon-Denk-Gasse 4-6", "clean_address": "1090 Wien, Simon-Denk-Gasse", "Wohnungen": 32, "Lokale": 1, "addr_key": "1090 wien, simon-denk-gasse" }, "geometry": { "type": "Point", "coordinates": [ 16.3594929, 48.2261069 ] } },
{ "type": "Feature", "properties": { "Hofname": "Marktgasse 37-39", "clean_address": "1090 Wien, Marktgasse", "Wohnungen": 31, "Lokale": 4, "addr_key": "1090 wien, marktgasse" }, "geometry": { "type": "Point", "coordinates": [ 16.3584137, 48.2251724 ] } },
{ "type": "Feature", "properties": { "Hofname": "Pulverturmgasse 4", "clean_address": "1090 Wien, Pulverturmgasse", "Wohnungen": 51, "Lokale": 2, "addr_key": "1090 wien, pulverturmgasse" }, "geometry": { "type": "Polygon", "coordinates": [ [ [ 16.3521914, 48.2289583 ], [ 16.3524638, 48.228968 ], [ 16.3524727, 48.2288568 ], [ 16.3524746, 48.2288331 ], [ 16.3524774, 48.2287975 ], [ 16.3523831, 48.2287942 ], [ 16.3523798, 48.2288346 ], [ 16.3522968, 48.2288316 ], [ 16.3523001, 48.2287908 ], [ 16.3522051, 48.2287874 ], [ 16.3522004, 48.228846 ], [ 16.3521914, 48.2289583 ] ] ] } },
{ "type": "Feature", "properties": { "Hofname": "Karl-Schmiedbauer-Hof", "clean_address": "1090 Wien, Lichtentaler Gasse", "Wohnungen": 22, "Lokale": 3, "addr_key": "1090 wien, lichtentaler gasse" }, "geometry": { "type": "Point", "coordinates": [ 16.3576261, 48.2270764 ] } },
{ "type": "Feature", "properties": { "Hofname": "Marktgasse 19", "clean_address": "1090 Wien, Marktgasse", "Wohnungen": 12, "Lokale": 0, "addr_key": "1090 wien, marktgasse" }, "geometry": { "type": "Point", "coordinates": [ 16.3584137, 48.2251724 ] } },
{ "type": "Feature", "properties": { "Hofname": "Liechtensteinstraße 93", "clean_address": "1090 Wien, Liechtensteinstraße", "Wohnungen": 22, "Lokale": 3, "addr_key": "1090 wien, liechtensteinstraße" }, "geometry": { "type": "Point", "coordinates": [ 16.3624974, 48.2169074 ] } },
{ "type": "Feature", "properties": { "Hofname": "Liechtensteinstraße 101", "clean_address": "1090 Wien, Liechtensteinstraße", "Wohnungen": 11, "Lokale": 3, "addr_key": "1090 wien, liechtensteinstraße" }, "geometry": { "type": "Point", "coordinates": [ 16.3624974, 48.2169074 ] } },
{ "type": "Feature", "properties": { "Hofname": "Salzergasse 21", "clean_address": "1090 Wien, Salzergasse", "Wohnungen": 14, "Lokale": 1, "addr_key": "1090 wien, salzergasse" }, "geometry": { "type": "Point", "coordinates": [ 16.3571536, 48.2264881 ] } },
{ "type": "Feature", "properties": { "Hofname": "Ingrid-Smejkal-Hof", "clean_address": "1090 Wien, Lichtentaler Gasse", "Wohnungen": 48, "Lokale": 4, "addr_key": "1090 wien, lichtentaler gasse" }, "geometry": { "type": "Point", "coordinates": [ 16.3576261, 48.2270764 ] } },
{ "type": "Feature", "properties": { "Hofname": "Salzergasse 29-31", "clean_address": "1090 Wien, Salzergasse", "Wohnungen": 28, "Lokale": 2, "addr_key": "1090 wien, salzergasse" }, "geometry": { "type": "Point", "coordinates": [ 16.3571536, 48.2264881 ] } },
{ "type": "Feature", "properties": { "Hofname": "Salzergasse 42", "clean_address": "1090 Wien, Salzergasse", "Wohnungen": 0, "Lokale": 0, "addr_key": "1090 wien, salzergasse" }, "geometry": { "type": "Point", "coordinates": [ 16.3571536, 48.2264881 ] } },
{ "type": "Feature", "properties": { "Hofname": "Liechtensteinstraße 137", "clean_address": "1090 Wien, Liechtensteinstraße", "Wohnungen": 28, "Lokale": 0, "addr_key": "1090 wien, liechtensteinstraße" }, "geometry": { "type": "Point", "coordinates": [ 16.3624974, 48.2169074 ] } },
{ "type": "Feature", "properties": { "Hofname": "Säulengasse 18", "clean_address": "1090 Wien, Säulengasse", "Wohnungen": 1, "Lokale": 1, "addr_key": "1090 wien, säulengasse" }, "geometry": { "type": "Point", "coordinates": [ 16.3540415, 48.2266273 ] } },
{ "type": "Feature", "properties": { "Hofname": "Lazarettgasse 17", "clean_address": "1090 Wien, Lazarettgasse", "Wohnungen": 30, "Lokale": 3, "addr_key": "1090 wien, lazarettgasse" }, "geometry": { "type": "Point", "coordinates": [ 16.3427092, 48.2172528 ] } },
{ "type": "Feature", "properties": { "Hofname": "Herzgasse 76", "clean_address": "1100 Wien, Herzgasse", "Wohnungen": 21, "Lokale": 1, "addr_key": "1100 wien, herzgasse" }, "geometry": { "type": "Point", "coordinates": [ 16.3668113, 48.1755552 ] } },
{ "type": "Feature", "properties": { "Hofname": "Gellertgasse 21", "clean_address": "1100 Wien, Gellertgasse", "Wohnungen": 85, "Lokale": 8, "addr_key": "1100 wien, gellertgasse" }, "geometry": { "type": "Point", "coordinates": [ 16.3804972, 48.1717667 ] } },
{ "type": "Feature", "properties": { "Hofname": "Bürgergasse 10", "clean_address": "1100 Wien, Bürgergasse", "Wohnungen": 12, "Lokale": 0, "addr_key": "1100 wien, bürgergasse" }, "geometry": { "type": "Polygon", "coordinates": [ [ [ 16.3796207, 48.1733397 ], [ 16.3796306, 48.1733372 ], [ 16.3796348, 48.1733333 ], [ 16.3796495, 48.1733392 ], [ 16.3796811, 48.1733062 ], [ 16.3796656, 48.1732999 ], [ 16.3796945, 48.1732699 ], [ 16.3797088, 48.173266 ], [ 16.3797711, 48.1732937 ], [ 16.3798228, 48.1732525 ], [ 16.3797797, 48.1732348 ], [ 16.3797421, 48.1732194 ], [ 16.379602, 48.1731609 ], [ 16.379488, 48.1732818 ], [ 16.3796207, 48.1733397 ] ] ] } },
{ "type": "Feature", "properties": { "Hofname": "Mundygasse 12", "clean_address": "1100 Wien, Mundygasse", "Wohnungen": 39, "Lokale": 0, "addr_key": "1100 wien, mundygasse" }, "geometry": { "type": "Polygon", "coordinates": [ [ [ 16.3837166, 48.1757666 ], [ 16.3836917, 48.1756928 ], [ 16.3836737, 48.1756954 ], [ 16.3836555, 48.1756862 ], [ 16.3836467, 48.175657 ], [ 16.3836752, 48.1756529 ], [ 16.3836591, 48.1756005 ], [ 16.3838034, 48.1755773 ], [ 16.3838362, 48.175676 ], [ 16.3838603, 48.1757466 ], [ 16.3837166, 48.1757666 ] ] ] } },
{ "type": "Feature", "properties": { "Hofname": "Steudelgasse 18", "clean_address": "1100 Wien, Steudelgasse", "Wohnungen": 35, "Lokale": 0, "addr_key": "1100 wien, steudelgasse" }, "geometry": { "type": "Point", "coordinates": [ 16.3844571, 48.1744918 ] } },
{ "type": "Feature", "properties": { "Hofname": "Kennergasse 10", "clean_address": "1100 Wien, Kennergasse", "Wohnungen": 162, "Lokale": 8, "addr_key": "1100 wien, kennergasse" }, "geometry": { "type": "Point", "coordinates": [ 16.380084, 48.1705311 ] } },
{ "type": "Feature", "properties": { "Hofname": "Troststraße 64-66", "clean_address": "1100 Wien, Troststraße", "Wohnungen": 121, "Lokale": 5, "addr_key": "1100 wien, troststraße" }, "geometry": { "type": "Point", "coordinates": [ 16.366119, 48.1696293 ] } },
{ "type": "Feature", "properties": { "Hofname": "Van-der-Nüll-Gasse 82-86", "clean_address": "1100 Wien, Van-der-Nüll-Gasse", "Wohnungen": 135, "Lokale": 9, "addr_key": "1100 wien, van-der-nüll-gasse" }, "geometry": { "type": "Point", "coordinates": [ 16.3696738, 48.1796258 ] } },
{ "type": "Feature", "properties": { "Hofname": "Bürgergasse 22", "clean_address": "1100 Wien, Bürgergasse", "Wohnungen": 116, "Lokale": 8, "addr_key": "1100 wien, bürgergasse" }, "geometry": { "type": "Polygon", "coordinates": [ [ [ 16.3796207, 48.1733397 ], [ 16.3796306, 48.1733372 ], [ 16.3796348, 48.1733333 ], [ 16.3796495, 48.1733392 ], [ 16.3796811, 48.1733062 ], [ 16.3796656, 48.1732999 ], [ 16.3796945, 48.1732699 ], [ 16.3797088, 48.173266 ], [ 16.3797711, 48.1732937 ], [ 16.3798228, 48.1732525 ], [ 16.3797797, 48.1732348 ], [ 16.3797421, 48.1732194 ], [ 16.379602, 48.1731609 ], [ 16.379488, 48.1732818 ], [ 16.3796207, 48.1733397 ] ] ] } },
{ "type": "Feature", "properties": { "Hofname": "Friesenplatz 1-2", "clean_address": "1100 Wien, Friesenplatz", "Wohnungen": 178, "Lokale": 13, "addr_key": "1100 wien, friesenplatz" }, "geometry": { "type": "Point", "coordinates": [ 16.3627544, 48.171774 ] } },
{ "type": "Feature", "properties": { "Hofname": "Bürgergasse 17-19", "clean_address": "1100 Wien, Bürgergasse", "Wohnungen": 199, "Lokale": 12, "addr_key": "1100 wien, bürgergasse" }, "geometry": { "type": "Polygon", "coordinates": [ [ [ 16.3796207, 48.1733397 ], [ 16.3796306, 48.1733372 ], [ 16.3796348, 48.1733333 ], [ 16.3796495, 48.1733392 ], [ 16.3796811, 48.1733062 ], [ 16.3796656, 48.1732999 ], [ 16.3796945, 48.1732699 ], [ 16.3797088, 48.173266 ], [ 16.3797711, 48.1732937 ], [ 16.3798228, 48.1732525 ], [ 16.3797797, 48.1732348 ], [ 16.3797421, 48.1732194 ], [ 16.379602, 48.1731609 ], [ 16.379488, 48.1732818 ], [ 16.3796207, 48.1733397 ] ] ] } },
{ "type": "Feature", "properties": { "Hofname": "Hasengasse 35-41", "clean_address": "1100 Wien, Hasengasse", "Wohnungen": 171, "Lokale": 5, "addr_key": "1100 wien, hasengasse" }, "geometry": { "type": "Point", "coordinates": [ 16.3734502, 48.1793601 ] } },
{ "type": "Feature", "properties": { "Hofname": "Friedrich-Knauer-Gasse 2-4", "clean_address": "1100 Wien, Friedrich-Knauer-Gasse", "Wohnungen": 56, "Lokale": 1, "addr_key": "1100 wien, friedrich-knauer-gasse" }, "geometry": { "type": "Point", "coordinates": [ 16.3805311, 48.1703279 ] } },
{ "type": "Feature", "properties": { "Hofname": "Friedrich-Knauer-Gasse 6-8", "clean_address": "1100 Wien, Friedrich-Knauer-Gasse", "Wohnungen": 89, "Lokale": 0, "addr_key": "1100 wien, friedrich-knauer-gasse" }, "geometry": { "type": "Point", "coordinates": [ 16.3805311, 48.1703279 ] } },
{ "type": "Feature", "properties": { "Hofname": "Puchsbaumgasse 11-13", "clean_address": "1100 Wien, Puchsbaumgasse", "Wohnungen": 29, "Lokale": 0, "addr_key": "1100 wien, puchsbaumgasse" }, "geometry": { "type": "Point", "coordinates": [ 16.39045, 48.1719467 ] } },
{ "type": "Feature", "properties": { "Hofname": "Alxingergasse 97-103", "clean_address": "1100 Wien, Alxingergasse", "Wohnungen": 92, "Lokale": 2, "addr_key": "1100 wien, alxingergasse" }, "geometry": { "type": "Point", "coordinates": [ 16.3681573, 48.1758205 ] } },
{ "type": "Feature", "properties": { "Hofname": "Puchsbaumplatz 14", "clean_address": "1100 Wien, Puchsbaumplatz", "Wohnungen": 11, "Lokale": 0, "addr_key": "1100 wien, puchsbaumplatz" }, "geometry": { "type": "Point", "coordinates": [ 16.3865438, 48.172868 ] } },
{ "type": "Feature", "properties": { "Hofname": "Triester Straße 75-77", "clean_address": "1100 Wien, Triester Straße", "Wohnungen": 44, "Lokale": 3, "addr_key": "1100 wien, triester straße" }, "geometry": { "type": "Polygon", "coordinates": [ [ [ 16.3581927, 48.1784195 ], [ 16.358077, 48.1782995 ], [ 16.3582181, 48.1782388 ], [ 16.3582643, 48.1782843 ], [ 16.3583035, 48.1782666 ], [ 16.3582589, 48.1782209 ], [ 16.3583861, 48.1781658 ], [ 16.3585006, 48.1782835 ], [ 16.3584493, 48.1783061 ], [ 16.3583336, 48.1783572 ], [ 16.3581927, 48.1784195 ] ] ] } },
{ "type": "Feature", "properties": { "Hofname": "Angeligasse 78-80", "clean_address": "1100 Wien, Angeligasse", "Wohnungen": 90, "Lokale": 6, "addr_key": "1100 wien, angeligasse" }, "geometry": { "type": "Point", "coordinates": [ 16.3728514, 48.1703571 ] } },
{ "type": "Feature", "properties": { "Hofname": "Margarethe-Hilferding-Hof", "clean_address": "1100 Wien, Leebgasse", "Wohnungen": 107, "Lokale": 3, "addr_key": "1100 wien, leebgasse" }, "geometry": { "type": "Point", "coordinates": [ 16.369767, 48.17614 ] } },
{ "type": "Feature", "properties": { "Hofname": "Bernhardtstalgasse 38", "clean_address": "1100 Wien, Bernhardtstalgasse", "Wohnungen": 102, "Lokale": 11, "addr_key": "1100 wien, bernhardtstalgasse" }, "geometry": { "type": "Point", "coordinates": [ 16.3619929, 48.1758569 ] } },
{ "type": "Feature", "properties": { "Hofname": "Schrankenberggasse 22", "clean_address": "1100 Wien, Schrankenberggasse", "Wohnungen": 12, "Lokale": 1, "addr_key": "1100 wien, schrankenberggasse" }, "geometry": { "type": "Point", "coordinates": [ 16.3887927, 48.1737478 ] } },
{ "type": "Feature", "properties": { "Hofname": "Triester Straße 51-53", "clean_address": "1100 Wien, Triester Straße", "Wohnungen": 37, "Lokale": 1, "addr_key": "1100 wien, triester straße" }, "geometry": { "type": "Polygon", "coordinates": [ [ [ 16.3581927, 48.1784195 ], [ 16.358077, 48.1782995 ], [ 16.3582181, 48.1782388 ], [ 16.3582643, 48.1782843 ], [ 16.3583035, 48.1782666 ], [ 16.3582589, 48.1782209 ], [ 16.3583861, 48.1781658 ], [ 16.3585006, 48.1782835 ], [ 16.3584493, 48.1783061 ], [ 16.3583336, 48.1783572 ], [ 16.3581927, 48.1784195 ] ] ] } },
{ "type": "Feature", "properties": { "Hofname": "Kudlichgasse 26-28", "clean_address": "1100 Wien, Kudlichgasse", "Wohnungen": 32, "Lokale": 1, "addr_key": "1100 wien, kudlichgasse" }, "geometry": { "type": "Point", "coordinates": [ 16.3886509, 48.1713704 ] } },
{ "type": "Feature", "properties": { "Hofname": "Eschenallee 1-9", "clean_address": "1100 Wien, Eschenallee", "Wohnungen": 108, "Lokale": 1, "addr_key": "1100 wien, eschenallee" }, "geometry": { "type": "Polygon", "coordinates": [ [ [ 16.3484509, 48.1710422 ], [ 16.3483461, 48.1710727 ], [ 16.3482438, 48.1711024 ], [ 16.3482972, 48.1711874 ], [ 16.3485065, 48.1711281 ], [ 16.3484509, 48.1710422 ] ] ] } },
{ "type": "Feature", "properties": { "Hofname": "Laxenburger Straße 92", "clean_address": "1100 Wien, Laxenburger Straße", "Wohnungen": 67, "Lokale": 0, "addr_key": "1100 wien, laxenburger straße" }, "geometry": { "type": "Point", "coordinates": [ 16.3735576, 48.1818826 ] } },
{ "type": "Feature", "properties": { "Hofname": "Grenzackerstraße 7-11", "clean_address": "1100 Wien, Grenzackerstraße", "Wohnungen": 246, "Lokale": 53, "addr_key": "1100 wien, grenzackerstraße" }, "geometry": { "type": "Polygon", "coordinates": [ [ [ 16.3733886, 48.1650936 ], [ 16.3735138, 48.1653186 ], [ 16.3737416, 48.1652632 ], [ 16.373615, 48.1650396 ], [ 16.3737673, 48.1650006 ], [ 16.3739716, 48.1653593 ], [ 16.37408, 48.1653308 ], [ 16.3741079, 48.1653785 ], [ 16.3741356, 48.1654214 ], [ 16.3741797, 48.1654101 ], [ 16.3741532, 48.1653669 ], [ 16.3741254, 48.165319 ], [ 16.3741318, 48.1653171 ], [ 16.3741085, 48.1652748 ], [ 16.3745908, 48.1651598 ], [ 16.3746087, 48.1651961 ], [ 16.3747702, 48.1651558 ], [ 16.3746515, 48.1649438 ], [ 16.3747509, 48.1649183 ], [ 16.3746208, 48.164689 ], [ 16.3745542, 48.1645717 ], [ 16.3744436, 48.1645768 ], [ 16.3743046, 48.1645895 ], [ 16.374169, 48.1646096 ], [ 16.3742498, 48.1647596 ], [ 16.3739791, 48.1648268 ], [ 16.373896, 48.1646808 ], [ 16.3737696, 48.1647235 ], [ 16.3736451, 48.1647811 ], [ 16.3737158, 48.164893 ], [ 16.3735506, 48.164932 ], [ 16.3735188, 48.1648714 ], [ 16.3732994, 48.1649266 ], [ 16.3733886, 48.1650936 ] ], [ [ 16.3741046, 48.1649684 ], [ 16.3741234, 48.1649988 ], [ 16.3741958, 48.164997 ], [ 16.3742494, 48.1649862 ], [ 16.3743004, 48.1649523 ], [ 16.3742885, 48.1649241 ], [ 16.3743487, 48.1649093 ], [ 16.3744425, 48.1650721 ], [ 16.3741368, 48.1651455 ], [ 16.3740445, 48.1649812 ], [ 16.3741046, 48.1649684 ] ] ] } },
{ "type": "Feature", "properties": { "Hofname": "Leebgasse 94-96", "clean_address": "1100 Wien, Leebgasse", "Wohnungen": 72, "Lokale": 3, "addr_key": "1100 wien, leebgasse" }, "geometry": { "type": "Point", "coordinates": [ 16.369767, 48.17614 ] } },
{ "type": "Feature", "properties": { "Hofname": "Dieselgasse 22", "clean_address": "1100 Wien, Dieselgasse", "Wohnungen": 19, "Lokale": 1, "addr_key": "1100 wien, dieselgasse" }, "geometry": { "type": "Point", "coordinates": [ 16.3717294, 48.1673721 ] } },
{ "type": "Feature", "properties": { "Hofname": "Kudlichgasse 35", "clean_address": "1100 Wien, Kudlichgasse", "Wohnungen": 41, "Lokale": 2, "addr_key": "1100 wien, kudlichgasse" }, "geometry": { "type": "Point", "coordinates": [ 16.3886509, 48.1713704 ] } },
{ "type": "Feature", "properties": { "Hofname": "Mundygasse 1", "clean_address": "1100 Wien, Mundygasse", "Wohnungen": 161, "Lokale": 4, "addr_key": "1100 wien, mundygasse" }, "geometry": { "type": "Polygon", "coordinates": [ [ [ 16.3837166, 48.1757666 ], [ 16.3836917, 48.1756928 ], [ 16.3836737, 48.1756954 ], [ 16.3836555, 48.1756862 ], [ 16.3836467, 48.175657 ], [ 16.3836752, 48.1756529 ], [ 16.3836591, 48.1756005 ], [ 16.3838034, 48.1755773 ], [ 16.3838362, 48.175676 ], [ 16.3838603, 48.1757466 ], [ 16.3837166, 48.1757666 ] ] ] } },
{ "type": "Feature", "properties": { "Hofname": "Triester Straße 85", "clean_address": "1100 Wien, Triester Straße", "Wohnungen": 149, "Lokale": 4, "addr_key": "1100 wien, triester straße" }, "geometry": { "type": "Polygon", "coordinates": [ [ [ 16.3581927, 48.1784195 ], [ 16.358077, 48.1782995 ], [ 16.3582181, 48.1782388 ], [ 16.3582643, 48.1782843 ], [ 16.3583035, 48.1782666 ], [ 16.3582589, 48.1782209 ], [ 16.3583861, 48.1781658 ], [ 16.3585006, 48.1782835 ], [ 16.3584493, 48.1783061 ], [ 16.3583336, 48.1783572 ], [ 16.3581927, 48.1784195 ] ] ] } },
{ "type": "Feature", "properties": { "Hofname": "Raxstraße 21-27", "clean_address": "1100 Wien, Raxstraße", "Wohnungen": 250, "Lokale": 14, "addr_key": "1100 wien, raxstraße" }, "geometry": { "type": "Point", "coordinates": [ 16.3659509, 48.1654854 ] } },
{ "type": "Feature", "properties": { "Hofname": "Bürgergasse 21-23", "clean_address": "1100 Wien, Bürgergasse", "Wohnungen": 362, "Lokale": 14, "addr_key": "1100 wien, bürgergasse" }, "geometry": { "type": "Polygon", "coordinates": [ [ [ 16.3796207, 48.1733397 ], [ 16.3796306, 48.1733372 ], [ 16.3796348, 48.1733333 ], [ 16.3796495, 48.1733392 ], [ 16.3796811, 48.1733062 ], [ 16.3796656, 48.1732999 ], [ 16.3796945, 48.1732699 ], [ 16.3797088, 48.173266 ], [ 16.3797711, 48.1732937 ], [ 16.3798228, 48.1732525 ], [ 16.3797797, 48.1732348 ], [ 16.3797421, 48.1732194 ], [ 16.379602, 48.1731609 ], [ 16.379488, 48.1732818 ], [ 16.3796207, 48.1733397 ] ] ] } },
{ "type": "Feature", "properties": { "Hofname": "Buchengasse 25-37", "clean_address": "1100 Wien, Buchengasse", "Wohnungen": 172, "Lokale": 11, "addr_key": "1100 wien, buchengasse" }, "geometry": { "type": "Point", "coordinates": [ 16.374561, 48.1747455 ] } },
{ "type": "Feature", "properties": { "Hofname": "Sibeliusstraße 5-11", "clean_address": "1100 Wien, Sibeliusstraße", "Wohnungen": 309, "Lokale": 10, "addr_key": "1100 wien, sibeliusstraße" }, "geometry": { "type": "Polygon", "coordinates": [ [ [ 16.3616165, 48.1593176 ], [ 16.3617292, 48.1592883 ], [ 16.3617175, 48.1592683 ], [ 16.36173, 48.1592651 ], [ 16.3617195, 48.1592471 ], [ 16.3617098, 48.1592496 ], [ 16.3616885, 48.1592131 ], [ 16.361573, 48.1592432 ], [ 16.3616165, 48.1593176 ] ] ] } },
{ "type": "Feature", "properties": { "Hofname": "Erlachgasse 53-57", "clean_address": "1100 Wien, Erlachgasse", "Wohnungen": 93, "Lokale": 8, "addr_key": "1100 wien, erlachgasse" }, "geometry": { "type": "Point", "coordinates": [ 16.3733056, 48.1772011 ] } },
{ "type": "Feature", "properties": { "Hofname": "Troststraße 21-37", "clean_address": "1100 Wien, Troststraße", "Wohnungen": 145, "Lokale": 19, "addr_key": "1100 wien, troststraße" }, "geometry": { "type": "Point", "coordinates": [ 16.366119, 48.1696293 ] } },
{ "type": "Feature", "properties": { "Hofname": "Ettenreichgasse 42-44", "clean_address": "1100 Wien, Ettenreichgasse", "Wohnungen": 94, "Lokale": 5, "addr_key": "1100 wien, ettenreichgasse" }, "geometry": { "type": "Point", "coordinates": [ 16.3750061, 48.1695474 ] } },
{ "type": "Feature", "properties": { "Hofname": "Franz-Schuh-Gasse 26", "clean_address": "1100 Wien, Franz-Schuh-Gasse", "Wohnungen": 34, "Lokale": 0, "addr_key": "1100 wien, franz-schuh-gasse" }, "geometry": { "type": "Point", "coordinates": [ 16.352586, 48.1712761 ] } },
{ "type": "Feature", "properties": { "Hofname": "Raxstraße 6-8", "clean_address": "1100 Wien, Raxstraße", "Wohnungen": 277, "Lokale": 11, "addr_key": "1100 wien, raxstraße" }, "geometry": { "type": "Point", "coordinates": [ 16.3659509, 48.1654854 ] } },
{ "type": "Feature", "properties": { "Hofname": "Antonie-Alt-Hof", "clean_address": "1100 Wien, Leebgasse", "Wohnungen": 120, "Lokale": 5, "addr_key": "1100 wien, leebgasse" }, "geometry": { "type": "Point", "coordinates": [ 16.369767, 48.17614 ] } },
{ "type": "Feature", "properties": { "Hofname": "Dampfgasse 18-20", "clean_address": "1100 Wien, Dampfgasse", "Wohnungen": 103, "Lokale": 2, "addr_key": "1100 wien, dampfgasse" }, "geometry": { "type": "Point", "coordinates": [ 16.3667311, 48.1798758 ] } },
{ "type": "Feature", "properties": { "Hofname": "Hofherrgasse 5-13", "clean_address": "1100 Wien, Hofherrgasse", "Wohnungen": 157, "Lokale": 3, "addr_key": "1100 wien, hofherrgasse" }, "geometry": { "type": "Point", "coordinates": [ 16.3917282, 48.1754599 ] } },
{ "type": "Feature", "properties": { "Hofname": "Troststraße 20-30", "clean_address": "1100 Wien, Troststraße", "Wohnungen": 233, "Lokale": 3, "addr_key": "1100 wien, troststraße" }, "geometry": { "type": "Point", "coordinates": [ 16.366119, 48.1696293 ] } },
{ "type": "Feature", "properties": { "Hofname": "Oberlaaer Straße 193", "clean_address": "1100 Wien, Ober-Laaer Straße", "Wohnungen": 57, "Lokale": 5, "addr_key": "1100 wien, ober-laaer straße" }, "geometry": { "type": "Polygon", "coordinates": [ [ [ 16.4297581, 48.3113094 ], [ 16.4296016, 48.3111609 ], [ 16.4295668, 48.3111279 ], [ 16.4297654, 48.3110355 ], [ 16.429869, 48.3111154 ], [ 16.4299238, 48.3111724 ], [ 16.4298908, 48.3112092 ], [ 16.4299421, 48.3112445 ], [ 16.4300063, 48.3112212 ], [ 16.4300585, 48.3112847 ], [ 16.4299573, 48.3113215 ], [ 16.4299051, 48.311258 ], [ 16.4298154, 48.3112794 ], [ 16.4297581, 48.3113094 ] ] ] } },
{ "type": "Feature", "properties": { "Hofname": "Randhartingergasse 17", "clean_address": "1100 Wien, Randhartingergasse", "Wohnungen": 26, "Lokale": 0, "addr_key": "1100 wien, randhartingergasse" }, "geometry": { "type": "Point", "coordinates": [ 16.3928484, 48.1752537 ] } },
{ "type": "Feature", "properties": { "Hofname": "Pernerstorfergasse 60", "clean_address": "1100 Wien, Pernerstorfergasse", "Wohnungen": 124, "Lokale": 5, "addr_key": "1100 wien, pernerstorfergasse" }, "geometry": { "type": "Point", "coordinates": [ 16.3813759, 48.1760031 ] } },
{ "type": "Feature", "properties": { "Hofname": "Neilreichgasse 85-89", "clean_address": "1100 Wien, Neilreichgasse", "Wohnungen": 157, "Lokale": 2, "addr_key": "1100 wien, neilreichgasse" }, "geometry": { "type": "Polygon", "coordinates": [ [ [ 16.364344, 48.1703779 ], [ 16.3644027, 48.1705994 ], [ 16.3642363, 48.170619 ], [ 16.3642282, 48.1705865 ], [ 16.3642014, 48.1705897 ], [ 16.3641722, 48.1704802 ], [ 16.3642008, 48.1704768 ], [ 16.364181, 48.1703972 ], [ 16.364344, 48.1703779 ] ] ] } },
{ "type": "Feature", "properties": { "Hofname": "Herzgasse 99-101", "clean_address": "1100 Wien, Herzgasse", "Wohnungen": 219, "Lokale": 6, "addr_key": "1100 wien, herzgasse" }, "geometry": { "type": "Point", "coordinates": [ 16.3668113, 48.1755552 ] } },
{ "type": "Feature", "properties": { "Hofname": "Kudlichgasse 12", "clean_address": "1100 Wien, Kudlichgasse", "Wohnungen": 19, "Lokale": 0, "addr_key": "1100 wien, kudlichgasse" }, "geometry": { "type": "Point", "coordinates": [ 16.3886509, 48.1713704 ] } },
{ "type": "Feature", "properties": { "Hofname": "Jagdgasse 1d", "clean_address": "1100 Wien, Jagdgasse", "Wohnungen": 278, "Lokale": 9, "addr_key": "1100 wien, jagdgasse" }, "geometry": { "type": "Point", "coordinates": [ 16.3720043, 48.1762644 ] } },
{ "type": "Feature", "properties": { "Hofname": "Anna-Boschek-Hof", "clean_address": "1100 Wien, Davidgasse", "Wohnungen": 419, "Lokale": 21, "addr_key": "1100 wien, davidgasse" }, "geometry": { "type": "Point", "coordinates": [ 16.3585286, 48.1743789 ] } },
{ "type": "Feature", "properties": { "Hofname": "Wirerstraße 6-14", "clean_address": "1100 Wien, Wirerstraße", "Wohnungen": 104, "Lokale": 3, "addr_key": "1100 wien, wirerstraße" }, "geometry": { "type": "Polygon", "coordinates": [ [ [ 16.3774407, 48.1685169 ], [ 16.3774916, 48.1682876 ], [ 16.3773471, 48.1682732 ], [ 16.3773211, 48.168386 ], [ 16.377302, 48.1684691 ], [ 16.3772698, 48.1684657 ], [ 16.3772638, 48.1684978 ], [ 16.3774407, 48.1685169 ] ] ] } },
{ "type": "Feature", "properties": { "Hofname": "Troststraße 8-16", "clean_address": "1100 Wien, Troststraße", "Wohnungen": 201, "Lokale": 5, "addr_key": "1100 wien, troststraße" }, "geometry": { "type": "Point", "coordinates": [ 16.366119, 48.1696293 ] } },
{ "type": "Feature", "properties": { "Hofname": "Puchsbaumgasse 5-7", "clean_address": "1100 Wien, Puchsbaumgasse", "Wohnungen": 178, "Lokale": 1, "addr_key": "1100 wien, puchsbaumgasse" }, "geometry": { "type": "Point", "coordinates": [ 16.39045, 48.1719467 ] } },
{ "type": "Feature", "properties": { "Hofname": "Rechberggasse 16-20", "clean_address": "1100 Wien, Rechberggasse", "Wohnungen": 201, "Lokale": 9, "addr_key": "1100 wien, rechberggasse" }, "geometry": { "type": "Point", "coordinates": [ 16.3795993, 48.169237 ] } },
{ "type": "Feature", "properties": { "Hofname": "Antonsplatz 14-15", "clean_address": "1100 Wien, Antonsplatz", "Wohnungen": 110, "Lokale": 6, "addr_key": "1100 wien, antonsplatz" }, "geometry": { "type": "Point", "coordinates": [ 16.3774456, 48.172186 ] } },
{ "type": "Feature", "properties": { "Hofname": "Migerkastraße 1-3", "clean_address": "1100 Wien, Migerkastraße", "Wohnungen": 129, "Lokale": 8, "addr_key": "1100 wien, migerkastraße" }, "geometry": { "type": "Point", "coordinates": [ 16.3623992, 48.1670141 ] } },
{ "type": "Feature", "properties": { "Hofname": "Hausergasse 3-7", "clean_address": "1100 Wien, Hausergasse", "Wohnungen": 110, "Lokale": 2, "addr_key": "1100 wien, hausergasse" }, "geometry": { "type": "Point", "coordinates": [ 16.386146, 48.1741762 ] } },
{ "type": "Feature", "properties": { "Hofname": "Oberlaaer Straße 87", "clean_address": "1100 Wien, Ober-Laaer Straße", "Wohnungen": 42, "Lokale": 4, "addr_key": "1100 wien, ober-laaer straße" }, "geometry": { "type": "Polygon", "coordinates": [ [ [ 16.4297581, 48.3113094 ], [ 16.4296016, 48.3111609 ], [ 16.4295668, 48.3111279 ], [ 16.4297654, 48.3110355 ], [ 16.429869, 48.3111154 ], [ 16.4299238, 48.3111724 ], [ 16.4298908, 48.3112092 ], [ 16.4299421, 48.3112445 ], [ 16.4300063, 48.3112212 ], [ 16.4300585, 48.3112847 ], [ 16.4299573, 48.3113215 ], [ 16.4299051, 48.311258 ], [ 16.4298154, 48.3112794 ], [ 16.4297581, 48.3113094 ] ] ] } },
{ "type": "Feature", "properties": { "Hofname": "Rotenhofgasse 80-84", "clean_address": "1100 Wien, Rotenhofgasse", "Wohnungen": 261, "Lokale": 18, "addr_key": "1100 wien, rotenhofgasse" }, "geometry": { "type": "Point", "coordinates": [ 16.3640414, 48.1748352 ] } },
{ "type": "Feature", "properties": { "Hofname": "Gußriegelstraße 51-59", "clean_address": "1100 Wien, Gußriegelstraße", "Wohnungen": 451, "Lokale": 23, "addr_key": "1100 wien, gußriegelstraße" }, "geometry": { "type": "Point", "coordinates": [ 16.3592835, 48.1749487 ] } },
{ "type": "Feature", "properties": { "Hofname": "Oberlaaer Straße 39", "clean_address": "1100 Wien, Ober-Laaer Straße", "Wohnungen": 96, "Lokale": 11, "addr_key": "1100 wien, ober-laaer straße" }, "geometry": { "type": "Polygon", "coordinates": [ [ [ 16.4297581, 48.3113094 ], [ 16.4296016, 48.3111609 ], [ 16.4295668, 48.3111279 ], [ 16.4297654, 48.3110355 ], [ 16.429869, 48.3111154 ], [ 16.4299238, 48.3111724 ], [ 16.4298908, 48.3112092 ], [ 16.4299421, 48.3112445 ], [ 16.4300063, 48.3112212 ], [ 16.4300585, 48.3112847 ], [ 16.4299573, 48.3113215 ], [ 16.4299051, 48.311258 ], [ 16.4298154, 48.3112794 ], [ 16.4297581, 48.3113094 ] ] ] } },
{ "type": "Feature", "properties": { "Hofname": "Troststraße 13-19", "clean_address": "1100 Wien, Troststraße", "Wohnungen": 197, "Lokale": 8, "addr_key": "1100 wien, troststraße" }, "geometry": { "type": "Point", "coordinates": [ 16.366119, 48.1696293 ] } },
{ "type": "Feature", "properties": { "Hofname": "Dieselgasse 11-17", "clean_address": "1100 Wien, Dieselgasse", "Wohnungen": 255, "Lokale": 5, "addr_key": "1100 wien, dieselgasse" }, "geometry": { "type": "Point", "coordinates": [ 16.3717294, 48.1673721 ] } },
{ "type": "Feature", "properties": { "Hofname": "Laaer-Berg-Straße 34-38", "clean_address": "1100 Wien, Laaer-Berg-Straße", "Wohnungen": 256, "Lokale": 8, "addr_key": "1100 wien, laaer-berg-straße" }, "geometry": { "type": "Polygon", "coordinates": [ [ [ 16.3802074, 48.1731031 ], [ 16.3803161, 48.1731847 ], [ 16.3801553, 48.1732831 ], [ 16.3800519, 48.1732033 ], [ 16.3801002, 48.1731747 ], [ 16.3800859, 48.1731641 ], [ 16.3801503, 48.1731249 ], [ 16.380161, 48.1731318 ], [ 16.3802074, 48.1731031 ] ] ] } },
{ "type": "Feature", "properties": { "Hofname": "Schrankenberggasse 29", "clean_address": "1100 Wien, Schrankenberggasse", "Wohnungen": 54, "Lokale": 2, "addr_key": "1100 wien, schrankenberggasse" }, "geometry": { "type": "Point", "coordinates": [ 16.3887927, 48.1737478 ] } },
{ "type": "Feature", "properties": { "Hofname": "Brunnweg 4", "clean_address": "1100 Wien, Brunnweg", "Wohnungen": 172, "Lokale": 0, "addr_key": "1100 wien, brunnweg" }, "geometry": { "type": "Point", "coordinates": [ 16.3627725, 48.168081 ] } },
{ "type": "Feature", "properties": { "Hofname": "Holbeingasse 11", "clean_address": "1100 Wien, Holbeingasse", "Wohnungen": 120, "Lokale": 4, "addr_key": "1100 wien, holbeingasse" }, "geometry": { "type": "Point", "coordinates": [ 16.3617653, 48.1714531 ] } },
{ "type": "Feature", "properties": { "Hofname": "Neilreichgasse 95-99", "clean_address": "1100 Wien, Neilreichgasse", "Wohnungen": 162, "Lokale": 7, "addr_key": "1100 wien, neilreichgasse" }, "geometry": { "type": "Polygon", "coordinates": [ [ [ 16.364344, 48.1703779 ], [ 16.3644027, 48.1705994 ], [ 16.3642363, 48.170619 ], [ 16.3642282, 48.1705865 ], [ 16.3642014, 48.1705897 ], [ 16.3641722, 48.1704802 ], [ 16.3642008, 48.1704768 ], [ 16.364181, 48.1703972 ], [ 16.364344, 48.1703779 ] ] ] } },
{ "type": "Feature", "properties": { "Hofname": "Quaringasse 22", "clean_address": "1100 Wien, Quaringasse", "Wohnungen": 60, "Lokale": 1, "addr_key": "1100 wien, quaringasse" }, "geometry": { "type": "Polygon", "coordinates": [ [ [ 16.3537838, 48.1714274 ], [ 16.3537609, 48.1714234 ], [ 16.3536838, 48.1713417 ], [ 16.3532453, 48.1708876 ], [ 16.353906, 48.1706039 ], [ 16.3544307, 48.1711474 ], [ 16.3543294, 48.1711909 ], [ 16.3542881, 48.1712086 ], [ 16.354278, 48.171213 ], [ 16.3542678, 48.1712173 ], [ 16.3541192, 48.1712811 ], [ 16.3538354, 48.1714049 ], [ 16.3537838, 48.1714274 ] ] ] } },
{ "type": "Feature", "properties": { "Hofname": "Feuchterslebengasse 67", "clean_address": "1100 Wien, Feuchterslebengasse", "Wohnungen": 428, "Lokale": 7, "addr_key": "1100 wien, feuchterslebengasse" }, "geometry": { "type": "Point", "coordinates": [ 16.3848668, 48.1715525 ] } },
{ "type": "Feature", "properties": { "Hofname": "Eisenstadtplatz 4-8", "clean_address": "1100 Wien, Eisenstadtplatz", "Wohnungen": 174, "Lokale": 5, "addr_key": "1100 wien, eisenstadtplatz" }, "geometry": { "type": "Polygon", "coordinates": [ [ [ 16.3824555, 48.1680772 ], [ 16.3824537, 48.168189 ], [ 16.3825911, 48.16819 ], [ 16.3828755, 48.1681919 ], [ 16.383153, 48.1681939 ], [ 16.3832865, 48.1681948 ], [ 16.3832883, 48.1680831 ], [ 16.3824555, 48.1680772 ] ] ] } },
{ "type": "Feature", "properties": { "Hofname": "Patrubangasse 9", "clean_address": "1100 Wien, Patrubangasse", "Wohnungen": 118, "Lokale": 6, "addr_key": "1100 wien, patrubangasse" }, "geometry": { "type": "Point", "coordinates": [ 16.381768, 48.167397 ] } },
{ "type": "Feature", "properties": { "Hofname": "Laaer-Berg-Straße 32", "clean_address": "1100 Wien, Laaer-Berg-Straße", "Wohnungen": 149, "Lokale": 47, "addr_key": "1100 wien, laaer-berg-straße" }, "geometry": { "type": "Polygon", "coordinates": [ [ [ 16.3802074, 48.1731031 ], [ 16.3803161, 48.1731847 ], [ 16.3801553, 48.1732831 ], [ 16.3800519, 48.1732033 ], [ 16.3801002, 48.1731747 ], [ 16.3800859, 48.1731641 ], [ 16.3801503, 48.1731249 ], [ 16.380161, 48.1731318 ], [ 16.3802074, 48.1731031 ] ] ] } },
{ "type": "Feature", "properties": { "Hofname": "Neilreichgasse 56", "clean_address": "1100 Wien, Neilreichgasse", "Wohnungen": 92, "Lokale": 5, "addr_key": "1100 wien, neilreichgasse" }, "geometry": { "type": "Polygon", "coordinates": [ [ [ 16.364344, 48.1703779 ], [ 16.3644027, 48.1705994 ], [ 16.3642363, 48.170619 ], [ 16.3642282, 48.1705865 ], [ 16.3642014, 48.1705897 ], [ 16.3641722, 48.1704802 ], [ 16.3642008, 48.1704768 ], [ 16.364181, 48.1703972 ], [ 16.364344, 48.1703779 ] ] ] } },
{ "type": "Feature", "properties": { "Hofname": "Graffgasse 12", "clean_address": "1100 Wien, Graffgasse", "Wohnungen": 50, "Lokale": 0, "addr_key": "1100 wien, graffgasse" }, "geometry": { "type": "Point", "coordinates": [ 16.3649533, 48.1688133 ] } },
{ "type": "Feature", "properties": { "Hofname": "Raxstraße 38", "clean_address": "1100 Wien, Raxstraße", "Wohnungen": 35, "Lokale": 4, "addr_key": "1100 wien, raxstraße" }, "geometry": { "type": "Point", "coordinates": [ 16.3659509, 48.1654854 ] } },
{ "type": "Feature", "properties": { "Hofname": "Raxstraße 27a", "clean_address": "1100 Wien, Raxstraße", "Wohnungen": 71, "Lokale": 2, "addr_key": "1100 wien, raxstraße" }, "geometry": { "type": "Point", "coordinates": [ 16.3659509, 48.1654854 ] } },
{ "type": "Feature", "properties": { "Hofname": "Braunspergengasse 27", "clean_address": "1100 Wien, Braunspergengasse", "Wohnungen": 197, "Lokale": 1, "addr_key": "1100 wien, braunspergengasse" }, "geometry": { "type": "Point", "coordinates": [ 16.3570049, 48.1735453 ] } },
{ "type": "Feature", "properties": { "Hofname": "Fernkorngasse 100", "clean_address": "1100 Wien, Fernkorngasse", "Wohnungen": 135, "Lokale": 0, "addr_key": "1100 wien, fernkorngasse" }, "geometry": { "type": "Point", "coordinates": [ 16.3637031, 48.1760514 ] } },
{ "type": "Feature", "properties": { "Hofname": "Raxstraße 22", "clean_address": "1100 Wien, Raxstraße", "Wohnungen": 135, "Lokale": 12, "addr_key": "1100 wien, raxstraße" }, "geometry": { "type": "Point", "coordinates": [ 16.3659509, 48.1654854 ] } },
{ "type": "Feature", "properties": { "Hofname": "Klausenburger Straße 33", "clean_address": "1100 Wien, Klausenburger Straße", "Wohnungen": 97, "Lokale": 0, "addr_key": "1100 wien, klausenburger straße" }, "geometry": { "type": "Polygon", "coordinates": [ [ [ 16.3811105, 48.1684122 ], [ 16.3811439, 48.1684376 ], [ 16.3811707, 48.168443 ], [ 16.3811864, 48.1684342 ], [ 16.3811703, 48.1684199 ], [ 16.3811784, 48.1684056 ], [ 16.3812025, 48.1683949 ], [ 16.381232, 48.168402 ], [ 16.3812395, 48.1684126 ], [ 16.3813022, 48.1683786 ], [ 16.3813929, 48.1684684 ], [ 16.3811461, 48.1685808 ], [ 16.3810014, 48.1684879 ], [ 16.3811105, 48.1684122 ] ] ] } },
{ "type": "Feature", "properties": { "Hofname": "Laxenburger Straße 203-217", "clean_address": "1100 Wien, Laxenburger Straße", "Wohnungen": 272, "Lokale": 19, "addr_key": "1100 wien, laxenburger straße" }, "geometry": { "type": "Point", "coordinates": [ 16.3735576, 48.1818826 ] } },
{ "type": "Feature", "properties": { "Hofname": "Laxenburger Straße 140-142", "clean_address": "1100 Wien, Laxenburger Straße", "Wohnungen": 10, "Lokale": 5, "addr_key": "1100 wien, laxenburger straße" }, "geometry": { "type": "Point", "coordinates": [ 16.3735576, 48.1818826 ] } },
{ "type": "Feature", "properties": { "Hofname": "Laaer-Berg-Straße 166", "clean_address": "1100 Wien, Laaer-Berg-Straße", "Wohnungen": 19, "Lokale": 7, "addr_key": "1100 wien, laaer-berg-straße" }, "geometry": { "type": "Polygon", "coordinates": [ [ [ 16.3802074, 48.1731031 ], [ 16.3803161, 48.1731847 ], [ 16.3801553, 48.1732831 ], [ 16.3800519, 48.1732033 ], [ 16.3801002, 48.1731747 ], [ 16.3800859, 48.1731641 ], [ 16.3801503, 48.1731249 ], [ 16.380161, 48.1731318 ], [ 16.3802074, 48.1731031 ] ] ] } },
{ "type": "Feature", "properties": { "Hofname": "Laaer-Berg-Straße 168", "clean_address": "1100 Wien, Laaer-Berg-Straße", "Wohnungen": 20, "Lokale": 8, "addr_key": "1100 wien, laaer-berg-straße" }, "geometry": { "type": "Polygon", "coordinates": [ [ [ 16.3802074, 48.1731031 ], [ 16.3803161, 48.1731847 ], [ 16.3801553, 48.1732831 ], [ 16.3800519, 48.1732033 ], [ 16.3801002, 48.1731747 ], [ 16.3800859, 48.1731641 ], [ 16.3801503, 48.1731249 ], [ 16.380161, 48.1731318 ], [ 16.3802074, 48.1731031 ] ] ] } },
{ "type": "Feature", "properties": { "Hofname": "Laaer-Berg-Straße 172", "clean_address": "1100 Wien, Laaer-Berg-Straße", "Wohnungen": 26, "Lokale": 4, "addr_key": "1100 wien, laaer-berg-straße" }, "geometry": { "type": "Polygon", "coordinates": [ [ [ 16.3802074, 48.1731031 ], [ 16.3803161, 48.1731847 ], [ 16.3801553, 48.1732831 ], [ 16.3800519, 48.1732033 ], [ 16.3801002, 48.1731747 ], [ 16.3800859, 48.1731641 ], [ 16.3801503, 48.1731249 ], [ 16.380161, 48.1731318 ], [ 16.3802074, 48.1731031 ] ] ] } },
{ "type": "Feature", "properties": { "Hofname": "Laaer-Berg-Straße 202", "clean_address": "1100 Wien, Laaer-Berg-Straße", "Wohnungen": 35, "Lokale": 2, "addr_key": "1100 wien, laaer-berg-straße" }, "geometry": { "type": "Polygon", "coordinates": [ [ [ 16.3802074, 48.1731031 ], [ 16.3803161, 48.1731847 ], [ 16.3801553, 48.1732831 ], [ 16.3800519, 48.1732033 ], [ 16.3801002, 48.1731747 ], [ 16.3800859, 48.1731641 ], [ 16.3801503, 48.1731249 ], [ 16.380161, 48.1731318 ], [ 16.3802074, 48.1731031 ] ] ] } },
{ "type": "Feature", "properties": { "Hofname": "Kempelengasse 5", "clean_address": "1100 Wien, Kempelengasse", "Wohnungen": 373, "Lokale": 2, "addr_key": "1100 wien, kempelengasse" }, "geometry": { "type": "Point", "coordinates": [ 16.3938354, 48.1745758 ] } },
{ "type": "Feature", "properties": { "Hofname": "Quellenplatz 4", "clean_address": "1100 Wien, Quellenplatz", "Wohnungen": 35, "Lokale": 10, "addr_key": "1100 wien, quellenplatz" }, "geometry": { "type": "Point", "coordinates": [ 16.3730327, 48.1754238 ] } },
{ "type": "Feature", "properties": { "Hofname": "Hebbelplatz 3", "clean_address": "1100 Wien, Hebbelplatz", "Wohnungen": 160, "Lokale": 11, "addr_key": "1100 wien, hebbelplatz" }, "geometry": { "type": "Polygon", "coordinates": [ [ [ 16.3783111, 48.1660962 ], [ 16.3782879, 48.1660603 ], [ 16.3782779, 48.1660429 ], [ 16.3781797, 48.1658887 ], [ 16.3789736, 48.1656812 ], [ 16.3791158, 48.1660712 ], [ 16.3788234, 48.1659638 ], [ 16.3787302, 48.1659879 ], [ 16.3783111, 48.1660962 ] ] ] } },
{ "type": "Feature", "properties": { "Hofname": "Steudelgasse 42", "clean_address": "1100 Wien, Steudelgasse", "Wohnungen": 35, "Lokale": 2, "addr_key": "1100 wien, steudelgasse" }, "geometry": { "type": "Point", "coordinates": [ 16.3844571, 48.1744918 ] } },
{ "type": "Feature", "properties": { "Hofname": "Puchsbaumplatz 13", "clean_address": "1100 Wien, Puchsbaumplatz", "Wohnungen": 14, "Lokale": 0, "addr_key": "1100 wien, puchsbaumplatz" }, "geometry": { "type": "Point", "coordinates": [ 16.3865438, 48.172868 ] } },
{ "type": "Feature", "properties": { "Hofname": "Johann-Pölzer-Gasse 4", "clean_address": "1100 Wien, Johann-Pölzer-Gasse", "Wohnungen": 26, "Lokale": 0, "addr_key": "1100 wien, johann-pölzer-gasse" }, "geometry": { "type": "Point", "coordinates": [ 16.3958013, 48.1460342 ] } },
{ "type": "Feature", "properties": { "Hofname": "Herzgasse 15-19", "clean_address": "1100 Wien, Herzgasse", "Wohnungen": 68, "Lokale": 5, "addr_key": "1100 wien, herzgasse" }, "geometry": { "type": "Point", "coordinates": [ 16.3668113, 48.1755552 ] } },
{ "type": "Feature", "properties": { "Hofname": "Simmeringer Hauptstraße 240", "clean_address": "1110 Wien, Simmeringer Hauptstraße", "Wohnungen": 32, "Lokale": 8, "addr_key": "1110 wien, simmeringer hauptstraße" }, "geometry": { "type": "Point", "coordinates": [ 16.4061483, 48.1838947 ] } },
{ "type": "Feature", "properties": { "Hofname": "Gratian-Marx-Straße 4", "clean_address": "1110 Wien, Gratian-Marx-Straße", "Wohnungen": 12, "Lokale": 3, "addr_key": "1110 wien, gratian-marx-straße" }, "geometry": { "type": "Polygon", "coordinates": [ [ [ 16.4080246, 48.1836197 ], [ 16.408098, 48.1836587 ], [ 16.4081392, 48.1836807 ], [ 16.4080327, 48.1837681 ], [ 16.4080354, 48.183786 ], [ 16.4080139, 48.1838003 ], [ 16.4080596, 48.1838257 ], [ 16.4079644, 48.1839073 ], [ 16.4077952, 48.1838194 ], [ 16.4078859, 48.1837384 ], [ 16.4079068, 48.1837488 ], [ 16.4079336, 48.183747 ], [ 16.4079576, 48.1837234 ], [ 16.4079388, 48.1837163 ], [ 16.4079683, 48.1836894 ], [ 16.4079845, 48.1837005 ], [ 16.4080288, 48.1836615 ], [ 16.4079962, 48.183644 ], [ 16.4080246, 48.1836197 ] ] ] } },
{ "type": "Feature", "properties": { "Hofname": "Schneidergasse 9", "clean_address": "1110 Wien, Schneidergasse", "Wohnungen": 9, "Lokale": 0, "addr_key": "1110 wien, schneidergasse" }, "geometry": { "type": "Polygon", "coordinates": [ [ [ 16.409009, 48.1834983 ], [ 16.4089147, 48.1834503 ], [ 16.4089291, 48.1834376 ], [ 16.4088964, 48.183421 ], [ 16.4088823, 48.1834332 ], [ 16.4088324, 48.1834078 ], [ 16.4087344, 48.1834934 ], [ 16.4089113, 48.1835835 ], [ 16.409009, 48.1834983 ] ] ] } },
{ "type": "Feature", "properties": { "Hofname": "Herbortgasse 43", "clean_address": "1110 Wien, Herbortgasse", "Wohnungen": 50, "Lokale": 0, "addr_key": "1110 wien, herbortgasse" }, "geometry": { "type": "Point", "coordinates": [ 16.4089513, 48.1737223 ] } },
{ "type": "Feature", "properties": { "Hofname": "Fuchsröhrenstraße 22-30", "clean_address": "1110 Wien, Fuchsröhrenstraße", "Wohnungen": 86, "Lokale": 3, "addr_key": "1110 wien, fuchsröhrenstraße" }, "geometry": { "type": "Point", "coordinates": [ 16.4141415, 48.1810448 ] } },
{ "type": "Feature", "properties": { "Hofname": "Rosa-Jochmann-Hof", "clean_address": "1110 Wien, Simmeringer Hauptstraße", "Wohnungen": 276, "Lokale": 16, "addr_key": "1110 wien, simmeringer hauptstraße" }, "geometry": { "type": "Point", "coordinates": [ 16.4061483, 48.1838947 ] } },
{ "type": "Feature", "properties": { "Hofname": "Eisteichstraße 11", "clean_address": "1110 Wien, Eisteichstraße", "Wohnungen": 32, "Lokale": 5, "addr_key": "1110 wien, eisteichstraße" }, "geometry": { "type": "Point", "coordinates": [ 16.4144889, 48.1801224 ] } },
{ "type": "Feature", "properties": { "Hofname": "Zippererstraße 14", "clean_address": "1110 Wien, Zippererstraße", "Wohnungen": 162, "Lokale": 9, "addr_key": "1110 wien, zippererstraße" }, "geometry": { "type": "Point", "coordinates": [ 16.411702, 48.1798036 ] } },
{ "type": "Feature", "properties": { "Hofname": "Delsenbachgasse 7-11", "clean_address": "1110 Wien, Delsenbachgasse", "Wohnungen": 81, "Lokale": 3, "addr_key": "1110 wien, delsenbachgasse" }, "geometry": { "type": "Point", "coordinates": [ 16.4137514, 48.1800016 ] } },
{ "type": "Feature", "properties": { "Hofname": "Wilhelm-Otto-Straße 3-5", "clean_address": "1110 Wien, Wilhelm-Otto-Straße", "Wohnungen": 27, "Lokale": 3, "addr_key": "1110 wien, wilhelm-otto-straße" }, "geometry": { "type": "Point", "coordinates": [ 16.4143161, 48.1798436 ] } },
{ "type": "Feature", "properties": { "Hofname": "Gratian-Marx-Straße 5", "clean_address": "1110 Wien, Gratian-Marx-Straße", "Wohnungen": 17, "Lokale": 1, "addr_key": "1110 wien, gratian-marx-straße" }, "geometry": { "type": "Polygon", "coordinates": [ [ [ 16.4080246, 48.1836197 ], [ 16.408098, 48.1836587 ], [ 16.4081392, 48.1836807 ], [ 16.4080327, 48.1837681 ], [ 16.4080354, 48.183786 ], [ 16.4080139, 48.1838003 ], [ 16.4080596, 48.1838257 ], [ 16.4079644, 48.1839073 ], [ 16.4077952, 48.1838194 ], [ 16.4078859, 48.1837384 ], [ 16.4079068, 48.1837488 ], [ 16.4079336, 48.183747 ], [ 16.4079576, 48.1837234 ], [ 16.4079388, 48.1837163 ], [ 16.4079683, 48.1836894 ], [ 16.4079845, 48.1837005 ], [ 16.4080288, 48.1836615 ], [ 16.4079962, 48.183644 ], [ 16.4080246, 48.1836197 ] ] ] } },
{ "type": "Feature", "properties": { "Hofname": "Gratian-Marx-Straße 12-14", "clean_address": "1110 Wien, Gratian-Marx-Straße", "Wohnungen": 52, "Lokale": 1, "addr_key": "1110 wien, gratian-marx-straße" }, "geometry": { "type": "Polygon", "coordinates": [ [ [ 16.4080246, 48.1836197 ], [ 16.408098, 48.1836587 ], [ 16.4081392, 48.1836807 ], [ 16.4080327, 48.1837681 ], [ 16.4080354, 48.183786 ], [ 16.4080139, 48.1838003 ], [ 16.4080596, 48.1838257 ], [ 16.4079644, 48.1839073 ], [ 16.4077952, 48.1838194 ], [ 16.4078859, 48.1837384 ], [ 16.4079068, 48.1837488 ], [ 16.4079336, 48.183747 ], [ 16.4079576, 48.1837234 ], [ 16.4079388, 48.1837163 ], [ 16.4079683, 48.1836894 ], [ 16.4079845, 48.1837005 ], [ 16.4080288, 48.1836615 ], [ 16.4079962, 48.183644 ], [ 16.4080246, 48.1836197 ] ] ] } },
{ "type": "Feature", "properties": { "Hofname": "Ehamgasse 49", "clean_address": "1110 Wien, Ehamgasse", "Wohnungen": 15, "Lokale": 2, "addr_key": "1110 wien, ehamgasse" }, "geometry": { "type": "Point", "coordinates": [ 16.4095937, 48.1740175 ] } },
{ "type": "Feature", "properties": { "Hofname": "Krausegasse 14", "clean_address": "1110 Wien, Krausegasse", "Wohnungen": 33, "Lokale": 2, "addr_key": "1110 wien, krausegasse" }, "geometry": { "type": "Point", "coordinates": [ 16.4170168, 48.1742057 ] } },
{ "type": "Feature", "properties": { "Hofname": "Molitorgasse 5-9", "clean_address": "1110 Wien, Molitorgasse", "Wohnungen": 47, "Lokale": 0, "addr_key": "1110 wien, molitorgasse" }, "geometry": { "type": "Polygon", "coordinates": [ [ [ 16.4083277, 48.1820959 ], [ 16.4082699, 48.182065 ], [ 16.4083223, 48.1820172 ], [ 16.4085026, 48.1821017 ], [ 16.4085049, 48.1821209 ], [ 16.4083583, 48.1822416 ], [ 16.4082319, 48.1821748 ], [ 16.4082612, 48.1821518 ], [ 16.4082472, 48.1821441 ], [ 16.4082934, 48.1821089 ], [ 16.408308, 48.1821149 ], [ 16.4083277, 48.1820959 ] ] ] } },
{ "type": "Feature", "properties": { "Hofname": "Dommesgasse 1-7", "clean_address": "1110 Wien, Dommesgasse", "Wohnungen": 125, "Lokale": 11, "addr_key": "1110 wien, dommesgasse" }, "geometry": { "type": "Point", "coordinates": [ 16.4133872, 48.1711672 ] } },
{ "type": "Feature", "properties": { "Hofname": "Herbortgasse 42", "clean_address": "1110 Wien, Herbortgasse", "Wohnungen": 64, "Lokale": 0, "addr_key": "1110 wien, herbortgasse" }, "geometry": { "type": "Point", "coordinates": [ 16.4089513, 48.1737223 ] } },
{ "type": "Feature", "properties": { "Hofname": "Rinnböckstraße 14-18", "clean_address": "1110 Wien, Rinnböckstraße", "Wohnungen": 39, "Lokale": 7, "addr_key": "1110 wien, rinnböckstraße" }, "geometry": { "type": "Point", "coordinates": [ 16.4062311, 48.1846718 ] } },
{ "type": "Feature", "properties": { "Hofname": "Geystraße 5-7", "clean_address": "1110 Wien, Geystraße", "Wohnungen": 29, "Lokale": 0, "addr_key": "1110 wien, geystraße" }, "geometry": { "type": "Point", "coordinates": [ 16.4090842, 48.178866 ] } },
{ "type": "Feature", "properties": { "Hofname": "Simmeringer Hauptstraße 136-140", "clean_address": "1110 Wien, Simmeringer Hauptstraße", "Wohnungen": 46, "Lokale": 6, "addr_key": "1110 wien, simmeringer hauptstraße" }, "geometry": { "type": "Point", "coordinates": [ 16.4061483, 48.1838947 ] } },
{ "type": "Feature", "properties": { "Hofname": "Römersthalgasse 9-17", "clean_address": "1110 Wien, Römersthalgasse", "Wohnungen": 118, "Lokale": 1, "addr_key": "1110 wien, römersthalgasse" }, "geometry": { "type": "Point", "coordinates": [ 16.4134276, 48.1684376 ] } },
{ "type": "Feature", "properties": { "Hofname": "Mautner-Markhof-Gasse 10", "clean_address": "1110 Wien, Mautner-Markhof-Gasse", "Wohnungen": 641, "Lokale": 7, "addr_key": "1110 wien, mautner-markhof-gasse" }, "geometry": { "type": "Point", "coordinates": [ 16.42101, 48.1786616 ] } },
{ "type": "Feature", "properties": { "Hofname": "Karl-Lory-Hof", "clean_address": "1110 Wien, Lorystraße", "Wohnungen": 95, "Lokale": 3, "addr_key": "1110 wien, lorystraße" }, "geometry": { "type": "Polygon", "coordinates": [ [ [ 16.4134641, 48.1728938 ], [ 16.4134453, 48.1728849 ], [ 16.4134291, 48.1728974 ], [ 16.413322, 48.1728438 ], [ 16.4133327, 48.172833 ], [ 16.4133031, 48.1728201 ], [ 16.4131196, 48.1729999 ], [ 16.4129876, 48.1729392 ], [ 16.4132184, 48.1727174 ], [ 16.413322, 48.1727668 ], [ 16.4133032, 48.1727829 ], [ 16.4133272, 48.1727938 ], [ 16.4133381, 48.1727847 ], [ 16.4133568, 48.1727812 ], [ 16.4134668, 48.1728312 ], [ 16.4135094, 48.1728528 ], [ 16.4134641, 48.1728938 ] ] ] } },
{ "type": "Feature", "properties": { "Hofname": "Thürnlhofstraße 21-23", "clean_address": "1110 Wien, Thürnlhofstraße", "Wohnungen": 364, "Lokale": 3, "addr_key": "1110 wien, thürnlhofstraße" }, "geometry": { "type": "Polygon", "coordinates": [ [ [ 16.4540399, 48.1581356 ], [ 16.4542343, 48.1581225 ], [ 16.4542143, 48.1579901 ], [ 16.4540199, 48.1580031 ], [ 16.4540399, 48.1581356 ] ] ] } },
{ "type": "Feature", "properties": { "Hofname": "Thürnlhofstraße 20-24", "clean_address": "1110 Wien, Thürnlhofstraße", "Wohnungen": 621, "Lokale": 2, "addr_key": "1110 wien, thürnlhofstraße" }, "geometry": { "type": "Polygon", "coordinates": [ [ [ 16.4540399, 48.1581356 ], [ 16.4542343, 48.1581225 ], [ 16.4542143, 48.1579901 ], [ 16.4540199, 48.1580031 ], [ 16.4540399, 48.1581356 ] ] ] } },
{ "type": "Feature", "properties": { "Hofname": "Muhrhoferweg 13-19", "clean_address": "1110 Wien, Muhrhoferweg", "Wohnungen": 419, "Lokale": 17, "addr_key": "1110 wien, muhrhoferweg" }, "geometry": { "type": "Polygon", "coordinates": [ [ [ 16.4721164, 48.157857 ], [ 16.4721172, 48.1578748 ], [ 16.472102, 48.1578751 ], [ 16.4721042, 48.1579209 ], [ 16.4720717, 48.1579216 ], [ 16.4720744, 48.1579781 ], [ 16.472199, 48.1579754 ], [ 16.4721981, 48.1580033 ], [ 16.4722725, 48.1580019 ], [ 16.4722728, 48.1579739 ], [ 16.4724054, 48.1579711 ], [ 16.4724034, 48.1579291 ], [ 16.4724001, 48.1578588 ], [ 16.4723992, 48.1578378 ], [ 16.4723498, 48.1578387 ], [ 16.4723504, 48.1578526 ], [ 16.4721164, 48.157857 ] ] ] } },
{ "type": "Feature", "properties": { "Hofname": "Muhrhoferweg 7-11", "clean_address": "1110 Wien, Muhrhoferweg", "Wohnungen": 460, "Lokale": 3, "addr_key": "1110 wien, muhrhoferweg" }, "geometry": { "type": "Polygon", "coordinates": [ [ [ 16.4721164, 48.157857 ], [ 16.4721172, 48.1578748 ], [ 16.472102, 48.1578751 ], [ 16.4721042, 48.1579209 ], [ 16.4720717, 48.1579216 ], [ 16.4720744, 48.1579781 ], [ 16.472199, 48.1579754 ], [ 16.4721981, 48.1580033 ], [ 16.4722725, 48.1580019 ], [ 16.4722728, 48.1579739 ], [ 16.4724054, 48.1579711 ], [ 16.4724034, 48.1579291 ], [ 16.4724001, 48.1578588 ], [ 16.4723992, 48.1578378 ], [ 16.4723498, 48.1578387 ], [ 16.4723504, 48.1578526 ], [ 16.4721164, 48.157857 ] ] ] } },
{ "type": "Feature", "properties": { "Hofname": "Pantucekgasse 33", "clean_address": "1110 Wien, Pantucekgasse", "Wohnungen": 446, "Lokale": 6, "addr_key": "1110 wien, pantucekgasse" }, "geometry": { "type": "Point", "coordinates": [ 16.4538993, 48.1527678 ] } },
{ "type": "Feature", "properties": { "Hofname": "Muhrhoferweg 1-5", "clean_address": "1110 Wien, Muhrhoferweg", "Wohnungen": 497, "Lokale": 3, "addr_key": "1110 wien, muhrhoferweg" }, "geometry": { "type": "Polygon", "coordinates": [ [ [ 16.4721164, 48.157857 ], [ 16.4721172, 48.1578748 ], [ 16.472102, 48.1578751 ], [ 16.4721042, 48.1579209 ], [ 16.4720717, 48.1579216 ], [ 16.4720744, 48.1579781 ], [ 16.472199, 48.1579754 ], [ 16.4721981, 48.1580033 ], [ 16.4722725, 48.1580019 ], [ 16.4722728, 48.1579739 ], [ 16.4724054, 48.1579711 ], [ 16.4724034, 48.1579291 ], [ 16.4724001, 48.1578588 ], [ 16.4723992, 48.1578378 ], [ 16.4723498, 48.1578387 ], [ 16.4723504, 48.1578526 ], [ 16.4721164, 48.157857 ] ] ] } },
{ "type": "Feature", "properties": { "Hofname": "Pantucekgasse 9-11", "clean_address": "1110 Wien, Pantucekgasse", "Wohnungen": 472, "Lokale": 4, "addr_key": "1110 wien, pantucekgasse" }, "geometry": { "type": "Point", "coordinates": [ 16.4538993, 48.1527678 ] } },
{ "type": "Feature", "properties": { "Hofname": "Lorystraße 57", "clean_address": "1110 Wien, Lorystraße", "Wohnungen": 35, "Lokale": 1, "addr_key": "1110 wien, lorystraße" }, "geometry": { "type": "Polygon", "coordinates": [ [ [ 16.4134641, 48.1728938 ], [ 16.4134453, 48.1728849 ], [ 16.4134291, 48.1728974 ], [ 16.413322, 48.1728438 ], [ 16.4133327, 48.172833 ], [ 16.4133031, 48.1728201 ], [ 16.4131196, 48.1729999 ], [ 16.4129876, 48.1729392 ], [ 16.4132184, 48.1727174 ], [ 16.413322, 48.1727668 ], [ 16.4133032, 48.1727829 ], [ 16.4133272, 48.1727938 ], [ 16.4133381, 48.1727847 ], [ 16.4133568, 48.1727812 ], [ 16.4134668, 48.1728312 ], [ 16.4135094, 48.1728528 ], [ 16.4134641, 48.1728938 ] ] ] } },
{ "type": "Feature", "properties": { "Hofname": "Luzegasse 2-4", "clean_address": "1110 Wien, Luzegasse", "Wohnungen": 98, "Lokale": 8, "addr_key": "1110 wien, luzegasse" }, "geometry": { "type": "Polygon", "coordinates": [ [ [ 16.4517789, 48.1598367 ], [ 16.4518119, 48.1598297 ], [ 16.4517686, 48.1597349 ], [ 16.4517497, 48.1597383 ], [ 16.4516937, 48.1596207 ], [ 16.4515183, 48.159658 ], [ 16.45156, 48.1597455 ], [ 16.4515908, 48.1597388 ], [ 16.4516507, 48.1598646 ], [ 16.4517789, 48.1598367 ] ] ] } },
{ "type": "Feature", "properties": { "Hofname": "Eisteichstraße 17-27", "clean_address": "1110 Wien, Eisteichstraße", "Wohnungen": 150, "Lokale": 20, "addr_key": "1110 wien, eisteichstraße" }, "geometry": { "type": "Point", "coordinates": [ 16.4144889, 48.1801224 ] } },
{ "type": "Feature", "properties": { "Hofname": "Kaiser-Ebersdorfer Straße 290-292", "clean_address": "1110 Wien, Kaiser-Ebersdorfer Straße", "Wohnungen": 26, "Lokale": 4, "addr_key": "1110 wien, kaiser-ebersdorfer straße" }, "geometry": { "type": "Polygon", "coordinates": [ [ [ 16.4258282, 48.1682913 ], [ 16.4257192, 48.1683556 ], [ 16.4257004, 48.1683395 ], [ 16.4256172, 48.168386 ], [ 16.4256312, 48.1683984 ], [ 16.4255501, 48.168445 ], [ 16.4256487, 48.1685252 ], [ 16.4257326, 48.168479 ], [ 16.4257492, 48.1684932 ], [ 16.425768, 48.1684807 ], [ 16.4258104, 48.168513 ], [ 16.4258828, 48.1684701 ], [ 16.4258452, 48.1684397 ], [ 16.4258645, 48.1684288 ], [ 16.4258506, 48.1684146 ], [ 16.4259242, 48.1683737 ], [ 16.4258282, 48.1682913 ] ] ] } },
{ "type": "Feature", "properties": { "Hofname": "Wilhelm-Otto-Straße 1", "clean_address": "1110 Wien, Wilhelm-Otto-Straße", "Wohnungen": 28, "Lokale": 0, "addr_key": "1110 wien, wilhelm-otto-straße" }, "geometry": { "type": "Point", "coordinates": [ 16.4143161, 48.1798436 ] } },
{ "type": "Feature", "properties": { "Hofname": "Richard-Wadani-Hof", "clean_address": "1110 Wien, Kaiser-Ebersdorfer Straße", "Wohnungen": 45, "Lokale": 4, "addr_key": "1110 wien, kaiser-ebersdorfer straße" }, "geometry": { "type": "Polygon", "coordinates": [ [ [ 16.4258282, 48.1682913 ], [ 16.4257192, 48.1683556 ], [ 16.4257004, 48.1683395 ], [ 16.4256172, 48.168386 ], [ 16.4256312, 48.1683984 ], [ 16.4255501, 48.168445 ], [ 16.4256487, 48.1685252 ], [ 16.4257326, 48.168479 ], [ 16.4257492, 48.1684932 ], [ 16.425768, 48.1684807 ], [ 16.4258104, 48.168513 ], [ 16.4258828, 48.1684701 ], [ 16.4258452, 48.1684397 ], [ 16.4258645, 48.1684288 ], [ 16.4258506, 48.1684146 ], [ 16.4259242, 48.1683737 ], [ 16.4258282, 48.1682913 ] ] ] } },
{ "type": "Feature", "properties": { "Hofname": "Oberleitengasse 19-23", "clean_address": "1110 Wien, Oberleitengasse", "Wohnungen": 52, "Lokale": 2, "addr_key": "1110 wien, oberleitengasse" }, "geometry": { "type": "Polygon", "coordinates": [ [ [ 16.4195441, 48.1793259 ], [ 16.419482, 48.1793146 ], [ 16.4194871, 48.1793021 ], [ 16.4193723, 48.1792811 ], [ 16.4193684, 48.1792906 ], [ 16.4193005, 48.1792781 ], [ 16.4192891, 48.1793058 ], [ 16.4192671, 48.1793018 ], [ 16.4192465, 48.1793518 ], [ 16.4192643, 48.1793551 ], [ 16.4192373, 48.1794207 ], [ 16.4194863, 48.1794662 ], [ 16.4195441, 48.1793259 ] ] ] } },
{ "type": "Feature", "properties": { "Hofname": "Johann-Hatzl-Hof", "clean_address": "1110 Wien, Simmeringer Hauptstraße", "Wohnungen": 423, "Lokale": 44, "addr_key": "1110 wien, simmeringer hauptstraße" }, "geometry": { "type": "Point", "coordinates": [ 16.4061483, 48.1838947 ] } },
{ "type": "Feature", "properties": { "Hofname": "Lorystraße 46-48", "clean_address": "1110 Wien, Lorystraße", "Wohnungen": 90, "Lokale": 2, "addr_key": "1110 wien, lorystraße" }, "geometry": { "type": "Polygon", "coordinates": [ [ [ 16.4134641, 48.1728938 ], [ 16.4134453, 48.1728849 ], [ 16.4134291, 48.1728974 ], [ 16.413322, 48.1728438 ], [ 16.4133327, 48.172833 ], [ 16.4133031, 48.1728201 ], [ 16.4131196, 48.1729999 ], [ 16.4129876, 48.1729392 ], [ 16.4132184, 48.1727174 ], [ 16.413322, 48.1727668 ], [ 16.4133032, 48.1727829 ], [ 16.4133272, 48.1727938 ], [ 16.4133381, 48.1727847 ], [ 16.4133568, 48.1727812 ], [ 16.4134668, 48.1728312 ], [ 16.4135094, 48.1728528 ], [ 16.4134641, 48.1728938 ] ] ] } },
{ "type": "Feature", "properties": { "Hofname": "Oberleitengasse 1", "clean_address": "1110 Wien, Oberleitengasse", "Wohnungen": 91, "Lokale": 2, "addr_key": "1110 wien, oberleitengasse" }, "geometry": { "type": "Polygon", "coordinates": [ [ [ 16.4195441, 48.1793259 ], [ 16.419482, 48.1793146 ], [ 16.4194871, 48.1793021 ], [ 16.4193723, 48.1792811 ], [ 16.4193684, 48.1792906 ], [ 16.4193005, 48.1792781 ], [ 16.4192891, 48.1793058 ], [ 16.4192671, 48.1793018 ], [ 16.4192465, 48.1793518 ], [ 16.4192643, 48.1793551 ], [ 16.4192373, 48.1794207 ], [ 16.4194863, 48.1794662 ], [ 16.4195441, 48.1793259 ] ] ] } },
{ "type": "Feature", "properties": { "Hofname": "Dreherstraße 2", "clean_address": "1110 Wien, Muhrhoferweg", "Wohnungen": 40, "Lokale": 0, "addr_key": "1110 wien, muhrhoferweg" }, "geometry": { "type": "Polygon", "coordinates": [ [ [ 16.4721164, 48.157857 ], [ 16.4721172, 48.1578748 ], [ 16.472102, 48.1578751 ], [ 16.4721042, 48.1579209 ], [ 16.4720717, 48.1579216 ], [ 16.4720744, 48.1579781 ], [ 16.472199, 48.1579754 ], [ 16.4721981, 48.1580033 ], [ 16.4722725, 48.1580019 ], [ 16.4722728, 48.1579739 ], [ 16.4724054, 48.1579711 ], [ 16.4724034, 48.1579291 ], [ 16.4724001, 48.1578588 ], [ 16.4723992, 48.1578378 ], [ 16.4723498, 48.1578387 ], [ 16.4723504, 48.1578526 ], [ 16.4721164, 48.157857 ] ] ] } },
{ "type": "Feature", "properties": { "Hofname": "Franz-Haas-Hof", "clean_address": "1110 Wien, Simmeringer Hauptstraße", "Wohnungen": 158, "Lokale": 13, "addr_key": "1110 wien, simmeringer hauptstraße" }, "geometry": { "type": "Point", "coordinates": [ 16.4061483, 48.1838947 ] } },
{ "type": "Feature", "properties": { "Hofname": "Schönbrunner Straße 195", "clean_address": "1120 Wien, Schönbrunner Straße", "Wohnungen": 116, "Lokale": 9, "addr_key": "1120 wien, schönbrunner straße" }, "geometry": { "type": "Point", "coordinates": [ 16.36104, 48.1950727 ] } },
{ "type": "Feature", "properties": { "Hofname": "Klährgasse 4", "clean_address": "1120 Wien, Klährgasse", "Wohnungen": 11, "Lokale": 0, "addr_key": "1120 wien, klährgasse" }, "geometry": { "type": "Point", "coordinates": [ 16.3376962, 48.1822049 ] } },
{ "type": "Feature", "properties": { "Hofname": "Theresienbadgasse 1", "clean_address": "1120 Wien, Theresienbadgasse", "Wohnungen": 5, "Lokale": 11, "addr_key": "1120 wien, theresienbadgasse" }, "geometry": { "type": "Point", "coordinates": [ 16.328481, 48.1830411 ] } },
{ "type": "Feature", "properties": { "Hofname": "Moosbruggergasse 1", "clean_address": "1120 Wien, Moosbruggergasse", "Wohnungen": 61, "Lokale": 4, "addr_key": "1120 wien, moosbruggergasse" }, "geometry": { "type": "Point", "coordinates": [ 16.3395882, 48.1715522 ] } },
{ "type": "Feature", "properties": { "Hofname": "Rauchgasse 37", "clean_address": "1120 Wien, Rauchgasse", "Wohnungen": 22, "Lokale": 0, "addr_key": "1120 wien, rauchgasse" }, "geometry": { "type": "Point", "coordinates": [ 16.3343424, 48.1783277 ] } },
{ "type": "Feature", "properties": { "Hofname": "Am Wienerberg", "clean_address": "1120 Wien, Wienerbergstraße", "Wohnungen": 778, "Lokale": 17, "addr_key": "1120 wien, wienerbergstraße" }, "geometry": { "type": "Point", "coordinates": [ 16.3368675, 48.1708142 ] } },
{ "type": "Feature", "properties": { "Hofname": "Lichtensterngasse 3-21", "clean_address": "1120 Wien, Lichtensterngasse", "Wohnungen": 400, "Lokale": 4, "addr_key": "1120 wien, lichtensterngasse" }, "geometry": { "type": "Point", "coordinates": [ 16.330065, 48.1596206 ] } },
{ "type": "Feature", "properties": { "Hofname": "Karl-Löwe-Gasse 7-9", "clean_address": "1120 Wien, Karl-Löwe-Gasse", "Wohnungen": 39, "Lokale": 2, "addr_key": "1120 wien, karl-löwe-gasse" }, "geometry": { "type": "Point", "coordinates": [ 16.3401798, 48.1781322 ] } },
{ "type": "Feature", "properties": { "Hofname": "Sagedergasse 7-11", "clean_address": "1120 Wien, Sagedergasse", "Wohnungen": 446, "Lokale": 5, "addr_key": "1120 wien, sagedergasse" }, "geometry": { "type": "Point", "coordinates": [ 16.3229736, 48.1602329 ] } },
{ "type": "Feature", "properties": { "Hofname": "Korbergasse 8", "clean_address": "1120 Wien, Korbergasse", "Wohnungen": 16, "Lokale": 0, "addr_key": "1120 wien, korbergasse" }, "geometry": { "type": "Point", "coordinates": [ 16.3395952, 48.1860209 ] } },
{ "type": "Feature", "properties": { "Hofname": "Schlöglgasse 71", "clean_address": "1120 Wien, Schlöglgasse", "Wohnungen": 19, "Lokale": 2, "addr_key": "1120 wien, schlöglgasse" }, "geometry": { "type": "Polygon", "coordinates": [ [ [ 16.3130978, 48.1679461 ], [ 16.3130342, 48.167964 ], [ 16.3130371, 48.1679691 ], [ 16.3129648, 48.1679894 ], [ 16.3129618, 48.1679844 ], [ 16.3129091, 48.1679993 ], [ 16.3128348, 48.167884 ], [ 16.3129484, 48.1678535 ], [ 16.3129604, 48.1678538 ], [ 16.3129712, 48.1678558 ], [ 16.3129803, 48.1678596 ], [ 16.3129876, 48.1678635 ], [ 16.3130182, 48.1679133 ], [ 16.313071, 48.1679 ], [ 16.3130978, 48.1679461 ] ] ] } },
{ "type": "Feature", "properties": { "Hofname": "Karl-Löwe-Gasse 4", "clean_address": "1120 Wien, Karl-Löwe-Gasse", "Wohnungen": 16, "Lokale": 0, "addr_key": "1120 wien, karl-löwe-gasse" }, "geometry": { "type": "Point", "coordinates": [ 16.3401798, 48.1781322 ] } },
{ "type": "Feature", "properties": { "Hofname": "Koppreitergasse 24-26", "clean_address": "1120 Wien, Koppreitergasse", "Wohnungen": 34, "Lokale": 2, "addr_key": "1120 wien, koppreitergasse" }, "geometry": { "type": "Point", "coordinates": [ 16.326936, 48.1747001 ] } },
{ "type": "Feature", "properties": { "Hofname": "Liebenstraße 48", "clean_address": "1120 Wien, Liebenstraße", "Wohnungen": 32, "Lokale": 1, "addr_key": "1120 wien, liebenstraße" }, "geometry": { "type": "Point", "coordinates": [ 16.3269665, 48.1690125 ] } },
{ "type": "Feature", "properties": { "Hofname": "Karl-Löwe-Gasse 12", "clean_address": "1120 Wien, Karl-Löwe-Gasse", "Wohnungen": 12, "Lokale": 0, "addr_key": "1120 wien, karl-löwe-gasse" }, "geometry": { "type": "Point", "coordinates": [ 16.3401798, 48.1781322 ] } },
{ "type": "Feature", "properties": { "Hofname": "Oswaldgasse 14-22", "clean_address": "1120 Wien, Oswaldgasse", "Wohnungen": 151, "Lokale": 6, "addr_key": "1120 wien, oswaldgasse" }, "geometry": { "type": "Point", "coordinates": [ 16.3234546, 48.1644413 ] } },
{ "type": "Feature", "properties": { "Hofname": "Schönbrunner Straße 181-183", "clean_address": "1120 Wien, Schönbrunner Straße", "Wohnungen": 19, "Lokale": 5, "addr_key": "1120 wien, schönbrunner straße" }, "geometry": { "type": "Point", "coordinates": [ 16.36104, 48.1950727 ] } },
{ "type": "Feature", "properties": { "Hofname": "Fockygasse 53", "clean_address": "1120 Wien, Fockygasse", "Wohnungen": 47, "Lokale": 2, "addr_key": "1120 wien, fockygasse" }, "geometry": { "type": "Point", "coordinates": [ 16.3401687, 48.1844029 ] } },
{ "type": "Feature", "properties": { "Hofname": "Münchenstraße 24", "clean_address": "1120 Wien, Münchenstraße", "Wohnungen": 29, "Lokale": 1, "addr_key": "1120 wien, münchenstraße" }, "geometry": { "type": "Point", "coordinates": [ 16.2994348, 48.1683154 ] } },
{ "type": "Feature", "properties": { "Hofname": "Malfattigasse 39", "clean_address": "1120 Wien, Malfattigasse", "Wohnungen": 42, "Lokale": 3, "addr_key": "1120 wien, malfattigasse" }, "geometry": { "type": "Point", "coordinates": [ 16.3401406, 48.1827688 ] } },
{ "type": "Feature", "properties": { "Hofname": "Rosenhügelstraße 35a", "clean_address": "1120 Wien, Rosenhügelstraße", "Wohnungen": 40, "Lokale": 6, "addr_key": "1120 wien, rosenhügelstraße" }, "geometry": { "type": "Point", "coordinates": [ 16.3019073, 48.1684788 ] } },
{ "type": "Feature", "properties": { "Hofname": "Wolfganggasse 54", "clean_address": "1120 Wien, Wolfganggasse", "Wohnungen": 32, "Lokale": 0, "addr_key": "1120 wien, wolfganggasse" }, "geometry": { "type": "Point", "coordinates": [ 16.34352, 48.181095 ] } },
{ "type": "Feature", "properties": { "Hofname": "Arndtstraße 30-34", "clean_address": "1120 Wien, Arndtstraße", "Wohnungen": 52, "Lokale": 0, "addr_key": "1120 wien, arndtstraße" }, "geometry": { "type": "Point", "coordinates": [ 16.3384946, 48.1844501 ] } },
{ "type": "Feature", "properties": { "Hofname": "Malfattigasse 13", "clean_address": "1120 Wien, Malfattigasse", "Wohnungen": 26, "Lokale": 1, "addr_key": "1120 wien, malfattigasse" }, "geometry": { "type": "Point", "coordinates": [ 16.3401406, 48.1827688 ] } },
{ "type": "Feature", "properties": { "Hofname": "Zeleborgasse 7", "clean_address": "1120 Wien, Zeleborgasse", "Wohnungen": 17, "Lokale": 1, "addr_key": "1120 wien, zeleborgasse" }, "geometry": { "type": "Point", "coordinates": [ 16.3329181, 48.1772807 ] } },
{ "type": "Feature", "properties": { "Hofname": "Malfattigasse 7", "clean_address": "1120 Wien, Malfattigasse", "Wohnungen": 49, "Lokale": 3, "addr_key": "1120 wien, malfattigasse" }, "geometry": { "type": "Point", "coordinates": [ 16.3401406, 48.1827688 ] } },
{ "type": "Feature", "properties": { "Hofname": "Wienerbergstraße 10", "clean_address": "1120 Wien, Wienerbergstraße", "Wohnungen": 158, "Lokale": 4, "addr_key": "1120 wien, wienerbergstraße" }, "geometry": { "type": "Point", "coordinates": [ 16.3368675, 48.1708142 ] } },
{ "type": "Feature", "properties": { "Hofname": "Fockygasse 40-44", "clean_address": "1120 Wien, Fockygasse", "Wohnungen": 63, "Lokale": 0, "addr_key": "1120 wien, fockygasse" }, "geometry": { "type": "Point", "coordinates": [ 16.3401687, 48.1844029 ] } },
{ "type": "Feature", "properties": { "Hofname": "Wolfganggasse 50-52", "clean_address": "1120 Wien, Wolfganggasse", "Wohnungen": 61, "Lokale": 1, "addr_key": "1120 wien, wolfganggasse" }, "geometry": { "type": "Point", "coordinates": [ 16.34352, 48.181095 ] } },
{ "type": "Feature", "properties": { "Hofname": "Malfattigasse 27-31", "clean_address": "1120 Wien, Malfattigasse", "Wohnungen": 45, "Lokale": 8, "addr_key": "1120 wien, malfattigasse" }, "geometry": { "type": "Point", "coordinates": [ 16.3401406, 48.1827688 ] } },
{ "type": "Feature", "properties": { "Hofname": "Schwenkgasse 54-60", "clean_address": "1120 Wien, Schwenkgasse", "Wohnungen": 42, "Lokale": 7, "addr_key": "1120 wien, schwenkgasse" }, "geometry": { "type": "Point", "coordinates": [ 16.3211013, 48.1804121 ] } },
{ "type": "Feature", "properties": { "Hofname": "Vierthalergasse 11-17", "clean_address": "1120 Wien, Vierthalergasse", "Wohnungen": 172, "Lokale": 7, "addr_key": "1120 wien, vierthalergasse" }, "geometry": { "type": "Point", "coordinates": [ 16.3344794, 48.1784392 ] } },
{ "type": "Feature", "properties": { "Hofname": "Hohenbergstraße 24-32", "clean_address": "1120 Wien, Hohenbergstraße", "Wohnungen": 79, "Lokale": 4, "addr_key": "1120 wien, hohenbergstraße" }, "geometry": { "type": "Point", "coordinates": [ 16.3173117, 48.1760986 ] } },
{ "type": "Feature", "properties": { "Hofname": "Pachmüllergasse 21", "clean_address": "1120 Wien, Pachmüllergasse", "Wohnungen": 20, "Lokale": 1, "addr_key": "1120 wien, pachmüllergasse" }, "geometry": { "type": "Point", "coordinates": [ 16.3323984, 48.1780588 ] } },
{ "type": "Feature", "properties": { "Hofname": "Steinhagegasse 9", "clean_address": "1120 Wien, Steinhagegasse", "Wohnungen": 20, "Lokale": 0, "addr_key": "1120 wien, steinhagegasse" }, "geometry": { "type": "Point", "coordinates": [ 16.3408725, 48.1850783 ] } },
{ "type": "Feature", "properties": { "Hofname": "Kollmayergasse 2-8", "clean_address": "1120 Wien, Kollmayergasse", "Wohnungen": 44, "Lokale": 3, "addr_key": "1120 wien, kollmayergasse" }, "geometry": { "type": "Point", "coordinates": [ 16.3414497, 48.18515 ] } },
{ "type": "Feature", "properties": { "Hofname": "Hohenbergstraße 14-16", "clean_address": "1120 Wien, Hohenbergstraße", "Wohnungen": 59, "Lokale": 5, "addr_key": "1120 wien, hohenbergstraße" }, "geometry": { "type": "Point", "coordinates": [ 16.3173117, 48.1760986 ] } },
{ "type": "Feature", "properties": { "Hofname": "Arndtstraße 31-33", "clean_address": "1120 Wien, Arndtstraße", "Wohnungen": 124, "Lokale": 1, "addr_key": "1120 wien, arndtstraße" }, "geometry": { "type": "Point", "coordinates": [ 16.3384946, 48.1844501 ] } },
{ "type": "Feature", "properties": { "Hofname": "Hoffingergasse 5", "clean_address": "1120 Wien, Hoffingergasse", "Wohnungen": 69, "Lokale": 2, "addr_key": "1120 wien, hoffingergasse" }, "geometry": { "type": "Point", "coordinates": [ 16.3231661, 48.1638141 ] } },
{ "type": "Feature", "properties": { "Hofname": "Pirkebnerstraße 1-3", "clean_address": "1120 Wien, Pirkebnerstraße", "Wohnungen": 227, "Lokale": 4, "addr_key": "1120 wien, pirkebnerstraße" }, "geometry": { "type": "Point", "coordinates": [ 16.3359383, 48.1715786 ] } },
{ "type": "Feature", "properties": { "Hofname": "Stachegasse 1-3", "clean_address": "1120 Wien, Stachegasse", "Wohnungen": 99, "Lokale": 1, "addr_key": "1120 wien, stachegasse" }, "geometry": { "type": "Point", "coordinates": [ 16.3120064, 48.1617648 ] } },
{ "type": "Feature", "properties": { "Hofname": "Spittelbreitengasse 23", "clean_address": "1120 Wien, Spittelbreitengasse", "Wohnungen": 577, "Lokale": 15, "addr_key": "1120 wien, spittelbreitengasse" }, "geometry": { "type": "Point", "coordinates": [ 16.3271934, 48.1763433 ] } },
{ "type": "Feature", "properties": { "Hofname": "Migazziplatz 8-9", "clean_address": "1120 Wien, Migazziplatz", "Wohnungen": 119, "Lokale": 3, "addr_key": "1120 wien, migazziplatz" }, "geometry": { "type": "Point", "coordinates": [ 16.3356823, 48.1818106 ] } },
{ "type": "Feature", "properties": { "Hofname": "Schlöglgasse 17", "clean_address": "1120 Wien, Schlöglgasse", "Wohnungen": 88, "Lokale": 3, "addr_key": "1120 wien, schlöglgasse" }, "geometry": { "type": "Polygon", "coordinates": [ [ [ 16.3130978, 48.1679461 ], [ 16.3130342, 48.167964 ], [ 16.3130371, 48.1679691 ], [ 16.3129648, 48.1679894 ], [ 16.3129618, 48.1679844 ], [ 16.3129091, 48.1679993 ], [ 16.3128348, 48.167884 ], [ 16.3129484, 48.1678535 ], [ 16.3129604, 48.1678538 ], [ 16.3129712, 48.1678558 ], [ 16.3129803, 48.1678596 ], [ 16.3129876, 48.1678635 ], [ 16.3130182, 48.1679133 ], [ 16.313071, 48.1679 ], [ 16.3130978, 48.1679461 ] ] ] } },
{ "type": "Feature", "properties": { "Hofname": "Josef-Mikl-Hof", "clean_address": "1120 Wien, Schönbrunner Straße", "Wohnungen": 41, "Lokale": 8, "addr_key": "1120 wien, schönbrunner straße" }, "geometry": { "type": "Point", "coordinates": [ 16.36104, 48.1950727 ] } },
{ "type": "Feature", "properties": { "Hofname": "Rothenburgstraße 3", "clean_address": "1120 Wien, Rothenburgstraße", "Wohnungen": 97, "Lokale": 1, "addr_key": "1120 wien, rothenburgstraße" }, "geometry": { "type": "Point", "coordinates": [ 16.3204139, 48.1626512 ] } },
{ "type": "Feature", "properties": { "Hofname": "Eichenstraße 50-52", "clean_address": "1120 Wien, Eichenstraße", "Wohnungen": 23, "Lokale": 5, "addr_key": "1120 wien, eichenstraße" }, "geometry": { "type": "Point", "coordinates": [ 16.3445986, 48.1780239 ] } },
{ "type": "Feature", "properties": { "Hofname": "Hetzendorfer Straße 96", "clean_address": "1120 Wien, Hetzendorfer Straße", "Wohnungen": 48, "Lokale": 3, "addr_key": "1120 wien, hetzendorfer straße" }, "geometry": { "type": "Point", "coordinates": [ 16.3237423, 48.1616431 ] } },
{ "type": "Feature", "properties": { "Hofname": "Gaßmannstraße 1-19", "clean_address": "1120 Wien, Gaßmannstraße", "Wohnungen": 111, "Lokale": 8, "addr_key": "1120 wien, gaßmannstraße" }, "geometry": { "type": "Point", "coordinates": [ 16.309846, 48.1718017 ] } },
{ "type": "Feature", "properties": { "Hofname": "Hetzendorfer Straße 43-45", "clean_address": "1120 Wien, Hetzendorfer Straße", "Wohnungen": 33, "Lokale": 6, "addr_key": "1120 wien, hetzendorfer straße" }, "geometry": { "type": "Point", "coordinates": [ 16.3237423, 48.1616431 ] } },
{ "type": "Feature", "properties": { "Hofname": "Unter-Meidlinger Straße 16-22", "clean_address": "1120 Wien, Unter-Meidlinger Straße", "Wohnungen": 414, "Lokale": 12, "addr_key": "1120 wien, unter-meidlinger straße" }, "geometry": { "type": "Polygon", "coordinates": [ [ [ 16.3496717, 48.1704035 ], [ 16.3497069, 48.170406 ], [ 16.3498439, 48.1704156 ], [ 16.3498287, 48.1705115 ], [ 16.3497565, 48.1705064 ], [ 16.3496921, 48.1705019 ], [ 16.3496566, 48.1704994 ], [ 16.3496717, 48.1704035 ] ] ] } },
{ "type": "Feature", "properties": { "Hofname": "Jägerhausgasse 52-56", "clean_address": "1120 Wien, Jägerhausgasse", "Wohnungen": 80, "Lokale": 2, "addr_key": "1120 wien, jägerhausgasse" }, "geometry": { "type": "Point", "coordinates": [ 16.3075455, 48.1670169 ] } },
{ "type": "Feature", "properties": { "Hofname": "Wienerbergstraße 14", "clean_address": "1120 Wien, Wienerbergstraße", "Wohnungen": 109, "Lokale": 7, "addr_key": "1120 wien, wienerbergstraße" }, "geometry": { "type": "Point", "coordinates": [ 16.3368675, 48.1708142 ] } },
{ "type": "Feature", "properties": { "Hofname": "Tivoligasse 13", "clean_address": "1120 Wien, Tivoligasse", "Wohnungen": 125, "Lokale": 4, "addr_key": "1120 wien, tivoligasse" }, "geometry": { "type": "Point", "coordinates": [ 16.3219067, 48.1806035 ] } },
{ "type": "Feature", "properties": { "Hofname": "Jägerhausgasse 58-66", "clean_address": "1120 Wien, Jägerhausgasse", "Wohnungen": 89, "Lokale": 11, "addr_key": "1120 wien, jägerhausgasse" }, "geometry": { "type": "Point", "coordinates": [ 16.3075455, 48.1670169 ] } },
{ "type": "Feature", "properties": { "Hofname": "Tivoligasse 4-6", "clean_address": "1120 Wien, Tivoligasse", "Wohnungen": 49, "Lokale": 4, "addr_key": "1120 wien, tivoligasse" }, "geometry": { "type": "Point", "coordinates": [ 16.3219067, 48.1806035 ] } },
{ "type": "Feature", "properties": { "Hofname": "Liebenstraße 36-40", "clean_address": "1120 Wien, Liebenstraße", "Wohnungen": 89, "Lokale": 1, "addr_key": "1120 wien, liebenstraße" }, "geometry": { "type": "Point", "coordinates": [ 16.3269665, 48.1690125 ] } },
{ "type": "Feature", "properties": { "Hofname": "Hohenbergstraße 34", "clean_address": "1120 Wien, Hohenbergstraße", "Wohnungen": 37, "Lokale": 0, "addr_key": "1120 wien, hohenbergstraße" }, "geometry": { "type": "Point", "coordinates": [ 16.3173117, 48.1760986 ] } },
{ "type": "Feature", "properties": { "Hofname": "Hohenbergstraße 36-38", "clean_address": "1120 Wien, Hohenbergstraße", "Wohnungen": 40, "Lokale": 5, "addr_key": "1120 wien, hohenbergstraße" }, "geometry": { "type": "Point", "coordinates": [ 16.3173117, 48.1760986 ] } },
{ "type": "Feature", "properties": { "Hofname": "Hohenbergstraße 40", "clean_address": "1120 Wien, Hohenbergstraße", "Wohnungen": 24, "Lokale": 1, "addr_key": "1120 wien, hohenbergstraße" }, "geometry": { "type": "Point", "coordinates": [ 16.3173117, 48.1760986 ] } },
{ "type": "Feature", "properties": { "Hofname": "Rotenmühlgasse 64", "clean_address": "1120 Wien, Rotenmühlgasse", "Wohnungen": 212, "Lokale": 2, "addr_key": "1120 wien, rotenmühlgasse" }, "geometry": { "type": "Point", "coordinates": [ 16.3229383, 48.1816054 ] } },
{ "type": "Feature", "properties": { "Hofname": "Ratschkygasse 41-43", "clean_address": "1120 Wien, Ratschkygasse", "Wohnungen": 90, "Lokale": 0, "addr_key": "1120 wien, ratschkygasse" }, "geometry": { "type": "Point", "coordinates": [ 16.3219647, 48.1778651 ] } },
{ "type": "Feature", "properties": { "Hofname": "Egger-Lienz-Gasse 2-6", "clean_address": "1120 Wien, Egger-Lienz-Gasse", "Wohnungen": 80, "Lokale": 3, "addr_key": "1120 wien, egger-lienz-gasse" }, "geometry": { "type": "Point", "coordinates": [ 16.3229844, 48.1757987 ] } },
{ "type": "Feature", "properties": { "Hofname": "Theergasse 3-5", "clean_address": "1120 Wien, Theergasse", "Wohnungen": 138, "Lokale": 10, "addr_key": "1120 wien, theergasse" }, "geometry": { "type": "Point", "coordinates": [ 16.3209799, 48.1756166 ] } },
{ "type": "Feature", "properties": { "Hofname": "Spittelbreitengasse 46-48", "clean_address": "1120 Wien, Spittelbreitengasse", "Wohnungen": 71, "Lokale": 2, "addr_key": "1120 wien, spittelbreitengasse" }, "geometry": { "type": "Point", "coordinates": [ 16.3271934, 48.1763433 ] } },
{ "type": "Feature", "properties": { "Hofname": "Oswaldgasse 15-19", "clean_address": "1120 Wien, Oswaldgasse", "Wohnungen": 45, "Lokale": 0, "addr_key": "1120 wien, oswaldgasse" }, "geometry": { "type": "Point", "coordinates": [ 16.3234546, 48.1644413 ] } },
{ "type": "Feature", "properties": { "Hofname": "Pohlgasse 52", "clean_address": "1120 Wien, Pohlgasse", "Wohnungen": 21, "Lokale": 3, "addr_key": "1120 wien, pohlgasse" }, "geometry": { "type": "Point", "coordinates": [ 16.3236649, 48.1785766 ] } },
{ "type": "Feature", "properties": { "Hofname": "Hetzendorfer Straße 100", "clean_address": "1120 Wien, Hetzendorfer Straße", "Wohnungen": 34, "Lokale": 8, "addr_key": "1120 wien, hetzendorfer straße" }, "geometry": { "type": "Point", "coordinates": [ 16.3237423, 48.1616431 ] } },
{ "type": "Feature", "properties": { "Hofname": "Ignazgasse 21-25", "clean_address": "1120 Wien, Ignazgasse", "Wohnungen": 85, "Lokale": 0, "addr_key": "1120 wien, ignazgasse" }, "geometry": { "type": "Point", "coordinates": [ 16.3331428, 48.1789332 ] } },
{ "type": "Feature", "properties": { "Hofname": "Zanaschkagasse 14", "clean_address": "1120 Wien, Zanaschkagasse", "Wohnungen": 232, "Lokale": 1, "addr_key": "1120 wien, zanaschkagasse" }, "geometry": { "type": "Point", "coordinates": [ 16.3246202, 48.1584876 ] } },
{ "type": "Feature", "properties": { "Hofname": "Migazziplatz 6", "clean_address": "1120 Wien, Migazziplatz", "Wohnungen": 16, "Lokale": 0, "addr_key": "1120 wien, migazziplatz" }, "geometry": { "type": "Point", "coordinates": [ 16.3356823, 48.1818106 ] } },
{ "type": "Feature", "properties": { "Hofname": "Am Schöpfwerk 31", "clean_address": "1120 Wien, Am Schöpfwerk", "Wohnungen": 258, "Lokale": 6, "addr_key": "1120 wien, am schöpfwerk" }, "geometry": { "type": "Polygon", "coordinates": [ [ [ 16.387333, 48.2249571 ], [ 16.3871373, 48.2246964 ], [ 16.3870312, 48.2247176 ], [ 16.3870215, 48.2247035 ], [ 16.3869392, 48.2247252 ], [ 16.3868485, 48.2247615 ], [ 16.3868529, 48.2247757 ], [ 16.3867615, 48.2248143 ], [ 16.386928, 48.2250703 ], [ 16.3871738, 48.2250015 ], [ 16.387333, 48.2249571 ] ] ] } },
{ "type": "Feature", "properties": { "Hofname": "Sechtergasse 8-10", "clean_address": "1120 Wien, Sechtergasse", "Wohnungen": 18, "Lokale": 2, "addr_key": "1120 wien, sechtergasse" }, "geometry": { "type": "Point", "coordinates": [ 16.3317011, 48.1765444 ] } },
{ "type": "Feature", "properties": { "Hofname": "Am Schöpfwerk 29", "clean_address": "1120 Wien, Am Schöpfwerk", "Wohnungen": 611, "Lokale": 41, "addr_key": "1120 wien, am schöpfwerk" }, "geometry": { "type": "Polygon", "coordinates": [ [ [ 16.387333, 48.2249571 ], [ 16.3871373, 48.2246964 ], [ 16.3870312, 48.2247176 ], [ 16.3870215, 48.2247035 ], [ 16.3869392, 48.2247252 ], [ 16.3868485, 48.2247615 ], [ 16.3868529, 48.2247757 ], [ 16.3867615, 48.2248143 ], [ 16.386928, 48.2250703 ], [ 16.3871738, 48.2250015 ], [ 16.387333, 48.2249571 ] ] ] } },
{ "type": "Feature", "properties": { "Hofname": "Zanaschkagasse 12 und 16", "clean_address": "1120 Wien, Zanaschkagasse", "Wohnungen": 606, "Lokale": 11, "addr_key": "1120 wien, zanaschkagasse" }, "geometry": { "type": "Point", "coordinates": [ 16.3246202, 48.1584876 ] } },
{ "type": "Feature", "properties": { "Hofname": "Wilhelmstraße 39", "clean_address": "1120 Wien, Wilhelmstraße", "Wohnungen": 15, "Lokale": 0, "addr_key": "1120 wien, wilhelmstraße" }, "geometry": { "type": "Point", "coordinates": [ 16.3314442, 48.1750785 ] } },
{ "type": "Feature", "properties": { "Hofname": "Wilhelmstraße 40-44", "clean_address": "1120 Wien, Wilhelmstraße", "Wohnungen": 69, "Lokale": 3, "addr_key": "1120 wien, wilhelmstraße" }, "geometry": { "type": "Point", "coordinates": [ 16.3314442, 48.1750785 ] } },
{ "type": "Feature", "properties": { "Hofname": "Altmannsdorfer Straße 10-14", "clean_address": "1120 Wien, Altmannsdorfer Straße", "Wohnungen": 27, "Lokale": 0, "addr_key": "1120 wien, altmannsdorfer straße" }, "geometry": { "type": "Point", "coordinates": [ 16.3142831, 48.1747129 ] } },
{ "type": "Feature", "properties": { "Hofname": "Flurschützstraße 26", "clean_address": "1120 Wien, Flurschützstraße", "Wohnungen": 19, "Lokale": 3, "addr_key": "1120 wien, flurschützstraße" }, "geometry": { "type": "Point", "coordinates": [ 16.3443791, 48.1806631 ] } },
{ "type": "Feature", "properties": { "Hofname": "Rollingergasse 6-8", "clean_address": "1120 Wien, Rollingergasse", "Wohnungen": 165, "Lokale": 3, "addr_key": "1120 wien, rollingergasse" }, "geometry": { "type": "Point", "coordinates": [ 16.3270598, 48.1752538 ] } },
{ "type": "Feature", "properties": { "Hofname": "Hetzendorfer Straße 23", "clean_address": "1120 Wien, Hetzendorfer Straße", "Wohnungen": 24, "Lokale": 0, "addr_key": "1120 wien, hetzendorfer straße" }, "geometry": { "type": "Point", "coordinates": [ 16.3237423, 48.1616431 ] } },
{ "type": "Feature", "properties": { "Hofname": "Schönbrunner Schloßstraße 34", "clean_address": "1120 Wien, Schönbrunner Schloßstraße", "Wohnungen": 71, "Lokale": 1, "addr_key": "1120 wien, schönbrunner schloßstraße" }, "geometry": { "type": "Point", "coordinates": [ 16.3137181, 48.1863366 ] } },
{ "type": "Feature", "properties": { "Hofname": "Sechtergasse 7", "clean_address": "1120 Wien, Sechtergasse", "Wohnungen": 26, "Lokale": 0, "addr_key": "1120 wien, sechtergasse" }, "geometry": { "type": "Point", "coordinates": [ 16.3317011, 48.1765444 ] } },
{ "type": "Feature", "properties": { "Hofname": "Wanda-Lanzer-Hof", "clean_address": "1130 Wien, Speisinger Straße", "Wohnungen": 101, "Lokale": 5, "addr_key": "1130 wien, speisinger straße" }, "geometry": { "type": "Point", "coordinates": [ 16.2847057, 48.1731646 ] } },
{ "type": "Feature", "properties": { "Hofname": "Eduard-Popp-Hof", "clean_address": "1130 Wien, Biraghigasse", "Wohnungen": 146, "Lokale": 23, "addr_key": "1130 wien, biraghigasse" }, "geometry": { "type": "Point", "coordinates": [ 16.2801437, 48.168941 ] } },
{ "type": "Feature", "properties": { "Hofname": "Hetzendorfer Straße 164-182", "clean_address": "1130 Wien, Hetzendorfer Straße", "Wohnungen": 82, "Lokale": 5, "addr_key": "1130 wien, hetzendorfer straße" }, "geometry": { "type": "Point", "coordinates": [ 16.3237423, 48.1616431 ] } },
{ "type": "Feature", "properties": { "Hofname": "Wolkersbergenstraße 10", "clean_address": "1130 Wien, Wolkersbergenstraße", "Wohnungen": 7, "Lokale": 0, "addr_key": "1130 wien, wolkersbergenstraße" }, "geometry": { "type": "Polygon", "coordinates": [ [ [ 16.2811033, 48.1682215 ], [ 16.2810515, 48.1679462 ], [ 16.2810379, 48.1679304 ], [ 16.2810242, 48.1679144 ], [ 16.2763741, 48.1672884 ], [ 16.2757935, 48.1672066 ], [ 16.2757306, 48.1671999 ], [ 16.2757108, 48.1671972 ], [ 16.2756927, 48.1671948 ], [ 16.2754526, 48.1671633 ], [ 16.2754278, 48.16716 ], [ 16.2753922, 48.1671552 ], [ 16.2733202, 48.1668778 ], [ 16.2733098, 48.1669174 ], [ 16.2732616, 48.1669105 ], [ 16.2732064, 48.1669025 ], [ 16.2732031, 48.1669147 ], [ 16.2731596, 48.1670779 ], [ 16.2731449, 48.167133 ], [ 16.2731355, 48.1671679 ], [ 16.2730396, 48.1675639 ], [ 16.2724778, 48.169861 ], [ 16.2734076, 48.1699197 ], [ 16.2733814, 48.1699588 ], [ 16.2721829, 48.1716908 ], [ 16.2716342, 48.1715293 ], [ 16.2714605, 48.1717815 ], [ 16.271279, 48.172045 ], [ 16.2718413, 48.1722091 ], [ 16.2706608, 48.1739106 ], [ 16.2706004, 48.173941 ], [ 16.2705166, 48.1739571 ], [ 16.2704663, 48.1740178 ], [ 16.270499, 48.1740279 ], [ 16.2712626, 48.1742575 ], [ 16.2710028, 48.1745276 ], [ 16.2709046, 48.1746056 ], [ 16.270595, 48.1747989 ], [ 16.2702896, 48.1751732 ], [ 16.2703364, 48.1751872 ], [ 16.2702943, 48.1752574 ], [ 16.2707845, 48.1754118 ], [ 16.2712954, 48.1755607 ], [ 16.2713139, 48.1755677 ], [ 16.2718857, 48.1757845 ], [ 16.27197, 48.1759653 ], [ 16.2718162, 48.1772893 ], [ 16.2717931, 48.1776091 ], [ 16.2724165, 48.1775608 ], [ 16.2725195, 48.1775528 ], [ 16.2727631, 48.1775368 ], [ 16.2726969, 48.177133 ], [ 16.2728402, 48.1767006 ], [ 16.2729763, 48.1762896 ], [ 16.2731354, 48.1757533 ], [ 16.2731392, 48.1757407 ], [ 16.2732405, 48.1753992 ], [ 16.2733001, 48.1753399 ], [ 16.2734373, 48.1753029 ], [ 16.2741388, 48.1752245 ], [ 16.274244, 48.1750764 ], [ 16.2744515, 48.1749579 ], [ 16.2755476, 48.1733675 ], [ 16.2755434, 48.1733616 ], [ 16.2755051, 48.1733491 ], [ 16.2755589, 48.1732789 ], [ 16.2754833, 48.1732572 ], [ 16.27547, 48.173244 ], [ 16.2754766, 48.1732308 ], [ 16.2756782, 48.172938 ], [ 16.27568, 48.1729309 ], [ 16.2756933, 48.1729231 ], [ 16.2757149, 48.1729253 ], [ 16.2757837, 48.1729476 ], [ 16.2757991, 48.1729264 ], [ 16.2758527, 48.1728529 ], [ 16.2758676, 48.1728577 ], [ 16.2759003, 48.1728128 ], [ 16.2759189, 48.1728178 ], [ 16.2759363, 48.1728107 ], [ 16.2774841, 48.1705678 ], [ 16.277541, 48.1704885 ], [ 16.2776055, 48.1704014 ], [ 16.2778318, 48.1701089 ], [ 16.2779905, 48.1699203 ], [ 16.2781658, 48.1697439 ], [ 16.2784039, 48.1695256 ], [ 16.2787028, 48.1692886 ], [ 16.2787627, 48.1692411 ], [ 16.2786733, 48.1691863 ], [ 16.2786863, 48.1691443 ], [ 16.2786957, 48.1690951 ], [ 16.2787069, 48.169044 ], [ 16.2787107, 48.1690194 ], [ 16.2787129, 48.1690048 ], [ 16.2787303, 48.1689952 ], [ 16.2787371, 48.1689621 ], [ 16.2788306, 48.1689383 ], [ 16.2788843, 48.1689289 ], [ 16.278943, 48.1689296 ], [ 16.2789874, 48.168939 ], [ 16.2790398, 48.1689575 ], [ 16.2791211, 48.1689945 ], [ 16.2794882, 48.16878 ], [ 16.2798132, 48.1686124 ], [ 16.2800003, 48.1685282 ], [ 16.2804048, 48.1683823 ], [ 16.2807404, 48.1682895 ], [ 16.2811033, 48.1682215 ] ] ] } },
{ "type": "Feature", "properties": { "Hofname": "Hetzendorfer Straße 165-187", "clean_address": "1130 Wien, Hetzendorfer Straße", "Wohnungen": 209, "Lokale": 28, "addr_key": "1130 wien, hetzendorfer straße" }, "geometry": { "type": "Point", "coordinates": [ 16.3237423, 48.1616431 ] } },
{ "type": "Feature", "properties": { "Hofname": "Fasangartengasse 65", "clean_address": "1130 Wien, Fasangartengasse", "Wohnungen": 59, "Lokale": 7, "addr_key": "1130 wien, fasangartengasse" }, "geometry": { "type": "Polygon", "coordinates": [ [ [ 16.2876861, 48.1746024 ], [ 16.287822, 48.1745055 ], [ 16.2879645, 48.1745971 ], [ 16.2879279, 48.1746162 ], [ 16.2878108, 48.1746775 ], [ 16.2877873, 48.1746614 ], [ 16.2877692, 48.1746731 ], [ 16.2876861, 48.1746024 ] ] ] } },
{ "type": "Feature", "properties": { "Hofname": "Waldvogelstraße 18-24", "clean_address": "1130 Wien, Waldvogelstraße", "Wohnungen": 203, "Lokale": 8, "addr_key": "1130 wien, waldvogelstraße" }, "geometry": { "type": "Polygon", "coordinates": [ [ [ 16.2814747, 48.1744603 ], [ 16.2815456, 48.1743824 ], [ 16.2806275, 48.1740108 ], [ 16.2805565, 48.1740887 ], [ 16.2814747, 48.1744603 ] ] ] } },
{ "type": "Feature", "properties": { "Hofname": "Speisinger Straße 102", "clean_address": "1130 Wien, Speisinger Straße", "Wohnungen": 39, "Lokale": 2, "addr_key": "1130 wien, speisinger straße" }, "geometry": { "type": "Point", "coordinates": [ 16.2847057, 48.1731646 ] } },
{ "type": "Feature", "properties": { "Hofname": "Veitingergasse 129-135", "clean_address": "1130 Wien, Veitingergasse", "Wohnungen": 128, "Lokale": 6, "addr_key": "1130 wien, veitingergasse" }, "geometry": { "type": "Point", "coordinates": [ 16.28137, 48.1792963 ] } },
{ "type": "Feature", "properties": { "Hofname": "Ebner-Rofenstein-Gasse 2-14", "clean_address": "1130 Wien, Ebner-Rofenstein-Gasse", "Wohnungen": 43, "Lokale": 7, "addr_key": "1130 wien, ebner-rofenstein-gasse" }, "geometry": { "type": "Point", "coordinates": [ 16.2671821, 48.1794022 ] } },
{ "type": "Feature", "properties": { "Hofname": "Elisabeth-Barbara-Parma-Hof", "clean_address": "1130 Wien, Waldvogelstraße", "Wohnungen": 41, "Lokale": 2, "addr_key": "1130 wien, waldvogelstraße" }, "geometry": { "type": "Polygon", "coordinates": [ [ [ 16.2814747, 48.1744603 ], [ 16.2815456, 48.1743824 ], [ 16.2806275, 48.1740108 ], [ 16.2805565, 48.1740887 ], [ 16.2814747, 48.1744603 ] ] ] } },
{ "type": "Feature", "properties": { "Hofname": "Speisinger Straße 47-53", "clean_address": "1130 Wien, Speisinger Straße", "Wohnungen": 81, "Lokale": 10, "addr_key": "1130 wien, speisinger straße" }, "geometry": { "type": "Point", "coordinates": [ 16.2847057, 48.1731646 ] } },
{ "type": "Feature", "properties": { "Hofname": "Montecuccoliplatz 1-3", "clean_address": "1130 Wien, Montecuccoliplatz", "Wohnungen": 109, "Lokale": 3, "addr_key": "1130 wien, montecuccoliplatz" }, "geometry": { "type": "Point", "coordinates": [ 16.2970247, 48.1758792 ] } },
{ "type": "Feature", "properties": { "Hofname": "Dommayergasse 5", "clean_address": "1130 Wien, Dommayergasse", "Wohnungen": 5, "Lokale": 2, "addr_key": "1130 wien, dommayergasse" }, "geometry": { "type": "Point", "coordinates": [ 16.2989586, 48.1871017 ] } },
{ "type": "Feature", "properties": { "Hofname": "Vier-Jahreszeiten-Hof", "clean_address": "1130 Wien, Bossigasse", "Wohnungen": 188, "Lokale": 10, "addr_key": "1130 wien, bossigasse" }, "geometry": { "type": "Point", "coordinates": [ 16.2818988, 48.1893273 ] } },
{ "type": "Feature", "properties": { "Hofname": "Gallgasse 2-4", "clean_address": "1130 Wien, Gallgasse", "Wohnungen": 42, "Lokale": 5, "addr_key": "1130 wien, gallgasse" }, "geometry": { "type": "Point", "coordinates": [ 16.2856077, 48.1681172 ] } },
{ "type": "Feature", "properties": { "Hofname": "Spohrstraße 19-31", "clean_address": "1130 Wien, Spohrstraße", "Wohnungen": 168, "Lokale": 9, "addr_key": "1130 wien, spohrstraße" }, "geometry": { "type": "Point", "coordinates": [ 16.2810844, 48.1859175 ] } },
{ "type": "Feature", "properties": { "Hofname": "Anton-Langer-Gasse 39-45", "clean_address": "1130 Wien, Anton-Langer-Gasse", "Wohnungen": 33, "Lokale": 1, "addr_key": "1130 wien, anton-langer-gasse" }, "geometry": { "type": "Point", "coordinates": [ 16.2828537, 48.1734666 ] } },
{ "type": "Feature", "properties": { "Hofname": "Trazerberggasse 66-88", "clean_address": "1130 Wien, Trazerberggasse", "Wohnungen": 45, "Lokale": 2, "addr_key": "1130 wien, trazerberggasse" }, "geometry": { "type": "Point", "coordinates": [ 16.2782812, 48.1848082 ] } },
{ "type": "Feature", "properties": { "Hofname": "Gemeindeberggasse 10-24", "clean_address": "1130 Wien, Gemeindeberggasse", "Wohnungen": 68, "Lokale": 11, "addr_key": "1130 wien, gemeindeberggasse" }, "geometry": { "type": "Polygon", "coordinates": [ [ [ 16.2644264, 48.1808077 ], [ 16.2645086, 48.1809031 ], [ 16.2646674, 48.1808423 ], [ 16.2645852, 48.1807469 ], [ 16.2644264, 48.1808077 ] ] ] } },
{ "type": "Feature", "properties": { "Hofname": "Wattmanngasse 58-60", "clean_address": "1130 Wien, Wattmanngasse", "Wohnungen": 112, "Lokale": 14, "addr_key": "1130 wien, wattmanngasse" }, "geometry": { "type": "Point", "coordinates": [ 16.2981399, 48.1844522 ] } },
{ "type": "Feature", "properties": { "Hofname": "Himmelhofgasse 9-13", "clean_address": "1130 Wien, Himmelhofgasse", "Wohnungen": 25, "Lokale": 3, "addr_key": "1130 wien, himmelhofgasse" }, "geometry": { "type": "Polygon", "coordinates": [ [ [ 16.2532801, 48.1983691 ], [ 16.2533253, 48.1983283 ], [ 16.2533073, 48.1983194 ], [ 16.2533442, 48.1982861 ], [ 16.2533659, 48.1982968 ], [ 16.2533988, 48.198267 ], [ 16.2535952, 48.1983637 ], [ 16.2534801, 48.1984676 ], [ 16.2532801, 48.1983691 ] ] ] } },
{ "type": "Feature", "properties": { "Hofname": "Hanselmayergasse 9-15", "clean_address": "1130 Wien, Hanselmayergasse", "Wohnungen": 45, "Lokale": 1, "addr_key": "1130 wien, hanselmayergasse" }, "geometry": { "type": "Point", "coordinates": [ 16.2961929, 48.1782203 ] } },
{ "type": "Feature", "properties": { "Hofname": "Waldvogelstraße 2-8", "clean_address": "1130 Wien, Waldvogelstraße", "Wohnungen": 43, "Lokale": 6, "addr_key": "1130 wien, waldvogelstraße" }, "geometry": { "type": "Polygon", "coordinates": [ [ [ 16.2814747, 48.1744603 ], [ 16.2815456, 48.1743824 ], [ 16.2806275, 48.1740108 ], [ 16.2805565, 48.1740887 ], [ 16.2814747, 48.1744603 ] ] ] } },
{ "type": "Feature", "properties": { "Hofname": "Fasangartengasse 109-115", "clean_address": "1130 Wien, Fasangartengasse", "Wohnungen": 134, "Lokale": 5, "addr_key": "1130 wien, fasangartengasse" }, "geometry": { "type": "Polygon", "coordinates": [ [ [ 16.2876861, 48.1746024 ], [ 16.287822, 48.1745055 ], [ 16.2879645, 48.1745971 ], [ 16.2879279, 48.1746162 ], [ 16.2878108, 48.1746775 ], [ 16.2877873, 48.1746614 ], [ 16.2877692, 48.1746731 ], [ 16.2876861, 48.1746024 ] ] ] } },
{ "type": "Feature", "properties": { "Hofname": "Gobergasse 62-72", "clean_address": "1130 Wien, Gobergasse", "Wohnungen": 56, "Lokale": 4, "addr_key": "1130 wien, gobergasse" }, "geometry": { "type": "Point", "coordinates": [ 16.2738648, 48.178672 ] } },
{ "type": "Feature", "properties": { "Hofname": "Trauttmansdorffgasse 22-24", "clean_address": "1130 Wien, Trauttmansdorffgasse", "Wohnungen": 32, "Lokale": 4, "addr_key": "1130 wien, trauttmansdorffgasse" }, "geometry": { "type": "Point", "coordinates": [ 16.3002399, 48.1843772 ] } },
{ "type": "Feature", "properties": { "Hofname": "Hummelgasse 56-64", "clean_address": "1130 Wien, Hummelgasse", "Wohnungen": 59, "Lokale": 6, "addr_key": "1130 wien, hummelgasse" }, "geometry": { "type": "Point", "coordinates": [ 16.2813378, 48.1793662 ] } },
{ "type": "Feature", "properties": { "Hofname": "Hochheimgasse 26", "clean_address": "1130 Wien, Hochheimgasse", "Wohnungen": 32, "Lokale": 1, "addr_key": "1130 wien, hochheimgasse" }, "geometry": { "type": "Polygon", "coordinates": [ [ [ 16.2951782, 48.1758398 ], [ 16.2959608, 48.1753707 ], [ 16.2958543, 48.1752917 ], [ 16.2950717, 48.1757608 ], [ 16.2951782, 48.1758398 ] ] ] } },
{ "type": "Feature", "properties": { "Hofname": "Speisinger Straße 100", "clean_address": "1130 Wien, Speisinger Straße", "Wohnungen": 18, "Lokale": 5, "addr_key": "1130 wien, speisinger straße" }, "geometry": { "type": "Point", "coordinates": [ 16.2847057, 48.1731646 ] } },
{ "type": "Feature", "properties": { "Hofname": "Heinrich-Hies-Hof", "clean_address": "1130 Wien, Schluckergasse", "Wohnungen": 84, "Lokale": 1, "addr_key": "1130 wien, schluckergasse" }, "geometry": { "type": "Polygon", "coordinates": [ [ [ 16.2885131, 48.1588442 ], [ 16.288678, 48.1587843 ], [ 16.2886885, 48.1587971 ], [ 16.2887384, 48.158779 ], [ 16.2887416, 48.1587829 ], [ 16.2887569, 48.1587774 ], [ 16.2887876, 48.1588149 ], [ 16.2887724, 48.1588204 ], [ 16.2888028, 48.1588577 ], [ 16.2887182, 48.1588884 ], [ 16.2887276, 48.1588998 ], [ 16.2886199, 48.158939 ], [ 16.2886133, 48.1589414 ], [ 16.2886063, 48.1589439 ], [ 16.2885973, 48.1589472 ], [ 16.2885131, 48.1588442 ] ] ] } },
{ "type": "Feature", "properties": { "Hofname": "Speisinger Straße 68", "clean_address": "1130 Wien, Speisinger Straße", "Wohnungen": 14, "Lokale": 0, "addr_key": "1130 wien, speisinger straße" }, "geometry": { "type": "Point", "coordinates": [ 16.2847057, 48.1731646 ] } },
{ "type": "Feature", "properties": { "Hofname": "Jagdschloßgasse 40", "clean_address": "1130 Wien, Jagdschloßgasse", "Wohnungen": 25, "Lokale": 0, "addr_key": "1130 wien, jagdschloßgasse" }, "geometry": { "type": "Point", "coordinates": [ 16.2734765, 48.1774514 ] } },
{ "type": "Feature", "properties": { "Hofname": "Schrutkagasse 1-7", "clean_address": "1130 Wien, Schrutkagasse", "Wohnungen": 28, "Lokale": 3, "addr_key": "1130 wien, schrutkagasse" }, "geometry": { "type": "Polygon", "coordinates": [ [ [ 16.2799284, 48.182496 ], [ 16.2800443, 48.1824343 ], [ 16.2798407, 48.1822659 ], [ 16.2797248, 48.1823277 ], [ 16.2799284, 48.182496 ] ] ] } },
{ "type": "Feature", "properties": { "Hofname": "Versorgungsheimstraße 19", "clean_address": "1130 Wien, Versorgungsheimstraße", "Wohnungen": 22, "Lokale": 1, "addr_key": "1130 wien, versorgungsheimstraße" }, "geometry": { "type": "Point", "coordinates": [ 16.2821618, 48.1738914 ] } },
{ "type": "Feature", "properties": { "Hofname": "Friedrich-Engels-Platz 9", "clean_address": "1200 Wien, Friedrich-Engels-Platz", "Wohnungen": 326, "Lokale": 4, "addr_key": "1200 wien, friedrich-engels-platz" }, "geometry": { "type": "Point", "coordinates": [ 16.3776099, 48.2455682 ] } },
{ "type": "Feature", "properties": { "Hofname": "Aignerstraße 8-14", "clean_address": "1200 Wien, Aignerstraße", "Wohnungen": 55, "Lokale": 0, "addr_key": "1200 wien, aignerstraße" }, "geometry": { "type": "Point", "coordinates": [ 16.3757561, 48.2463128 ] } },
{ "type": "Feature", "properties": { "Hofname": "Hauptstraße 105", "clean_address": "1140 Wien, Hauptstraße", "Wohnungen": 13, "Lokale": 1, "addr_key": "1140 wien, hauptstraße" }, "geometry": { "type": "Polygon", "coordinates": [ [ [ 16.2191, 48.2095856 ], [ 16.2192774, 48.2095484 ], [ 16.2193787, 48.2097627 ], [ 16.2192013, 48.2097999 ], [ 16.2191, 48.2095856 ] ] ] } },
{ "type": "Feature", "properties": { "Hofname": "Pevetzgasse 4", "clean_address": "1140 Wien, Pevetzgasse", "Wohnungen": 0, "Lokale": 0, "addr_key": "1140 wien, pevetzgasse" }, "geometry": { "type": "Point", "coordinates": [ 16.2222791, 48.2096248 ] } },
{ "type": "Feature", "properties": { "Hofname": "Hüttelbergstraße 26 a", "clean_address": "1140 Wien, Hüttelbergstraße", "Wohnungen": 3, "Lokale": 0, "addr_key": "1140 wien, hüttelbergstraße" }, "geometry": { "type": "Polygon", "coordinates": [ [ [ 16.255741, 48.2099602 ], [ 16.2557875, 48.2099751 ], [ 16.2557428, 48.2100372 ], [ 16.255832, 48.2100657 ], [ 16.2558936, 48.2100001 ], [ 16.2559471, 48.2100176 ], [ 16.2559718, 48.2099836 ], [ 16.2559918, 48.2099904 ], [ 16.256067, 48.2098797 ], [ 16.2560513, 48.2098743 ], [ 16.2560787, 48.2098348 ], [ 16.2560162, 48.2098134 ], [ 16.256068, 48.2097412 ], [ 16.2560333, 48.2097184 ], [ 16.2559842, 48.2097145 ], [ 16.2559333, 48.2097853 ], [ 16.2559031, 48.2097813 ], [ 16.255871, 48.2097724 ], [ 16.255741, 48.2099602 ] ] ] } },
{ "type": "Feature", "properties": { "Hofname": "Hütteldorfer Straße 265-267", "clean_address": "1140 Wien, Hütteldorfer Straße", "Wohnungen": 51, "Lokale": 8, "addr_key": "1140 wien, hütteldorfer straße" }, "geometry": { "type": "Point", "coordinates": [ 16.3369119, 48.2013401 ] } },
{ "type": "Feature", "properties": { "Hofname": "Phillipsgasse 8", "clean_address": "1140 Wien, Phillipsgasse", "Wohnungen": 164, "Lokale": 28, "addr_key": "1140 wien, phillipsgasse" }, "geometry": { "type": "Point", "coordinates": [ 16.3084001, 48.1881933 ] } },
{ "type": "Feature", "properties": { "Hofname": "Goldschlagstraße 193-195", "clean_address": "1140 Wien, Goldschlagstraße", "Wohnungen": 47, "Lokale": 7, "addr_key": "1140 wien, goldschlagstraße" }, "geometry": { "type": "Point", "coordinates": [ 16.334221, 48.1986419 ] } },
{ "type": "Feature", "properties": { "Hofname": "Lenneisgasse 11-13", "clean_address": "1140 Wien, Lenneisgasse", "Wohnungen": 133, "Lokale": 9, "addr_key": "1140 wien, lenneisgasse" }, "geometry": { "type": "Point", "coordinates": [ 16.307506, 48.1939023 ] } },
{ "type": "Feature", "properties": { "Hofname": "Meiselstraße 67-69", "clean_address": "1140 Wien, Meiselstraße", "Wohnungen": 257, "Lokale": 7, "addr_key": "1140 wien, meiselstraße" }, "geometry": { "type": "Point", "coordinates": [ 16.3204608, 48.1974868 ] } },
{ "type": "Feature", "properties": { "Hofname": "Linzer Straße 254", "clean_address": "1140 Wien, Linzer Straße", "Wohnungen": 101, "Lokale": 14, "addr_key": "1140 wien, linzer straße" }, "geometry": { "type": "Point", "coordinates": [ 16.3530978, 48.216483 ] } },
{ "type": "Feature", "properties": { "Hofname": "Hüttelbergstraße 7", "clean_address": "1140 Wien, Hüttelbergstraße", "Wohnungen": 20, "Lokale": 3, "addr_key": "1140 wien, hüttelbergstraße" }, "geometry": { "type": "Polygon", "coordinates": [ [ [ 16.255741, 48.2099602 ], [ 16.2557875, 48.2099751 ], [ 16.2557428, 48.2100372 ], [ 16.255832, 48.2100657 ], [ 16.2558936, 48.2100001 ], [ 16.2559471, 48.2100176 ], [ 16.2559718, 48.2099836 ], [ 16.2559918, 48.2099904 ], [ 16.256067, 48.2098797 ], [ 16.2560513, 48.2098743 ], [ 16.2560787, 48.2098348 ], [ 16.2560162, 48.2098134 ], [ 16.256068, 48.2097412 ], [ 16.2560333, 48.2097184 ], [ 16.2559842, 48.2097145 ], [ 16.2559333, 48.2097853 ], [ 16.2559031, 48.2097813 ], [ 16.255871, 48.2097724 ], [ 16.255741, 48.2099602 ] ] ] } },
{ "type": "Feature", "properties": { "Hofname": "Meiselstraße 76", "clean_address": "1140 Wien, Meiselstraße", "Wohnungen": 14, "Lokale": 1, "addr_key": "1140 wien, meiselstraße" }, "geometry": { "type": "Point", "coordinates": [ 16.3204608, 48.1974868 ] } },
{ "type": "Feature", "properties": { "Hofname": "Cervantesgasse 9", "clean_address": "1140 Wien, Cervantesgasse", "Wohnungen": 12, "Lokale": 0, "addr_key": "1140 wien, cervantesgasse" }, "geometry": { "type": "Point", "coordinates": [ 16.3092737, 48.1974687 ] } },
{ "type": "Feature", "properties": { "Hofname": "Neubeckgasse 4", "clean_address": "1140 Wien, Neubeckgasse", "Wohnungen": 15, "Lokale": 1, "addr_key": "1140 wien, neubeckgasse" }, "geometry": { "type": "Point", "coordinates": [ 16.3086754, 48.1970612 ] } },
{ "type": "Feature", "properties": { "Hofname": "Meiselstraße 73", "clean_address": "1140 Wien, Meiselstraße", "Wohnungen": 11, "Lokale": 0, "addr_key": "1140 wien, meiselstraße" }, "geometry": { "type": "Point", "coordinates": [ 16.3204608, 48.1974868 ] } },
{ "type": "Feature", "properties": { "Hofname": "Gründorfgasse 4", "clean_address": "1140 Wien, Gründorfgasse", "Wohnungen": 13, "Lokale": 0, "addr_key": "1140 wien, gründorfgasse" }, "geometry": { "type": "Point", "coordinates": [ 16.3081661, 48.1988004 ] } },
{ "type": "Feature", "properties": { "Hofname": "Cervantesgasse 3", "clean_address": "1140 Wien, Cervantesgasse", "Wohnungen": 25, "Lokale": 0, "addr_key": "1140 wien, cervantesgasse" }, "geometry": { "type": "Point", "coordinates": [ 16.3092737, 48.1974687 ] } },
{ "type": "Feature", "properties": { "Hofname": "Hickelgasse 12", "clean_address": "1140 Wien, Hickelgasse", "Wohnungen": 13, "Lokale": 4, "addr_key": "1140 wien, hickelgasse" }, "geometry": { "type": "Point", "coordinates": [ 16.3100506, 48.1985294 ] } },
{ "type": "Feature", "properties": { "Hofname": "Mitisgasse 36-38", "clean_address": "1140 Wien, Mitisgasse", "Wohnungen": 42, "Lokale": 1, "addr_key": "1140 wien, mitisgasse" }, "geometry": { "type": "Point", "coordinates": [ 16.2935239, 48.1969557 ] } },
{ "type": "Feature", "properties": { "Hofname": "Sebastian-Kelch-Gasse 4-6", "clean_address": "1140 Wien, Sebastian-Kelch-Gasse", "Wohnungen": 23, "Lokale": 1, "addr_key": "1140 wien, sebastian-kelch-gasse" }, "geometry": { "type": "Point", "coordinates": [ 16.3084802, 48.1974673 ] } },
{ "type": "Feature", "properties": { "Hofname": "Sebastian-Kelch-Gasse 5-7", "clean_address": "1140 Wien, Sebastian-Kelch-Gasse", "Wohnungen": 36, "Lokale": 3, "addr_key": "1140 wien, sebastian-kelch-gasse" }, "geometry": { "type": "Point", "coordinates": [ 16.3084802, 48.1974673 ] } },
{ "type": "Feature", "properties": { "Hofname": "Gründorfgasse 1-3", "clean_address": "1140 Wien, Gründorfgasse", "Wohnungen": 34, "Lokale": 3, "addr_key": "1140 wien, gründorfgasse" }, "geometry": { "type": "Point", "coordinates": [ 16.3081661, 48.1988004 ] } },
{ "type": "Feature", "properties": { "Hofname": "Fenzlgasse 31", "clean_address": "1140 Wien, Fenzlgasse", "Wohnungen": 24, "Lokale": 3, "addr_key": "1140 wien, fenzlgasse" }, "geometry": { "type": "Point", "coordinates": [ 16.3125793, 48.1945782 ] } },
{ "type": "Feature", "properties": { "Hofname": "Sebastian-Kelch-Gasse 1-3", "clean_address": "1140 Wien, Sebastian-Kelch-Gasse", "Wohnungen": 49, "Lokale": 6, "addr_key": "1140 wien, sebastian-kelch-gasse" }, "geometry": { "type": "Point", "coordinates": [ 16.3084802, 48.1974673 ] } },
{ "type": "Feature", "properties": { "Hofname": "Goldschlagstraße 148-158", "clean_address": "1140 Wien, Goldschlagstraße", "Wohnungen": 254, "Lokale": 8, "addr_key": "1140 wien, goldschlagstraße" }, "geometry": { "type": "Point", "coordinates": [ 16.334221, 48.1986419 ] } },
{ "type": "Feature", "properties": { "Hofname": "Hickelgasse 16", "clean_address": "1140 Wien, Hickelgasse", "Wohnungen": 15, "Lokale": 0, "addr_key": "1140 wien, hickelgasse" }, "geometry": { "type": "Point", "coordinates": [ 16.3100506, 48.1985294 ] } },
{ "type": "Feature", "properties": { "Hofname": "Johanna-Dohnal-Hof", "clean_address": "1140 Wien, Jenullgasse", "Wohnungen": 92, "Lokale": 0, "addr_key": "1140 wien, jenullgasse" }, "geometry": { "type": "Point", "coordinates": [ 16.2975681, 48.1906804 ] } },
{ "type": "Feature", "properties": { "Hofname": "Onno-Klopp-Gasse 12-16", "clean_address": "1140 Wien, Onno-Klopp-Gasse", "Wohnungen": 140, "Lokale": 13, "addr_key": "1140 wien, onno-klopp-gasse" }, "geometry": { "type": "Point", "coordinates": [ 16.2955727, 48.1910342 ] } },
{ "type": "Feature", "properties": { "Hofname": "Goldschlagstraße 144-146", "clean_address": "1140 Wien, Goldschlagstraße", "Wohnungen": 119, "Lokale": 9, "addr_key": "1140 wien, goldschlagstraße" }, "geometry": { "type": "Point", "coordinates": [ 16.334221, 48.1986419 ] } },
{ "type": "Feature", "properties": { "Hofname": "Linzer Straße 374", "clean_address": "1140 Wien, Linzer Straße", "Wohnungen": 21, "Lokale": 0, "addr_key": "1140 wien, linzer straße" }, "geometry": { "type": "Point", "coordinates": [ 16.3530978, 48.216483 ] } },
{ "type": "Feature", "properties": { "Hofname": "Dreyhausenstraße 28-30", "clean_address": "1140 Wien, Dreyhausenstraße", "Wohnungen": 25, "Lokale": 1, "addr_key": "1140 wien, dreyhausenstraße" }, "geometry": { "type": "Point", "coordinates": [ 16.3036122, 48.1975209 ] } },
{ "type": "Feature", "properties": { "Hofname": "Breitenseer Straße 106-108", "clean_address": "1140 Wien, Breitenseer Straße", "Wohnungen": 146, "Lokale": 5, "addr_key": "1140 wien, breitenseer straße" }, "geometry": { "type": "Point", "coordinates": [ 16.3129045, 48.1992953 ] } },
{ "type": "Feature", "properties": { "Hofname": "Rupertgasse 6-16", "clean_address": "1140 Wien, Rupertgasse", "Wohnungen": 120, "Lokale": 5, "addr_key": "1140 wien, rupertgasse" }, "geometry": { "type": "Point", "coordinates": [ 16.2962464, 48.1908697 ] } },
{ "type": "Feature", "properties": { "Hofname": "Penzinger Straße 138-140", "clean_address": "1140 Wien, Penzinger Straße", "Wohnungen": 123, "Lokale": 7, "addr_key": "1140 wien, penzinger straße" }, "geometry": { "type": "Point", "coordinates": [ 16.2985671, 48.1900131 ] } },
{ "type": "Feature", "properties": { "Hofname": "Hickelgasse 11", "clean_address": "1140 Wien, Hickelgasse", "Wohnungen": 13, "Lokale": 0, "addr_key": "1140 wien, hickelgasse" }, "geometry": { "type": "Point", "coordinates": [ 16.3100506, 48.1985294 ] } },
{ "type": "Feature", "properties": { "Hofname": "Breitenseer Straße 110-112", "clean_address": "1140 Wien, Breitenseer Straße", "Wohnungen": 425, "Lokale": 14, "addr_key": "1140 wien, breitenseer straße" }, "geometry": { "type": "Point", "coordinates": [ 16.3129045, 48.1992953 ] } },
{ "type": "Feature", "properties": { "Hofname": "Linzer Straße 60-62", "clean_address": "1140 Wien, Linzer Straße", "Wohnungen": 52, "Lokale": 6, "addr_key": "1140 wien, linzer straße" }, "geometry": { "type": "Point", "coordinates": [ 16.3530978, 48.216483 ] } },
{ "type": "Feature", "properties": { "Hofname": "Hochsatzengasse 6", "clean_address": "1140 Wien, Hochsatzengasse", "Wohnungen": 21, "Lokale": 0, "addr_key": "1140 wien, hochsatzengasse" }, "geometry": { "type": "Point", "coordinates": [ 16.2775743, 48.1981082 ] } },
{ "type": "Feature", "properties": { "Hofname": "Hickelgasse 8", "clean_address": "1140 Wien, Hickelgasse", "Wohnungen": 33, "Lokale": 1, "addr_key": "1140 wien, hickelgasse" }, "geometry": { "type": "Point", "coordinates": [ 16.3100506, 48.1985294 ] } },
{ "type": "Feature", "properties": { "Hofname": "Goldschlagstraße 142", "clean_address": "1140 Wien, Goldschlagstraße", "Wohnungen": 29, "Lokale": 1, "addr_key": "1140 wien, goldschlagstraße" }, "geometry": { "type": "Point", "coordinates": [ 16.334221, 48.1986419 ] } },
{ "type": "Feature", "properties": { "Hofname": "Lenneisgasse 4-8", "clean_address": "1140 Wien, Lenneisgasse", "Wohnungen": 252, "Lokale": 4, "addr_key": "1140 wien, lenneisgasse" }, "geometry": { "type": "Point", "coordinates": [ 16.307506, 48.1939023 ] } },
{ "type": "Feature", "properties": { "Hofname": "Niederpointenstraße 7", "clean_address": "1140 Wien, Niederpointenstraße", "Wohnungen": 165, "Lokale": 9, "addr_key": "1140 wien, niederpointenstraße" }, "geometry": { "type": "Polygon", "coordinates": [ [ [ 16.2758753, 48.2041212 ], [ 16.2759846, 48.2040247 ], [ 16.2759967, 48.2040441 ], [ 16.2760607, 48.2040832 ], [ 16.2760712, 48.2040757 ], [ 16.2761647, 48.2041329 ], [ 16.2761556, 48.2041395 ], [ 16.2761631, 48.2041442 ], [ 16.2760512, 48.2042265 ], [ 16.2758753, 48.2041212 ] ] ] } },
{ "type": "Feature", "properties": { "Hofname": "Baumgartenstraße 25-33", "clean_address": "1140 Wien, Baumgartenstraße", "Wohnungen": 48, "Lokale": 2, "addr_key": "1140 wien, baumgartenstraße" }, "geometry": { "type": "Point", "coordinates": [ 16.2832669, 48.1940216 ] } },
{ "type": "Feature", "properties": { "Hofname": "Gustav-Klimt-Hof", "clean_address": "1140 Wien, Linzer Straße", "Wohnungen": 118, "Lokale": 13, "addr_key": "1140 wien, linzer straße" }, "geometry": { "type": "Point", "coordinates": [ 16.3530978, 48.216483 ] } },
{ "type": "Feature", "properties": { "Hofname": "Hadikgasse 268-272", "clean_address": "1140 Wien, Hadikgasse", "Wohnungen": 240, "Lokale": 8, "addr_key": "1140 wien, hadikgasse" }, "geometry": { "type": "Point", "coordinates": [ 16.2947628, 48.1902742 ] } },
{ "type": "Feature", "properties": { "Hofname": "Deutschordenstraße 27-35", "clean_address": "1140 Wien, Deutschordenstraße", "Wohnungen": 137, "Lokale": 3, "addr_key": "1140 wien, deutschordenstraße" }, "geometry": { "type": "Point", "coordinates": [ 16.2659035, 48.1946018 ] } },
{ "type": "Feature", "properties": { "Hofname": "Amortgasse 1-17", "clean_address": "1140 Wien, Amortgasse", "Wohnungen": 226, "Lokale": 10, "addr_key": "1140 wien, amortgasse" }, "geometry": { "type": "Point", "coordinates": [ 16.3067372, 48.197086 ] } },
{ "type": "Feature", "properties": { "Hofname": "Hütteldorfer Straße 252", "clean_address": "1140 Wien, Hütteldorfer Straße", "Wohnungen": 55, "Lokale": 3, "addr_key": "1140 wien, hütteldorfer straße" }, "geometry": { "type": "Point", "coordinates": [ 16.3369119, 48.2013401 ] } },
{ "type": "Feature", "properties": { "Hofname": "Prochstraße 21-23", "clean_address": "1140 Wien, Prochstraße", "Wohnungen": 163, "Lokale": 6, "addr_key": "1140 wien, prochstraße" }, "geometry": { "type": "Point", "coordinates": [ 16.2986199, 48.1970446 ] } },
{ "type": "Feature", "properties": { "Hofname": "Hickelgasse 4-6", "clean_address": "1140 Wien, Hickelgasse", "Wohnungen": 45, "Lokale": 3, "addr_key": "1140 wien, hickelgasse" }, "geometry": { "type": "Point", "coordinates": [ 16.3100506, 48.1985294 ] } },
{ "type": "Feature", "properties": { "Hofname": "Wolfersberggasse 13-17", "clean_address": "1140 Wien, Wolfersberggasse", "Wohnungen": 81, "Lokale": 6, "addr_key": "1140 wien, wolfersberggasse" }, "geometry": { "type": "Point", "coordinates": [ 16.2531676, 48.2075207 ] } },
{ "type": "Feature", "properties": { "Hofname": "Hadikgasse 288-294", "clean_address": "1140 Wien, Hadikgasse", "Wohnungen": 75, "Lokale": 5, "addr_key": "1140 wien, hadikgasse" }, "geometry": { "type": "Point", "coordinates": [ 16.2947628, 48.1902742 ] } },
{ "type": "Feature", "properties": { "Hofname": "Marcusgasse 4-12", "clean_address": "1140 Wien, Marcusgasse", "Wohnungen": 128, "Lokale": 8, "addr_key": "1140 wien, marcusgasse" }, "geometry": { "type": "Point", "coordinates": [ 16.2970211, 48.1967086 ] } },
{ "type": "Feature", "properties": { "Hofname": "Cumberlandstraße 20", "clean_address": "1140 Wien, Cumberlandstraße", "Wohnungen": 23, "Lokale": 0, "addr_key": "1140 wien, cumberlandstraße" }, "geometry": { "type": "Point", "coordinates": [ 16.3014487, 48.1920853 ] } },
{ "type": "Feature", "properties": { "Hofname": "Linzer Straße 253-255", "clean_address": "1140 Wien, Linzer Straße", "Wohnungen": 24, "Lokale": 8, "addr_key": "1140 wien, linzer straße" }, "geometry": { "type": "Point", "coordinates": [ 16.3530978, 48.216483 ] } },
{ "type": "Feature", "properties": { "Hofname": "Rudolf-Edlinger-Hof", "clean_address": "1140 Wien, Deutschordenstraße", "Wohnungen": 133, "Lokale": 5, "addr_key": "1140 wien, deutschordenstraße" }, "geometry": { "type": "Point", "coordinates": [ 16.2659035, 48.1946018 ] } },
{ "type": "Feature", "properties": { "Hofname": "Dreyhausenstraße 46", "clean_address": "1140 Wien, Dreyhausenstraße", "Wohnungen": 26, "Lokale": 1, "addr_key": "1140 wien, dreyhausenstraße" }, "geometry": { "type": "Point", "coordinates": [ 16.3036122, 48.1975209 ] } },
{ "type": "Feature", "properties": { "Hofname": "Sanatoriumstraße 19-25", "clean_address": "1140 Wien, Sanatoriumstraße", "Wohnungen": 145, "Lokale": 9, "addr_key": "1140 wien, sanatoriumstraße" }, "geometry": { "type": "Polygon", "coordinates": [ [ [ 16.2747235, 48.205387 ], [ 16.2745019, 48.2053382 ], [ 16.2745571, 48.205227 ], [ 16.2746104, 48.2052387 ], [ 16.2746016, 48.2052564 ], [ 16.2747327, 48.2052853 ], [ 16.2747423, 48.205266 ], [ 16.2747795, 48.2052742 ], [ 16.2747235, 48.205387 ] ] ] } },
{ "type": "Feature", "properties": { "Hofname": "Hauptstraße 89", "clean_address": "1140 Wien, Hauptstraße", "Wohnungen": 14, "Lokale": 2, "addr_key": "1140 wien, hauptstraße" }, "geometry": { "type": "Polygon", "coordinates": [ [ [ 16.2191, 48.2095856 ], [ 16.2192774, 48.2095484 ], [ 16.2193787, 48.2097627 ], [ 16.2192013, 48.2097999 ], [ 16.2191, 48.2095856 ] ] ] } },
{ "type": "Feature", "properties": { "Hofname": "Mühlbergstraße 4-6", "clean_address": "1140 Wien, Mühlbergstraße", "Wohnungen": 18, "Lokale": 1, "addr_key": "1140 wien, mühlbergstraße" }, "geometry": { "type": "Polygon", "coordinates": [ [ [ 16.2113007, 48.2078925 ], [ 16.2114294, 48.2077692 ], [ 16.2115739, 48.207837 ], [ 16.2114482, 48.2079587 ], [ 16.2113007, 48.2078925 ] ] ] } },
{ "type": "Feature", "properties": { "Hofname": "Hütteldorfer Straße 268-276", "clean_address": "1140 Wien, Hütteldorfer Straße", "Wohnungen": 123, "Lokale": 10, "addr_key": "1140 wien, hütteldorfer straße" }, "geometry": { "type": "Point", "coordinates": [ 16.3369119, 48.2013401 ] } },
{ "type": "Feature", "properties": { "Hofname": "Breitenseer Straße 68-74", "clean_address": "1140 Wien, Breitenseer Straße", "Wohnungen": 94, "Lokale": 3, "addr_key": "1140 wien, breitenseer straße" }, "geometry": { "type": "Point", "coordinates": [ 16.3129045, 48.1992953 ] } },
{ "type": "Feature", "properties": { "Hofname": "Käthe-Jonas-Hof", "clean_address": "1140 Wien, Waidhausenstraße", "Wohnungen": 103, "Lokale": 7, "addr_key": "1140 wien, waidhausenstraße" }, "geometry": { "type": "Point", "coordinates": [ 16.2805489, 48.1967843 ] } },
{ "type": "Feature", "properties": { "Hofname": "Rosentalgasse 15", "clean_address": "1140 Wien, Rosentalgasse", "Wohnungen": 103, "Lokale": 12, "addr_key": "1140 wien, rosentalgasse" }, "geometry": { "type": "Point", "coordinates": [ 16.261215, 48.2019696 ] } },
{ "type": "Feature", "properties": { "Hofname": "Anzbachgasse 31", "clean_address": "1140 Wien, Anzbachgasse", "Wohnungen": 219, "Lokale": 29, "addr_key": "1140 wien, anzbachgasse" }, "geometry": { "type": "Point", "coordinates": [ 16.2485241, 48.2076783 ] } },
{ "type": "Feature", "properties": { "Hofname": "Linzer Straße 474-478", "clean_address": "1140 Wien, Linzer Straße", "Wohnungen": 43, "Lokale": 8, "addr_key": "1140 wien, linzer straße" }, "geometry": { "type": "Point", "coordinates": [ 16.3530978, 48.216483 ] } },
{ "type": "Feature", "properties": { "Hofname": "Salisstraße 5-15", "clean_address": "1140 Wien, Salisstraße", "Wohnungen": 112, "Lokale": 5, "addr_key": "1140 wien, salisstraße" }, "geometry": { "type": "Polygon", "coordinates": [ [ [ 16.2848449, 48.1973957 ], [ 16.2846938, 48.1974036 ], [ 16.284698, 48.1974712 ], [ 16.2847012, 48.197503 ], [ 16.2847055, 48.1975491 ], [ 16.284775, 48.1975455 ], [ 16.2847719, 48.197497 ], [ 16.2847835, 48.1974892 ], [ 16.2847973, 48.1974889 ], [ 16.2847979, 48.1974967 ], [ 16.2848112, 48.1975048 ], [ 16.2848356, 48.1975048 ], [ 16.2848462, 48.1974974 ], [ 16.2848478, 48.1975427 ], [ 16.2848576, 48.1975428 ], [ 16.2850172, 48.1975356 ], [ 16.2850039, 48.1973901 ], [ 16.2848449, 48.1973957 ] ] ] } },
{ "type": "Feature", "properties": { "Hofname": "Linzer Straße 20-26", "clean_address": "1140 Wien, Linzer Straße", "Wohnungen": 48, "Lokale": 8, "addr_key": "1140 wien, linzer straße" }, "geometry": { "type": "Point", "coordinates": [ 16.3530978, 48.216483 ] } },
{ "type": "Feature", "properties": { "Hofname": "Linzer Straße 397-399", "clean_address": "1140 Wien, Linzer Straße", "Wohnungen": 24, "Lokale": 3, "addr_key": "1140 wien, linzer straße" }, "geometry": { "type": "Point", "coordinates": [ 16.3530978, 48.216483 ] } },
{ "type": "Feature", "properties": { "Hofname": "Huttengasse 2-4", "clean_address": "1140 Wien, Huttengasse", "Wohnungen": 25, "Lokale": 2, "addr_key": "1140 wien, huttengasse" }, "geometry": { "type": "Point", "coordinates": [ 16.3082389, 48.2050949 ] } },
{ "type": "Feature", "properties": { "Hofname": "Schwendergasse 15", "clean_address": "1150 Wien, Schwendergasse", "Wohnungen": 19, "Lokale": 2, "addr_key": "1150 wien, schwendergasse" }, "geometry": { "type": "Point", "coordinates": [ 16.3206997, 48.1898855 ] } },
{ "type": "Feature", "properties": { "Hofname": "Braunhirschengasse 33-37", "clean_address": "1150 Wien, Braunhirschengasse", "Wohnungen": 25, "Lokale": 2, "addr_key": "1150 wien, braunhirschengasse" }, "geometry": { "type": "Point", "coordinates": [ 16.3267181, 48.1870935 ] } },
{ "type": "Feature", "properties": { "Hofname": "Wohnsiedlung Schmelz", "clean_address": "1150 Wien, Wohnsiedlung Schmelz", "Wohnungen": 719, "Lokale": 61, "addr_key": "1150 wien, wohnsiedlung schmelz" }, "geometry": { "type": "Point", "coordinates": [ 16.3165928, 48.205545 ] } },
{ "type": "Feature", "properties": { "Hofname": "Hütteldorfer Straße 3-5", "clean_address": "1150 Wien, Hütteldorfer Straße", "Wohnungen": 68, "Lokale": 5, "addr_key": "1150 wien, hütteldorfer straße" }, "geometry": { "type": "Point", "coordinates": [ 16.3369119, 48.2013401 ] } },
{ "type": "Feature", "properties": { "Hofname": "Chrobakgasse 3-5", "clean_address": "1150 Wien, Chrobakgasse", "Wohnungen": 60, "Lokale": 2, "addr_key": "1150 wien, chrobakgasse" }, "geometry": { "type": "Point", "coordinates": [ 16.3216231, 48.1991601 ] } },
{ "type": "Feature", "properties": { "Hofname": "Oeverseestraße 25-29", "clean_address": "1150 Wien, Oeverseestraße", "Wohnungen": 114, "Lokale": 2, "addr_key": "1150 wien, oeverseestraße" }, "geometry": { "type": "Point", "coordinates": [ 16.3177019, 48.2018231 ] } },
{ "type": "Feature", "properties": { "Hofname": "Giselhergasse 6-12", "clean_address": "1150 Wien, Giselhergasse", "Wohnungen": 119, "Lokale": 17, "addr_key": "1150 wien, giselhergasse" }, "geometry": { "type": "Point", "coordinates": [ 16.3282701, 48.2034874 ] } },
{ "type": "Feature", "properties": { "Hofname": "Neusserplatz 1", "clean_address": "1150 Wien, Neusserplatz", "Wohnungen": 84, "Lokale": 1, "addr_key": "1150 wien, neusserplatz" }, "geometry": { "type": "Point", "coordinates": [ 16.3171965, 48.2005595 ] } },
{ "type": "Feature", "properties": { "Hofname": "Geyschlägergasse 2-12", "clean_address": "1150 Wien, Geyschlägergasse", "Wohnungen": 57, "Lokale": 4, "addr_key": "1150 wien, geyschlägergasse" }, "geometry": { "type": "Point", "coordinates": [ 16.3351428, 48.2032755 ] } },
{ "type": "Feature", "properties": { "Hofname": "Pilgerimgasse 4-6", "clean_address": "1150 Wien, Pilgerimgasse", "Wohnungen": 64, "Lokale": 3, "addr_key": "1150 wien, pilgerimgasse" }, "geometry": { "type": "Point", "coordinates": [ 16.3237879, 48.1996671 ] } },
{ "type": "Feature", "properties": { "Hofname": "Gablenzgasse 35-37", "clean_address": "1150 Wien, Gablenzgasse", "Wohnungen": 116, "Lokale": 3, "addr_key": "1150 wien, gablenzgasse" }, "geometry": { "type": "Point", "coordinates": [ 16.3245639, 48.2055295 ] } },
{ "type": "Feature", "properties": { "Hofname": "Loeschenkohlgasse 30-32", "clean_address": "1150 Wien, Loeschenkohlgasse", "Wohnungen": 77, "Lokale": 4, "addr_key": "1150 wien, loeschenkohlgasse" }, "geometry": { "type": "Point", "coordinates": [ 16.3299341, 48.200703 ] } },
{ "type": "Feature", "properties": { "Hofname": "Costagasse 15", "clean_address": "1150 Wien, Costagasse", "Wohnungen": 19, "Lokale": 1, "addr_key": "1150 wien, costagasse" }, "geometry": { "type": "Point", "coordinates": [ 16.3277742, 48.2002096 ] } },
{ "type": "Feature", "properties": { "Hofname": "Rauchfangkehrergasse 26", "clean_address": "1150 Wien, Rauchfangkehrergasse", "Wohnungen": 33, "Lokale": 3, "addr_key": "1150 wien, rauchfangkehrergasse" }, "geometry": { "type": "Point", "coordinates": [ 16.3308261, 48.1863358 ] } },
{ "type": "Feature", "properties": { "Hofname": "Graumanngasse 31-33", "clean_address": "1150 Wien, Graumanngasse", "Wohnungen": 42, "Lokale": 4, "addr_key": "1150 wien, graumanngasse" }, "geometry": { "type": "Point", "coordinates": [ 16.3379738, 48.1887162 ] } },
{ "type": "Feature", "properties": { "Hofname": "Braunhirschengasse 12-20", "clean_address": "1150 Wien, Braunhirschengasse", "Wohnungen": 42, "Lokale": 7, "addr_key": "1150 wien, braunhirschengasse" }, "geometry": { "type": "Point", "coordinates": [ 16.3267181, 48.1870935 ] } },
{ "type": "Feature", "properties": { "Hofname": "Tautenhayngasse 28", "clean_address": "1150 Wien, Tautenhayngasse", "Wohnungen": 150, "Lokale": 7, "addr_key": "1150 wien, tautenhayngasse" }, "geometry": { "type": "Point", "coordinates": [ 16.31671, 48.2009096 ] } },
{ "type": "Feature", "properties": { "Hofname": "Camillo-Sitte-Gasse 11-13", "clean_address": "1150 Wien, Camillo-Sitte-Gasse", "Wohnungen": 49, "Lokale": 0, "addr_key": "1150 wien, camillo-sitte-gasse" }, "geometry": { "type": "Point", "coordinates": [ 16.3268084, 48.2026712 ] } },
{ "type": "Feature", "properties": { "Hofname": "Matthias-Schönerer-Gasse 14-18", "clean_address": "1150 Wien, Matthias-Schönerer-Gasse", "Wohnungen": 67, "Lokale": 0, "addr_key": "1150 wien, matthias-schönerer-gasse" }, "geometry": { "type": "Point", "coordinates": [ 16.3153629, 48.1993301 ] } },
{ "type": "Feature", "properties": { "Hofname": "Jheringgasse 3-5", "clean_address": "1150 Wien, Jheringgasse", "Wohnungen": 35, "Lokale": 0, "addr_key": "1150 wien, jheringgasse" }, "geometry": { "type": "Point", "coordinates": [ 16.3216793, 48.1863483 ] } },
{ "type": "Feature", "properties": { "Hofname": "Alliogasse 8-10", "clean_address": "1150 Wien, Alliogasse", "Wohnungen": 118, "Lokale": 0, "addr_key": "1150 wien, alliogasse" }, "geometry": { "type": "Point", "coordinates": [ 16.3281924, 48.2021724 ] } },
{ "type": "Feature", "properties": { "Hofname": "Tellgasse 18", "clean_address": "1150 Wien, Tellgasse", "Wohnungen": 14, "Lokale": 0, "addr_key": "1150 wien, tellgasse" }, "geometry": { "type": "Point", "coordinates": [ 16.3280069, 48.2011798 ] } },
{ "type": "Feature", "properties": { "Hofname": "Nobilegasse 36", "clean_address": "1150 Wien, Nobilegasse", "Wohnungen": 15, "Lokale": 0, "addr_key": "1150 wien, nobilegasse" }, "geometry": { "type": "Point", "coordinates": [ 16.3165962, 48.1987797 ] } },
{ "type": "Feature", "properties": { "Hofname": "Sturzgasse 29", "clean_address": "1150 Wien, Sturzgasse", "Wohnungen": 14, "Lokale": 0, "addr_key": "1150 wien, sturzgasse" }, "geometry": { "type": "Point", "coordinates": [ 16.317887, 48.1988642 ] } },
{ "type": "Feature", "properties": { "Hofname": "Plunkergasse 4-12", "clean_address": "1150 Wien, Plunkergasse", "Wohnungen": 155, "Lokale": 10, "addr_key": "1150 wien, plunkergasse" }, "geometry": { "type": "Point", "coordinates": [ 16.3246464, 48.1993804 ] } },
{ "type": "Feature", "properties": { "Hofname": "Fünfhausgasse 16-18", "clean_address": "1150 Wien, Fünfhausgasse", "Wohnungen": 42, "Lokale": 3, "addr_key": "1150 wien, fünfhausgasse" }, "geometry": { "type": "Point", "coordinates": [ 16.3353288, 48.189222 ] } },
{ "type": "Feature", "properties": { "Hofname": "Grimmgasse 17", "clean_address": "1150 Wien, Grimmgasse", "Wohnungen": 13, "Lokale": 0, "addr_key": "1150 wien, grimmgasse" }, "geometry": { "type": "Point", "coordinates": [ 16.3278376, 48.1871161 ] } },
{ "type": "Feature", "properties": { "Hofname": "Gablenzgasse 41", "clean_address": "1150 Wien, Gablenzgasse", "Wohnungen": 190, "Lokale": 7, "addr_key": "1150 wien, gablenzgasse" }, "geometry": { "type": "Point", "coordinates": [ 16.3245639, 48.2055295 ] } },
{ "type": "Feature", "properties": { "Hofname": "Loeschenkohlgasse 3", "clean_address": "1150 Wien, Loeschenkohlgasse", "Wohnungen": 26, "Lokale": 0, "addr_key": "1150 wien, loeschenkohlgasse" }, "geometry": { "type": "Point", "coordinates": [ 16.3299341, 48.200703 ] } },
{ "type": "Feature", "properties": { "Hofname": "Graumanngasse 12", "clean_address": "1150 Wien, Graumanngasse", "Wohnungen": 34, "Lokale": 4, "addr_key": "1150 wien, graumanngasse" }, "geometry": { "type": "Point", "coordinates": [ 16.3379738, 48.1887162 ] } },
{ "type": "Feature", "properties": { "Hofname": "Kellinggasse 7", "clean_address": "1150 Wien, Kellinggasse", "Wohnungen": 10, "Lokale": 1, "addr_key": "1150 wien, kellinggasse" }, "geometry": { "type": "Point", "coordinates": [ 16.3294837, 48.1849197 ] } },
{ "type": "Feature", "properties": { "Hofname": "Gablenzgasse 27", "clean_address": "1150 Wien, Gablenzgasse", "Wohnungen": 44, "Lokale": 3, "addr_key": "1150 wien, gablenzgasse" }, "geometry": { "type": "Point", "coordinates": [ 16.3245639, 48.2055295 ] } },
{ "type": "Feature", "properties": { "Hofname": "Witzelsbergergasse 16-18", "clean_address": "1150 Wien, Witzelsbergergasse", "Wohnungen": 25, "Lokale": 0, "addr_key": "1150 wien, witzelsbergergasse" }, "geometry": { "type": "Point", "coordinates": [ 16.3295614, 48.2017819 ] } },
{ "type": "Feature", "properties": { "Hofname": "Turnergasse 7", "clean_address": "1150 Wien, Turnergasse", "Wohnungen": 19, "Lokale": 2, "addr_key": "1150 wien, turnergasse" }, "geometry": { "type": "Point", "coordinates": [ 16.3364379, 48.189979 ] } },
{ "type": "Feature", "properties": { "Hofname": "Meiselstraße 11", "clean_address": "1150 Wien, Meiselstraße", "Wohnungen": 57, "Lokale": 6, "addr_key": "1150 wien, meiselstraße" }, "geometry": { "type": "Point", "coordinates": [ 16.3204608, 48.1974868 ] } },
{ "type": "Feature", "properties": { "Hofname": "Johnstraße 81", "clean_address": "1150 Wien, Johnstraße", "Wohnungen": 15, "Lokale": 0, "addr_key": "1150 wien, johnstraße" }, "geometry": { "type": "Polygon", "coordinates": [ [ [ 16.318796, 48.1988041 ], [ 16.3187492, 48.198557 ], [ 16.3185941, 48.19857 ], [ 16.3185748, 48.1985717 ], [ 16.3185954, 48.1986806 ], [ 16.3185817, 48.1986818 ], [ 16.3185875, 48.1987123 ], [ 16.3186012, 48.1987112 ], [ 16.3186216, 48.1988188 ], [ 16.3186316, 48.1988179 ], [ 16.318796, 48.1988041 ] ] ] } },
{ "type": "Feature", "properties": { "Hofname": "Oelweingasse 7", "clean_address": "1150 Wien, Oelweingasse", "Wohnungen": 16, "Lokale": 1, "addr_key": "1150 wien, oelweingasse" }, "geometry": { "type": "Point", "coordinates": [ 16.3278179, 48.1891683 ] } },
{ "type": "Feature", "properties": { "Hofname": "Alliogasse 21", "clean_address": "1150 Wien, Alliogasse", "Wohnungen": 49, "Lokale": 3, "addr_key": "1150 wien, alliogasse" }, "geometry": { "type": "Point", "coordinates": [ 16.3281924, 48.2021724 ] } },
{ "type": "Feature", "properties": { "Hofname": "Braunhirschengasse 43", "clean_address": "1150 Wien, Braunhirschengasse", "Wohnungen": 10, "Lokale": 0, "addr_key": "1150 wien, braunhirschengasse" }, "geometry": { "type": "Point", "coordinates": [ 16.3267181, 48.1870935 ] } },
{ "type": "Feature", "properties": { "Hofname": "Schwendergasse 21-23", "clean_address": "1150 Wien, Schwendergasse", "Wohnungen": 19, "Lokale": 3, "addr_key": "1150 wien, schwendergasse" }, "geometry": { "type": "Point", "coordinates": [ 16.3206997, 48.1898855 ] } },
{ "type": "Feature", "properties": { "Hofname": "Braunhirschengasse 17-21", "clean_address": "1150 Wien, Braunhirschengasse", "Wohnungen": 29, "Lokale": 1, "addr_key": "1150 wien, braunhirschengasse" }, "geometry": { "type": "Point", "coordinates": [ 16.3267181, 48.1870935 ] } },
{ "type": "Feature", "properties": { "Hofname": "Oelweingasse 22-26", "clean_address": "1150 Wien, Oelweingasse", "Wohnungen": 41, "Lokale": 4, "addr_key": "1150 wien, oelweingasse" }, "geometry": { "type": "Point", "coordinates": [ 16.3278179, 48.1891683 ] } },
{ "type": "Feature", "properties": { "Hofname": "Braunhirschengasse 9", "clean_address": "1150 Wien, Braunhirschengasse", "Wohnungen": 10, "Lokale": 1, "addr_key": "1150 wien, braunhirschengasse" }, "geometry": { "type": "Point", "coordinates": [ 16.3267181, 48.1870935 ] } },
{ "type": "Feature", "properties": { "Hofname": "Braunhirschengasse 13", "clean_address": "1150 Wien, Braunhirschengasse", "Wohnungen": 10, "Lokale": 1, "addr_key": "1150 wien, braunhirschengasse" }, "geometry": { "type": "Point", "coordinates": [ 16.3267181, 48.1870935 ] } },
{ "type": "Feature", "properties": { "Hofname": "Goldschlagstraße 107", "clean_address": "1150 Wien, Goldschlagstraße", "Wohnungen": 30, "Lokale": 3, "addr_key": "1150 wien, goldschlagstraße" }, "geometry": { "type": "Point", "coordinates": [ 16.334221, 48.1986419 ] } },
{ "type": "Feature", "properties": { "Hofname": "Jurekgasse 5", "clean_address": "1150 Wien, Jurekgasse", "Wohnungen": 29, "Lokale": 5, "addr_key": "1150 wien, jurekgasse" }, "geometry": { "type": "Point", "coordinates": [ 16.3275427, 48.1920678 ] } },
{ "type": "Feature", "properties": { "Hofname": "Sechshauser Straße 94-96", "clean_address": "1150 Wien, Sechshauser Straße", "Wohnungen": 18, "Lokale": 3, "addr_key": "1150 wien, sechshauser straße" }, "geometry": { "type": "Point", "coordinates": [ 16.33646, 48.1895893 ] } },
{ "type": "Feature", "properties": { "Hofname": "Oelweingasse 6-8", "clean_address": "1150 Wien, Oelweingasse", "Wohnungen": 26, "Lokale": 1, "addr_key": "1150 wien, oelweingasse" }, "geometry": { "type": "Point", "coordinates": [ 16.3278179, 48.1891683 ] } },
{ "type": "Feature", "properties": { "Hofname": "Fünfhausgasse 14", "clean_address": "1150 Wien, Fünfhausgasse", "Wohnungen": 9, "Lokale": 1, "addr_key": "1150 wien, fünfhausgasse" }, "geometry": { "type": "Point", "coordinates": [ 16.3353288, 48.189222 ] } },
{ "type": "Feature", "properties": { "Hofname": "Jurekgasse 29", "clean_address": "1150 Wien, Jurekgasse", "Wohnungen": 32, "Lokale": 0, "addr_key": "1150 wien, jurekgasse" }, "geometry": { "type": "Point", "coordinates": [ 16.3275427, 48.1920678 ] } },
{ "type": "Feature", "properties": { "Hofname": "Braunhirschengasse 36-38", "clean_address": "1150 Wien, Braunhirschengasse", "Wohnungen": 34, "Lokale": 1, "addr_key": "1150 wien, braunhirschengasse" }, "geometry": { "type": "Point", "coordinates": [ 16.3267181, 48.1870935 ] } },
{ "type": "Feature", "properties": { "Hofname": "Meiselstraße 36-42", "clean_address": "1150 Wien, Meiselstraße", "Wohnungen": 67, "Lokale": 1, "addr_key": "1150 wien, meiselstraße" }, "geometry": { "type": "Point", "coordinates": [ 16.3204608, 48.1974868 ] } },
{ "type": "Feature", "properties": { "Hofname": "Robert-Hamerling-Gasse 15", "clean_address": "1150 Wien, Robert-Hamerling-Gasse", "Wohnungen": 42, "Lokale": 1, "addr_key": "1150 wien, robert-hamerling-gasse" }, "geometry": { "type": "Point", "coordinates": [ 16.3377186, 48.1946206 ] } },
{ "type": "Feature", "properties": { "Hofname": "Clementinengasse 6", "clean_address": "1150 Wien, Clementinengasse", "Wohnungen": 12, "Lokale": 0, "addr_key": "1150 wien, clementinengasse" }, "geometry": { "type": "Point", "coordinates": [ 16.3329975, 48.1918616 ] } },
{ "type": "Feature", "properties": { "Hofname": "Talgasse 2", "clean_address": "1150 Wien, Talgasse", "Wohnungen": 21, "Lokale": 0, "addr_key": "1150 wien, talgasse" }, "geometry": { "type": "Point", "coordinates": [ 16.3343688, 48.191669 ] } },
{ "type": "Feature", "properties": { "Hofname": "Anschützgasse 8a", "clean_address": "1150 Wien, Anschützgasse", "Wohnungen": 36, "Lokale": 0, "addr_key": "1150 wien, anschützgasse" }, "geometry": { "type": "Point", "coordinates": [ 16.3240491, 48.1851416 ] } },
{ "type": "Feature", "properties": { "Hofname": "Turnergasse 22", "clean_address": "1150 Wien, Turnergasse", "Wohnungen": 21, "Lokale": 0, "addr_key": "1150 wien, turnergasse" }, "geometry": { "type": "Point", "coordinates": [ 16.3364379, 48.189979 ] } },
{ "type": "Feature", "properties": { "Hofname": "Maria-Jonas-Hof", "clean_address": "1150 Wien, Turnergasse", "Wohnungen": 15, "Lokale": 0, "addr_key": "1150 wien, turnergasse" }, "geometry": { "type": "Point", "coordinates": [ 16.3364379, 48.189979 ] } },
{ "type": "Feature", "properties": { "Hofname": "Sturzgasse 14", "clean_address": "1150 Wien, Sturzgasse", "Wohnungen": 12, "Lokale": 1, "addr_key": "1150 wien, sturzgasse" }, "geometry": { "type": "Point", "coordinates": [ 16.317887, 48.1988642 ] } },
{ "type": "Feature", "properties": { "Hofname": "Anschützgasse 4a", "clean_address": "1150 Wien, Anschützgasse", "Wohnungen": 47, "Lokale": 1, "addr_key": "1150 wien, anschützgasse" }, "geometry": { "type": "Point", "coordinates": [ 16.3240491, 48.1851416 ] } },
{ "type": "Feature", "properties": { "Hofname": "Storchengasse 16-20", "clean_address": "1150 Wien, Storchengasse", "Wohnungen": 37, "Lokale": 2, "addr_key": "1150 wien, storchengasse" }, "geometry": { "type": "Point", "coordinates": [ 16.3333616, 48.1847341 ] } },
{ "type": "Feature", "properties": { "Hofname": "Sturzgasse 37", "clean_address": "1150 Wien, Sturzgasse", "Wohnungen": 25, "Lokale": 0, "addr_key": "1150 wien, sturzgasse" }, "geometry": { "type": "Point", "coordinates": [ 16.317887, 48.1988642 ] } },
{ "type": "Feature", "properties": { "Hofname": "Jurekgasse 6", "clean_address": "1150 Wien, Jurekgasse", "Wohnungen": 14, "Lokale": 2, "addr_key": "1150 wien, jurekgasse" }, "geometry": { "type": "Point", "coordinates": [ 16.3275427, 48.1920678 ] } },
{ "type": "Feature", "properties": { "Hofname": "Kranzgasse 5", "clean_address": "1150 Wien, Kranzgasse", "Wohnungen": 21, "Lokale": 1, "addr_key": "1150 wien, kranzgasse" }, "geometry": { "type": "Point", "coordinates": [ 16.3338325, 48.1884691 ] } },
{ "type": "Feature", "properties": { "Hofname": "Lehnergasse 4", "clean_address": "1150 Wien, Lehnergasse", "Wohnungen": 10, "Lokale": 0, "addr_key": "1150 wien, lehnergasse" }, "geometry": { "type": "Point", "coordinates": [ 16.3265835, 48.1914248 ] } },
{ "type": "Feature", "properties": { "Hofname": "Weiglgasse 6-10", "clean_address": "1150 Wien, Weiglgasse", "Wohnungen": 291, "Lokale": 14, "addr_key": "1150 wien, weiglgasse" }, "geometry": { "type": "Point", "coordinates": [ 16.3241482, 48.1871344 ] } },
{ "type": "Feature", "properties": { "Hofname": "Anschützgasse 9-13", "clean_address": "1150 Wien, Anschützgasse", "Wohnungen": 79, "Lokale": 1, "addr_key": "1150 wien, anschützgasse" }, "geometry": { "type": "Point", "coordinates": [ 16.3240491, 48.1851416 ] } },
{ "type": "Feature", "properties": { "Hofname": "Kranzgasse 20", "clean_address": "1150 Wien, Kranzgasse", "Wohnungen": 18, "Lokale": 0, "addr_key": "1150 wien, kranzgasse" }, "geometry": { "type": "Point", "coordinates": [ 16.3338325, 48.1884691 ] } },
{ "type": "Feature", "properties": { "Hofname": "Geibelgasse 10", "clean_address": "1150 Wien, Geibelgasse", "Wohnungen": 19, "Lokale": 0, "addr_key": "1150 wien, geibelgasse" }, "geometry": { "type": "Point", "coordinates": [ 16.3320991, 48.1892494 ] } },
{ "type": "Feature", "properties": { "Hofname": "Grimmgasse 19", "clean_address": "1150 Wien, Grimmgasse", "Wohnungen": 15, "Lokale": 0, "addr_key": "1150 wien, grimmgasse" }, "geometry": { "type": "Point", "coordinates": [ 16.3278376, 48.1871161 ] } },
{ "type": "Feature", "properties": { "Hofname": "Reindorfgasse 9", "clean_address": "1150 Wien, Reindorfgasse", "Wohnungen": 29, "Lokale": 4, "addr_key": "1150 wien, reindorfgasse" }, "geometry": { "type": "Point", "coordinates": [ 16.3307143, 48.1890482 ] } },
{ "type": "Feature", "properties": { "Hofname": "Grimmgasse 4", "clean_address": "1150 Wien, Grimmgasse", "Wohnungen": 16, "Lokale": 1, "addr_key": "1150 wien, grimmgasse" }, "geometry": { "type": "Point", "coordinates": [ 16.3278376, 48.1871161 ] } },
{ "type": "Feature", "properties": { "Hofname": "Hagengasse 21", "clean_address": "1150 Wien, Hagengasse", "Wohnungen": 15, "Lokale": 1, "addr_key": "1150 wien, hagengasse" }, "geometry": { "type": "Point", "coordinates": [ 16.3277761, 48.2043725 ] } },
{ "type": "Feature", "properties": { "Hofname": "Dankwartgasse 6", "clean_address": "1150 Wien, Dankwartgasse", "Wohnungen": 16, "Lokale": 1, "addr_key": "1150 wien, dankwartgasse" }, "geometry": { "type": "Point", "coordinates": [ 16.3303115, 48.2033768 ] } },
{ "type": "Feature", "properties": { "Hofname": "Clementinengasse 3", "clean_address": "1150 Wien, Clementinengasse", "Wohnungen": 26, "Lokale": 1, "addr_key": "1150 wien, clementinengasse" }, "geometry": { "type": "Point", "coordinates": [ 16.3329975, 48.1918616 ] } },
{ "type": "Feature", "properties": { "Hofname": "Grimmgasse 8", "clean_address": "1150 Wien, Grimmgasse", "Wohnungen": 13, "Lokale": 0, "addr_key": "1150 wien, grimmgasse" }, "geometry": { "type": "Point", "coordinates": [ 16.3278376, 48.1871161 ] } },
{ "type": "Feature", "properties": { "Hofname": "Reindorfgasse 38", "clean_address": "1150 Wien, Reindorfgasse", "Wohnungen": 25, "Lokale": 5, "addr_key": "1150 wien, reindorfgasse" }, "geometry": { "type": "Point", "coordinates": [ 16.3307143, 48.1890482 ] } },
{ "type": "Feature", "properties": { "Hofname": "Dreihausgasse 8-10", "clean_address": "1150 Wien, Dreihausgasse", "Wohnungen": 33, "Lokale": 0, "addr_key": "1150 wien, dreihausgasse" }, "geometry": { "type": "Point", "coordinates": [ 16.3260257, 48.1867389 ] } },
{ "type": "Feature", "properties": { "Hofname": "Grimmgasse 15", "clean_address": "1150 Wien, Grimmgasse", "Wohnungen": 17, "Lokale": 0, "addr_key": "1150 wien, grimmgasse" }, "geometry": { "type": "Point", "coordinates": [ 16.3278376, 48.1871161 ] } },
{ "type": "Feature", "properties": { "Hofname": "Herklotzgasse 17-19", "clean_address": "1150 Wien, Herklotzgasse", "Wohnungen": 32, "Lokale": 0, "addr_key": "1150 wien, herklotzgasse" }, "geometry": { "type": "Point", "coordinates": [ 16.3368001, 48.1903875 ] } },
{ "type": "Feature", "properties": { "Hofname": "Grimmgasse 44", "clean_address": "1150 Wien, Grimmgasse", "Wohnungen": 21, "Lokale": 1, "addr_key": "1150 wien, grimmgasse" }, "geometry": { "type": "Point", "coordinates": [ 16.3278376, 48.1871161 ] } },
{ "type": "Feature", "properties": { "Hofname": "Dadlergasse 17", "clean_address": "1150 Wien, Dadlergasse", "Wohnungen": 50, "Lokale": 4, "addr_key": "1150 wien, dadlergasse" }, "geometry": { "type": "Point", "coordinates": [ 16.3277047, 48.1893217 ] } },
{ "type": "Feature", "properties": { "Hofname": "Hollergasse 12", "clean_address": "1150 Wien, Hollergasse", "Wohnungen": 15, "Lokale": 3, "addr_key": "1150 wien, hollergasse" }, "geometry": { "type": "Point", "coordinates": [ 16.3249452, 48.1853952 ] } },
{ "type": "Feature", "properties": { "Hofname": "Braunhirschengasse 8-10", "clean_address": "1150 Wien, Braunhirschengasse", "Wohnungen": 15, "Lokale": 0, "addr_key": "1150 wien, braunhirschengasse" }, "geometry": { "type": "Point", "coordinates": [ 16.3267181, 48.1870935 ] } },
{ "type": "Feature", "properties": { "Hofname": "Hollergasse 21", "clean_address": "1150 Wien, Hollergasse", "Wohnungen": 14, "Lokale": 1, "addr_key": "1150 wien, hollergasse" }, "geometry": { "type": "Point", "coordinates": [ 16.3249452, 48.1853952 ] } },
{ "type": "Feature", "properties": { "Hofname": "Reichsapfelgasse 9", "clean_address": "1150 Wien, Reichsapfelgasse", "Wohnungen": 37, "Lokale": 1, "addr_key": "1150 wien, reichsapfelgasse" }, "geometry": { "type": "Point", "coordinates": [ 16.3248221, 48.1883509 ] } },
{ "type": "Feature", "properties": { "Hofname": "Beckmanngasse 64", "clean_address": "1150 Wien, Beckmanngasse", "Wohnungen": 10, "Lokale": 1, "addr_key": "1150 wien, beckmanngasse" }, "geometry": { "type": "Point", "coordinates": [ 16.3120119, 48.1916783 ] } },
{ "type": "Feature", "properties": { "Hofname": "Goldschlagstraße 91", "clean_address": "1150 Wien, Goldschlagstraße", "Wohnungen": 12, "Lokale": 2, "addr_key": "1150 wien, goldschlagstraße" }, "geometry": { "type": "Point", "coordinates": [ 16.334221, 48.1986419 ] } },
{ "type": "Feature", "properties": { "Hofname": "Heinickegasse 3", "clean_address": "1150 Wien, Heinickegasse", "Wohnungen": 13, "Lokale": 0, "addr_key": "1150 wien, heinickegasse" }, "geometry": { "type": "Point", "coordinates": [ 16.3274255, 48.1858089 ] } },
{ "type": "Feature", "properties": { "Hofname": "Zinckgasse 5-7", "clean_address": "1150 Wien, Zinckgasse", "Wohnungen": 32, "Lokale": 3, "addr_key": "1150 wien, zinckgasse" }, "geometry": { "type": "Point", "coordinates": [ 16.3346614, 48.1995843 ] } },
{ "type": "Feature", "properties": { "Hofname": "Fünfhausgasse 6-8", "clean_address": "1150 Wien, Fünfhausgasse", "Wohnungen": 23, "Lokale": 1, "addr_key": "1150 wien, fünfhausgasse" }, "geometry": { "type": "Point", "coordinates": [ 16.3353288, 48.189222 ] } },
{ "type": "Feature", "properties": { "Hofname": "Storchengasse 22", "clean_address": "1150 Wien, Storchengasse", "Wohnungen": 21, "Lokale": 0, "addr_key": "1150 wien, storchengasse" }, "geometry": { "type": "Point", "coordinates": [ 16.3333616, 48.1847341 ] } },
{ "type": "Feature", "properties": { "Hofname": "Anschützgasse 10", "clean_address": "1150 Wien, Anschützgasse", "Wohnungen": 19, "Lokale": 0, "addr_key": "1150 wien, anschützgasse" }, "geometry": { "type": "Point", "coordinates": [ 16.3240491, 48.1851416 ] } },
{ "type": "Feature", "properties": { "Hofname": "Ortnergasse 5", "clean_address": "1150 Wien, Ortnergasse", "Wohnungen": 11, "Lokale": 0, "addr_key": "1150 wien, ortnergasse" }, "geometry": { "type": "Point", "coordinates": [ 16.3315775, 48.1852604 ] } },
{ "type": "Feature", "properties": { "Hofname": "Kellinggasse 13", "clean_address": "1150 Wien, Kellinggasse", "Wohnungen": 14, "Lokale": 0, "addr_key": "1150 wien, kellinggasse" }, "geometry": { "type": "Point", "coordinates": [ 16.3294837, 48.1849197 ] } },
{ "type": "Feature", "properties": { "Hofname": "Diefenbachgasse 30", "clean_address": "1150 Wien, Diefenbachgasse", "Wohnungen": 16, "Lokale": 0, "addr_key": "1150 wien, diefenbachgasse" }, "geometry": { "type": "Point", "coordinates": [ 16.3301576, 48.1847374 ] } },
{ "type": "Feature", "properties": { "Hofname": "Sturzgasse 31-33", "clean_address": "1150 Wien, Sturzgasse", "Wohnungen": 22, "Lokale": 0, "addr_key": "1150 wien, sturzgasse" }, "geometry": { "type": "Point", "coordinates": [ 16.317887, 48.1988642 ] } },
{ "type": "Feature", "properties": { "Hofname": "Rustengasse 10", "clean_address": "1150 Wien, Rustengasse", "Wohnungen": 21, "Lokale": 1, "addr_key": "1150 wien, rustengasse" }, "geometry": { "type": "Point", "coordinates": [ 16.3273763, 48.1915975 ] } },
{ "type": "Feature", "properties": { "Hofname": "Beckmanngasse 66", "clean_address": "1150 Wien, Beckmanngasse", "Wohnungen": 10, "Lokale": 0, "addr_key": "1150 wien, beckmanngasse" }, "geometry": { "type": "Point", "coordinates": [ 16.3120119, 48.1916783 ] } },
{ "type": "Feature", "properties": { "Hofname": "Karmeliterhofgasse 7-9", "clean_address": "1150 Wien, Karmeliterhofgasse", "Wohnungen": 35, "Lokale": 0, "addr_key": "1150 wien, karmeliterhofgasse" }, "geometry": { "type": "Point", "coordinates": [ 16.3326213, 48.1924171 ] } },
{ "type": "Feature", "properties": { "Hofname": "Oelweingasse 3-5", "clean_address": "1150 Wien, Oelweingasse", "Wohnungen": 24, "Lokale": 1, "addr_key": "1150 wien, oelweingasse" }, "geometry": { "type": "Point", "coordinates": [ 16.3278179, 48.1891683 ] } },
{ "type": "Feature", "properties": { "Hofname": "Rauchfangkehrergasse 17-27", "clean_address": "1150 Wien, Rauchfangkehrergasse", "Wohnungen": 82, "Lokale": 1, "addr_key": "1150 wien, rauchfangkehrergasse" }, "geometry": { "type": "Point", "coordinates": [ 16.3308261, 48.1863358 ] } },
{ "type": "Feature", "properties": { "Hofname": "Kirchstetterngasse 60", "clean_address": "1160 Wien, Kirchstetterngasse", "Wohnungen": 20, "Lokale": 2, "addr_key": "1160 wien, kirchstetterngasse" }, "geometry": { "type": "Point", "coordinates": [ 16.3314984, 48.2045805 ] } },
{ "type": "Feature", "properties": { "Hofname": "Neulerchenfelder Straße 52", "clean_address": "1160 Wien, Neulerchenfelder Straße", "Wohnungen": 12, "Lokale": 2, "addr_key": "1160 wien, neulerchenfelder straße" }, "geometry": { "type": "Polygon", "coordinates": [ [ [ 16.3378859, 48.2109233 ], [ 16.3380926, 48.210898 ], [ 16.3381395, 48.2111046 ], [ 16.338016, 48.2111163 ], [ 16.3380479, 48.2112354 ], [ 16.3379657, 48.2112441 ], [ 16.3378859, 48.2109233 ] ] ] } },
{ "type": "Feature", "properties": { "Hofname": "Enenkelstraße 35", "clean_address": "1160 Wien, Enenkelstraße", "Wohnungen": 48, "Lokale": 4, "addr_key": "1160 wien, enenkelstraße" }, "geometry": { "type": "Point", "coordinates": [ 16.3100394, 48.2133498 ] } },
{ "type": "Feature", "properties": { "Hofname": "Josef-Srp-Hof", "clean_address": "1160 Wien, Thaliastraße", "Wohnungen": 19, "Lokale": 7, "addr_key": "1160 wien, thaliastraße" }, "geometry": { "type": "Point", "coordinates": [ 16.3352252, 48.2089601 ] } },
{ "type": "Feature", "properties": { "Hofname": "Brüßlgasse 34", "clean_address": "1160 Wien, Brüßlgasse", "Wohnungen": 18, "Lokale": 1, "addr_key": "1160 wien, brüßlgasse" }, "geometry": { "type": "Point", "coordinates": [ 16.3210401, 48.2075949 ] } },
{ "type": "Feature", "properties": { "Hofname": "Thalhaimergasse 44", "clean_address": "1160 Wien, Thalhaimergasse", "Wohnungen": 17, "Lokale": 1, "addr_key": "1160 wien, thalhaimergasse" }, "geometry": { "type": "Point", "coordinates": [ 16.3207811, 48.2101401 ] } },
{ "type": "Feature", "properties": { "Hofname": "Hella-Hanzlik-Hof", "clean_address": "1160 Wien, Brüßlgasse", "Wohnungen": 49, "Lokale": 0, "addr_key": "1160 wien, brüßlgasse" }, "geometry": { "type": "Point", "coordinates": [ 16.3210401, 48.2075949 ] } },
{ "type": "Feature", "properties": { "Hofname": "Mildeplatz 7", "clean_address": "1160 Wien, Mildeplatz", "Wohnungen": 22, "Lokale": 2, "addr_key": "1160 wien, mildeplatz" }, "geometry": { "type": "Point", "coordinates": [ 16.3129728, 48.2157922 ] } },
{ "type": "Feature", "properties": { "Hofname": "Sulmgasse 22-24", "clean_address": "1160 Wien, Sulmgasse", "Wohnungen": 20, "Lokale": 1, "addr_key": "1160 wien, sulmgasse" }, "geometry": { "type": "Point", "coordinates": [ 16.3151006, 48.2096118 ] } },
{ "type": "Feature", "properties": { "Hofname": "Redtenbachergasse 40-44", "clean_address": "1160 Wien, Redtenbachergasse", "Wohnungen": 30, "Lokale": 0, "addr_key": "1160 wien, redtenbachergasse" }, "geometry": { "type": "Point", "coordinates": [ 16.3145994, 48.2136695 ] } },
{ "type": "Feature", "properties": { "Hofname": "Paletzgasse 17", "clean_address": "1160 Wien, Paletzgasse", "Wohnungen": 82, "Lokale": 2, "addr_key": "1160 wien, paletzgasse" }, "geometry": { "type": "Point", "coordinates": [ 16.3195637, 48.2203343 ] } },
{ "type": "Feature", "properties": { "Hofname": "Ganglbauergasse 4-12", "clean_address": "1160 Wien, Ganglbauergasse", "Wohnungen": 122, "Lokale": 4, "addr_key": "1160 wien, ganglbauergasse" }, "geometry": { "type": "Point", "coordinates": [ 16.3259585, 48.2102883 ] } },
{ "type": "Feature", "properties": { "Hofname": "Lorenz-Mandl-Gasse 36-38", "clean_address": "1160 Wien, Lorenz-Mandl-Gasse", "Wohnungen": 59, "Lokale": 1, "addr_key": "1160 wien, lorenz-mandl-gasse" }, "geometry": { "type": "Point", "coordinates": [ 16.3062443, 48.2069599 ] } },
{ "type": "Feature", "properties": { "Hofname": "Heindlgasse 7-9", "clean_address": "1160 Wien, Heindlgasse", "Wohnungen": 25, "Lokale": 0, "addr_key": "1160 wien, heindlgasse" }, "geometry": { "type": "Point", "coordinates": [ 16.3163557, 48.2108152 ] } },
{ "type": "Feature", "properties": { "Hofname": "Arltgasse 2-16", "clean_address": "1160 Wien, Arltgasse", "Wohnungen": 226, "Lokale": 8, "addr_key": "1160 wien, arltgasse" }, "geometry": { "type": "Point", "coordinates": [ 16.3187893, 48.2083039 ] } },
{ "type": "Feature", "properties": { "Hofname": "Pfenninggeldgasse 3-7", "clean_address": "1160 Wien, Pfenninggeldgasse", "Wohnungen": 33, "Lokale": 3, "addr_key": "1160 wien, pfenninggeldgasse" }, "geometry": { "type": "Polygon", "coordinates": [ [ [ 16.3130708, 48.2079161 ], [ 16.3130269, 48.2079539 ], [ 16.3128964, 48.2078865 ], [ 16.3129358, 48.2078526 ], [ 16.3128522, 48.2078095 ], [ 16.3130614, 48.2076293 ], [ 16.3132175, 48.2077098 ], [ 16.3131242, 48.2077901 ], [ 16.3130127, 48.2078861 ], [ 16.3130708, 48.2079161 ] ] ] } },
{ "type": "Feature", "properties": { "Hofname": "Hasnerstraße 111-115", "clean_address": "1160 Wien, Hasnerstraße", "Wohnungen": 37, "Lokale": 2, "addr_key": "1160 wien, hasnerstraße" }, "geometry": { "type": "Point", "coordinates": [ 16.33577, 48.207517 ] } },
{ "type": "Feature", "properties": { "Hofname": "Lorenz-Mandl-Gasse 7-9", "clean_address": "1160 Wien, Lorenz-Mandl-Gasse", "Wohnungen": 31, "Lokale": 0, "addr_key": "1160 wien, lorenz-mandl-gasse" }, "geometry": { "type": "Point", "coordinates": [ 16.3062443, 48.2069599 ] } },
{ "type": "Feature", "properties": { "Hofname": "Odoakergasse 10-18", "clean_address": "1160 Wien, Odoakergasse", "Wohnungen": 103, "Lokale": 5, "addr_key": "1160 wien, odoakergasse" }, "geometry": { "type": "Point", "coordinates": [ 16.3097849, 48.219327 ] } },
{ "type": "Feature", "properties": { "Hofname": "Haberlgasse 74", "clean_address": "1160 Wien, Haberlgasse", "Wohnungen": 28, "Lokale": 1, "addr_key": "1160 wien, haberlgasse" }, "geometry": { "type": "Point", "coordinates": [ 16.3309373, 48.2110562 ] } },
{ "type": "Feature", "properties": { "Hofname": "Wiesberggasse 6b", "clean_address": "1160 Wien, Wiesberggasse", "Wohnungen": 67, "Lokale": 6, "addr_key": "1160 wien, wiesberggasse" }, "geometry": { "type": "Point", "coordinates": [ 16.3062176, 48.209657 ] } },
{ "type": "Feature", "properties": { "Hofname": "Fröbelgasse 55-57", "clean_address": "1160 Wien, Fröbelgasse", "Wohnungen": 30, "Lokale": 4, "addr_key": "1160 wien, fröbelgasse" }, "geometry": { "type": "Point", "coordinates": [ 16.3308919, 48.2066593 ] } },
{ "type": "Feature", "properties": { "Hofname": "Arltgasse 34-36", "clean_address": "1160 Wien, Arltgasse", "Wohnungen": 27, "Lokale": 2, "addr_key": "1160 wien, arltgasse" }, "geometry": { "type": "Point", "coordinates": [ 16.3187893, 48.2083039 ] } },
{ "type": "Feature", "properties": { "Hofname": "Degengasse 7", "clean_address": "1160 Wien, Degengasse", "Wohnungen": 16, "Lokale": 0, "addr_key": "1160 wien, degengasse" }, "geometry": { "type": "Point", "coordinates": [ 16.3084107, 48.2162528 ] } },
{ "type": "Feature", "properties": { "Hofname": "Haberlgasse 76", "clean_address": "1160 Wien, Haberlgasse", "Wohnungen": 20, "Lokale": 3, "addr_key": "1160 wien, haberlgasse" }, "geometry": { "type": "Point", "coordinates": [ 16.3309373, 48.2110562 ] } },
{ "type": "Feature", "properties": { "Hofname": "Panikengasse 6-8", "clean_address": "1160 Wien, Panikengasse", "Wohnungen": 55, "Lokale": 0, "addr_key": "1160 wien, panikengasse" }, "geometry": { "type": "Polygon", "coordinates": [ [ [ 16.3240452, 48.2067331 ], [ 16.325763, 48.206473 ], [ 16.3257015, 48.2062928 ], [ 16.3256619, 48.206163 ], [ 16.325486, 48.2056346 ], [ 16.3253997, 48.2053661 ], [ 16.3249045, 48.2054393 ], [ 16.3241781, 48.2055461 ], [ 16.3236581, 48.205623 ], [ 16.323751, 48.2059504 ], [ 16.3237853, 48.2060111 ], [ 16.3239123, 48.206388 ], [ 16.3238998, 48.2063899 ], [ 16.3239273, 48.2064715 ], [ 16.323979, 48.2065389 ], [ 16.3240452, 48.2067331 ] ] ] } },
{ "type": "Feature", "properties": { "Hofname": "Koppstraße 6", "clean_address": "1160 Wien, Koppstraße", "Wohnungen": 30, "Lokale": 1, "addr_key": "1160 wien, koppstraße" }, "geometry": { "type": "Point", "coordinates": [ 16.3299636, 48.2073014 ] } },
{ "type": "Feature", "properties": { "Hofname": "Payergasse 18", "clean_address": "1160 Wien, Payergasse", "Wohnungen": 21, "Lokale": 0, "addr_key": "1160 wien, payergasse" }, "geometry": { "type": "Point", "coordinates": [ 16.336608, 48.2140832 ] } },
{ "type": "Feature", "properties": { "Hofname": "Wernhardtstraße 12-16", "clean_address": "1160 Wien, Wernhardtstraße", "Wohnungen": 128, "Lokale": 2, "addr_key": "1160 wien, wernhardtstraße" }, "geometry": { "type": "Point", "coordinates": [ 16.3051803, 48.2085026 ] } },
{ "type": "Feature", "properties": { "Hofname": "Karl-Metschl-Gasse 13-23", "clean_address": "1160 Wien, Karl-Metschl-Gasse", "Wohnungen": 69, "Lokale": 2, "addr_key": "1160 wien, karl-metschl-gasse" }, "geometry": { "type": "Polygon", "coordinates": [ [ [ 16.3034991, 48.2228474 ], [ 16.3034642, 48.222917 ], [ 16.3034307, 48.2229837 ], [ 16.3032917, 48.2229527 ], [ 16.3033602, 48.2228165 ], [ 16.3034991, 48.2228474 ] ] ] } },
{ "type": "Feature", "properties": { "Hofname": "Klausgasse 1-11", "clean_address": "1160 Wien, Klausgasse", "Wohnungen": 277, "Lokale": 9, "addr_key": "1160 wien, klausgasse" }, "geometry": { "type": "Point", "coordinates": [ 16.32177, 48.2074399 ] } },
{ "type": "Feature", "properties": { "Hofname": "Winterburgergasse 3-11", "clean_address": "1160 Wien, Winterburgergasse", "Wohnungen": 259, "Lokale": 9, "addr_key": "1160 wien, winterburgergasse" }, "geometry": { "type": "Polygon", "coordinates": [ [ [ 16.304272, 48.2193819 ], [ 16.3042588, 48.2193235 ], [ 16.3042788, 48.2193213 ], [ 16.3042729, 48.2192786 ], [ 16.3042767, 48.2192683 ], [ 16.3042813, 48.2192575 ], [ 16.3043104, 48.2192291 ], [ 16.3043009, 48.219218 ], [ 16.3043559, 48.2191683 ], [ 16.3043684, 48.2191758 ], [ 16.3043946, 48.2191564 ], [ 16.3044588, 48.2191914 ], [ 16.3044359, 48.2192116 ], [ 16.3045159, 48.2192558 ], [ 16.3044855, 48.2192869 ], [ 16.3044721, 48.2192799 ], [ 16.3044509, 48.2193002 ], [ 16.3044534, 48.2193263 ], [ 16.3044734, 48.219326 ], [ 16.3044806, 48.2193637 ], [ 16.304272, 48.2193819 ] ] ] } },
{ "type": "Feature", "properties": { "Hofname": "Heindlgasse 4", "clean_address": "1160 Wien, Heindlgasse", "Wohnungen": 38, "Lokale": 2, "addr_key": "1160 wien, heindlgasse" }, "geometry": { "type": "Point", "coordinates": [ 16.3163557, 48.2108152 ] } },
{ "type": "Feature", "properties": { "Hofname": "Hofferplatz 3", "clean_address": "1160 Wien, Hofferplatz", "Wohnungen": 52, "Lokale": 4, "addr_key": "1160 wien, hofferplatz" }, "geometry": { "type": "Point", "coordinates": [ 16.3333162, 48.2094857 ] } },
{ "type": "Feature", "properties": { "Hofname": "Weinheimergasse 7-9", "clean_address": "1160 Wien, Weinheimergasse", "Wohnungen": 102, "Lokale": 5, "addr_key": "1160 wien, weinheimergasse" }, "geometry": { "type": "Point", "coordinates": [ 16.3111266, 48.2138979 ] } },
{ "type": "Feature", "properties": { "Hofname": "Abelegasse 12", "clean_address": "1160 Wien, Abelegasse", "Wohnungen": 17, "Lokale": 2, "addr_key": "1160 wien, abelegasse" }, "geometry": { "type": "Point", "coordinates": [ 16.3295722, 48.2113249 ] } },
{ "type": "Feature", "properties": { "Hofname": "Maroltingergasse 19-25", "clean_address": "1160 Wien, Maroltingergasse", "Wohnungen": 99, "Lokale": 6, "addr_key": "1160 wien, maroltingergasse" }, "geometry": { "type": "Point", "coordinates": [ 16.3055884, 48.2111534 ] } },
{ "type": "Feature", "properties": { "Hofname": "Ottakringer Straße 217-221", "clean_address": "1160 Wien, Ottakringer Straße", "Wohnungen": 42, "Lokale": 3, "addr_key": "1160 wien, ottakringer straße" }, "geometry": { "type": "Point", "coordinates": [ 16.3396767, 48.2149666 ] } },
{ "type": "Feature", "properties": { "Hofname": "Karoline-Pluskal-Hof", "clean_address": "1160 Wien, Sandleitengasse", "Wohnungen": 193, "Lokale": 4, "addr_key": "1160 wien, sandleitengasse" }, "geometry": { "type": "Point", "coordinates": [ 16.3078222, 48.218162 ] } },
{ "type": "Feature", "properties": { "Hofname": "Ottakringer Straße 147", "clean_address": "1160 Wien, Ottakringer Straße", "Wohnungen": 25, "Lokale": 2, "addr_key": "1160 wien, ottakringer straße" }, "geometry": { "type": "Point", "coordinates": [ 16.3396767, 48.2149666 ] } },
{ "type": "Feature", "properties": { "Hofname": "Mildeplatz 3", "clean_address": "1160 Wien, Mildeplatz", "Wohnungen": 32, "Lokale": 1, "addr_key": "1160 wien, mildeplatz" }, "geometry": { "type": "Point", "coordinates": [ 16.3129728, 48.2157922 ] } },
{ "type": "Feature", "properties": { "Hofname": "Winterburgergasse 1", "clean_address": "1160 Wien, Winterburgergasse", "Wohnungen": 34, "Lokale": 5, "addr_key": "1160 wien, winterburgergasse" }, "geometry": { "type": "Polygon", "coordinates": [ [ [ 16.304272, 48.2193819 ], [ 16.3042588, 48.2193235 ], [ 16.3042788, 48.2193213 ], [ 16.3042729, 48.2192786 ], [ 16.3042767, 48.2192683 ], [ 16.3042813, 48.2192575 ], [ 16.3043104, 48.2192291 ], [ 16.3043009, 48.219218 ], [ 16.3043559, 48.2191683 ], [ 16.3043684, 48.2191758 ], [ 16.3043946, 48.2191564 ], [ 16.3044588, 48.2191914 ], [ 16.3044359, 48.2192116 ], [ 16.3045159, 48.2192558 ], [ 16.3044855, 48.2192869 ], [ 16.3044721, 48.2192799 ], [ 16.3044509, 48.2193002 ], [ 16.3044534, 48.2193263 ], [ 16.3044734, 48.219326 ], [ 16.3044806, 48.2193637 ], [ 16.304272, 48.2193819 ] ] ] } },
{ "type": "Feature", "properties": { "Hofname": "Roseggergasse 44-46", "clean_address": "1160 Wien, Roseggergasse", "Wohnungen": 90, "Lokale": 10, "addr_key": "1160 wien, roseggergasse" }, "geometry": { "type": "Point", "coordinates": [ 16.3080642, 48.2103473 ] } },
{ "type": "Feature", "properties": { "Hofname": "Friedrich-Kaiser-Gasse 36-38", "clean_address": "1160 Wien, Friedrich-Kaiser-Gasse", "Wohnungen": 26, "Lokale": 4, "addr_key": "1160 wien, friedrich-kaiser-gasse" }, "geometry": { "type": "Point", "coordinates": [ 16.3298101, 48.2109515 ] } },
{ "type": "Feature", "properties": { "Hofname": "Abelegasse 29", "clean_address": "1160 Wien, Abelegasse", "Wohnungen": 71, "Lokale": 1, "addr_key": "1160 wien, abelegasse" }, "geometry": { "type": "Point", "coordinates": [ 16.3295722, 48.2113249 ] } },
{ "type": "Feature", "properties": { "Hofname": "Haberlgasse 86", "clean_address": "1160 Wien, Haberlgasse", "Wohnungen": 18, "Lokale": 0, "addr_key": "1160 wien, haberlgasse" }, "geometry": { "type": "Point", "coordinates": [ 16.3309373, 48.2110562 ] } },
{ "type": "Feature", "properties": { "Hofname": "Friedrich-Kaiser-Gasse 18-24", "clean_address": "1160 Wien, Friedrich-Kaiser-Gasse", "Wohnungen": 41, "Lokale": 5, "addr_key": "1160 wien, friedrich-kaiser-gasse" }, "geometry": { "type": "Point", "coordinates": [ 16.3298101, 48.2109515 ] } },
{ "type": "Feature", "properties": { "Hofname": "Degengasse 34-38", "clean_address": "1160 Wien, Degengasse", "Wohnungen": 54, "Lokale": 1, "addr_key": "1160 wien, degengasse" }, "geometry": { "type": "Point", "coordinates": [ 16.3084107, 48.2162528 ] } },
{ "type": "Feature", "properties": { "Hofname": "Ameisbachzeile 119-123", "clean_address": "1160 Wien, Ameisbachzeile", "Wohnungen": 163, "Lokale": 9, "addr_key": "1160 wien, ameisbachzeile" }, "geometry": { "type": "Point", "coordinates": [ 16.2920302, 48.2019296 ] } },
{ "type": "Feature", "properties": { "Hofname": "Arnethgasse 105", "clean_address": "1160 Wien, Arnethgasse", "Wohnungen": 23, "Lokale": 3, "addr_key": "1160 wien, arnethgasse" }, "geometry": { "type": "Point", "coordinates": [ 16.3092202, 48.2150661 ] } },
{ "type": "Feature", "properties": { "Hofname": "Bachgasse 14", "clean_address": "1160 Wien, Bachgasse", "Wohnungen": 11, "Lokale": 0, "addr_key": "1160 wien, bachgasse" }, "geometry": { "type": "Point", "coordinates": [ 16.327079, 48.2108799 ] } },
{ "type": "Feature", "properties": { "Hofname": "Grundsteingasse 6", "clean_address": "1160 Wien, Grundsteingasse", "Wohnungen": 15, "Lokale": 0, "addr_key": "1160 wien, grundsteingasse" }, "geometry": { "type": "Point", "coordinates": [ 16.3373074, 48.2097275 ] } },
{ "type": "Feature", "properties": { "Hofname": "Feßtgasse 12-14", "clean_address": "1160 Wien, Feßtgasse", "Wohnungen": 39, "Lokale": 3, "addr_key": "1160 wien, feßtgasse" }, "geometry": { "type": "Point", "coordinates": [ 16.325393, 48.212064 ] } },
{ "type": "Feature", "properties": { "Hofname": "Ganglbauergasse 7", "clean_address": "1160 Wien, Ganglbauergasse", "Wohnungen": 15, "Lokale": 0, "addr_key": "1160 wien, ganglbauergasse" }, "geometry": { "type": "Point", "coordinates": [ 16.3259585, 48.2102883 ] } },
{ "type": "Feature", "properties": { "Hofname": "Grundsteingasse 66", "clean_address": "1160 Wien, Grundsteingasse", "Wohnungen": 16, "Lokale": 0, "addr_key": "1160 wien, grundsteingasse" }, "geometry": { "type": "Point", "coordinates": [ 16.3373074, 48.2097275 ] } },
{ "type": "Feature", "properties": { "Hofname": "Feßtgasse 16", "clean_address": "1160 Wien, Feßtgasse", "Wohnungen": 29, "Lokale": 2, "addr_key": "1160 wien, feßtgasse" }, "geometry": { "type": "Point", "coordinates": [ 16.325393, 48.212064 ] } },
{ "type": "Feature", "properties": { "Hofname": "Johann-Nepomuk-Berger-Platz 7", "clean_address": "1160 Wien, Johann-Nepomuk-Berger-Platz", "Wohnungen": 18, "Lokale": 0, "addr_key": "1160 wien, johann-nepomuk-berger-platz" }, "geometry": { "type": "Point", "coordinates": [ 16.3266594, 48.213134 ] } },
{ "type": "Feature", "properties": { "Hofname": "Sulmgasse 2-6", "clean_address": "1160 Wien, Sulmgasse", "Wohnungen": 63, "Lokale": 6, "addr_key": "1160 wien, sulmgasse" }, "geometry": { "type": "Point", "coordinates": [ 16.3151006, 48.2096118 ] } },
{ "type": "Feature", "properties": { "Hofname": "Gerhard-Hanappi-Hof", "clean_address": "1160 Wien, Liebhartsgasse", "Wohnungen": 25, "Lokale": 1, "addr_key": "1160 wien, liebhartsgasse" }, "geometry": { "type": "Point", "coordinates": [ 16.3297284, 48.2055496 ] } },
{ "type": "Feature", "properties": { "Hofname": "Eisnergasse 15-17", "clean_address": "1160 Wien, Eisnergasse", "Wohnungen": 24, "Lokale": 1, "addr_key": "1160 wien, eisnergasse" }, "geometry": { "type": "Point", "coordinates": [ 16.3219603, 48.2113051 ] } },
{ "type": "Feature", "properties": { "Hofname": "Ottakringer Straße 103", "clean_address": "1160 Wien, Ottakringer Straße", "Wohnungen": 14, "Lokale": 3, "addr_key": "1160 wien, ottakringer straße" }, "geometry": { "type": "Point", "coordinates": [ 16.3396767, 48.2149666 ] } },
{ "type": "Feature", "properties": { "Hofname": "Ottakringer Straße 194-196", "clean_address": "1160 Wien, Ottakringer Straße", "Wohnungen": 192, "Lokale": 5, "addr_key": "1160 wien, ottakringer straße" }, "geometry": { "type": "Point", "coordinates": [ 16.3396767, 48.2149666 ] } },
{ "type": "Feature", "properties": { "Hofname": "Neumayrgasse 7-9", "clean_address": "1160 Wien, Neumayrgasse", "Wohnungen": 104, "Lokale": 4, "addr_key": "1160 wien, neumayrgasse" }, "geometry": { "type": "Polygon", "coordinates": [ [ [ 16.3336881, 48.2046087 ], [ 16.3331643, 48.2045916 ], [ 16.3331478, 48.2044267 ], [ 16.3334077, 48.2043878 ], [ 16.3334027, 48.2044985 ], [ 16.333428, 48.2045163 ], [ 16.3335326, 48.2045184 ], [ 16.3335348, 48.2044695 ], [ 16.3335246, 48.2044693 ], [ 16.3335255, 48.2044494 ], [ 16.3335394, 48.2044497 ], [ 16.3335427, 48.2043911 ], [ 16.3335579, 48.2043916 ], [ 16.3337084, 48.2043964 ], [ 16.3336881, 48.2046087 ] ] ] } },
{ "type": "Feature", "properties": { "Hofname": "Ottakringer Straße 188", "clean_address": "1160 Wien, Ottakringer Straße", "Wohnungen": 67, "Lokale": 4, "addr_key": "1160 wien, ottakringer straße" }, "geometry": { "type": "Point", "coordinates": [ 16.3396767, 48.2149666 ] } },
{ "type": "Feature", "properties": { "Hofname": "Ottakringer Straße 145", "clean_address": "1160 Wien, Ottakringer Straße", "Wohnungen": 13, "Lokale": 1, "addr_key": "1160 wien, ottakringer straße" }, "geometry": { "type": "Point", "coordinates": [ 16.3396767, 48.2149666 ] } },
{ "type": "Feature", "properties": { "Hofname": "Brunnengasse 7", "clean_address": "1160 Wien, Brunnengasse", "Wohnungen": 15, "Lokale": 1, "addr_key": "1160 wien, brunnengasse" }, "geometry": { "type": "Point", "coordinates": [ 16.3362636, 48.2127223 ] } },
{ "type": "Feature", "properties": { "Hofname": "Eisnergasse 11-13", "clean_address": "1160 Wien, Eisnergasse", "Wohnungen": 28, "Lokale": 0, "addr_key": "1160 wien, eisnergasse" }, "geometry": { "type": "Point", "coordinates": [ 16.3219603, 48.2113051 ] } },
{ "type": "Feature", "properties": { "Hofname": "Bachgasse 22", "clean_address": "1160 Wien, Bachgasse", "Wohnungen": 18, "Lokale": 0, "addr_key": "1160 wien, bachgasse" }, "geometry": { "type": "Point", "coordinates": [ 16.327079, 48.2108799 ] } },
{ "type": "Feature", "properties": { "Hofname": "Friedrich-Kaiser-Gasse 27", "clean_address": "1160 Wien, Friedrich-Kaiser-Gasse", "Wohnungen": 9, "Lokale": 0, "addr_key": "1160 wien, friedrich-kaiser-gasse" }, "geometry": { "type": "Point", "coordinates": [ 16.3298101, 48.2109515 ] } },
{ "type": "Feature", "properties": { "Hofname": "Roseggergasse 43", "clean_address": "1160 Wien, Roseggergasse", "Wohnungen": 18, "Lokale": 0, "addr_key": "1160 wien, roseggergasse" }, "geometry": { "type": "Point", "coordinates": [ 16.3080642, 48.2103473 ] } },
{ "type": "Feature", "properties": { "Hofname": "Arnethgasse 43-45", "clean_address": "1160 Wien, Arnethgasse", "Wohnungen": 19, "Lokale": 0, "addr_key": "1160 wien, arnethgasse" }, "geometry": { "type": "Point", "coordinates": [ 16.3092202, 48.2150661 ] } },
{ "type": "Feature", "properties": { "Hofname": "Richard-Wagner-Platz 3", "clean_address": "1160 Wien, Richard-Wagner-Platz", "Wohnungen": 23, "Lokale": 3, "addr_key": "1160 wien, richard-wagner-platz" }, "geometry": { "type": "Point", "coordinates": [ 16.328125, 48.209902 ] } },
{ "type": "Feature", "properties": { "Hofname": "Hubert-Pfoch-Hof", "clean_address": "1160 Wien, Thaliastraße", "Wohnungen": 40, "Lokale": 5, "addr_key": "1160 wien, thaliastraße" }, "geometry": { "type": "Point", "coordinates": [ 16.3352252, 48.2089601 ] } },
{ "type": "Feature", "properties": { "Hofname": "Abelegasse 14-16", "clean_address": "1160 Wien, Abelegasse", "Wohnungen": 15, "Lokale": 1, "addr_key": "1160 wien, abelegasse" }, "geometry": { "type": "Point", "coordinates": [ 16.3295722, 48.2113249 ] } },
{ "type": "Feature", "properties": { "Hofname": "Arltgasse 38-40", "clean_address": "1160 Wien, Arltgasse", "Wohnungen": 28, "Lokale": 0, "addr_key": "1160 wien, arltgasse" }, "geometry": { "type": "Point", "coordinates": [ 16.3187893, 48.2083039 ] } },
{ "type": "Feature", "properties": { "Hofname": "Sandleitengasse 55", "clean_address": "1160 Wien, Sandleitengasse", "Wohnungen": 34, "Lokale": 1, "addr_key": "1160 wien, sandleitengasse" }, "geometry": { "type": "Point", "coordinates": [ 16.3078222, 48.218162 ] } },
{ "type": "Feature", "properties": { "Hofname": "Nattergasse 19", "clean_address": "1170 Wien, Nattergasse", "Wohnungen": 13, "Lokale": 0, "addr_key": "1170 wien, nattergasse" }, "geometry": { "type": "Point", "coordinates": [ 16.3273678, 48.2154289 ] } },
{ "type": "Feature", "properties": { "Hofname": "Balderichgasse 23-29", "clean_address": "1170 Wien, Balderichgasse", "Wohnungen": 133, "Lokale": 26, "addr_key": "1170 wien, balderichgasse" }, "geometry": { "type": "Point", "coordinates": [ 16.3124332, 48.2232109 ] } },
{ "type": "Feature", "properties": { "Hofname": "Bergsteiggasse 28", "clean_address": "1170 Wien, Bergsteiggasse", "Wohnungen": 26, "Lokale": 7, "addr_key": "1170 wien, bergsteiggasse" }, "geometry": { "type": "Point", "coordinates": [ 16.3360001, 48.2199924 ] } },
{ "type": "Feature", "properties": { "Hofname": "Kastnergasse 25-27", "clean_address": "1170 Wien, Kastnergasse", "Wohnungen": 41, "Lokale": 2, "addr_key": "1170 wien, kastnergasse" }, "geometry": { "type": "Point", "coordinates": [ 16.3301274, 48.2199854 ] } },
{ "type": "Feature", "properties": { "Hofname": "Richthausenstraße 3", "clean_address": "1170 Wien, Richthausenstraße", "Wohnungen": 46, "Lokale": 1, "addr_key": "1170 wien, richthausenstraße" }, "geometry": { "type": "Point", "coordinates": [ 16.3223212, 48.22361 ] } },
{ "type": "Feature", "properties": { "Hofname": "Rötzergasse 29-31", "clean_address": "1170 Wien, Rötzergasse", "Wohnungen": 38, "Lokale": 3, "addr_key": "1170 wien, rötzergasse" }, "geometry": { "type": "Polygon", "coordinates": [ [ [ 16.3296687, 48.2198081 ], [ 16.3296113, 48.2196996 ], [ 16.3295595, 48.2195896 ], [ 16.3295046, 48.2194132 ], [ 16.3294881, 48.2193353 ], [ 16.3296541, 48.2193223 ], [ 16.3296587, 48.2193609 ], [ 16.3295638, 48.2193668 ], [ 16.3295725, 48.21942 ], [ 16.3295831, 48.2194183 ], [ 16.3295931, 48.2194645 ], [ 16.3296537, 48.2196444 ], [ 16.3296696, 48.2196773 ], [ 16.3296883, 48.2196729 ], [ 16.3296921, 48.2196845 ], [ 16.3297482, 48.2196654 ], [ 16.3298056, 48.2197659 ], [ 16.3296687, 48.2198081 ] ] ] } },
{ "type": "Feature", "properties": { "Hofname": "Dornbacher Straße 84a", "clean_address": "1170 Wien, Dornbacher Straße", "Wohnungen": 21, "Lokale": 4, "addr_key": "1170 wien, dornbacher straße" }, "geometry": { "type": "Point", "coordinates": [ 16.3073034, 48.2262913 ] } },
{ "type": "Feature", "properties": { "Hofname": "Wattgasse 88", "clean_address": "1170 Wien, Wattgasse", "Wohnungen": 64, "Lokale": 5, "addr_key": "1170 wien, wattgasse" }, "geometry": { "type": "Point", "coordinates": [ 16.3185048, 48.213698 ] } },
{ "type": "Feature", "properties": { "Hofname": "Wattgasse 96-98", "clean_address": "1170 Wien, Wattgasse", "Wohnungen": 259, "Lokale": 15, "addr_key": "1170 wien, wattgasse" }, "geometry": { "type": "Point", "coordinates": [ 16.3185048, 48.213698 ] } },
{ "type": "Feature", "properties": { "Hofname": "Weidmanngasse 14", "clean_address": "1170 Wien, Weidmanngasse", "Wohnungen": 18, "Lokale": 0, "addr_key": "1170 wien, weidmanngasse" }, "geometry": { "type": "Point", "coordinates": [ 16.3333272, 48.2223532 ] } },
{ "type": "Feature", "properties": { "Hofname": "Taubergasse 1-3", "clean_address": "1170 Wien, Taubergasse", "Wohnungen": 73, "Lokale": 7, "addr_key": "1170 wien, taubergasse" }, "geometry": { "type": "Point", "coordinates": [ 16.3268753, 48.2160674 ] } },
{ "type": "Feature", "properties": { "Hofname": "Christine-Nöstlinger-Hof", "clean_address": "1170 Wien, Rosensteingasse", "Wohnungen": 264, "Lokale": 14, "addr_key": "1170 wien, rosensteingasse" }, "geometry": { "type": "Point", "coordinates": [ 16.32713, 48.2200048 ] } },
{ "type": "Feature", "properties": { "Hofname": "Pretschgogasse 16", "clean_address": "1170 Wien, Pretschgogasse", "Wohnungen": 46, "Lokale": 2, "addr_key": "1170 wien, pretschgogasse" }, "geometry": { "type": "Point", "coordinates": [ 16.3108952, 48.2230469 ] } },
{ "type": "Feature", "properties": { "Hofname": "Pezzlgasse 71-81", "clean_address": "1170 Wien, Pezzlgasse", "Wohnungen": 71, "Lokale": 1, "addr_key": "1170 wien, pezzlgasse" }, "geometry": { "type": "Point", "coordinates": [ 16.337559, 48.2188719 ] } },
{ "type": "Feature", "properties": { "Hofname": "Neuwaldegger Straße 19-21", "clean_address": "1170 Wien, Neuwaldegger Straße", "Wohnungen": 48, "Lokale": 3, "addr_key": "1170 wien, neuwaldegger straße" }, "geometry": { "type": "Point", "coordinates": [ 16.2906141, 48.2356122 ] } },
{ "type": "Feature", "properties": { "Hofname": "Kastnergasse 28-30", "clean_address": "1170 Wien, Kastnergasse", "Wohnungen": 37, "Lokale": 1, "addr_key": "1170 wien, kastnergasse" }, "geometry": { "type": "Point", "coordinates": [ 16.3301274, 48.2199854 ] } },
{ "type": "Feature", "properties": { "Hofname": "Dürauergasse 9-13", "clean_address": "1170 Wien, Dürauergasse", "Wohnungen": 175, "Lokale": 4, "addr_key": "1170 wien, dürauergasse" }, "geometry": { "type": "Point", "coordinates": [ 16.3071075, 48.2236865 ] } },
{ "type": "Feature", "properties": { "Hofname": "Vollbadgasse 5", "clean_address": "1170 Wien, Vollbadgasse", "Wohnungen": 184, "Lokale": 15, "addr_key": "1170 wien, vollbadgasse" }, "geometry": { "type": "Point", "coordinates": [ 16.3021559, 48.2286237 ] } },
{ "type": "Feature", "properties": { "Hofname": "Hernalser Hauptstraße 100", "clean_address": "1170 Wien, Hernalser Hauptstraße", "Wohnungen": 47, "Lokale": 7, "addr_key": "1170 wien, hernalser hauptstraße" }, "geometry": { "type": "Polygon", "coordinates": [ [ [ 16.3404552, 48.2164195 ], [ 16.3404649, 48.2164879 ], [ 16.3404263, 48.2164901 ], [ 16.3404297, 48.2165158 ], [ 16.3404678, 48.2165139 ], [ 16.3404707, 48.2165261 ], [ 16.3404775, 48.2166024 ], [ 16.3401486, 48.2166717 ], [ 16.3401197, 48.2165797 ], [ 16.3401638, 48.2165703 ], [ 16.3401477, 48.2165489 ], [ 16.3401127, 48.2165572 ], [ 16.3401033, 48.2165143 ], [ 16.3400982, 48.2164768 ], [ 16.3400803, 48.2163925 ], [ 16.3400658, 48.2162496 ], [ 16.3400469, 48.2161293 ], [ 16.3400396, 48.2160662 ], [ 16.3401189, 48.2160655 ], [ 16.3401758, 48.2164693 ], [ 16.3402013, 48.2165381 ], [ 16.3402704, 48.2165232 ], [ 16.34025, 48.2164769 ], [ 16.3403235, 48.2164633 ], [ 16.3403399, 48.2165087 ], [ 16.3403685, 48.216506 ], [ 16.340378, 48.2164924 ], [ 16.3403603, 48.2163526 ], [ 16.3404448, 48.2163489 ], [ 16.3404552, 48.2164195 ] ] ] } },
{ "type": "Feature", "properties": { "Hofname": "Ortliebgasse 35-37", "clean_address": "1170 Wien, Ortliebgasse", "Wohnungen": 55, "Lokale": 5, "addr_key": "1170 wien, ortliebgasse" }, "geometry": { "type": "Point", "coordinates": [ 16.3299582, 48.2166286 ] } },
{ "type": "Feature", "properties": { "Hofname": "Promenadegasse 19", "clean_address": "1170 Wien, Promenadegasse", "Wohnungen": 95, "Lokale": 4, "addr_key": "1170 wien, promenadegasse" }, "geometry": { "type": "Point", "coordinates": [ 16.2943323, 48.2298971 ] } },
{ "type": "Feature", "properties": { "Hofname": "Jörgerstraße 38", "clean_address": "1170 Wien, Jörgerstraße", "Wohnungen": 25, "Lokale": 3, "addr_key": "1170 wien, jörgerstraße" }, "geometry": { "type": "Point", "coordinates": [ 16.3400606, 48.2173687 ] } },
{ "type": "Feature", "properties": { "Hofname": "Gschwandnergasse 53-57", "clean_address": "1170 Wien, Gschwandnergasse", "Wohnungen": 58, "Lokale": 6, "addr_key": "1170 wien, gschwandnergasse" }, "geometry": { "type": "Point", "coordinates": [ 16.3249229, 48.2188533 ] } },
{ "type": "Feature", "properties": { "Hofname": "Zeillergasse 39-43", "clean_address": "1170 Wien, Zeillergasse", "Wohnungen": 97, "Lokale": 9, "addr_key": "1170 wien, zeillergasse" }, "geometry": { "type": "Point", "coordinates": [ 16.3134714, 48.2230291 ] } },
{ "type": "Feature", "properties": { "Hofname": "Alszeile 118", "clean_address": "1170 Wien, Alszeile", "Wohnungen": 122, "Lokale": 16, "addr_key": "1170 wien, alszeile" }, "geometry": { "type": "Point", "coordinates": [ 16.2965183, 48.2303037 ] } },
{ "type": "Feature", "properties": { "Hofname": "Vollbadgasse 1", "clean_address": "1170 Wien, Vollbadgasse", "Wohnungen": 18, "Lokale": 0, "addr_key": "1170 wien, vollbadgasse" }, "geometry": { "type": "Point", "coordinates": [ 16.3021559, 48.2286237 ] } },
{ "type": "Feature", "properties": { "Hofname": "Weißgasse 15", "clean_address": "1170 Wien, Weißgasse", "Wohnungen": 55, "Lokale": 4, "addr_key": "1170 wien, weißgasse" }, "geometry": { "type": "Point", "coordinates": [ 16.3280647, 48.2166381 ] } },
{ "type": "Feature", "properties": { "Hofname": "Comeniusgasse 2", "clean_address": "1170 Wien, Comeniusgasse", "Wohnungen": 112, "Lokale": 6, "addr_key": "1170 wien, comeniusgasse" }, "geometry": { "type": "Point", "coordinates": [ 16.3237447, 48.2212312 ] } },
{ "type": "Feature", "properties": { "Hofname": "Sautergasse 40-42", "clean_address": "1170 Wien, Sautergasse", "Wohnungen": 53, "Lokale": 4, "addr_key": "1170 wien, sautergasse" }, "geometry": { "type": "Point", "coordinates": [ 16.3179307, 48.2216986 ] } },
{ "type": "Feature", "properties": { "Hofname": "Neuwaldegger Straße 3", "clean_address": "1170 Wien, Neuwaldegger Straße", "Wohnungen": 27, "Lokale": 4, "addr_key": "1170 wien, neuwaldegger straße" }, "geometry": { "type": "Point", "coordinates": [ 16.2906141, 48.2356122 ] } },
{ "type": "Feature", "properties": { "Hofname": "Taubergasse 5-7", "clean_address": "1170 Wien, Taubergasse", "Wohnungen": 48, "Lokale": 2, "addr_key": "1170 wien, taubergasse" }, "geometry": { "type": "Point", "coordinates": [ 16.3268753, 48.2160674 ] } },
{ "type": "Feature", "properties": { "Hofname": "Leopold-Ernst-Gasse 22", "clean_address": "1170 Wien, Leopold-Ernst-Gasse", "Wohnungen": 28, "Lokale": 1, "addr_key": "1170 wien, leopold-ernst-gasse" }, "geometry": { "type": "Point", "coordinates": [ 16.3323395, 48.2230787 ] } },
{ "type": "Feature", "properties": { "Hofname": "Weidmanngasse 28", "clean_address": "1170 Wien, Weidmanngasse", "Wohnungen": 17, "Lokale": 2, "addr_key": "1170 wien, weidmanngasse" }, "geometry": { "type": "Point", "coordinates": [ 16.3333272, 48.2223532 ] } },
{ "type": "Feature", "properties": { "Hofname": "Horneckgasse 16", "clean_address": "1170 Wien, Horneckgasse", "Wohnungen": 10, "Lokale": 0, "addr_key": "1170 wien, horneckgasse" }, "geometry": { "type": "Point", "coordinates": [ 16.3232893, 48.2154227 ] } },
{ "type": "Feature", "properties": { "Hofname": "Rosensteingasse 63", "clean_address": "1170 Wien, Rosensteingasse", "Wohnungen": 11, "Lokale": 0, "addr_key": "1170 wien, rosensteingasse" }, "geometry": { "type": "Point", "coordinates": [ 16.32713, 48.2200048 ] } },
{ "type": "Feature", "properties": { "Hofname": "Dornbacher Straße 119", "clean_address": "1170 Wien, Dornbacher Straße", "Wohnungen": 20, "Lokale": 0, "addr_key": "1170 wien, dornbacher straße" }, "geometry": { "type": "Point", "coordinates": [ 16.3073034, 48.2262913 ] } },
{ "type": "Feature", "properties": { "Hofname": "Sautergasse 44", "clean_address": "1170 Wien, Sautergasse", "Wohnungen": 12, "Lokale": 0, "addr_key": "1170 wien, sautergasse" }, "geometry": { "type": "Point", "coordinates": [ 16.3179307, 48.2216986 ] } },
{ "type": "Feature", "properties": { "Hofname": "Ortliebgasse 1-3", "clean_address": "1170 Wien, Ortliebgasse", "Wohnungen": 43, "Lokale": 7, "addr_key": "1170 wien, ortliebgasse" }, "geometry": { "type": "Point", "coordinates": [ 16.3299582, 48.2166286 ] } },
{ "type": "Feature", "properties": { "Hofname": "Rosensteingasse 47-49", "clean_address": "1170 Wien, Rosensteingasse", "Wohnungen": 37, "Lokale": 1, "addr_key": "1170 wien, rosensteingasse" }, "geometry": { "type": "Point", "coordinates": [ 16.32713, 48.2200048 ] } },
{ "type": "Feature", "properties": { "Hofname": "Weidmanngasse 33", "clean_address": "1170 Wien, Weidmanngasse", "Wohnungen": 20, "Lokale": 2, "addr_key": "1170 wien, weidmanngasse" }, "geometry": { "type": "Point", "coordinates": [ 16.3333272, 48.2223532 ] } },
{ "type": "Feature", "properties": { "Hofname": "Leopold-Ernst-Gasse 20", "clean_address": "1170 Wien, Leopold-Ernst-Gasse", "Wohnungen": 15, "Lokale": 1, "addr_key": "1170 wien, leopold-ernst-gasse" }, "geometry": { "type": "Point", "coordinates": [ 16.3323395, 48.2230787 ] } },
{ "type": "Feature", "properties": { "Hofname": "Rosensteingasse 61", "clean_address": "1170 Wien, Rosensteingasse", "Wohnungen": 11, "Lokale": 1, "addr_key": "1170 wien, rosensteingasse" }, "geometry": { "type": "Point", "coordinates": [ 16.32713, 48.2200048 ] } },
{ "type": "Feature", "properties": { "Hofname": "Elterleinplatz 9-12", "clean_address": "1170 Wien, Elterleinplatz", "Wohnungen": 111, "Lokale": 10, "addr_key": "1170 wien, elterleinplatz" }, "geometry": { "type": "Polygon", "coordinates": [ [ [ 16.3313251, 48.2184417 ], [ 16.3312851, 48.218449 ], [ 16.331298, 48.2184861 ], [ 16.3312461, 48.2185046 ], [ 16.3312432, 48.2185164 ], [ 16.3311277, 48.2185405 ], [ 16.3310519, 48.2186299 ], [ 16.3310895, 48.2187172 ], [ 16.3310509, 48.218941 ], [ 16.3310078, 48.2191907 ], [ 16.3310762, 48.2193463 ], [ 16.3325484, 48.2190503 ], [ 16.3325307, 48.2190024 ], [ 16.3325487, 48.218999 ], [ 16.3324684, 48.2187642 ], [ 16.3324291, 48.2187688 ], [ 16.3323979, 48.2186721 ], [ 16.3323714, 48.2185897 ], [ 16.3322303, 48.2186082 ], [ 16.3322124, 48.2185536 ], [ 16.331952, 48.21859 ], [ 16.3319725, 48.2186464 ], [ 16.3318649, 48.2186625 ], [ 16.3317406, 48.2183298 ], [ 16.3313951, 48.218471 ], [ 16.3313767, 48.2184324 ], [ 16.3313251, 48.2184417 ] ], [ [ 16.3315612, 48.2188745 ], [ 16.3314484, 48.2188377 ], [ 16.3315013, 48.2187656 ], [ 16.3316141, 48.2188023 ], [ 16.3315612, 48.2188745 ] ], [ [ 16.3322543, 48.2189414 ], [ 16.3322672, 48.2189719 ], [ 16.3320731, 48.2190085 ], [ 16.3320601, 48.218978 ], [ 16.3322543, 48.2189414 ] ], [ [ 16.3320978, 48.2187902 ], [ 16.3322245, 48.2187666 ], [ 16.3322418, 48.21881 ], [ 16.3321159, 48.2188334 ], [ 16.3320978, 48.2187902 ] ] ] } },
{ "type": "Feature", "properties": { "Hofname": "Weidmanngasse 34", "clean_address": "1170 Wien, Weidmanngasse", "Wohnungen": 25, "Lokale": 0, "addr_key": "1170 wien, weidmanngasse" }, "geometry": { "type": "Point", "coordinates": [ 16.3333272, 48.2223532 ] } },
{ "type": "Feature", "properties": { "Hofname": "Hernalser Hauptstraße 69", "clean_address": "1170 Wien, Hernalser Hauptstraße", "Wohnungen": 79, "Lokale": 3, "addr_key": "1170 wien, hernalser hauptstraße" }, "geometry": { "type": "Polygon", "coordinates": [ [ [ 16.3404552, 48.2164195 ], [ 16.3404649, 48.2164879 ], [ 16.3404263, 48.2164901 ], [ 16.3404297, 48.2165158 ], [ 16.3404678, 48.2165139 ], [ 16.3404707, 48.2165261 ], [ 16.3404775, 48.2166024 ], [ 16.3401486, 48.2166717 ], [ 16.3401197, 48.2165797 ], [ 16.3401638, 48.2165703 ], [ 16.3401477, 48.2165489 ], [ 16.3401127, 48.2165572 ], [ 16.3401033, 48.2165143 ], [ 16.3400982, 48.2164768 ], [ 16.3400803, 48.2163925 ], [ 16.3400658, 48.2162496 ], [ 16.3400469, 48.2161293 ], [ 16.3400396, 48.2160662 ], [ 16.3401189, 48.2160655 ], [ 16.3401758, 48.2164693 ], [ 16.3402013, 48.2165381 ], [ 16.3402704, 48.2165232 ], [ 16.34025, 48.2164769 ], [ 16.3403235, 48.2164633 ], [ 16.3403399, 48.2165087 ], [ 16.3403685, 48.216506 ], [ 16.340378, 48.2164924 ], [ 16.3403603, 48.2163526 ], [ 16.3404448, 48.2163489 ], [ 16.3404552, 48.2164195 ] ] ] } },
{ "type": "Feature", "properties": { "Hofname": "Taubergasse 19", "clean_address": "1170 Wien, Taubergasse", "Wohnungen": 50, "Lokale": 1, "addr_key": "1170 wien, taubergasse" }, "geometry": { "type": "Point", "coordinates": [ 16.3268753, 48.2160674 ] } },
{ "type": "Feature", "properties": { "Hofname": "Rötzergasse 17", "clean_address": "1170 Wien, Rötzergasse", "Wohnungen": 77, "Lokale": 5, "addr_key": "1170 wien, rötzergasse" }, "geometry": { "type": "Polygon", "coordinates": [ [ [ 16.3296687, 48.2198081 ], [ 16.3296113, 48.2196996 ], [ 16.3295595, 48.2195896 ], [ 16.3295046, 48.2194132 ], [ 16.3294881, 48.2193353 ], [ 16.3296541, 48.2193223 ], [ 16.3296587, 48.2193609 ], [ 16.3295638, 48.2193668 ], [ 16.3295725, 48.21942 ], [ 16.3295831, 48.2194183 ], [ 16.3295931, 48.2194645 ], [ 16.3296537, 48.2196444 ], [ 16.3296696, 48.2196773 ], [ 16.3296883, 48.2196729 ], [ 16.3296921, 48.2196845 ], [ 16.3297482, 48.2196654 ], [ 16.3298056, 48.2197659 ], [ 16.3296687, 48.2198081 ] ] ] } },
{ "type": "Feature", "properties": { "Hofname": "Beheimgasse 59", "clean_address": "1170 Wien, Beheimgasse", "Wohnungen": 19, "Lokale": 1, "addr_key": "1170 wien, beheimgasse" }, "geometry": { "type": "Point", "coordinates": [ 16.3390322, 48.2190089 ] } },
{ "type": "Feature", "properties": { "Hofname": "Kalvarienberggasse 31", "clean_address": "1170 Wien, Kalvarienberggasse", "Wohnungen": 0, "Lokale": 1, "addr_key": "1170 wien, kalvarienberggasse" }, "geometry": { "type": "Point", "coordinates": [ 16.3316605, 48.2151539 ] } },
{ "type": "Feature", "properties": { "Hofname": "Scheibenbergstraße 71", "clean_address": "1180 Wien, Scheibenbergstraße", "Wohnungen": 1, "Lokale": 5, "addr_key": "1180 wien, scheibenbergstraße" }, "geometry": { "type": "Point", "coordinates": [ 16.3177935, 48.2328376 ] } },
{ "type": "Feature", "properties": { "Hofname": "Lacknergasse 96", "clean_address": "1180 Wien, Lacknergasse", "Wohnungen": 31, "Lokale": 8, "addr_key": "1180 wien, lacknergasse" }, "geometry": { "type": "Point", "coordinates": [ 16.3328587, 48.2264451 ] } },
{ "type": "Feature", "properties": { "Hofname": "Schopenhauerstraße 86", "clean_address": "1180 Wien, Schopenhauerstraße", "Wohnungen": 13, "Lokale": 1, "addr_key": "1180 wien, schopenhauerstraße" }, "geometry": { "type": "Point", "coordinates": [ 16.3480043, 48.2234775 ] } },
{ "type": "Feature", "properties": { "Hofname": "Weimarer Straße 1", "clean_address": "1180 Wien, Weimarer Straße", "Wohnungen": 23, "Lokale": 3, "addr_key": "1180 wien, weimarer straße" }, "geometry": { "type": "Point", "coordinates": [ 16.3418648, 48.2293981 ] } },
{ "type": "Feature", "properties": { "Hofname": "Gentzgasse 45", "clean_address": "1180 Wien, Gentzgasse", "Wohnungen": 27, "Lokale": 4, "addr_key": "1180 wien, gentzgasse" }, "geometry": { "type": "Polygon", "coordinates": [ [ [ 16.3308037, 48.2302204 ], [ 16.3308542, 48.2301867 ], [ 16.3308777, 48.2302026 ], [ 16.3309011, 48.2301867 ], [ 16.3308951, 48.2301833 ], [ 16.3308895, 48.2301787 ], [ 16.330883, 48.2301703 ], [ 16.3308811, 48.2301631 ], [ 16.3308832, 48.2301549 ], [ 16.3308893, 48.2301475 ], [ 16.3308988, 48.230142 ], [ 16.3309105, 48.2301389 ], [ 16.330923, 48.2301386 ], [ 16.330935, 48.2301411 ], [ 16.3309446, 48.2301459 ], [ 16.3309514, 48.2301523 ], [ 16.3309659, 48.2301422 ], [ 16.3309237, 48.2301059 ], [ 16.3309079, 48.230114 ], [ 16.3308918, 48.2300996 ], [ 16.3308711, 48.2300934 ], [ 16.3308265, 48.2300551 ], [ 16.3308701, 48.2300322 ], [ 16.3309859, 48.2299715 ], [ 16.331123, 48.2300903 ], [ 16.3311606, 48.2301225 ], [ 16.3311744, 48.2301331 ], [ 16.3311778, 48.2301454 ], [ 16.3311738, 48.2301582 ], [ 16.331178, 48.2301607 ], [ 16.3312364, 48.2301738 ], [ 16.3312384, 48.2301788 ], [ 16.3312385, 48.2301843 ], [ 16.3312184, 48.2302053 ], [ 16.3311781, 48.2302323 ], [ 16.3311302, 48.2302674 ], [ 16.3310727, 48.230233 ], [ 16.3310601, 48.2302413 ], [ 16.3309476, 48.2303164 ], [ 16.3308037, 48.2302204 ] ] ] } },
{ "type": "Feature", "properties": { "Hofname": "Gentzgasse 79", "clean_address": "1180 Wien, Gentzgasse", "Wohnungen": 18, "Lokale": 4, "addr_key": "1180 wien, gentzgasse" }, "geometry": { "type": "Polygon", "coordinates": [ [ [ 16.3308037, 48.2302204 ], [ 16.3308542, 48.2301867 ], [ 16.3308777, 48.2302026 ], [ 16.3309011, 48.2301867 ], [ 16.3308951, 48.2301833 ], [ 16.3308895, 48.2301787 ], [ 16.330883, 48.2301703 ], [ 16.3308811, 48.2301631 ], [ 16.3308832, 48.2301549 ], [ 16.3308893, 48.2301475 ], [ 16.3308988, 48.230142 ], [ 16.3309105, 48.2301389 ], [ 16.330923, 48.2301386 ], [ 16.330935, 48.2301411 ], [ 16.3309446, 48.2301459 ], [ 16.3309514, 48.2301523 ], [ 16.3309659, 48.2301422 ], [ 16.3309237, 48.2301059 ], [ 16.3309079, 48.230114 ], [ 16.3308918, 48.2300996 ], [ 16.3308711, 48.2300934 ], [ 16.3308265, 48.2300551 ], [ 16.3308701, 48.2300322 ], [ 16.3309859, 48.2299715 ], [ 16.331123, 48.2300903 ], [ 16.3311606, 48.2301225 ], [ 16.3311744, 48.2301331 ], [ 16.3311778, 48.2301454 ], [ 16.3311738, 48.2301582 ], [ 16.331178, 48.2301607 ], [ 16.3312364, 48.2301738 ], [ 16.3312384, 48.2301788 ], [ 16.3312385, 48.2301843 ], [ 16.3312184, 48.2302053 ], [ 16.3311781, 48.2302323 ], [ 16.3311302, 48.2302674 ], [ 16.3310727, 48.230233 ], [ 16.3310601, 48.2302413 ], [ 16.3309476, 48.2303164 ], [ 16.3308037, 48.2302204 ] ] ] } },
{ "type": "Feature", "properties": { "Hofname": "Antonigasse 100", "clean_address": "1180 Wien, Antonigasse", "Wohnungen": 13, "Lokale": 2, "addr_key": "1180 wien, antonigasse" }, "geometry": { "type": "Point", "coordinates": [ 16.3406207, 48.2213036 ] } },
{ "type": "Feature", "properties": { "Hofname": "Währinger Straße 188-190", "clean_address": "1180 Wien, Währinger Straße", "Wohnungen": 269, "Lokale": 14, "addr_key": "1180 wien, währinger straße" }, "geometry": { "type": "Point", "coordinates": [ 16.3591778, 48.2174662 ] } },
{ "type": "Feature", "properties": { "Hofname": "Mollgasse 3-5", "clean_address": "1180 Wien, Mollgasse", "Wohnungen": 51, "Lokale": 6, "addr_key": "1180 wien, mollgasse" }, "geometry": { "type": "Point", "coordinates": [ 16.3489501, 48.2305524 ] } },
{ "type": "Feature", "properties": { "Hofname": "Hockegasse 9", "clean_address": "1180 Wien, Hockegasse", "Wohnungen": 33, "Lokale": 4, "addr_key": "1180 wien, hockegasse" }, "geometry": { "type": "Point", "coordinates": [ 16.3136681, 48.2384742 ] } },
{ "type": "Feature", "properties": { "Hofname": "Weimarer Straße 8-10", "clean_address": "1180 Wien, Weimarer Straße", "Wohnungen": 66, "Lokale": 4, "addr_key": "1180 wien, weimarer straße" }, "geometry": { "type": "Point", "coordinates": [ 16.3418648, 48.2293981 ] } },
{ "type": "Feature", "properties": { "Hofname": "Köhlergasse 1-3", "clean_address": "1180 Wien, Köhlergasse", "Wohnungen": 33, "Lokale": 5, "addr_key": "1180 wien, köhlergasse" }, "geometry": { "type": "Point", "coordinates": [ 16.3339999, 48.2306158 ] } },
{ "type": "Feature", "properties": { "Hofname": "Rudolf-Sigmund-Hof", "clean_address": "1180 Wien, Gersthofer Straße", "Wohnungen": 273, "Lokale": 20, "addr_key": "1180 wien, gersthofer straße" }, "geometry": { "type": "Point", "coordinates": [ 16.3287117, 48.2320825 ] } },
{ "type": "Feature", "properties": { "Hofname": "Währinger Straße 165", "clean_address": "1180 Wien, Währinger Straße", "Wohnungen": 9, "Lokale": 3, "addr_key": "1180 wien, währinger straße" }, "geometry": { "type": "Point", "coordinates": [ 16.3591778, 48.2174662 ] } },
{ "type": "Feature", "properties": { "Hofname": "Staudgasse 48-50", "clean_address": "1180 Wien, Staudgasse", "Wohnungen": 15, "Lokale": 1, "addr_key": "1180 wien, staudgasse" }, "geometry": { "type": "Point", "coordinates": [ 16.3466077, 48.2236135 ] } },
{ "type": "Feature", "properties": { "Hofname": "Albrecht-Konecny-Hof", "clean_address": "1180 Wien, Schöffelgasse", "Wohnungen": 64, "Lokale": 6, "addr_key": "1180 wien, schöffelgasse" }, "geometry": { "type": "Point", "coordinates": [ 16.3267181, 48.2329779 ] } },
{ "type": "Feature", "properties": { "Hofname": "Pötzleinsdorfer Straße 100", "clean_address": "1180 Wien, Pötzleinsdorfer Straße", "Wohnungen": 27, "Lokale": 3, "addr_key": "1180 wien, pötzleinsdorfer straße" }, "geometry": { "type": "Point", "coordinates": [ 16.3169931, 48.238936 ] } },
{ "type": "Feature", "properties": { "Hofname": "Gabriele-Proft-Hof", "clean_address": "1180 Wien, Messerschmidtgasse", "Wohnungen": 131, "Lokale": 4, "addr_key": "1180 wien, messerschmidtgasse" }, "geometry": { "type": "Point", "coordinates": [ 16.3210432, 48.2315792 ] } },
{ "type": "Feature", "properties": { "Hofname": "Teschnergasse 20", "clean_address": "1180 Wien, Teschnergasse", "Wohnungen": 47, "Lokale": 0, "addr_key": "1180 wien, teschnergasse" }, "geometry": { "type": "Point", "coordinates": [ 16.3358899, 48.2234446 ] } },
{ "type": "Feature", "properties": { "Hofname": "Simonygasse 2b", "clean_address": "1180 Wien, Simonygasse", "Wohnungen": 125, "Lokale": 15, "addr_key": "1180 wien, simonygasse" }, "geometry": { "type": "Point", "coordinates": [ 16.3292785, 48.2310765 ] } },
{ "type": "Feature", "properties": { "Hofname": "Sternwartestraße 29", "clean_address": "1180 Wien, Sternwartestraße", "Wohnungen": 16, "Lokale": 0, "addr_key": "1180 wien, sternwartestraße" }, "geometry": { "type": "Point", "coordinates": [ 16.3462604, 48.2295701 ] } },
{ "type": "Feature", "properties": { "Hofname": "Michaelerstraße 30", "clean_address": "1180 Wien, Michaelerstraße", "Wohnungen": 34, "Lokale": 3, "addr_key": "1180 wien, michaelerstraße" }, "geometry": { "type": "Point", "coordinates": [ 16.3444791, 48.2294086 ] } },
{ "type": "Feature", "properties": { "Hofname": "Paulinengasse 13", "clean_address": "1180 Wien, Paulinengasse", "Wohnungen": 27, "Lokale": 6, "addr_key": "1180 wien, paulinengasse" }, "geometry": { "type": "Point", "coordinates": [ 16.3305917, 48.2262297 ] } },
{ "type": "Feature", "properties": { "Hofname": "Czartoryskigasse 62-68", "clean_address": "1180 Wien, Czartoryskigasse", "Wohnungen": 186, "Lokale": 5, "addr_key": "1180 wien, czartoryskigasse" }, "geometry": { "type": "Point", "coordinates": [ 16.3145713, 48.2302626 ] } },
{ "type": "Feature", "properties": { "Hofname": "Kreuzgasse 32", "clean_address": "1180 Wien, Kreuzgasse", "Wohnungen": 14, "Lokale": 2, "addr_key": "1180 wien, kreuzgasse" }, "geometry": { "type": "Point", "coordinates": [ 16.3313629, 48.2263182 ] } },
{ "type": "Feature", "properties": { "Hofname": "Plenergasse 12-14", "clean_address": "1180 Wien, Plenergasse", "Wohnungen": 42, "Lokale": 3, "addr_key": "1180 wien, plenergasse" }, "geometry": { "type": "Point", "coordinates": [ 16.3382699, 48.2264899 ] } },
{ "type": "Feature", "properties": { "Hofname": "Wielemansgasse 18-22", "clean_address": "1180 Wien, Wielemansgasse", "Wohnungen": 65, "Lokale": 6, "addr_key": "1180 wien, wielemansgasse" }, "geometry": { "type": "Point", "coordinates": [ 16.3243472, 48.228054 ] } },
{ "type": "Feature", "properties": { "Hofname": "Gymnasiumstraße 38", "clean_address": "1180 Wien, Gymnasiumstraße", "Wohnungen": 27, "Lokale": 4, "addr_key": "1180 wien, gymnasiumstraße" }, "geometry": { "type": "Point", "coordinates": [ 16.3448272, 48.229829 ] } },
{ "type": "Feature", "properties": { "Hofname": "Martinstraße 85", "clean_address": "1180 Wien, Martinstraße", "Wohnungen": 16, "Lokale": 0, "addr_key": "1180 wien, martinstraße" }, "geometry": { "type": "Point", "coordinates": [ 16.3409777, 48.2211077 ] } },
{ "type": "Feature", "properties": { "Hofname": "Peter-Jordan-Straße 81", "clean_address": "1180 Wien, Peter-Jordan-Straße", "Wohnungen": 151, "Lokale": 13, "addr_key": "1180 wien, peter-jordan-straße" }, "geometry": { "type": "Polygon", "coordinates": [ [ [ 16.3486096, 48.2363719 ], [ 16.3486581, 48.2363712 ], [ 16.3486542, 48.2362538 ], [ 16.3486538, 48.2362406 ], [ 16.3483289, 48.2362454 ], [ 16.3483277, 48.236211 ], [ 16.3483249, 48.2361251 ], [ 16.3483202, 48.2359779 ], [ 16.3481528, 48.2359811 ], [ 16.348134, 48.2359822 ], [ 16.3481408, 48.2361567 ], [ 16.3481428, 48.2361961 ], [ 16.3480239, 48.2361989 ], [ 16.3480325, 48.2364185 ], [ 16.3482109, 48.2364149 ], [ 16.3482208, 48.2366478 ], [ 16.348169, 48.2366488 ], [ 16.3481705, 48.2366843 ], [ 16.3477886, 48.2366877 ], [ 16.3477936, 48.2368394 ], [ 16.3481792, 48.2368298 ], [ 16.3481757, 48.236805 ], [ 16.34874, 48.2367943 ], [ 16.3488332, 48.2366791 ], [ 16.3486209, 48.2366799 ], [ 16.3486104, 48.2363954 ], [ 16.3486096, 48.2363719 ] ], [ [ 16.348265, 48.2362513 ], [ 16.3482681, 48.236358 ], [ 16.3482141, 48.2363587 ], [ 16.3482111, 48.236252 ], [ 16.348265, 48.2362513 ] ], [ [ 16.3482904, 48.2366472 ], [ 16.3482833, 48.2363999 ], [ 16.3484331, 48.236398 ], [ 16.3484409, 48.2366453 ], [ 16.3482904, 48.2366472 ] ] ] } },
{ "type": "Feature", "properties": { "Hofname": "Theresiengasse 69-71", "clean_address": "1180 Wien, Theresiengasse", "Wohnungen": 29, "Lokale": 2, "addr_key": "1180 wien, theresiengasse" }, "geometry": { "type": "Point", "coordinates": [ 16.3420235, 48.2213553 ] } },
{ "type": "Feature", "properties": { "Hofname": "Leitermayergasse 52", "clean_address": "1180 Wien, Leitermayergasse", "Wohnungen": 35, "Lokale": 0, "addr_key": "1180 wien, leitermayergasse" }, "geometry": { "type": "Point", "coordinates": [ 16.3369527, 48.222944 ] } },
{ "type": "Feature", "properties": { "Hofname": "Karlweisgasse 41", "clean_address": "1180 Wien, Karlweisgasse", "Wohnungen": 53, "Lokale": 6, "addr_key": "1180 wien, karlweisgasse" }, "geometry": { "type": "Point", "coordinates": [ 16.3201998, 48.2394268 ] } },
{ "type": "Feature", "properties": { "Hofname": "Billrothstraße 77", "clean_address": "1190 Wien, Billrothstraße", "Wohnungen": 22, "Lokale": 1, "addr_key": "1190 wien, billrothstraße" }, "geometry": { "type": "Polygon", "coordinates": [ [ [ 16.350698, 48.2348048 ], [ 16.3508441, 48.2346694 ], [ 16.3506938, 48.2345983 ], [ 16.350605, 48.2345562 ], [ 16.3503428, 48.2345795 ], [ 16.3503541, 48.2346305 ], [ 16.3505203, 48.2346155 ], [ 16.3505177, 48.2346018 ], [ 16.3505387, 48.2345999 ], [ 16.3505463, 48.2346381 ], [ 16.3505625, 48.2346435 ], [ 16.350492, 48.2347096 ], [ 16.350698, 48.2348048 ] ] ] } },
{ "type": "Feature", "properties": { "Hofname": "Krottenbachstraße 40", "clean_address": "1190 Wien, Krottenbachstraße", "Wohnungen": 55, "Lokale": 9, "addr_key": "1190 wien, krottenbachstraße" }, "geometry": { "type": "Point", "coordinates": [ 16.3484212, 48.2407431 ] } },
{ "type": "Feature", "properties": { "Hofname": "Krottenbachstraße 37", "clean_address": "1190 Wien, Krottenbachstraße", "Wohnungen": 13, "Lokale": 3, "addr_key": "1190 wien, krottenbachstraße" }, "geometry": { "type": "Point", "coordinates": [ 16.3484212, 48.2407431 ] } },
{ "type": "Feature", "properties": { "Hofname": "Ruthgasse 7", "clean_address": "1190 Wien, Ruthgasse", "Wohnungen": 51, "Lokale": 10, "addr_key": "1190 wien, ruthgasse" }, "geometry": { "type": "Point", "coordinates": [ 16.349739, 48.2453355 ] } },
{ "type": "Feature", "properties": { "Hofname": "Schegargasse 17", "clean_address": "1190 Wien, Schegargasse", "Wohnungen": 58, "Lokale": 3, "addr_key": "1190 wien, schegargasse" }, "geometry": { "type": "Point", "coordinates": [ 16.3488746, 48.2350391 ] } },
{ "type": "Feature", "properties": { "Hofname": "Döblinger Gürtel 10", "clean_address": "1190 Wien, Döblinger Gürtel", "Wohnungen": 33, "Lokale": 2, "addr_key": "1190 wien, döblinger gürtel" }, "geometry": { "type": "Point", "coordinates": [ 16.3547175, 48.2345988 ] } },
{ "type": "Feature", "properties": { "Hofname": "Heiligenstädter Straße 146", "clean_address": "1190 Wien, Heiligenstädter Straße", "Wohnungen": 34, "Lokale": 2, "addr_key": "1190 wien, heiligenstädter straße" }, "geometry": { "type": "Point", "coordinates": [ 16.3554266, 48.232647 ] } },
{ "type": "Feature", "properties": { "Hofname": "Budinskygasse 10", "clean_address": "1190 Wien, Budinskygasse", "Wohnungen": 70, "Lokale": 4, "addr_key": "1190 wien, budinskygasse" }, "geometry": { "type": "Point", "coordinates": [ 16.3366299, 48.2426742 ] } },
{ "type": "Feature", "properties": { "Hofname": "Neustift am Walde 69-71", "clean_address": "1190 Wien, Neustift am Walde", "Wohnungen": 23, "Lokale": 1, "addr_key": "1190 wien, neustift am walde" }, "geometry": { "type": "Point", "coordinates": [ 16.3078656, 48.247526 ] } },
{ "type": "Feature", "properties": { "Hofname": "Ella-Briggs-Hof", "clean_address": "1190 Wien, Philippovichgasse", "Wohnungen": 43, "Lokale": 2, "addr_key": "1190 wien, philippovichgasse" }, "geometry": { "type": "MultiPolygon", "coordinates": [ [ [ [ 16.3512804, 48.2334397 ], [ 16.3512672, 48.2333469 ], [ 16.3515416, 48.2333297 ], [ 16.3515547, 48.2334225 ], [ 16.3514358, 48.23343 ], [ 16.3514377, 48.2334439 ], [ 16.3514399, 48.2334589 ], [ 16.3514037, 48.2334611 ], [ 16.3513996, 48.2334322 ], [ 16.3512804, 48.2334397 ] ] ], [ [ [ 16.3511816, 48.2336744 ], [ 16.3511831, 48.2336833 ], [ 16.3512083, 48.233682 ], [ 16.3512073, 48.233673 ], [ 16.3514196, 48.2336578 ], [ 16.3514198, 48.2336641 ], [ 16.3514511, 48.2336622 ], [ 16.3514815, 48.2336601 ], [ 16.3514807, 48.2336536 ], [ 16.351694, 48.2336372 ], [ 16.3516952, 48.2336443 ], [ 16.3517233, 48.2336423 ], [ 16.3517225, 48.2336358 ], [ 16.3518842, 48.2336236 ], [ 16.3518612, 48.233453 ], [ 16.351876, 48.2334522 ], [ 16.3518729, 48.2334326 ], [ 16.3518574, 48.2334337 ], [ 16.3518455, 48.2333538 ], [ 16.351836, 48.2332747 ], [ 16.3518515, 48.2332737 ], [ 16.3518498, 48.2332585 ], [ 16.3518353, 48.2332592 ], [ 16.3518117, 48.2330926 ], [ 16.3509316, 48.2331449 ], [ 16.3509573, 48.2333157 ], [ 16.3509461, 48.2333159 ], [ 16.350949, 48.2333331 ], [ 16.3509593, 48.2333326 ], [ 16.3509871, 48.2334978 ], [ 16.3509748, 48.2334986 ], [ 16.3509778, 48.2335139 ], [ 16.35099, 48.233513 ], [ 16.3510196, 48.2336853 ], [ 16.3511816, 48.2336744 ] ], [ [ 16.3511372, 48.233536 ], [ 16.3511555, 48.2335349 ], [ 16.3511496, 48.2334926 ], [ 16.3511438, 48.2334511 ], [ 16.3511214, 48.2334525 ], [ 16.3511082, 48.2333576 ], [ 16.3511253, 48.2333565 ], [ 16.3511199, 48.2333178 ], [ 16.3511135, 48.2332719 ], [ 16.3510945, 48.2332731 ], [ 16.3510904, 48.2332443 ], [ 16.3511206, 48.2332425 ], [ 16.3511868, 48.2332384 ], [ 16.3511849, 48.233225 ], [ 16.3513222, 48.2332165 ], [ 16.3513238, 48.2332279 ], [ 16.3513744, 48.2332248 ], [ 16.3513764, 48.2332391 ], [ 16.3514003, 48.2332376 ], [ 16.3513993, 48.2332307 ], [ 16.3513983, 48.2332235 ], [ 16.3514491, 48.2332204 ], [ 16.3514475, 48.2332087 ], [ 16.351581, 48.2332005 ], [ 16.3515829, 48.233214 ], [ 16.351621, 48.2332116 ], [ 16.3516205, 48.2332079 ], [ 16.3516372, 48.2332069 ], [ 16.3516556, 48.2332058 ], [ 16.351656, 48.233209 ], [ 16.3516836, 48.2332073 ], [ 16.3516873, 48.2332338 ], [ 16.3516675, 48.233235 ], [ 16.3516737, 48.2332791 ], [ 16.3516791, 48.2333183 ], [ 16.3517012, 48.2333169 ], [ 16.3517077, 48.2333638 ], [ 16.3517138, 48.2334142 ], [ 16.3516926, 48.2334153 ], [ 16.3516977, 48.2334552 ], [ 16.3517037, 48.2334983 ], [ 16.3517259, 48.233497 ], [ 16.3517297, 48.233526 ], [ 16.3516836, 48.2335286 ], [ 16.3516251, 48.2335322 ], [ 16.3516274, 48.2335463 ], [ 16.3515005, 48.2335541 ], [ 16.351499, 48.2335435 ], [ 16.3514344, 48.2335476 ], [ 16.3513715, 48.2335515 ], [ 16.3513734, 48.2335654 ], [ 16.3512429, 48.2335735 ], [ 16.3512412, 48.2335613 ], [ 16.3511761, 48.2335653 ], [ 16.3511416, 48.2335675 ], [ 16.3511372, 48.233536 ] ] ] ] } },
{ "type": "Feature", "properties": { "Hofname": "Sieveringer Straße 25", "clean_address": "1190 Wien, Sieveringer Straße", "Wohnungen": 23, "Lokale": 5, "addr_key": "1190 wien, sieveringer straße" }, "geometry": { "type": "Polygon", "coordinates": [ [ [ 16.3422004, 48.2456728 ], [ 16.3421957, 48.2456562 ], [ 16.342151, 48.2456617 ], [ 16.3421557, 48.2456784 ], [ 16.3422004, 48.2456728 ] ] ] } },
{ "type": "Feature", "properties": { "Hofname": "Scherpegasse 1a", "clean_address": "1190 Wien, Scherpegasse", "Wohnungen": 25, "Lokale": 1, "addr_key": "1190 wien, scherpegasse" }, "geometry": { "type": "Point", "coordinates": [ 16.3378288, 48.2422634 ] } },
{ "type": "Feature", "properties": { "Hofname": "Heiligenstädter Straße 166-168", "clean_address": "1190 Wien, Heiligenstädter Straße", "Wohnungen": 91, "Lokale": 7, "addr_key": "1190 wien, heiligenstädter straße" }, "geometry": { "type": "Point", "coordinates": [ 16.3554266, 48.232647 ] } },
{ "type": "Feature", "properties": { "Hofname": "Krottenbachstraße 183", "clean_address": "1190 Wien, Krottenbachstraße", "Wohnungen": 14, "Lokale": 1, "addr_key": "1190 wien, krottenbachstraße" }, "geometry": { "type": "Point", "coordinates": [ 16.3484212, 48.2407431 ] } },
{ "type": "Feature", "properties": { "Hofname": "Heiligenstädter Straße 163", "clean_address": "1190 Wien, Heiligenstädter Straße", "Wohnungen": 152, "Lokale": 9, "addr_key": "1190 wien, heiligenstädter straße" }, "geometry": { "type": "Point", "coordinates": [ 16.3554266, 48.232647 ] } },
{ "type": "Feature", "properties": { "Hofname": "Kahlenberger Straße 7-9", "clean_address": "1190 Wien, Kahlenberger Straße", "Wohnungen": 42, "Lokale": 1, "addr_key": "1190 wien, kahlenberger straße" }, "geometry": { "type": "Point", "coordinates": [ 16.3644892, 48.2589223 ] } },
{ "type": "Feature", "properties": { "Hofname": "Grinzinger Straße 123-131", "clean_address": "1190 Wien, Grinzinger Straße", "Wohnungen": 58, "Lokale": 1, "addr_key": "1190 wien, grinzinger straße" }, "geometry": { "type": "Point", "coordinates": [ 16.3454408, 48.2540091 ] } },
{ "type": "Feature", "properties": { "Hofname": "Probusgasse 14-16", "clean_address": "1190 Wien, Probusgasse", "Wohnungen": 21, "Lokale": 3, "addr_key": "1190 wien, probusgasse" }, "geometry": { "type": "Polygon", "coordinates": [ [ [ 16.3562077, 48.2548881 ], [ 16.3563624, 48.254891 ], [ 16.3563503, 48.2546828 ], [ 16.3560438, 48.2547167 ], [ 16.3560698, 48.2548889 ], [ 16.3562077, 48.2548881 ] ], [ [ 16.3561583, 48.2547633 ], [ 16.3562191, 48.2547559 ], [ 16.3562849, 48.2547488 ], [ 16.3562877, 48.2548219 ], [ 16.3562087, 48.2548219 ], [ 16.3561669, 48.2548219 ], [ 16.3561583, 48.2547633 ] ] ] } },
{ "type": "Feature", "properties": { "Hofname": "Silbergasse 4", "clean_address": "1190 Wien, Silbergasse", "Wohnungen": 69, "Lokale": 7, "addr_key": "1190 wien, silbergasse" }, "geometry": { "type": "Point", "coordinates": [ 16.3494044, 48.2449711 ] } },
{ "type": "Feature", "properties": { "Hofname": "Boschstraße 20-22", "clean_address": "1190 Wien, Boschstraße", "Wohnungen": 166, "Lokale": 4, "addr_key": "1190 wien, boschstraße" }, "geometry": { "type": "Point", "coordinates": [ 16.3670352, 48.2549206 ] } },
{ "type": "Feature", "properties": { "Hofname": "Weinberggasse 17", "clean_address": "1190 Wien, Weinberggasse", "Wohnungen": 231, "Lokale": 9, "addr_key": "1190 wien, weinberggasse" }, "geometry": { "type": "Point", "coordinates": [ 16.331408, 48.2436485 ] } },
{ "type": "Feature", "properties": { "Hofname": "Heiligenstädter Straße 165", "clean_address": "1190 Wien, Heiligenstädter Straße", "Wohnungen": 127, "Lokale": 6, "addr_key": "1190 wien, heiligenstädter straße" }, "geometry": { "type": "Point", "coordinates": [ 16.3554266, 48.232647 ] } },
{ "type": "Feature", "properties": { "Hofname": "Krottenbachstraße 90-92", "clean_address": "1190 Wien, Krottenbachstraße", "Wohnungen": 105, "Lokale": 3, "addr_key": "1190 wien, krottenbachstraße" }, "geometry": { "type": "Point", "coordinates": [ 16.3484212, 48.2407431 ] } },
{ "type": "Feature", "properties": { "Hofname": "Heiligenstädter Straße 129", "clean_address": "1190 Wien, Heiligenstädter Straße", "Wohnungen": 47, "Lokale": 1, "addr_key": "1190 wien, heiligenstädter straße" }, "geometry": { "type": "Point", "coordinates": [ 16.3554266, 48.232647 ] } },
{ "type": "Feature", "properties": { "Hofname": "Rudolf-Sarközi-Hof", "clean_address": "1190 Wien, Springsiedelgasse", "Wohnungen": 181, "Lokale": 5, "addr_key": "1190 wien, springsiedelgasse" }, "geometry": { "type": "Point", "coordinates": [ 16.3537423, 48.2539946 ] } },
{ "type": "Feature", "properties": { "Hofname": "Grinzinger Straße 49", "clean_address": "1190 Wien, Grinzinger Straße", "Wohnungen": 18, "Lokale": 0, "addr_key": "1190 wien, grinzinger straße" }, "geometry": { "type": "Point", "coordinates": [ 16.3454408, 48.2540091 ] } },
{ "type": "Feature", "properties": { "Hofname": "Flotowgasse 7", "clean_address": "1190 Wien, Flotowgasse", "Wohnungen": 176, "Lokale": 4, "addr_key": "1190 wien, flotowgasse" }, "geometry": { "type": "Point", "coordinates": [ 16.3391414, 48.2421051 ] } },
{ "type": "Feature", "properties": { "Hofname": "Krottenbachstraße 94-96", "clean_address": "1190 Wien, Krottenbachstraße", "Wohnungen": 89, "Lokale": 2, "addr_key": "1190 wien, krottenbachstraße" }, "geometry": { "type": "Point", "coordinates": [ 16.3484212, 48.2407431 ] } },
{ "type": "Feature", "properties": { "Hofname": "Weimarer Straße 110", "clean_address": "1190 Wien, Weimarer Straße", "Wohnungen": 34, "Lokale": 2, "addr_key": "1190 wien, weimarer straße" }, "geometry": { "type": "Point", "coordinates": [ 16.3418648, 48.2293981 ] } },
{ "type": "Feature", "properties": { "Hofname": "Krottenbachstraße 39-41", "clean_address": "1190 Wien, Krottenbachstraße", "Wohnungen": 38, "Lokale": 0, "addr_key": "1190 wien, krottenbachstraße" }, "geometry": { "type": "Point", "coordinates": [ 16.3484212, 48.2407431 ] } },
{ "type": "Feature", "properties": { "Hofname": "Anton Proksch-Hof", "clean_address": "1190 Wien, Grinzinger Straße", "Wohnungen": 394, "Lokale": 26, "addr_key": "1190 wien, grinzinger straße" }, "geometry": { "type": "Point", "coordinates": [ 16.3454408, 48.2540091 ] } },
{ "type": "Feature", "properties": { "Hofname": "Heiligenstädter Straße 141-145", "clean_address": "1190 Wien, Heiligenstädter Straße", "Wohnungen": 283, "Lokale": 20, "addr_key": "1190 wien, heiligenstädter straße" }, "geometry": { "type": "Point", "coordinates": [ 16.3554266, 48.232647 ] } },
{ "type": "Feature", "properties": { "Hofname": "Sieveringer Straße 163", "clean_address": "1190 Wien, Sieveringer Straße", "Wohnungen": 24, "Lokale": 2, "addr_key": "1190 wien, sieveringer straße" }, "geometry": { "type": "Polygon", "coordinates": [ [ [ 16.3422004, 48.2456728 ], [ 16.3421957, 48.2456562 ], [ 16.342151, 48.2456617 ], [ 16.3421557, 48.2456784 ], [ 16.3422004, 48.2456728 ] ] ] } },
{ "type": "Feature", "properties": { "Hofname": "Billrothstraße 61", "clean_address": "1190 Wien, Billrothstraße", "Wohnungen": 16, "Lokale": 1, "addr_key": "1190 wien, billrothstraße" }, "geometry": { "type": "Polygon", "coordinates": [ [ [ 16.350698, 48.2348048 ], [ 16.3508441, 48.2346694 ], [ 16.3506938, 48.2345983 ], [ 16.350605, 48.2345562 ], [ 16.3503428, 48.2345795 ], [ 16.3503541, 48.2346305 ], [ 16.3505203, 48.2346155 ], [ 16.3505177, 48.2346018 ], [ 16.3505387, 48.2345999 ], [ 16.3505463, 48.2346381 ], [ 16.3505625, 48.2346435 ], [ 16.350492, 48.2347096 ], [ 16.350698, 48.2348048 ] ] ] } },
{ "type": "Feature", "properties": { "Hofname": "Prof. Harry-Glöckner-Hof", "clean_address": "1190 Wien, Paradisgasse", "Wohnungen": 99, "Lokale": 6, "addr_key": "1190 wien, paradisgasse" }, "geometry": { "type": "Point", "coordinates": [ 16.3501441, 48.2481332 ] } },
{ "type": "Feature", "properties": { "Hofname": "Grinzinger Straße 2", "clean_address": "1190 Wien, Grinzinger Straße", "Wohnungen": 30, "Lokale": 5, "addr_key": "1190 wien, grinzinger straße" }, "geometry": { "type": "Point", "coordinates": [ 16.3454408, 48.2540091 ] } },
{ "type": "Feature", "properties": { "Hofname": "Mira-Lobe-Hof", "clean_address": "1190 Wien, Boschstraße", "Wohnungen": 273, "Lokale": 12, "addr_key": "1190 wien, boschstraße" }, "geometry": { "type": "Point", "coordinates": [ 16.3670352, 48.2549206 ] } },
{ "type": "Feature", "properties": { "Hofname": "Hansi-Lang-Hof", "clean_address": "1190 Wien, Hutweidengasse", "Wohnungen": 110, "Lokale": 3, "addr_key": "1190 wien, hutweidengasse" }, "geometry": { "type": "Point", "coordinates": [ 16.3376735, 48.2421895 ] } },
{ "type": "Feature", "properties": { "Hofname": "Richard-Stockinger-Hof", "clean_address": "1190 Wien, Cottagegasse", "Wohnungen": 56, "Lokale": 1, "addr_key": "1190 wien, cottagegasse" }, "geometry": { "type": "Point", "coordinates": [ 16.33993, 48.228996 ] } },
{ "type": "Feature", "properties": { "Hofname": "Krottenbachstraße 69-73", "clean_address": "1190 Wien, Krottenbachstraße", "Wohnungen": 47, "Lokale": 9, "addr_key": "1190 wien, krottenbachstraße" }, "geometry": { "type": "Point", "coordinates": [ 16.3484212, 48.2407431 ] } },
{ "type": "Feature", "properties": { "Hofname": "Krottenbachstraße 42-46", "clean_address": "1190 Wien, Krottenbachstraße", "Wohnungen": 99, "Lokale": 9, "addr_key": "1190 wien, krottenbachstraße" }, "geometry": { "type": "Point", "coordinates": [ 16.3484212, 48.2407431 ] } },
{ "type": "Feature", "properties": { "Hofname": "Hameaustraße 2-4", "clean_address": "1190 Wien, Hameaustraße", "Wohnungen": 71, "Lokale": 2, "addr_key": "1190 wien, hameaustraße" }, "geometry": { "type": "Point", "coordinates": [ 16.2966806, 48.2516862 ] } },
{ "type": "Feature", "properties": { "Hofname": "Sickenberggasse 11a", "clean_address": "1190 Wien, Sickenberggasse", "Wohnungen": 34, "Lokale": 2, "addr_key": "1190 wien, sickenberggasse" }, "geometry": { "type": "Point", "coordinates": [ 16.3677034, 48.2579969 ] } },
{ "type": "Feature", "properties": { "Hofname": "Daringergasse 10", "clean_address": "1190 Wien, Daringergasse", "Wohnungen": 24, "Lokale": 1, "addr_key": "1190 wien, daringergasse" }, "geometry": { "type": "Point", "coordinates": [ 16.3343177, 48.2468712 ] } },
{ "type": "Feature", "properties": { "Hofname": "Greinergasse 3", "clean_address": "1190 Wien, Greinergasse", "Wohnungen": 26, "Lokale": 1, "addr_key": "1190 wien, greinergasse" }, "geometry": { "type": "Point", "coordinates": [ 16.3650549, 48.2595941 ] } },
{ "type": "Feature", "properties": { "Hofname": "Grinzinger Allee 19", "clean_address": "1190 Wien, Paradisgasse", "Wohnungen": 38, "Lokale": 6, "addr_key": "1190 wien, paradisgasse" }, "geometry": { "type": "Point", "coordinates": [ 16.3501441, 48.2481332 ] } },
{ "type": "Feature", "properties": { "Hofname": "Heiligenstädter Straße 167-171", "clean_address": "1190 Wien, Heiligenstädter Straße", "Wohnungen": 40, "Lokale": 7, "addr_key": "1190 wien, heiligenstädter straße" }, "geometry": { "type": "Point", "coordinates": [ 16.3554266, 48.232647 ] } },
{ "type": "Feature", "properties": { "Hofname": "Görgengasse 9-11", "clean_address": "1190 Wien, Görgengasse", "Wohnungen": 241, "Lokale": 9, "addr_key": "1190 wien, görgengasse" }, "geometry": { "type": "Point", "coordinates": [ 16.3327332, 48.2409995 ] } },
{ "type": "Feature", "properties": { "Hofname": "Sickenberggasse 1-5", "clean_address": "1190 Wien, Sickenberggasse", "Wohnungen": 35, "Lokale": 6, "addr_key": "1190 wien, sickenberggasse" }, "geometry": { "type": "Point", "coordinates": [ 16.3677034, 48.2579969 ] } },
{ "type": "Feature", "properties": { "Hofname": "Sieveringer Straße 102", "clean_address": "1190 Wien, Sieveringer Straße", "Wohnungen": 15, "Lokale": 2, "addr_key": "1190 wien, sieveringer straße" }, "geometry": { "type": "Polygon", "coordinates": [ [ [ 16.3422004, 48.2456728 ], [ 16.3421957, 48.2456562 ], [ 16.342151, 48.2456617 ], [ 16.3421557, 48.2456784 ], [ 16.3422004, 48.2456728 ] ] ] } },
{ "type": "Feature", "properties": { "Hofname": "An den langen Lüssen 17-27", "clean_address": "1190 Wien, An den langen Lüssen", "Wohnungen": 6, "Lokale": 3, "addr_key": "1190 wien, an den langen lüssen" }, "geometry": { "type": "Point", "coordinates": [ 16.3417252, 48.2529343 ] } },
{ "type": "Feature", "properties": { "Hofname": "Heiligenstädter Straße 152", "clean_address": "1190 Wien, Heiligenstädter Straße", "Wohnungen": 18, "Lokale": 3, "addr_key": "1190 wien, heiligenstädter straße" }, "geometry": { "type": "Point", "coordinates": [ 16.3554266, 48.232647 ] } },
{ "type": "Feature", "properties": { "Hofname": "Görgengasse 26", "clean_address": "1190 Wien, Görgengasse", "Wohnungen": 195, "Lokale": 20, "addr_key": "1190 wien, görgengasse" }, "geometry": { "type": "Point", "coordinates": [ 16.3327332, 48.2409995 ] } },
{ "type": "Feature", "properties": { "Hofname": "Kaasgrabengasse 3a", "clean_address": "1190 Wien, Kaasgrabengasse", "Wohnungen": 35, "Lokale": 1, "addr_key": "1190 wien, kaasgrabengasse" }, "geometry": { "type": "Point", "coordinates": [ 16.337587, 48.2509279 ] } },
{ "type": "Feature", "properties": { "Hofname": "Börnergasse 15", "clean_address": "1190 Wien, Börnergasse", "Wohnungen": 72, "Lokale": 7, "addr_key": "1190 wien, börnergasse" }, "geometry": { "type": "Point", "coordinates": [ 16.3287347, 48.2429949 ] } },
{ "type": "Feature", "properties": { "Hofname": "Krottenbachstraße 104", "clean_address": "1190 Wien, Krottenbachstraße", "Wohnungen": 97, "Lokale": 1, "addr_key": "1190 wien, krottenbachstraße" }, "geometry": { "type": "Point", "coordinates": [ 16.3484212, 48.2407431 ] } },
{ "type": "Feature", "properties": { "Hofname": "Krottenbachstraße 110", "clean_address": "1190 Wien, Krottenbachstraße", "Wohnungen": 200, "Lokale": 6, "addr_key": "1190 wien, krottenbachstraße" }, "geometry": { "type": "Point", "coordinates": [ 16.3484212, 48.2407431 ] } },
{ "type": "Feature", "properties": { "Hofname": "Krottenbachstraße 106", "clean_address": "1190 Wien, Krottenbachstraße", "Wohnungen": 293, "Lokale": 21, "addr_key": "1190 wien, krottenbachstraße" }, "geometry": { "type": "Point", "coordinates": [ 16.3484212, 48.2407431 ] } },
{ "type": "Feature", "properties": { "Hofname": "Kratzlgasse 3", "clean_address": "1190 Wien, Kratzlgasse", "Wohnungen": 95, "Lokale": 0, "addr_key": "1190 wien, kratzlgasse" }, "geometry": { "type": "Point", "coordinates": [ 16.3303845, 48.2417901 ] } },
{ "type": "Feature", "properties": { "Hofname": "Börnergasse 3", "clean_address": "1190 Wien, Börnergasse", "Wohnungen": 168, "Lokale": 18, "addr_key": "1190 wien, börnergasse" }, "geometry": { "type": "Point", "coordinates": [ 16.3287347, 48.2429949 ] } },
{ "type": "Feature", "properties": { "Hofname": "Budinskygasse 25-29", "clean_address": "1190 Wien, Budinskygasse", "Wohnungen": 36, "Lokale": 2, "addr_key": "1190 wien, budinskygasse" }, "geometry": { "type": "Point", "coordinates": [ 16.3366299, 48.2426742 ] } },
{ "type": "Feature", "properties": { "Hofname": "Görgengasse 8", "clean_address": "1190 Wien, Görgengasse", "Wohnungen": 39, "Lokale": 0, "addr_key": "1190 wien, görgengasse" }, "geometry": { "type": "Point", "coordinates": [ 16.3327332, 48.2409995 ] } },
{ "type": "Feature", "properties": { "Hofname": "Eichelhofstraße 2", "clean_address": "1190 Wien, Eichelhofstraße", "Wohnungen": 47, "Lokale": 0, "addr_key": "1190 wien, eichelhofstraße" }, "geometry": { "type": "Point", "coordinates": [ 16.3604477, 48.2660923 ] } },
{ "type": "Feature", "properties": { "Hofname": "Krottenbachstraße 122", "clean_address": "1190 Wien, Krottenbachstraße", "Wohnungen": 232, "Lokale": 2, "addr_key": "1190 wien, krottenbachstraße" }, "geometry": { "type": "Point", "coordinates": [ 16.3484212, 48.2407431 ] } },
{ "type": "Feature", "properties": { "Hofname": "Heiligenstädter Straße 327-331", "clean_address": "1190 Wien, Heiligenstädter Straße", "Wohnungen": 21, "Lokale": 2, "addr_key": "1190 wien, heiligenstädter straße" }, "geometry": { "type": "Point", "coordinates": [ 16.3554266, 48.232647 ] } },
{ "type": "Feature", "properties": { "Hofname": "Hutweidengasse 64", "clean_address": "1190 Wien, Hutweidengasse", "Wohnungen": 51, "Lokale": 1, "addr_key": "1190 wien, hutweidengasse" }, "geometry": { "type": "Point", "coordinates": [ 16.3376735, 48.2421895 ] } },
{ "type": "Feature", "properties": { "Hofname": "Hardtgasse 14", "clean_address": "1190 Wien, Hardtgasse", "Wohnungen": 20, "Lokale": 0, "addr_key": "1190 wien, hardtgasse" }, "geometry": { "type": "Point", "coordinates": [ 16.349333, 48.2370761 ] } },
{ "type": "Feature", "properties": { "Hofname": "Gerda-Lerner-Hof", "clean_address": "1190 Wien, Pyrkergasse", "Wohnungen": 18, "Lokale": 1, "addr_key": "1190 wien, pyrkergasse" }, "geometry": { "type": "Point", "coordinates": [ 16.3514205, 48.2411041 ] } },
{ "type": "Feature", "properties": { "Hofname": "Greinergasse 20", "clean_address": "1190 Wien, Greinergasse", "Wohnungen": 15, "Lokale": 1, "addr_key": "1190 wien, greinergasse" }, "geometry": { "type": "Point", "coordinates": [ 16.3650549, 48.2595941 ] } },
{ "type": "Feature", "properties": { "Hofname": "Hardtgasse 10-12", "clean_address": "1190 Wien, Hardtgasse", "Wohnungen": 31, "Lokale": 1, "addr_key": "1190 wien, hardtgasse" }, "geometry": { "type": "Point", "coordinates": [ 16.349333, 48.2370761 ] } },
{ "type": "Feature", "properties": { "Hofname": "Arbesbachgasse 20", "clean_address": "1190 Wien, Arbesbachgasse", "Wohnungen": 34, "Lokale": 0, "addr_key": "1190 wien, arbesbachgasse" }, "geometry": { "type": "Point", "coordinates": [ 16.3417198, 48.2440946 ] } },
{ "type": "Feature", "properties": { "Hofname": "Arbesbachgasse 14-16", "clean_address": "1190 Wien, Arbesbachgasse", "Wohnungen": 21, "Lokale": 0, "addr_key": "1190 wien, arbesbachgasse" }, "geometry": { "type": "Point", "coordinates": [ 16.3417198, 48.2440946 ] } },
{ "type": "Feature", "properties": { "Hofname": "Gatterburggasse 2c", "clean_address": "1190 Wien, Gatterburggasse", "Wohnungen": 19, "Lokale": 0, "addr_key": "1190 wien, gatterburggasse" }, "geometry": { "type": "Polygon", "coordinates": [ [ [ 16.3542163, 48.239024 ], [ 16.3538648, 48.2390593 ], [ 16.3538871, 48.2391604 ], [ 16.3538251, 48.2391693 ], [ 16.353826, 48.2392175 ], [ 16.3540055, 48.2391977 ], [ 16.3540405, 48.239178 ], [ 16.3540381, 48.2391351 ], [ 16.3540844, 48.2391406 ], [ 16.3540985, 48.2391437 ], [ 16.3541205, 48.2391426 ], [ 16.3541329, 48.2391354 ], [ 16.3541393, 48.2391269 ], [ 16.3541393, 48.2391198 ], [ 16.3541586, 48.2391184 ], [ 16.3541604, 48.2391284 ], [ 16.3541747, 48.2391268 ], [ 16.3541827, 48.2391658 ], [ 16.3542427, 48.2391565 ], [ 16.354234, 48.2391069 ], [ 16.3542163, 48.239024 ] ] ] } },
{ "type": "Feature", "properties": { "Hofname": "Obkirchergasse 12-14", "clean_address": "1190 Wien, Obkirchergasse", "Wohnungen": 9, "Lokale": 0, "addr_key": "1190 wien, obkirchergasse" }, "geometry": { "type": "Point", "coordinates": [ 16.3419058, 48.2428027 ] } },
{ "type": "Feature", "properties": { "Hofname": "Burghardtgasse 30", "clean_address": "1200 Wien, Burghardtgasse", "Wohnungen": 18, "Lokale": 0, "addr_key": "1200 wien, burghardtgasse" }, "geometry": { "type": "Point", "coordinates": [ 16.3668824, 48.2348356 ] } },
{ "type": "Feature", "properties": { "Hofname": "Manfred-Ackermann-Hof", "clean_address": "1200 Wien, Brigittaplatz", "Wohnungen": 20, "Lokale": 1, "addr_key": "1200 wien, brigittaplatz" }, "geometry": { "type": "Point", "coordinates": [ 16.3719533, 48.233097 ] } },
{ "type": "Feature", "properties": { "Hofname": "Friedrich-Engels-Platz 1", "clean_address": "1200 Wien, Friedrich-Engels Platz", "Wohnungen": 150, "Lokale": 11, "addr_key": "1200 wien, friedrich-engels platz" }, "geometry": { "type": "Point", "coordinates": [ 16.3101556, 48.1484909 ] } },
{ "type": "Feature", "properties": { "Hofname": "Vorgartenstraße 93", "clean_address": "1200 Wien, Vorgartenstraße", "Wohnungen": 19, "Lokale": 2, "addr_key": "1200 wien, vorgartenstraße" }, "geometry": { "type": "Point", "coordinates": [ 16.3822433, 48.2405928 ] } },
{ "type": "Feature", "properties": { "Hofname": "Brigittenauer Lände 138-142", "clean_address": "1200 Wien, Brigittenauer Lände", "Wohnungen": 54, "Lokale": 1, "addr_key": "1200 wien, brigittenauer lände" }, "geometry": { "type": "Point", "coordinates": [ 16.3691355, 48.2246048 ] } },
{ "type": "Feature", "properties": { "Hofname": "Pappenheimgasse 29", "clean_address": "1200 Wien, Pappenheimgasse", "Wohnungen": 126, "Lokale": 5, "addr_key": "1200 wien, pappenheimgasse" }, "geometry": { "type": "Point", "coordinates": [ 16.3694372, 48.2340343 ] } },
{ "type": "Feature", "properties": { "Hofname": "Brigittenauer Lände 170-172", "clean_address": "1200 Wien, Brigittenauer Lände", "Wohnungen": 314, "Lokale": 1, "addr_key": "1200 wien, brigittenauer lände" }, "geometry": { "type": "Point", "coordinates": [ 16.3691355, 48.2246048 ] } },
{ "type": "Feature", "properties": { "Hofname": "Leystraße 19-21", "clean_address": "1200 Wien, Leystraße", "Wohnungen": 375, "Lokale": 3, "addr_key": "1200 wien, leystraße" }, "geometry": { "type": "Point", "coordinates": [ 16.3840239, 48.2375718 ] } },
{ "type": "Feature", "properties": { "Hofname": "Wehlistraße 32-38", "clean_address": "1200 Wien, Wehlistraße", "Wohnungen": 117, "Lokale": 6, "addr_key": "1200 wien, wehlistraße" }, "geometry": { "type": "Point", "coordinates": [ 16.3848812, 48.2406481 ] } },
{ "type": "Feature", "properties": { "Hofname": "Friedrich-Engels-Platz 17", "clean_address": "1200 Wien, Friedrich-Engels-Platz", "Wohnungen": 111, "Lokale": 4, "addr_key": "1200 wien, friedrich-engels-platz" }, "geometry": { "type": "Point", "coordinates": [ 16.3776099, 48.2455682 ] } },
{ "type": "Feature", "properties": { "Hofname": "Wehlistraße 40", "clean_address": "1200 Wien, Wehlistraße", "Wohnungen": 27, "Lokale": 1, "addr_key": "1200 wien, wehlistraße" }, "geometry": { "type": "Point", "coordinates": [ 16.3848812, 48.2406481 ] } },
{ "type": "Feature", "properties": { "Hofname": "Kapaunplatz 4-6", "clean_address": "1200 Wien, Kapaunplatz", "Wohnungen": 285, "Lokale": 4, "addr_key": "1200 wien, kapaunplatz" }, "geometry": { "type": "Point", "coordinates": [ 16.3766466, 48.2462793 ] } },
{ "type": "Feature", "properties": { "Hofname": "Kapaunplatz 7", "clean_address": "1200 Wien, Kapaunplatz", "Wohnungen": 819, "Lokale": 5, "addr_key": "1200 wien, kapaunplatz" }, "geometry": { "type": "Point", "coordinates": [ 16.3766466, 48.2462793 ] } },
{ "type": "Feature", "properties": { "Hofname": "Treustraße 62", "clean_address": "1200 Wien, Treustraße", "Wohnungen": 19, "Lokale": 2, "addr_key": "1200 wien, treustraße" }, "geometry": { "type": "Point", "coordinates": [ 16.3650498, 48.230632 ] } },
{ "type": "Feature", "properties": { "Hofname": "Vorgartenstraße 83-85", "clean_address": "1200 Wien, Vorgartenstraße", "Wohnungen": 70, "Lokale": 4, "addr_key": "1200 wien, vorgartenstraße" }, "geometry": { "type": "Point", "coordinates": [ 16.3822433, 48.2405928 ] } },
{ "type": "Feature", "properties": { "Hofname": "Leystraße 119", "clean_address": "1200 Wien, Leystraße", "Wohnungen": 51, "Lokale": 1, "addr_key": "1200 wien, leystraße" }, "geometry": { "type": "Point", "coordinates": [ 16.3840239, 48.2375718 ] } },
{ "type": "Feature", "properties": { "Hofname": "Engerthstraße 82", "clean_address": "1200 Wien, Engerthstraße", "Wohnungen": 221, "Lokale": 8, "addr_key": "1200 wien, engerthstraße" }, "geometry": { "type": "Polygon", "coordinates": [ [ [ 16.385906, 48.2396857 ], [ 16.3860207, 48.2397411 ], [ 16.3863033, 48.2394874 ], [ 16.3862586, 48.2394662 ], [ 16.3861848, 48.2394312 ], [ 16.3861218, 48.2394896 ], [ 16.3860656, 48.2394626 ], [ 16.3861308, 48.2394027 ], [ 16.3860139, 48.2393458 ], [ 16.3857306, 48.2396046 ], [ 16.3858457, 48.2396606 ], [ 16.385915, 48.2396004 ], [ 16.3859712, 48.2396258 ], [ 16.385906, 48.2396857 ] ], [ [ 16.3859487, 48.2395749 ], [ 16.3860364, 48.2394926 ], [ 16.3860859, 48.2395195 ], [ 16.3859982, 48.2395989 ], [ 16.3859487, 48.2395749 ] ], [ [ 16.3859999, 48.2394751 ], [ 16.385978, 48.2394651 ], [ 16.3860045, 48.2394383 ], [ 16.3860241, 48.2394475 ], [ 16.3859999, 48.2394751 ] ], [ [ 16.3860494, 48.2396269 ], [ 16.3860252, 48.2396545 ], [ 16.3860033, 48.2396445 ], [ 16.3860298, 48.2396177 ], [ 16.3860494, 48.2396269 ] ], [ [ 16.3861461, 48.2395058 ], [ 16.3861656, 48.239515 ], [ 16.3861415, 48.2395426 ], [ 16.3861196, 48.2395326 ], [ 16.3861461, 48.2395058 ] ] ] } },
{ "type": "Feature", "properties": { "Hofname": "Kluckygasse 11-13", "clean_address": "1200 Wien, Kluckygasse", "Wohnungen": 31, "Lokale": 1, "addr_key": "1200 wien, kluckygasse" }, "geometry": { "type": "Point", "coordinates": [ 16.3690661, 48.2293032 ] } },
{ "type": "Feature", "properties": { "Hofname": "Adalbert-Stifter-Straße 23-31", "clean_address": "1200 Wien, Adalbert-Stifter-Straße", "Wohnungen": 402, "Lokale": 17, "addr_key": "1200 wien, adalbert-stifter-straße" }, "geometry": { "type": "Point", "coordinates": [ 16.3775983, 48.2440992 ] } },
{ "type": "Feature", "properties": { "Hofname": "Treustraße 61-69", "clean_address": "1200 Wien, Treustraße", "Wohnungen": 272, "Lokale": 6, "addr_key": "1200 wien, treustraße" }, "geometry": { "type": "Point", "coordinates": [ 16.3650498, 48.230632 ] } },
{ "type": "Feature", "properties": { "Hofname": "Engerthstraße 132", "clean_address": "1200 Wien, Engerthstraße", "Wohnungen": 20, "Lokale": 0, "addr_key": "1200 wien, engerthstraße" }, "geometry": { "type": "Polygon", "coordinates": [ [ [ 16.385906, 48.2396857 ], [ 16.3860207, 48.2397411 ], [ 16.3863033, 48.2394874 ], [ 16.3862586, 48.2394662 ], [ 16.3861848, 48.2394312 ], [ 16.3861218, 48.2394896 ], [ 16.3860656, 48.2394626 ], [ 16.3861308, 48.2394027 ], [ 16.3860139, 48.2393458 ], [ 16.3857306, 48.2396046 ], [ 16.3858457, 48.2396606 ], [ 16.385915, 48.2396004 ], [ 16.3859712, 48.2396258 ], [ 16.385906, 48.2396857 ] ], [ [ 16.3859487, 48.2395749 ], [ 16.3860364, 48.2394926 ], [ 16.3860859, 48.2395195 ], [ 16.3859982, 48.2395989 ], [ 16.3859487, 48.2395749 ] ], [ [ 16.3859999, 48.2394751 ], [ 16.385978, 48.2394651 ], [ 16.3860045, 48.2394383 ], [ 16.3860241, 48.2394475 ], [ 16.3859999, 48.2394751 ] ], [ [ 16.3860494, 48.2396269 ], [ 16.3860252, 48.2396545 ], [ 16.3860033, 48.2396445 ], [ 16.3860298, 48.2396177 ], [ 16.3860494, 48.2396269 ] ], [ [ 16.3861461, 48.2395058 ], [ 16.3861656, 48.239515 ], [ 16.3861415, 48.2395426 ], [ 16.3861196, 48.2395326 ], [ 16.3861461, 48.2395058 ] ] ] } },
{ "type": "Feature", "properties": { "Hofname": "Griegstraße 1-3", "clean_address": "1200 Wien, Griegstraße", "Wohnungen": 219, "Lokale": 5, "addr_key": "1200 wien, griegstraße" }, "geometry": { "type": "Polygon", "coordinates": [ [ [ 16.3746618, 48.2503736 ], [ 16.3746453, 48.2503667 ], [ 16.3746538, 48.2503576 ], [ 16.3745918, 48.2503317 ], [ 16.3745581, 48.2503674 ], [ 16.3746367, 48.2504002 ], [ 16.3746618, 48.2503736 ] ] ] } },
{ "type": "Feature", "properties": { "Hofname": "Wallensteinstraße 68-72", "clean_address": "1200 Wien, Wallensteinstraße", "Wohnungen": 174, "Lokale": 15, "addr_key": "1200 wien, wallensteinstraße" }, "geometry": { "type": "Point", "coordinates": [ 16.3668819, 48.2281512 ] } },
{ "type": "Feature", "properties": { "Hofname": "Erna-Musik-Hof", "clean_address": "1200 Wien, Klosterneuburger Straße", "Wohnungen": 196, "Lokale": 7, "addr_key": "1200 wien, klosterneuburger straße" }, "geometry": { "type": "Point", "coordinates": [ 16.36976, 48.2269879 ] } },
{ "type": "Feature", "properties": { "Hofname": "Johann Böhm Wohnhausanlage", "clean_address": "1200 Wien, Brigittaplatz", "Wohnungen": 437, "Lokale": 7, "addr_key": "1200 wien, brigittaplatz" }, "geometry": { "type": "Point", "coordinates": [ 16.3719533, 48.233097 ] } },
{ "type": "Feature", "properties": { "Hofname": "Burghardtgasse 32-38", "clean_address": "1200 Wien, Burghardtgasse", "Wohnungen": 75, "Lokale": 1, "addr_key": "1200 wien, burghardtgasse" }, "geometry": { "type": "Point", "coordinates": [ 16.3668824, 48.2348356 ] } },
{ "type": "Feature", "properties": { "Hofname": "Josef-Baldermann-Hof", "clean_address": "1200 Wien, Pasettistraße", "Wohnungen": 172, "Lokale": 2, "addr_key": "1200 wien, pasettistraße" }, "geometry": { "type": "Point", "coordinates": [ 16.3795396, 48.2397647 ] } },
{ "type": "Feature", "properties": { "Hofname": "Leystraße 38", "clean_address": "1200 Wien, Leystraße", "Wohnungen": 17, "Lokale": 0, "addr_key": "1200 wien, leystraße" }, "geometry": { "type": "Point", "coordinates": [ 16.3840239, 48.2375718 ] } },
{ "type": "Feature", "properties": { "Hofname": "Dresdner Straße 48-54", "clean_address": "1200 Wien, Dresdner Straße", "Wohnungen": 155, "Lokale": 9, "addr_key": "1200 wien, dresdner straße" }, "geometry": { "type": "Point", "coordinates": [ 16.3791583, 48.2370298 ] } },
{ "type": "Feature", "properties": { "Hofname": "Bäuerlegasse 31", "clean_address": "1200 Wien, Bäuerlegasse", "Wohnungen": 61, "Lokale": 2, "addr_key": "1200 wien, bäuerlegasse" }, "geometry": { "type": "Point", "coordinates": [ 16.3758725, 48.2306913 ] } },
{ "type": "Feature", "properties": { "Hofname": "Jägerstraße 89-95", "clean_address": "1200 Wien, Jägerstraße", "Wohnungen": 542, "Lokale": 7, "addr_key": "1200 wien, jägerstraße" }, "geometry": { "type": "Point", "coordinates": [ 16.3707403, 48.2349951 ] } },
{ "type": "Feature", "properties": { "Hofname": "Winarskystraße 1-3", "clean_address": "1200 Wien, Winarskystraße", "Wohnungen": 48, "Lokale": 2, "addr_key": "1200 wien, winarskystraße" }, "geometry": { "type": "Polygon", "coordinates": [ [ [ 16.3783158, 48.2395136 ], [ 16.3789729, 48.2389262 ], [ 16.3790506, 48.238966 ], [ 16.3790434, 48.2389722 ], [ 16.3789352, 48.2390665 ], [ 16.3789889, 48.2390914 ], [ 16.3790612, 48.2390306 ], [ 16.3791696, 48.2390851 ], [ 16.3792046, 48.2390546 ], [ 16.3793227, 48.2391138 ], [ 16.3791566, 48.2392607 ], [ 16.3792011, 48.239283 ], [ 16.3791393, 48.2393377 ], [ 16.3791822, 48.2393592 ], [ 16.3789954, 48.2395245 ], [ 16.3789082, 48.2394808 ], [ 16.3787106, 48.2396557 ], [ 16.3785966, 48.2395986 ], [ 16.3786318, 48.2395674 ], [ 16.3785422, 48.2395225 ], [ 16.3786079, 48.2394644 ], [ 16.3785893, 48.2394637 ], [ 16.3785725, 48.239455 ], [ 16.3785767, 48.2394391 ], [ 16.3785483, 48.2394251 ], [ 16.3785744, 48.2394015 ], [ 16.3785642, 48.2393965 ], [ 16.3783925, 48.2395514 ], [ 16.3783158, 48.2395136 ] ] ] } },
{ "type": "Feature", "properties": { "Hofname": "Friedrich-Engels-Platz 21", "clean_address": "1200 Wien, Friedrich-Engels-Platz", "Wohnungen": 154, "Lokale": 13, "addr_key": "1200 wien, friedrich-engels-platz" }, "geometry": { "type": "Point", "coordinates": [ 16.3776099, 48.2455682 ] } },
{ "type": "Feature", "properties": { "Hofname": "Marchfeldstraße 16-18", "clean_address": "1200 Wien, Marchfeldstraße", "Wohnungen": 173, "Lokale": 11, "addr_key": "1200 wien, marchfeldstraße" }, "geometry": { "type": "Point", "coordinates": [ 16.3788464, 48.2424564 ] } },
{ "type": "Feature", "properties": { "Hofname": "Brigittenauer Lände 48", "clean_address": "1200 Wien, Brigittenauer Lände", "Wohnungen": 59, "Lokale": 0, "addr_key": "1200 wien, brigittenauer lände" }, "geometry": { "type": "Point", "coordinates": [ 16.3691355, 48.2246048 ] } },
{ "type": "Feature", "properties": { "Hofname": "Vorgartenstraße 31-35", "clean_address": "1200 Wien, Vorgartenstraße", "Wohnungen": 116, "Lokale": 1, "addr_key": "1200 wien, vorgartenstraße" }, "geometry": { "type": "Point", "coordinates": [ 16.3822433, 48.2405928 ] } },
{ "type": "Feature", "properties": { "Hofname": "Burghardtgasse 22", "clean_address": "1200 Wien, Burghardtgasse", "Wohnungen": 18, "Lokale": 0, "addr_key": "1200 wien, burghardtgasse" }, "geometry": { "type": "Point", "coordinates": [ 16.3668824, 48.2348356 ] } },
{ "type": "Feature", "properties": { "Hofname": "Hartlgasse 28-30", "clean_address": "1200 Wien, Hartlgasse", "Wohnungen": 160, "Lokale": 1, "addr_key": "1200 wien, hartlgasse" }, "geometry": { "type": "Point", "coordinates": [ 16.373989, 48.2309708 ] } },
{ "type": "Feature", "properties": { "Hofname": "Pappenheimgasse 10-16", "clean_address": "1200 Wien, Pappenheimgasse", "Wohnungen": 137, "Lokale": 4, "addr_key": "1200 wien, pappenheimgasse" }, "geometry": { "type": "Point", "coordinates": [ 16.3694372, 48.2340343 ] } },
{ "type": "Feature", "properties": { "Hofname": "Treustraße 58-60", "clean_address": "1200 Wien, Treustraße", "Wohnungen": 58, "Lokale": 1, "addr_key": "1200 wien, treustraße" }, "geometry": { "type": "Point", "coordinates": [ 16.3650498, 48.230632 ] } },
{ "type": "Feature", "properties": { "Hofname": "Hartlgasse 40", "clean_address": "1200 Wien, Hartlgasse", "Wohnungen": 13, "Lokale": 1, "addr_key": "1200 wien, hartlgasse" }, "geometry": { "type": "Point", "coordinates": [ 16.373989, 48.2309708 ] } },
{ "type": "Feature", "properties": { "Hofname": "Hellwagstraße 16a", "clean_address": "1200 Wien, Hellwagstraße", "Wohnungen": 27, "Lokale": 2, "addr_key": "1200 wien, hellwagstraße" }, "geometry": { "type": "Polygon", "coordinates": [ [ [ 16.3809868, 48.2375428 ], [ 16.3810813, 48.2374522 ], [ 16.3811275, 48.2374761 ], [ 16.3811671, 48.2374395 ], [ 16.3812107, 48.2374605 ], [ 16.3811725, 48.2374966 ], [ 16.3812596, 48.23754 ], [ 16.3811678, 48.2376311 ], [ 16.3809868, 48.2375428 ] ] ] } },
{ "type": "Feature", "properties": { "Hofname": "Mengergasse 66-70", "clean_address": "1210 Wien, Mengergasse", "Wohnungen": 90, "Lokale": 0, "addr_key": "1210 wien, mengergasse" }, "geometry": { "type": "Point", "coordinates": [ 16.40663, 48.2578359 ] } },
{ "type": "Feature", "properties": { "Hofname": "Leopoldauer Straße 79-81", "clean_address": "1210 Wien, Leopoldauer Straße", "Wohnungen": 121, "Lokale": 18, "addr_key": "1210 wien, leopoldauer straße" }, "geometry": { "type": "Point", "coordinates": [ 16.4049489, 48.2574122 ] } },
{ "type": "Feature", "properties": { "Hofname": "Schloßhofer Straße 42", "clean_address": "1210 Wien, Schloßhofer Straße", "Wohnungen": 17, "Lokale": 0, "addr_key": "1210 wien, schloßhofer straße" }, "geometry": { "type": "Point", "coordinates": [ 16.3993017, 48.2577437 ] } },
{ "type": "Feature", "properties": { "Hofname": "Pregartengasse 6-8", "clean_address": "1210 Wien, Pregartengasse", "Wohnungen": 28, "Lokale": 0, "addr_key": "1210 wien, pregartengasse" }, "geometry": { "type": "Point", "coordinates": [ 16.3978377, 48.2654866 ] } },
{ "type": "Feature", "properties": { "Hofname": "Kirchhoffgasse 6", "clean_address": "1210 Wien, Kirchhoffgasse", "Wohnungen": 11, "Lokale": 0, "addr_key": "1210 wien, kirchhoffgasse" }, "geometry": { "type": "Point", "coordinates": [ 16.4029316, 48.2517809 ] } },
{ "type": "Feature", "properties": { "Hofname": "Kirchhoffgasse 3", "clean_address": "1210 Wien, Kirchhoffgasse", "Wohnungen": 12, "Lokale": 1, "addr_key": "1210 wien, kirchhoffgasse" }, "geometry": { "type": "Point", "coordinates": [ 16.4029316, 48.2517809 ] } },
{ "type": "Feature", "properties": { "Hofname": "Brünner Straße 130-134", "clean_address": "1210 Wien, Brünner Straße", "Wohnungen": 106, "Lokale": 22, "addr_key": "1210 wien, brünner straße" }, "geometry": { "type": "Point", "coordinates": [ 16.4030724, 48.2660544 ] } },
{ "type": "Feature", "properties": { "Hofname": "Justgasse 9-27", "clean_address": "1210 Wien, Justgasse", "Wohnungen": 112, "Lokale": 13, "addr_key": "1210 wien, justgasse" }, "geometry": { "type": "Point", "coordinates": [ 16.4136512, 48.2769349 ] } },
{ "type": "Feature", "properties": { "Hofname": "Mühlschüttelgasse 55-57", "clean_address": "1210 Wien, Mühlschüttelgasse", "Wohnungen": 73, "Lokale": 5, "addr_key": "1210 wien, mühlschüttelgasse" }, "geometry": { "type": "Polygon", "coordinates": [ [ [ 16.4017363, 48.2514081 ], [ 16.4016681, 48.2512481 ], [ 16.4017694, 48.2512289 ], [ 16.4017955, 48.2512901 ], [ 16.4017679, 48.2512953 ], [ 16.4018101, 48.2513941 ], [ 16.4017363, 48.2514081 ] ] ] } },
{ "type": "Feature", "properties": { "Hofname": "Berzeliusgasse 9-13", "clean_address": "1210 Wien, Berzeliusgasse", "Wohnungen": 134, "Lokale": 18, "addr_key": "1210 wien, berzeliusgasse" }, "geometry": { "type": "Point", "coordinates": [ 16.4112763, 48.2766495 ] } },
{ "type": "Feature", "properties": { "Hofname": "Margarethe-Trappl-Hof", "clean_address": "1210 Wien, Stammersdorfer Straße", "Wohnungen": 25, "Lokale": 3, "addr_key": "1210 wien, stammersdorfer straße" }, "geometry": { "type": "Polygon", "coordinates": [ [ [ 16.4065953, 48.3023078 ], [ 16.4065683, 48.3022516 ], [ 16.4067842, 48.3022501 ], [ 16.4067842, 48.3022988 ], [ 16.4066912, 48.3022966 ], [ 16.4066912, 48.3023161 ], [ 16.4066575, 48.3023146 ], [ 16.4066586, 48.3023061 ], [ 16.4065953, 48.3023078 ] ] ] } },
{ "type": "Feature", "properties": { "Hofname": "Prager Straße 56-58", "clean_address": "1210 Wien, Prager Straße", "Wohnungen": 64, "Lokale": 6, "addr_key": "1210 wien, prager straße" }, "geometry": { "type": "Point", "coordinates": [ 16.3530978, 48.216483 ] } },
{ "type": "Feature", "properties": { "Hofname": "Brünner Straße 108-110", "clean_address": "1210 Wien, Brünner Straße", "Wohnungen": 98, "Lokale": 5, "addr_key": "1210 wien, brünner straße" }, "geometry": { "type": "Point", "coordinates": [ 16.4030724, 48.2660544 ] } },
{ "type": "Feature", "properties": { "Hofname": "Carrogasse 1-5", "clean_address": "1210 Wien, Carrogasse", "Wohnungen": 167, "Lokale": 12, "addr_key": "1210 wien, carrogasse" }, "geometry": { "type": "Point", "coordinates": [ 16.413271, 48.2767358 ] } },
{ "type": "Feature", "properties": { "Hofname": "Aistgasse 8-30", "clean_address": "1210 Wien, Aistgasse", "Wohnungen": 380, "Lokale": 9, "addr_key": "1210 wien, aistgasse" }, "geometry": { "type": "Point", "coordinates": [ 16.4494201, 48.2798665 ] } },
{ "type": "Feature", "properties": { "Hofname": "Fultonstraße 5-11", "clean_address": "1210 Wien, Fultonstraße", "Wohnungen": 134, "Lokale": 16, "addr_key": "1210 wien, fultonstraße" }, "geometry": { "type": "Point", "coordinates": [ 16.4140876, 48.2527433 ] } },
{ "type": "Feature", "properties": { "Hofname": "Franklinstraße 20", "clean_address": "1210 Wien, Franklinstraße", "Wohnungen": 241, "Lokale": 16, "addr_key": "1210 wien, franklinstraße" }, "geometry": { "type": "Polygon", "coordinates": [ [ [ 16.4016166, 48.2541449 ], [ 16.4021474, 48.2547586 ], [ 16.402339, 48.2546859 ], [ 16.4023126, 48.2546566 ], [ 16.4024194, 48.2546124 ], [ 16.4024779, 48.2545887 ], [ 16.4025188, 48.2545721 ], [ 16.4025376, 48.2545649 ], [ 16.4027248, 48.2544923 ], [ 16.4027636, 48.254477 ], [ 16.4031321, 48.2543343 ], [ 16.4031187, 48.2543192 ], [ 16.4031012, 48.2542986 ], [ 16.4030523, 48.2542422 ], [ 16.4029456, 48.2542826 ], [ 16.4026929, 48.2539809 ], [ 16.4022301, 48.254157 ], [ 16.4021295, 48.2541953 ], [ 16.4020667, 48.2541237 ], [ 16.4020326, 48.2541378 ], [ 16.4020214, 48.254127 ], [ 16.4019284, 48.2541616 ], [ 16.401915, 48.2541468 ], [ 16.4020419, 48.2540963 ], [ 16.4020779, 48.2540821 ], [ 16.4021478, 48.2540532 ], [ 16.4021252, 48.2540386 ], [ 16.4021185, 48.2540314 ], [ 16.40208, 48.2539899 ], [ 16.4020716, 48.25398 ], [ 16.4020136, 48.254003 ], [ 16.4019785, 48.2540173 ], [ 16.4018144, 48.254081 ], [ 16.4018059, 48.254072 ], [ 16.4016166, 48.2541449 ] ] ] } },
{ "type": "Feature", "properties": { "Hofname": "Ringelseegasse 11-15", "clean_address": "1210 Wien, Ringelseegasse", "Wohnungen": 113, "Lokale": 7, "addr_key": "1210 wien, ringelseegasse" }, "geometry": { "type": "Point", "coordinates": [ 16.402313, 48.2526642 ] } },
{ "type": "Feature", "properties": { "Hofname": "Scheydgasse 3-15", "clean_address": "1210 Wien, Scheydgasse", "Wohnungen": 34, "Lokale": 6, "addr_key": "1210 wien, scheydgasse" }, "geometry": { "type": "Point", "coordinates": [ 16.3806835, 48.2857361 ] } },
{ "type": "Feature", "properties": { "Hofname": "Anton-Störck-Gasse 53-55", "clean_address": "1210 Wien, Anton-Störck-Gasse", "Wohnungen": 53, "Lokale": 4, "addr_key": "1210 wien, anton-störck-gasse" }, "geometry": { "type": "Polygon", "coordinates": [ [ [ 16.3923569, 48.2663114 ], [ 16.3925453, 48.2663601 ], [ 16.3926001, 48.2662661 ], [ 16.3925317, 48.2662484 ], [ 16.3925508, 48.2662157 ], [ 16.3926183, 48.2662331 ], [ 16.3926738, 48.2661378 ], [ 16.3924878, 48.2660898 ], [ 16.3924322, 48.266185 ], [ 16.3924802, 48.2661974 ], [ 16.3924615, 48.2662295 ], [ 16.3924116, 48.2662177 ], [ 16.3924083, 48.2662226 ], [ 16.3923569, 48.2663114 ] ] ] } },
{ "type": "Feature", "properties": { "Hofname": "Gebauergasse 10", "clean_address": "1210 Wien, Gebauergasse", "Wohnungen": 23, "Lokale": 0, "addr_key": "1210 wien, gebauergasse" }, "geometry": { "type": "Point", "coordinates": [ 16.3968471, 48.2653136 ] } },
{ "type": "Feature", "properties": { "Hofname": "Josef-Baumann-Gasse 65-67", "clean_address": "1210 Wien, Josef-Baumann-Gasse", "Wohnungen": 49, "Lokale": 6, "addr_key": "1210 wien, josef-baumann-gasse" }, "geometry": { "type": "Point", "coordinates": [ 16.4309171, 48.2522204 ] } },
{ "type": "Feature", "properties": { "Hofname": "Ruthnergasse 56-60", "clean_address": "1210 Wien, Ruthnergasse", "Wohnungen": 553, "Lokale": 15, "addr_key": "1210 wien, ruthnergasse" }, "geometry": { "type": "Polygon", "coordinates": [ [ [ 16.4230498, 48.2778238 ], [ 16.4232305, 48.277729 ], [ 16.4228352, 48.277393 ], [ 16.4226852, 48.2774021 ], [ 16.4226497, 48.2774958 ], [ 16.4230498, 48.2778238 ] ] ] } },
{ "type": "Feature", "properties": { "Hofname": "Beethoven-Hof", "clean_address": "1210 Wien, O'Brien-Gasse", "Wohnungen": 62, "Lokale": 3, "addr_key": "1210 wien, o'brien-gasse" }, "geometry": { "type": "Point", "coordinates": [ 16.3922463, 48.2654683 ] } },
{ "type": "Feature", "properties": { "Hofname": "Donaufelder Straße 44", "clean_address": "1210 Wien, Donaufelder Straße", "Wohnungen": 92, "Lokale": 6, "addr_key": "1210 wien, donaufelder straße" }, "geometry": { "type": "Point", "coordinates": [ 16.4086322, 48.254689 ] } },
{ "type": "Feature", "properties": { "Hofname": "Werndlgasse 11-19", "clean_address": "1210 Wien, Werndlgasse", "Wohnungen": 155, "Lokale": 6, "addr_key": "1210 wien, werndlgasse" }, "geometry": { "type": "Point", "coordinates": [ 16.4011967, 48.262915 ] } },
{ "type": "Feature", "properties": { "Hofname": "Schöpfleuthnergasse 8-16", "clean_address": "1210 Wien, Schöpfleuthnergasse", "Wohnungen": 137, "Lokale": 8, "addr_key": "1210 wien, schöpfleuthnergasse" }, "geometry": { "type": "Point", "coordinates": [ 16.395946, 48.2530494 ] } },
{ "type": "Feature", "properties": { "Hofname": "Bessemerstraße 10-16", "clean_address": "1210 Wien, Bessemerstraße", "Wohnungen": 128, "Lokale": 6, "addr_key": "1210 wien, bessemerstraße" }, "geometry": { "type": "Point", "coordinates": [ 16.4136102, 48.2549819 ] } },
{ "type": "Feature", "properties": { "Hofname": "Werndlgasse 14-18", "clean_address": "1210 Wien, Werndlgasse", "Wohnungen": 526, "Lokale": 13, "addr_key": "1210 wien, werndlgasse" }, "geometry": { "type": "Point", "coordinates": [ 16.4011967, 48.262915 ] } },
{ "type": "Feature", "properties": { "Hofname": "Frömmlgasse 30-32", "clean_address": "1210 Wien, Frömmlgasse", "Wohnungen": 16, "Lokale": 0, "addr_key": "1210 wien, frömmlgasse" }, "geometry": { "type": "Point", "coordinates": [ 16.3949476, 48.2589432 ] } },
{ "type": "Feature", "properties": { "Hofname": "O'Brien-Gasse 25-27", "clean_address": "1210 Wien, O'Brien-Gasse", "Wohnungen": 22, "Lokale": 0, "addr_key": "1210 wien, o'brien-gasse" }, "geometry": { "type": "Point", "coordinates": [ 16.3922463, 48.2654683 ] } },
{ "type": "Feature", "properties": { "Hofname": "Scheffelstraße 24", "clean_address": "1210 Wien, Scheffelstraße", "Wohnungen": 31, "Lokale": 2, "addr_key": "1210 wien, scheffelstraße" }, "geometry": { "type": "Point", "coordinates": [ 16.4062376, 48.2520868 ] } },
{ "type": "Feature", "properties": { "Hofname": "Jedleseer Straße 79-95", "clean_address": "1210 Wien, Jedleseer Straße", "Wohnungen": 1246, "Lokale": 83, "addr_key": "1210 wien, jedleseer straße" }, "geometry": { "type": "Point", "coordinates": [ 16.3887367, 48.260852 ] } },
{ "type": "Feature", "properties": { "Hofname": "Gmündstraße 1", "clean_address": "1210 Wien, Gmündstraße", "Wohnungen": 193, "Lokale": 11, "addr_key": "1210 wien, gmündstraße" }, "geometry": { "type": "Point", "coordinates": [ 16.3859484, 48.2911327 ] } },
{ "type": "Feature", "properties": { "Hofname": "Justgasse 6-14", "clean_address": "1210 Wien, Justgasse", "Wohnungen": 148, "Lokale": 9, "addr_key": "1210 wien, justgasse" }, "geometry": { "type": "Point", "coordinates": [ 16.4136512, 48.2769349 ] } },
{ "type": "Feature", "properties": { "Hofname": "Siemensstraße 21-55", "clean_address": "1210 Wien, Siemensstraße", "Wohnungen": 1573, "Lokale": 128, "addr_key": "1210 wien, siemensstraße" }, "geometry": { "type": "Point", "coordinates": [ 16.4182076, 48.2724443 ] } },
{ "type": "Feature", "properties": { "Hofname": "Ostmarkgasse 48", "clean_address": "1210 Wien, Ostmarkgasse", "Wohnungen": 95, "Lokale": 1, "addr_key": "1210 wien, ostmarkgasse" }, "geometry": { "type": "Point", "coordinates": [ 16.4142037, 48.255467 ] } },
{ "type": "Feature", "properties": { "Hofname": "Leopoldauer Straße 107-113", "clean_address": "1210 Wien, Leopoldauer Straße", "Wohnungen": 99, "Lokale": 3, "addr_key": "1210 wien, leopoldauer straße" }, "geometry": { "type": "Point", "coordinates": [ 16.4049489, 48.2574122 ] } },
{ "type": "Feature", "properties": { "Hofname": "Stammersdorfer Straße 116-120", "clean_address": "1210 Wien, Stammersdorfer Straße", "Wohnungen": 33, "Lokale": 5, "addr_key": "1210 wien, stammersdorfer straße" }, "geometry": { "type": "Polygon", "coordinates": [ [ [ 16.4065953, 48.3023078 ], [ 16.4065683, 48.3022516 ], [ 16.4067842, 48.3022501 ], [ 16.4067842, 48.3022988 ], [ 16.4066912, 48.3022966 ], [ 16.4066912, 48.3023161 ], [ 16.4066575, 48.3023146 ], [ 16.4066586, 48.3023061 ], [ 16.4065953, 48.3023078 ] ] ] } },
{ "type": "Feature", "properties": { "Hofname": "Gerichtsgasse 10", "clean_address": "1210 Wien, Gerichtsgasse", "Wohnungen": 13, "Lokale": 0, "addr_key": "1210 wien, gerichtsgasse" }, "geometry": { "type": "Polygon", "coordinates": [ [ [ 16.3963207, 48.2617343 ], [ 16.3964021, 48.2616877 ], [ 16.3964206, 48.2616888 ], [ 16.39644, 48.2616899 ], [ 16.3965086, 48.2617458 ], [ 16.3966266, 48.2616813 ], [ 16.3965214, 48.2615938 ], [ 16.3965297, 48.2614918 ], [ 16.3963756, 48.2614831 ], [ 16.3963643, 48.2615763 ], [ 16.3962219, 48.2616557 ], [ 16.3963207, 48.2617343 ] ] ] } },
{ "type": "Feature", "properties": { "Hofname": "Morelligasse 1-3", "clean_address": "1210 Wien, Morelligasse", "Wohnungen": 113, "Lokale": 5, "addr_key": "1210 wien, morelligasse" }, "geometry": { "type": "Point", "coordinates": [ 16.4055178, 48.2522831 ] } },
{ "type": "Feature", "properties": { "Hofname": "Kahlgasse 9-11", "clean_address": "1210 Wien, Kahlgasse", "Wohnungen": 32, "Lokale": 0, "addr_key": "1210 wien, kahlgasse" }, "geometry": { "type": "Point", "coordinates": [ 16.4061163, 48.2546641 ] } },
{ "type": "Feature", "properties": { "Hofname": "Donaufelder Straße 20", "clean_address": "1210 Wien, Donaufelder Straße", "Wohnungen": 20, "Lokale": 1, "addr_key": "1210 wien, donaufelder straße" }, "geometry": { "type": "Point", "coordinates": [ 16.4086322, 48.254689 ] } },
{ "type": "Feature", "properties": { "Hofname": "Kirchhoffgasse 13", "clean_address": "1210 Wien, Kirchhoffgasse", "Wohnungen": 20, "Lokale": 0, "addr_key": "1210 wien, kirchhoffgasse" }, "geometry": { "type": "Point", "coordinates": [ 16.4029316, 48.2517809 ] } },
{ "type": "Feature", "properties": { "Hofname": "Josef-Flandorfer-Straße 75", "clean_address": "1210 Wien, Josef-Flandorfer-Straße", "Wohnungen": 18, "Lokale": 0, "addr_key": "1210 wien, josef-flandorfer-straße" }, "geometry": { "type": "Point", "coordinates": [ 16.4199501, 48.2982496 ] } },
{ "type": "Feature", "properties": { "Hofname": "Schenkendorfgasse 49-53", "clean_address": "1210 Wien, Schenkendorfgasse", "Wohnungen": 63, "Lokale": 2, "addr_key": "1210 wien, schenkendorfgasse" }, "geometry": { "type": "Point", "coordinates": [ 16.4055483, 48.2577444 ] } },
{ "type": "Feature", "properties": { "Hofname": "Voltagasse 55-63", "clean_address": "1210 Wien, Voltagasse", "Wohnungen": 179, "Lokale": 4, "addr_key": "1210 wien, voltagasse" }, "geometry": { "type": "Point", "coordinates": [ 16.3924448, 48.2650318 ] } },
{ "type": "Feature", "properties": { "Hofname": "Wenhartgasse 20", "clean_address": "1210 Wien, Wenhartgasse", "Wohnungen": 25, "Lokale": 1, "addr_key": "1210 wien, wenhartgasse" }, "geometry": { "type": "Point", "coordinates": [ 16.3834964, 48.2669216 ] } },
{ "type": "Feature", "properties": { "Hofname": "Franz-Jonas-Hof", "clean_address": "1210 Wien, Prager Straße", "Wohnungen": 338, "Lokale": 17, "addr_key": "1210 wien, prager straße" }, "geometry": { "type": "Point", "coordinates": [ 16.3530978, 48.216483 ] } },
{ "type": "Feature", "properties": { "Hofname": "Brünner Straße 97-99", "clean_address": "1210 Wien, Brünner Straße", "Wohnungen": 66, "Lokale": 3, "addr_key": "1210 wien, brünner straße" }, "geometry": { "type": "Point", "coordinates": [ 16.4030724, 48.2660544 ] } },
{ "type": "Feature", "properties": { "Hofname": "Amtsstraße 42", "clean_address": "1210 Wien, Amtsstraße", "Wohnungen": 31, "Lokale": 2, "addr_key": "1210 wien, amtsstraße" }, "geometry": { "type": "Point", "coordinates": [ 16.4064123, 48.2776131 ] } },
{ "type": "Feature", "properties": { "Hofname": "Rußbergstraße 24", "clean_address": "1210 Wien, Rußbergstraße", "Wohnungen": 142, "Lokale": 10, "addr_key": "1210 wien, rußbergstraße" }, "geometry": { "type": "Polygon", "coordinates": [ [ [ 16.3881016, 48.2932581 ], [ 16.3881675, 48.2932442 ], [ 16.3883404, 48.2932087 ], [ 16.3883352, 48.2931975 ], [ 16.3883533, 48.2931938 ], [ 16.3883387, 48.2931624 ], [ 16.3883205, 48.2931662 ], [ 16.3883163, 48.2931574 ], [ 16.3881715, 48.2931873 ], [ 16.3881804, 48.2932064 ], [ 16.3881389, 48.293215 ], [ 16.388115, 48.293164 ], [ 16.3880801, 48.2931712 ], [ 16.3880604, 48.2931293 ], [ 16.3879304, 48.2931563 ], [ 16.3879744, 48.2932502 ], [ 16.3879898, 48.2932821 ], [ 16.3881016, 48.2932581 ] ] ] } },
{ "type": "Feature", "properties": { "Hofname": "Roda-Roda-Gasse 4", "clean_address": "1210 Wien, Roda-Roda-Gasse", "Wohnungen": 191, "Lokale": 8, "addr_key": "1210 wien, roda-roda-gasse" }, "geometry": { "type": "Point", "coordinates": [ 16.3834078, 48.2902309 ] } },
{ "type": "Feature", "properties": { "Hofname": "Roda-Roda-Gasse 6", "clean_address": "1210 Wien, Roda-Roda-Gasse", "Wohnungen": 24, "Lokale": 0, "addr_key": "1210 wien, roda-roda-gasse" }, "geometry": { "type": "Point", "coordinates": [ 16.3834078, 48.2902309 ] } },
{ "type": "Feature", "properties": { "Hofname": "Frömmlgasse 2-4", "clean_address": "1210 Wien, Frömmlgasse", "Wohnungen": 171, "Lokale": 6, "addr_key": "1210 wien, frömmlgasse" }, "geometry": { "type": "Point", "coordinates": [ 16.3949476, 48.2589432 ] } },
{ "type": "Feature", "properties": { "Hofname": "Roggegasse 44-46", "clean_address": "1210 Wien, Roggegasse", "Wohnungen": 51, "Lokale": 2, "addr_key": "1210 wien, roggegasse" }, "geometry": { "type": "Point", "coordinates": [ 16.3881603, 48.2882831 ] } },
{ "type": "Feature", "properties": { "Hofname": "Ödenburger Straße 73-85", "clean_address": "1210 Wien, Ödenburger Straße", "Wohnungen": 320, "Lokale": 7, "addr_key": "1210 wien, ödenburger straße" }, "geometry": { "type": "Point", "coordinates": [ 16.3971348, 48.2747555 ] } },
{ "type": "Feature", "properties": { "Hofname": "Nordmanngasse 14-16", "clean_address": "1210 Wien, Nordmanngasse", "Wohnungen": 74, "Lokale": 0, "addr_key": "1210 wien, nordmanngasse" }, "geometry": { "type": "Point", "coordinates": [ 16.4103653, 48.2530491 ] } },
{ "type": "Feature", "properties": { "Hofname": "Frömmlgasse 1", "clean_address": "1210 Wien, Frömmlgasse", "Wohnungen": 14, "Lokale": 0, "addr_key": "1210 wien, frömmlgasse" }, "geometry": { "type": "Point", "coordinates": [ 16.3949476, 48.2589432 ] } },
{ "type": "Feature", "properties": { "Hofname": "Edergasse 1-3", "clean_address": "1210 Wien, Edergasse", "Wohnungen": 131, "Lokale": 12, "addr_key": "1210 wien, edergasse" }, "geometry": { "type": "Point", "coordinates": [ 16.410606, 48.2770509 ] } },
{ "type": "Feature", "properties": { "Hofname": "Berlagasse 1", "clean_address": "1210 Wien, Berlagasse", "Wohnungen": 282, "Lokale": 6, "addr_key": "1210 wien, berlagasse" }, "geometry": { "type": "Point", "coordinates": [ 16.385576, 48.2881787 ] } },
{ "type": "Feature", "properties": { "Hofname": "Franz-Petritsch-Hof", "clean_address": "1210 Wien, Jedleseer Straße", "Wohnungen": 247, "Lokale": 6, "addr_key": "1210 wien, jedleseer straße" }, "geometry": { "type": "Point", "coordinates": [ 16.3887367, 48.260852 ] } },
{ "type": "Feature", "properties": { "Hofname": "Justgasse 29", "clean_address": "1210 Wien, Justgasse", "Wohnungen": 695, "Lokale": 15, "addr_key": "1210 wien, justgasse" }, "geometry": { "type": "Point", "coordinates": [ 16.4136512, 48.2769349 ] } },
{ "type": "Feature", "properties": { "Hofname": "Mühlweg 43", "clean_address": "1210 Wien, Mühlweg", "Wohnungen": 273, "Lokale": 2, "addr_key": "1210 wien, mühlweg" }, "geometry": { "type": "Point", "coordinates": [ 16.385285, 48.2846529 ] } },
{ "type": "Feature", "properties": { "Hofname": "Rußbergstraße 11", "clean_address": "1210 Wien, Rußbergstraße", "Wohnungen": 92, "Lokale": 10, "addr_key": "1210 wien, rußbergstraße" }, "geometry": { "type": "Polygon", "coordinates": [ [ [ 16.3881016, 48.2932581 ], [ 16.3881675, 48.2932442 ], [ 16.3883404, 48.2932087 ], [ 16.3883352, 48.2931975 ], [ 16.3883533, 48.2931938 ], [ 16.3883387, 48.2931624 ], [ 16.3883205, 48.2931662 ], [ 16.3883163, 48.2931574 ], [ 16.3881715, 48.2931873 ], [ 16.3881804, 48.2932064 ], [ 16.3881389, 48.293215 ], [ 16.388115, 48.293164 ], [ 16.3880801, 48.2931712 ], [ 16.3880604, 48.2931293 ], [ 16.3879304, 48.2931563 ], [ 16.3879744, 48.2932502 ], [ 16.3879898, 48.2932821 ], [ 16.3881016, 48.2932581 ] ] ] } },
{ "type": "Feature", "properties": { "Hofname": "Mühlschüttelgasse 7-11", "clean_address": "1210 Wien, Mühlschüttelgasse", "Wohnungen": 53, "Lokale": 0, "addr_key": "1210 wien, mühlschüttelgasse" }, "geometry": { "type": "Polygon", "coordinates": [ [ [ 16.4017363, 48.2514081 ], [ 16.4016681, 48.2512481 ], [ 16.4017694, 48.2512289 ], [ 16.4017955, 48.2512901 ], [ 16.4017679, 48.2512953 ], [ 16.4018101, 48.2513941 ], [ 16.4017363, 48.2514081 ] ] ] } },
{ "type": "Feature", "properties": { "Hofname": "Theodor-Körner-Gasse 28", "clean_address": "1210 Wien, Theodor-Körner-Gasse", "Wohnungen": 16, "Lokale": 2, "addr_key": "1210 wien, theodor-körner-gasse" }, "geometry": { "type": "Point", "coordinates": [ 16.4083719, 48.250343 ] } },
{ "type": "Feature", "properties": { "Hofname": "Donaufelder Straße 22", "clean_address": "1210 Wien, Donaufelder Straße", "Wohnungen": 27, "Lokale": 13, "addr_key": "1210 wien, donaufelder straße" }, "geometry": { "type": "Point", "coordinates": [ 16.4086322, 48.254689 ] } },
{ "type": "Feature", "properties": { "Hofname": "Rußbergstraße 94-100", "clean_address": "1210 Wien, Rußbergstraße", "Wohnungen": 23, "Lokale": 5, "addr_key": "1210 wien, rußbergstraße" }, "geometry": { "type": "Polygon", "coordinates": [ [ [ 16.3881016, 48.2932581 ], [ 16.3881675, 48.2932442 ], [ 16.3883404, 48.2932087 ], [ 16.3883352, 48.2931975 ], [ 16.3883533, 48.2931938 ], [ 16.3883387, 48.2931624 ], [ 16.3883205, 48.2931662 ], [ 16.3883163, 48.2931574 ], [ 16.3881715, 48.2931873 ], [ 16.3881804, 48.2932064 ], [ 16.3881389, 48.293215 ], [ 16.388115, 48.293164 ], [ 16.3880801, 48.2931712 ], [ 16.3880604, 48.2931293 ], [ 16.3879304, 48.2931563 ], [ 16.3879744, 48.2932502 ], [ 16.3879898, 48.2932821 ], [ 16.3881016, 48.2932581 ] ] ] } },
{ "type": "Feature", "properties": { "Hofname": "Pastorstraße 22", "clean_address": "1210 Wien, Pastorstraße", "Wohnungen": 145, "Lokale": 2, "addr_key": "1210 wien, pastorstraße" }, "geometry": { "type": "Point", "coordinates": [ 16.4433467, 48.271797 ] } },
{ "type": "Feature", "properties": { "Hofname": "Oswald-Redlich-Straße 36", "clean_address": "1210 Wien, Oswald-Redlich-Straße", "Wohnungen": 180, "Lokale": 15, "addr_key": "1210 wien, oswald-redlich-straße" }, "geometry": { "type": "Point", "coordinates": [ 16.4393583, 48.2731163 ] } },
{ "type": "Feature", "properties": { "Hofname": "Brünner Straße 188", "clean_address": "1210 Wien, Brünner Straße", "Wohnungen": 217, "Lokale": 1, "addr_key": "1210 wien, brünner straße" }, "geometry": { "type": "Point", "coordinates": [ 16.4030724, 48.2660544 ] } },
{ "type": "Feature", "properties": { "Hofname": "Otto-Felix-Kanitz-Hof", "clean_address": "1210 Wien, Kummergasse", "Wohnungen": 189, "Lokale": 6, "addr_key": "1210 wien, kummergasse" }, "geometry": { "type": "Point", "coordinates": [ 16.4169861, 48.2936782 ] } },
{ "type": "Feature", "properties": { "Hofname": "Jedlersdorfer Straße 294", "clean_address": "1210 Wien, Jedlersdorfer Straße", "Wohnungen": 70, "Lokale": 8, "addr_key": "1210 wien, jedlersdorfer straße" }, "geometry": { "type": "Polygon", "coordinates": [ [ [ 16.4002416, 48.2778866 ], [ 16.4002103, 48.2778924 ], [ 16.4001788, 48.2778982 ], [ 16.4001869, 48.2779177 ], [ 16.4002105, 48.277914 ], [ 16.4002216, 48.2779453 ], [ 16.4002503, 48.2780258 ], [ 16.4002441, 48.2780269 ], [ 16.4002542, 48.2780512 ], [ 16.4002481, 48.2780523 ], [ 16.4002676, 48.2780992 ], [ 16.4002708, 48.2781069 ], [ 16.400123, 48.2781362 ], [ 16.4000636, 48.2781451 ], [ 16.4000603, 48.2781372 ], [ 16.4000491, 48.2781104 ], [ 16.4000656, 48.2781074 ], [ 16.4000479, 48.278065 ], [ 16.4000312, 48.2780681 ], [ 16.3999616, 48.2779011 ], [ 16.3999765, 48.2778984 ], [ 16.3999678, 48.2778776 ], [ 16.4000577, 48.277861 ], [ 16.4000523, 48.2778481 ], [ 16.4001772, 48.277825 ], [ 16.4001818, 48.277836 ], [ 16.4001933, 48.2778339 ], [ 16.400215, 48.2778299 ], [ 16.4002416, 48.2778866 ] ] ] } },
{ "type": "Feature", "properties": { "Hofname": "Hanreitergasse 3", "clean_address": "1210 Wien, Hanreitergasse", "Wohnungen": 289, "Lokale": 6, "addr_key": "1210 wien, hanreitergasse" }, "geometry": { "type": "Point", "coordinates": [ 16.4139859, 48.2841139 ] } },
{ "type": "Feature", "properties": { "Hofname": "Konstanziagasse 44", "clean_address": "1220 Wien, Konstanziagasse", "Wohnungen": 122, "Lokale": 10, "addr_key": "1220 wien, konstanziagasse" }, "geometry": { "type": "Point", "coordinates": [ 16.4573371, 48.2272215 ] } },
{ "type": "Feature", "properties": { "Hofname": "Schüttaustraße 14", "clean_address": "1220 Wien, Schüttaustraße", "Wohnungen": 0, "Lokale": 0, "addr_key": "1220 wien, schüttaustraße" }, "geometry": { "type": "Point", "coordinates": [ 16.4254762, 48.2245369 ] } },
{ "type": "Feature", "properties": { "Hofname": "Langobardenstraße 207", "clean_address": "1220 Wien, Langobardenstraße", "Wohnungen": 16, "Lokale": 1, "addr_key": "1220 wien, langobardenstraße" }, "geometry": { "type": "Point", "coordinates": [ 16.4532118, 48.2256544 ] } },
{ "type": "Feature", "properties": { "Hofname": "Rudolf-Huber-Hof", "clean_address": "1220 Wien, Quadenstraße", "Wohnungen": 743, "Lokale": 5, "addr_key": "1220 wien, quadenstraße" }, "geometry": { "type": "Point", "coordinates": [ 16.4760171, 48.2371013 ] } },
{ "type": "Feature", "properties": { "Hofname": "Meißnergasse 4-6", "clean_address": "1220 Wien, Meißnergasse", "Wohnungen": 123, "Lokale": 4, "addr_key": "1220 wien, meißnergasse" }, "geometry": { "type": "Point", "coordinates": [ 16.4406662, 48.2482396 ] } },
{ "type": "Feature", "properties": { "Hofname": "Wagramer Straße 97-103", "clean_address": "1220 Wien, Wagramer Straße", "Wohnungen": 349, "Lokale": 14, "addr_key": "1220 wien, wagramer straße" }, "geometry": { "type": "Point", "coordinates": [ 16.4332595, 48.2424368 ] } },
{ "type": "Feature", "properties": { "Hofname": "Albert-Schultz-Hof", "clean_address": "1220 Wien, Erzherzog-Karl-Straße", "Wohnungen": 185, "Lokale": 29, "addr_key": "1220 wien, erzherzog-karl-straße" }, "geometry": { "type": "Point", "coordinates": [ 16.4310503, 48.2387435 ] } },
{ "type": "Feature", "properties": { "Hofname": "Moissigasse 19", "clean_address": "1220 Wien, Moissigasse", "Wohnungen": 209, "Lokale": 19, "addr_key": "1220 wien, moissigasse" }, "geometry": { "type": "MultiPolygon", "coordinates": [ [ [ [ 16.4310262, 48.2315836 ], [ 16.4311935, 48.2318831 ], [ 16.4315631, 48.2317022 ], [ 16.4318206, 48.2315535 ], [ 16.4319635, 48.231455 ], [ 16.4320638, 48.2313692 ], [ 16.4314937, 48.2312053 ], [ 16.4314614, 48.2311678 ], [ 16.4314014, 48.2311445 ], [ 16.4313235, 48.2311477 ], [ 16.4312874, 48.2312038 ], [ 16.4310801, 48.2313197 ], [ 16.4310488, 48.2313625 ], [ 16.4310753, 48.2313843 ], [ 16.4312841, 48.231409 ], [ 16.4312257, 48.2315001 ], [ 16.4311293, 48.2314993 ], [ 16.4310317, 48.2314984 ], [ 16.4310286, 48.2315409 ], [ 16.4310262, 48.2315836 ] ] ], [ [ [ 16.4312224, 48.2319165 ], [ 16.4317012, 48.2320515 ], [ 16.4319443, 48.2317344 ], [ 16.4321877, 48.2314239 ], [ 16.4321052, 48.2313944 ], [ 16.4318347, 48.2315933 ], [ 16.4316121, 48.2317219 ], [ 16.4312224, 48.2319165 ] ] ] ] } },
{ "type": "Feature", "properties": { "Hofname": "Steigenteschgasse 11", "clean_address": "1220 Wien, Steigenteschgasse", "Wohnungen": 15, "Lokale": 5, "addr_key": "1220 wien, steigenteschgasse" }, "geometry": { "type": "Point", "coordinates": [ 16.4398053, 48.2454827 ] } },
{ "type": "Feature", "properties": { "Hofname": "Kraygasse 89", "clean_address": "1220 Wien, Kraygasse", "Wohnungen": 27, "Lokale": 1, "addr_key": "1220 wien, kraygasse" }, "geometry": { "type": "Point", "coordinates": [ 16.4475084, 48.2450249 ] } },
{ "type": "Feature", "properties": { "Hofname": "Langobardenstraße 23-27", "clean_address": "1220 Wien, Langobardenstraße", "Wohnungen": 219, "Lokale": 7, "addr_key": "1220 wien, langobardenstraße" }, "geometry": { "type": "Point", "coordinates": [ 16.4532118, 48.2256544 ] } },
{ "type": "Feature", "properties": { "Hofname": "Erzherzog-Karl-Straße 84-88", "clean_address": "1220 Wien, Erzherzog-Karl-Straße", "Wohnungen": 98, "Lokale": 7, "addr_key": "1220 wien, erzherzog-karl-straße" }, "geometry": { "type": "Point", "coordinates": [ 16.4310503, 48.2387435 ] } },
{ "type": "Feature", "properties": { "Hofname": "Donaustadtstraße 44", "clean_address": "1220 Wien, Donaustadtstraße", "Wohnungen": 85, "Lokale": 1, "addr_key": "1220 wien, donaustadtstraße" }, "geometry": { "type": "Point", "coordinates": [ 16.4447137, 48.222682 ] } },
{ "type": "Feature", "properties": { "Hofname": "Donaufelder Straße 208-214", "clean_address": "1220 Wien, Donaufelder Straße", "Wohnungen": 102, "Lokale": 1, "addr_key": "1220 wien, donaufelder straße" }, "geometry": { "type": "Point", "coordinates": [ 16.4086322, 48.254689 ] } },
{ "type": "Feature", "properties": { "Hofname": "Baschgasse 21", "clean_address": "1220 Wien, Baschgasse", "Wohnungen": 12, "Lokale": 1, "addr_key": "1220 wien, baschgasse" }, "geometry": { "type": "Point", "coordinates": [ 16.4830437, 48.2827147 ] } },
{ "type": "Feature", "properties": { "Hofname": "Stallarngasse 34-40", "clean_address": "1220 Wien, Stallarngasse", "Wohnungen": 24, "Lokale": 3, "addr_key": "1220 wien, stallarngasse" }, "geometry": { "type": "Point", "coordinates": [ 16.4887914, 48.2845472 ] } },
{ "type": "Feature", "properties": { "Hofname": "Pirquetgasse 9", "clean_address": "1220 Wien, Pirquetgasse", "Wohnungen": 308, "Lokale": 0, "addr_key": "1220 wien, pirquetgasse" }, "geometry": { "type": "Point", "coordinates": [ 16.479293, 48.2390725 ] } },
{ "type": "Feature", "properties": { "Hofname": "Eßlinger Hauptstraße 76", "clean_address": "1220 Wien, Eßlinger Hauptstraße", "Wohnungen": 79, "Lokale": 5, "addr_key": "1220 wien, eßlinger hauptstraße" }, "geometry": { "type": "Point", "coordinates": [ 16.5107235, 48.2146115 ] } },
{ "type": "Feature", "properties": { "Hofname": "Oberdorfstraße 4-8", "clean_address": "1220 Wien, Oberdorfstraße", "Wohnungen": 75, "Lokale": 6, "addr_key": "1220 wien, oberdorfstraße" }, "geometry": { "type": "Point", "coordinates": [ 16.4806281, 48.2191195 ] } },
{ "type": "Feature", "properties": { "Hofname": "Agavenweg 26", "clean_address": "1220 Wien, Agavenweg", "Wohnungen": 23, "Lokale": 2, "addr_key": "1220 wien, agavenweg" }, "geometry": { "type": "Point", "coordinates": [ 16.4988772, 48.2536742 ] } },
{ "type": "Feature", "properties": { "Hofname": "Schüttaustraße 20-40", "clean_address": "1220 Wien, Schüttaustraße", "Wohnungen": 414, "Lokale": 16, "addr_key": "1220 wien, schüttaustraße" }, "geometry": { "type": "Point", "coordinates": [ 16.4254762, 48.2245369 ] } },
{ "type": "Feature", "properties": { "Hofname": "Mendelssohngasse 2", "clean_address": "1220 Wien, Mendelssohngasse", "Wohnungen": 37, "Lokale": 2, "addr_key": "1220 wien, mendelssohngasse" }, "geometry": { "type": "Polygon", "coordinates": [ [ [ 16.4242745, 48.2251729 ], [ 16.4242267, 48.2251447 ], [ 16.4242098, 48.2251529 ], [ 16.4241876, 48.2251415 ], [ 16.4241946, 48.2251257 ], [ 16.4241684, 48.2251102 ], [ 16.4241562, 48.2251196 ], [ 16.4241276, 48.2251044 ], [ 16.4241334, 48.2250895 ], [ 16.424082, 48.2250591 ], [ 16.4241844, 48.2249856 ], [ 16.424198, 48.2249766 ], [ 16.4242559, 48.2250107 ], [ 16.4242954, 48.224982 ], [ 16.4243587, 48.2250195 ], [ 16.4243186, 48.2250485 ], [ 16.424385, 48.2250897 ], [ 16.424372, 48.2250984 ], [ 16.4242745, 48.2251729 ] ] ] } },
{ "type": "Feature", "properties": { "Hofname": "Wimpffengasse 37-39", "clean_address": "1220 Wien, Wimpffengasse", "Wohnungen": 59, "Lokale": 0, "addr_key": "1220 wien, wimpffengasse" }, "geometry": { "type": "Point", "coordinates": [ 16.4894447, 48.2175454 ] } },
{ "type": "Feature", "properties": { "Hofname": "Hirschstettner Straße 2-4", "clean_address": "1220 Wien, Hirschstettner Straße", "Wohnungen": 45, "Lokale": 2, "addr_key": "1220 wien, hirschstettner straße" }, "geometry": { "type": "Point", "coordinates": [ 16.4517024, 48.2475608 ] } },
{ "type": "Feature", "properties": { "Hofname": "Schüttaustraße 4-18", "clean_address": "1220 Wien, Schüttaustraße", "Wohnungen": 246, "Lokale": 25, "addr_key": "1220 wien, schüttaustraße" }, "geometry": { "type": "Point", "coordinates": [ 16.4254762, 48.2245369 ] } },
{ "type": "Feature", "properties": { "Hofname": "Wagramer Straße 55-61", "clean_address": "1220 Wien, Wagramer Straße", "Wohnungen": 231, "Lokale": 17, "addr_key": "1220 wien, wagramer straße" }, "geometry": { "type": "Point", "coordinates": [ 16.4332595, 48.2424368 ] } },
{ "type": "Feature", "properties": { "Hofname": "Wagramer Straße 164-168", "clean_address": "1220 Wien, Wagramer Straße", "Wohnungen": 82, "Lokale": 3, "addr_key": "1220 wien, wagramer straße" }, "geometry": { "type": "Point", "coordinates": [ 16.4332595, 48.2424368 ] } },
{ "type": "Feature", "properties": { "Hofname": "Viktor-Kaplan-Straße 1-9", "clean_address": "1220 Wien, Viktor-Kaplan-Straße", "Wohnungen": 127, "Lokale": 0, "addr_key": "1220 wien, viktor-kaplan-straße" }, "geometry": { "type": "Point", "coordinates": [ 16.4469681, 48.2320754 ] } },
{ "type": "Feature", "properties": { "Hofname": "Meißauergasse 2", "clean_address": "1220 Wien, Meißauergasse", "Wohnungen": 117, "Lokale": 2, "addr_key": "1220 wien, meißauergasse" }, "geometry": { "type": "Point", "coordinates": [ 16.4425881, 48.2470047 ] } },
{ "type": "Feature", "properties": { "Hofname": "Hirschstettner Straße 12-20", "clean_address": "1220 Wien, Hirschstettner Straße", "Wohnungen": 332, "Lokale": 8, "addr_key": "1220 wien, hirschstettner straße" }, "geometry": { "type": "Point", "coordinates": [ 16.4517024, 48.2475608 ] } },
{ "type": "Feature", "properties": { "Hofname": "Siebenbürgerstraße 2-12", "clean_address": "1220 Wien, Siebenbürgerstraße", "Wohnungen": 855, "Lokale": 10, "addr_key": "1220 wien, siebenbürgerstraße" }, "geometry": { "type": "Point", "coordinates": [ 16.4468099, 48.2346767 ] } },
{ "type": "Feature", "properties": { "Hofname": "Spargelfeldstraße 194-198", "clean_address": "1220 Wien, Spargelfeldstraße", "Wohnungen": 35, "Lokale": 3, "addr_key": "1220 wien, spargelfeldstraße" }, "geometry": { "type": "Polygon", "coordinates": [ [ [ 16.4679211, 48.2356998 ], [ 16.4679592, 48.2357404 ], [ 16.4680906, 48.2356857 ], [ 16.46811, 48.2356776 ], [ 16.4680938, 48.2356603 ], [ 16.4681028, 48.2356566 ], [ 16.4680809, 48.2356333 ], [ 16.4679211, 48.2356998 ] ] ] } },
{ "type": "Feature", "properties": { "Hofname": "Tietzestraße 2", "clean_address": "1220 Wien, Tietzestraße", "Wohnungen": 523, "Lokale": 6, "addr_key": "1220 wien, tietzestraße" }, "geometry": { "type": "Point", "coordinates": [ 16.447714, 48.2296127 ] } },
{ "type": "Feature", "properties": { "Hofname": "Aribogasse 28", "clean_address": "1220 Wien, Aribogasse", "Wohnungen": 470, "Lokale": 6, "addr_key": "1220 wien, aribogasse" }, "geometry": { "type": "Point", "coordinates": [ 16.4563064, 48.2238608 ] } },
{ "type": "Feature", "properties": { "Hofname": "Langobardenstraße 63a", "clean_address": "1220 Wien, Langobardenstraße", "Wohnungen": 32, "Lokale": 4, "addr_key": "1220 wien, langobardenstraße" }, "geometry": { "type": "Point", "coordinates": [ 16.4532118, 48.2256544 ] } },
{ "type": "Feature", "properties": { "Hofname": "Rugierstraße 26", "clean_address": "1220 Wien, Rugierstraße", "Wohnungen": 166, "Lokale": 4, "addr_key": "1220 wien, rugierstraße" }, "geometry": { "type": "Point", "coordinates": [ 16.4501724, 48.2355645 ] } },
{ "type": "Feature", "properties": { "Hofname": "Hans-Steger-Gasse 13", "clean_address": "1220 Wien, Hans-Steger-Gasse", "Wohnungen": 54, "Lokale": 4, "addr_key": "1220 wien, hans-steger-gasse" }, "geometry": { "type": "Point", "coordinates": [ 16.453656, 48.2261851 ] } },
{ "type": "Feature", "properties": { "Hofname": "Anton-Sattler-Gasse 82-84", "clean_address": "1220 Wien, Anton-Sattler-Gasse", "Wohnungen": 166, "Lokale": 1, "addr_key": "1220 wien, anton-sattler-gasse" }, "geometry": { "type": "Point", "coordinates": [ 16.4286, 48.2400066 ] } },
{ "type": "Feature", "properties": { "Hofname": "Pogrelzstraße 2", "clean_address": "1220 Wien, Pogrelzstraße", "Wohnungen": 125, "Lokale": 2, "addr_key": "1220 wien, pogrelzstraße" }, "geometry": { "type": "Point", "coordinates": [ 16.452406, 48.2400586 ] } },
{ "type": "Feature", "properties": { "Hofname": "Mergenthalerplatz 1", "clean_address": "1220 Wien, Mergenthalerplatz", "Wohnungen": 16, "Lokale": 8, "addr_key": "1220 wien, mergenthalerplatz" }, "geometry": { "type": "Point", "coordinates": [ 16.4466821, 48.2430951 ] } },
{ "type": "Feature", "properties": { "Hofname": "Steigenteschgasse 136-140", "clean_address": "1220 Wien, Steigenteschgasse", "Wohnungen": 24, "Lokale": 3, "addr_key": "1220 wien, steigenteschgasse" }, "geometry": { "type": "Point", "coordinates": [ 16.4398053, 48.2454827 ] } },
{ "type": "Feature", "properties": { "Hofname": "Karl-Grübl-Weg 39-41", "clean_address": "1220 Wien, Karl-Grübl-Weg", "Wohnungen": 26, "Lokale": 0, "addr_key": "1220 wien, karl-grübl-weg" }, "geometry": { "type": "Polygon", "coordinates": [ [ [ 16.465032, 48.2229555 ], [ 16.4650604, 48.2229985 ], [ 16.4651485, 48.2229726 ], [ 16.465081, 48.2228706 ], [ 16.4649929, 48.2228964 ], [ 16.4649988, 48.2229053 ], [ 16.465032, 48.2229555 ] ] ] } },
{ "type": "Feature", "properties": { "Hofname": "Wagramer Straße 95", "clean_address": "1220 Wien, Wagramer Straße", "Wohnungen": 202, "Lokale": 9, "addr_key": "1220 wien, wagramer straße" }, "geometry": { "type": "Point", "coordinates": [ 16.4332595, 48.2424368 ] } },
{ "type": "Feature", "properties": { "Hofname": "Polgarstraße 25", "clean_address": "1220 Wien, Polgarstraße", "Wohnungen": 135, "Lokale": 0, "addr_key": "1220 wien, polgarstraße" }, "geometry": { "type": "Point", "coordinates": [ 16.4505215, 48.231723 ] } },
{ "type": "Feature", "properties": { "Hofname": "Franz-Karl-Effenberg-Hof", "clean_address": "1220 Wien, Ziegelhofstraße", "Wohnungen": 480, "Lokale": 14, "addr_key": "1220 wien, ziegelhofstraße" }, "geometry": { "type": "Point", "coordinates": [ 16.4779733, 48.2380027 ] } },
{ "type": "Feature", "properties": { "Hofname": "Quadenstraße 65-67", "clean_address": "1220 Wien, Quadenstraße", "Wohnungen": 376, "Lokale": 7, "addr_key": "1220 wien, quadenstraße" }, "geometry": { "type": "Point", "coordinates": [ 16.4760171, 48.2371013 ] } },
{ "type": "Feature", "properties": { "Hofname": "Pirquetgasse 6", "clean_address": "1220 Wien, Pirquetgasse", "Wohnungen": 72, "Lokale": 2, "addr_key": "1220 wien, pirquetgasse" }, "geometry": { "type": "Point", "coordinates": [ 16.479293, 48.2390725 ] } },
{ "type": "Feature", "properties": { "Hofname": "Rennbahnweg 27", "clean_address": "1220 Wien, Rennbahnweg", "Wohnungen": 2422, "Lokale": 76, "addr_key": "1220 wien, rennbahnweg" }, "geometry": { "type": "Polygon", "coordinates": [ [ [ 16.4535293, 48.2556675 ], [ 16.4534696, 48.2555826 ], [ 16.453336, 48.2556241 ], [ 16.4532943, 48.2556183 ], [ 16.4529967, 48.2551942 ], [ 16.4530975, 48.2551628 ], [ 16.4531027, 48.2551535 ], [ 16.4531046, 48.2551437 ], [ 16.4531497, 48.2551296 ], [ 16.4530871, 48.2550404 ], [ 16.4529472, 48.2550839 ], [ 16.4529346, 48.255066 ], [ 16.4527868, 48.255112 ], [ 16.4527994, 48.2551299 ], [ 16.4526622, 48.2551726 ], [ 16.4527244, 48.2552612 ], [ 16.4527691, 48.2552473 ], [ 16.4527768, 48.2552516 ], [ 16.4527859, 48.2552543 ], [ 16.4527958, 48.2552555 ], [ 16.4528737, 48.2552312 ], [ 16.4531744, 48.2556596 ], [ 16.4531113, 48.2556792 ], [ 16.4530977, 48.2556598 ], [ 16.4530564, 48.2556493 ], [ 16.4528211, 48.2557225 ], [ 16.4528055, 48.2557512 ], [ 16.452793, 48.2557513 ], [ 16.4527812, 48.2557539 ], [ 16.452771, 48.2557587 ], [ 16.4524853, 48.2553516 ], [ 16.4525381, 48.2553352 ], [ 16.452543, 48.2553299 ], [ 16.4525455, 48.2553239 ], [ 16.4525455, 48.2553176 ], [ 16.4525888, 48.2553041 ], [ 16.4525261, 48.2552148 ], [ 16.4523874, 48.2552579 ], [ 16.4523744, 48.2552393 ], [ 16.4522277, 48.255285 ], [ 16.4522407, 48.2553036 ], [ 16.4521025, 48.2553466 ], [ 16.4521646, 48.2554349 ], [ 16.4522115, 48.2554203 ], [ 16.4522211, 48.2554249 ], [ 16.4522321, 48.2554278 ], [ 16.4522437, 48.255429 ], [ 16.4523339, 48.2554009 ], [ 16.4526137, 48.2557996 ], [ 16.4526067, 48.2558018 ], [ 16.4526144, 48.2558128 ], [ 16.4521064, 48.2559708 ], [ 16.4520861, 48.2559667 ], [ 16.4518042, 48.255565 ], [ 16.4518829, 48.2555405 ], [ 16.4518867, 48.2555363 ], [ 16.4518886, 48.2555316 ], [ 16.4518885, 48.2555267 ], [ 16.4518864, 48.2555219 ], [ 16.4519337, 48.2555072 ], [ 16.4518716, 48.2554188 ], [ 16.4517292, 48.2554632 ], [ 16.4517171, 48.2554459 ], [ 16.4515772, 48.2554894 ], [ 16.4515893, 48.2555067 ], [ 16.4514489, 48.2555504 ], [ 16.4515115, 48.2556396 ], [ 16.4515567, 48.2556256 ], [ 16.4515624, 48.2556296 ], [ 16.4515695, 48.2556325 ], [ 16.4515776, 48.2556341 ], [ 16.4515859, 48.2556342 ], [ 16.451657, 48.2556121 ], [ 16.4519411, 48.2560169 ], [ 16.451874, 48.2560378 ], [ 16.4518411, 48.2560285 ], [ 16.4516112, 48.2561 ], [ 16.4515985, 48.2561235 ], [ 16.4515465, 48.2561397 ], [ 16.4512614, 48.2557334 ], [ 16.4513574, 48.2557035 ], [ 16.4513451, 48.255686 ], [ 16.4513729, 48.2556774 ], [ 16.4513472, 48.2556408 ], [ 16.4513553, 48.2556301 ], [ 16.4513468, 48.2556179 ], [ 16.451329, 48.2556148 ], [ 16.4513241, 48.2556079 ], [ 16.4512963, 48.2556165 ], [ 16.4512743, 48.2555852 ], [ 16.4510385, 48.2556585 ], [ 16.4510611, 48.2556908 ], [ 16.4510332, 48.2556995 ], [ 16.451038, 48.2557064 ], [ 16.4510324, 48.2557154 ], [ 16.4510439, 48.2557318 ], [ 16.4510572, 48.2557337 ], [ 16.4511078, 48.2558057 ], [ 16.4511357, 48.255797 ], [ 16.4514203, 48.2562026 ], [ 16.4514103, 48.2562251 ], [ 16.4511141, 48.2563172 ], [ 16.4511727, 48.2564007 ], [ 16.451541, 48.2562861 ], [ 16.4515687, 48.2562913 ], [ 16.4515754, 48.2563009 ], [ 16.4516054, 48.2562916 ], [ 16.4516316, 48.2562987 ], [ 16.4517013, 48.256277 ], [ 16.4517127, 48.2562933 ], [ 16.451998, 48.2562045 ], [ 16.4519867, 48.2561883 ], [ 16.4520562, 48.2561667 ], [ 16.452078, 48.2561745 ], [ 16.4521119, 48.256164 ], [ 16.4521227, 48.2561461 ], [ 16.4521586, 48.2561553 ], [ 16.4521576, 48.2561539 ], [ 16.4525544, 48.2560304 ], [ 16.4525649, 48.2560124 ], [ 16.4525377, 48.2559737 ], [ 16.4526068, 48.2559522 ], [ 16.452634, 48.2559909 ], [ 16.4526635, 48.2559965 ], [ 16.452768, 48.255964 ], [ 16.4527785, 48.2559404 ], [ 16.452805, 48.2559471 ], [ 16.4528385, 48.2559367 ], [ 16.4528454, 48.2559196 ], [ 16.4529154, 48.2558978 ], [ 16.4529269, 48.2559142 ], [ 16.4532119, 48.2558256 ], [ 16.4532003, 48.2558092 ], [ 16.4532691, 48.2557878 ], [ 16.4532759, 48.2557704 ], [ 16.4533093, 48.25576 ], [ 16.4533009, 48.2557482 ], [ 16.4533113, 48.2557326 ], [ 16.4533488, 48.255721 ], [ 16.4533571, 48.2557211 ], [ 16.4535293, 48.2556675 ] ] ] } },
{ "type": "Feature", "properties": { "Hofname": "Wagramer Straße 162", "clean_address": "1220 Wien, Wagramer Straße", "Wohnungen": 43, "Lokale": 3, "addr_key": "1220 wien, wagramer straße" }, "geometry": { "type": "Point", "coordinates": [ 16.4332595, 48.2424368 ] } },
{ "type": "Feature", "properties": { "Hofname": "Melangasse 1-5", "clean_address": "1220 Wien, Melangasse", "Wohnungen": 179, "Lokale": 9, "addr_key": "1220 wien, melangasse" }, "geometry": { "type": "Point", "coordinates": [ 16.4417092, 48.2566387 ] } },
{ "type": "Feature", "properties": { "Hofname": "Am Heidjöchl 14", "clean_address": "1220 Wien, Am Heidjöchl", "Wohnungen": 641, "Lokale": 23, "addr_key": "1220 wien, am heidjöchl" }, "geometry": { "type": "Polygon", "coordinates": [ [ [ 16.387333, 48.2249571 ], [ 16.3871373, 48.2246964 ], [ 16.3870312, 48.2247176 ], [ 16.3870215, 48.2247035 ], [ 16.3869392, 48.2247252 ], [ 16.3868485, 48.2247615 ], [ 16.3868529, 48.2247757 ], [ 16.3867615, 48.2248143 ], [ 16.386928, 48.2250703 ], [ 16.3871738, 48.2250015 ], [ 16.387333, 48.2249571 ] ] ] } },
{ "type": "Feature", "properties": { "Hofname": "Pogrelzstraße 25", "clean_address": "1220 Wien, Pogrelzstraße", "Wohnungen": 49, "Lokale": 0, "addr_key": "1220 wien, pogrelzstraße" }, "geometry": { "type": "Point", "coordinates": [ 16.452406, 48.2400586 ] } },
{ "type": "Feature", "properties": { "Hofname": "Markomannenstraße 27-31", "clean_address": "1220 Wien, Markomannenstraße", "Wohnungen": 44, "Lokale": 0, "addr_key": "1220 wien, markomannenstraße" }, "geometry": { "type": "Polygon", "coordinates": [ [ [ 16.4553739, 48.2507473 ], [ 16.455452, 48.2507206 ], [ 16.4554491, 48.2507169 ], [ 16.4555728, 48.2506746 ], [ 16.4555169, 48.250602 ], [ 16.4554941, 48.2506098 ], [ 16.4554922, 48.2506074 ], [ 16.4553874, 48.2506431 ], [ 16.4554139, 48.2506775 ], [ 16.45539, 48.2506856 ], [ 16.4553635, 48.2506513 ], [ 16.4553132, 48.2506685 ], [ 16.4553739, 48.2507473 ] ] ] } },
{ "type": "Feature", "properties": { "Hofname": "Langobardenstraße 128", "clean_address": "1220 Wien, Langobardenstraße", "Wohnungen": 253, "Lokale": 7, "addr_key": "1220 wien, langobardenstraße" }, "geometry": { "type": "Point", "coordinates": [ 16.4532118, 48.2256544 ] } },
{ "type": "Feature", "properties": { "Hofname": "Jakob-Sommerbauer-Straße 3", "clean_address": "1230 Wien, Jakob-Sommerbauer-Straße", "Wohnungen": 3, "Lokale": 1, "addr_key": "1230 wien, jakob-sommerbauer-straße" }, "geometry": { "type": "Point", "coordinates": [ 16.236126, 48.1379919 ] } },
{ "type": "Feature", "properties": { "Hofname": "Leo-Mathauser-Gasse 73", "clean_address": "1230 Wien, Leo-Mathauser-Gasse", "Wohnungen": 8, "Lokale": 0, "addr_key": "1230 wien, leo-mathauser-gasse" }, "geometry": { "type": "Point", "coordinates": [ 16.3221527, 48.1358633 ] } },
{ "type": "Feature", "properties": { "Hofname": "Levasseurgasse 5", "clean_address": "1230 Wien, Levasseurgasse", "Wohnungen": 34, "Lokale": 4, "addr_key": "1230 wien, levasseurgasse" }, "geometry": { "type": "Point", "coordinates": [ 16.2952275, 48.147 ] } },
{ "type": "Feature", "properties": { "Hofname": "Anton-Freunschlag-Gasse 80", "clean_address": "1230 Wien, Anton-Freunschlag-Gasse", "Wohnungen": 11, "Lokale": 0, "addr_key": "1230 wien, anton-freunschlag-gasse" }, "geometry": { "type": "Point", "coordinates": [ 16.3240297, 48.1375827 ] } },
{ "type": "Feature", "properties": { "Hofname": "Hans-Werndl-Hof", "clean_address": "1230 Wien, Breitenfurter Straße", "Wohnungen": 11, "Lokale": 5, "addr_key": "1230 wien, breitenfurter straße" }, "geometry": { "type": "Polygon", "coordinates": [ [ [ 16.3302986, 48.1731112 ], [ 16.3303307, 48.1731614 ], [ 16.3303625, 48.173211 ], [ 16.330217, 48.1732494 ], [ 16.3301204, 48.173209 ], [ 16.3298896, 48.1731126 ], [ 16.3299755, 48.1730236 ], [ 16.3300004, 48.1729986 ], [ 16.3300373, 48.172987 ], [ 16.3301867, 48.1729457 ], [ 16.3302224, 48.1729937 ], [ 16.3300325, 48.1730471 ], [ 16.3302315, 48.1731319 ], [ 16.3302986, 48.1731112 ] ] ] } },
{ "type": "Feature", "properties": { "Hofname": "Brunner Straße 18", "clean_address": "1230 Wien, Brunner Straße", "Wohnungen": 42, "Lokale": 2, "addr_key": "1230 wien, brunner straße" }, "geometry": { "type": "Point", "coordinates": [ 16.2992128, 48.1260219 ] } },
{ "type": "Feature", "properties": { "Hofname": "Carlbergergasse 43", "clean_address": "1230 Wien, Carlbergergasse", "Wohnungen": 10, "Lokale": 0, "addr_key": "1230 wien, carlbergergasse" }, "geometry": { "type": "Point", "coordinates": [ 16.2927317, 48.1414004 ] } },
{ "type": "Feature", "properties": { "Hofname": "Ziedlergasse 5", "clean_address": "1230 Wien, Ziedlergasse", "Wohnungen": 27, "Lokale": 0, "addr_key": "1230 wien, ziedlergasse" }, "geometry": { "type": "Point", "coordinates": [ 16.2955532, 48.1489558 ] } },
{ "type": "Feature", "properties": { "Hofname": "Klostermanngasse 13", "clean_address": "1230 Wien, Klostermanngasse", "Wohnungen": 14, "Lokale": 1, "addr_key": "1230 wien, klostermanngasse" }, "geometry": { "type": "Point", "coordinates": [ 16.2959739, 48.1420198 ] } },
{ "type": "Feature", "properties": { "Hofname": "Canavesegasse 6-8", "clean_address": "1230 Wien, Canavesegasse", "Wohnungen": 87, "Lokale": 5, "addr_key": "1230 wien, canavesegasse" }, "geometry": { "type": "Point", "coordinates": [ 16.2928067, 48.1455609 ] } },
{ "type": "Feature", "properties": { "Hofname": "Erlaaer Straße 125-129", "clean_address": "1230 Wien, Erlaaer Straße", "Wohnungen": 40, "Lokale": 2, "addr_key": "1230 wien, erlaaer straße" }, "geometry": { "type": "Point", "coordinates": [ 16.302154, 48.1474592 ] } },
{ "type": "Feature", "properties": { "Hofname": "Erlaaer Straße 154-158", "clean_address": "1230 Wien, Erlaaer Straße", "Wohnungen": 35, "Lokale": 4, "addr_key": "1230 wien, erlaaer straße" }, "geometry": { "type": "Point", "coordinates": [ 16.302154, 48.1474592 ] } },
{ "type": "Feature", "properties": { "Hofname": "Färbermühlgasse 11", "clean_address": "1230 Wien, Färbermühlgasse", "Wohnungen": 34, "Lokale": 2, "addr_key": "1230 wien, färbermühlgasse" }, "geometry": { "type": "Polygon", "coordinates": [ [ [ 16.2830806, 48.1326433 ], [ 16.2831203, 48.1327575 ], [ 16.2831243, 48.132769 ], [ 16.2831285, 48.132781 ], [ 16.2831743, 48.1329127 ], [ 16.2831788, 48.1329256 ], [ 16.2831828, 48.1329372 ], [ 16.2832309, 48.1330756 ], [ 16.2832358, 48.1330897 ], [ 16.2832727, 48.1331957 ], [ 16.2834189, 48.133173 ], [ 16.283385, 48.1330756 ], [ 16.2832268, 48.1326206 ], [ 16.2830806, 48.1326433 ] ] ] } },
{ "type": "Feature", "properties": { "Hofname": "Kolbegasse 30-32", "clean_address": "1230 Wien, Kolbegasse", "Wohnungen": 51, "Lokale": 2, "addr_key": "1230 wien, kolbegasse" }, "geometry": { "type": "Polygon", "coordinates": [ [ [ 16.3528777, 48.1455562 ], [ 16.3529031, 48.1455164 ], [ 16.3528943, 48.1455086 ], [ 16.3529099, 48.1454843 ], [ 16.3529263, 48.1454829 ], [ 16.3529474, 48.14545 ], [ 16.3529707, 48.1454437 ], [ 16.3529756, 48.145436 ], [ 16.353042, 48.1454182 ], [ 16.3530519, 48.1454234 ], [ 16.3531139, 48.1454068 ], [ 16.3531787, 48.1455144 ], [ 16.353165, 48.1455181 ], [ 16.3531704, 48.1455271 ], [ 16.3530884, 48.1455491 ], [ 16.3530783, 48.1455649 ], [ 16.3530563, 48.1455993 ], [ 16.3530459, 48.1456001 ], [ 16.3530426, 48.1456052 ], [ 16.3528777, 48.1455562 ] ] ] } },
{ "type": "Feature", "properties": { "Hofname": "Karl-Krestan-Gasse 5", "clean_address": "1230 Wien, Karl-Krestan-Gasse", "Wohnungen": 47, "Lokale": 1, "addr_key": "1230 wien, karl-krestan-gasse" }, "geometry": { "type": "Polygon", "coordinates": [ [ [ 16.3480958, 48.1497601 ], [ 16.3482401, 48.1497272 ], [ 16.3482179, 48.1496839 ], [ 16.3482448, 48.1496777 ], [ 16.3482032, 48.1495964 ], [ 16.3481781, 48.1496021 ], [ 16.348162, 48.1495706 ], [ 16.3480904, 48.1495869 ], [ 16.3480159, 48.1496038 ], [ 16.3480958, 48.1497601 ] ] ] } },
{ "type": "Feature", "properties": { "Hofname": "Triester Straße 205", "clean_address": "1230 Wien, Triester Straße", "Wohnungen": 58, "Lokale": 1, "addr_key": "1230 wien, triester straße" }, "geometry": { "type": "Polygon", "coordinates": [ [ [ 16.3581927, 48.1784195 ], [ 16.358077, 48.1782995 ], [ 16.3582181, 48.1782388 ], [ 16.3582643, 48.1782843 ], [ 16.3583035, 48.1782666 ], [ 16.3582589, 48.1782209 ], [ 16.3583861, 48.1781658 ], [ 16.3585006, 48.1782835 ], [ 16.3584493, 48.1783061 ], [ 16.3583336, 48.1783572 ], [ 16.3581927, 48.1784195 ] ] ] } },
{ "type": "Feature", "properties": { "Hofname": "Dr.-Neumann-Gasse 8-10", "clean_address": "1230 Wien, Dr.-Neumann-Gasse", "Wohnungen": 48, "Lokale": 2, "addr_key": "1230 wien, dr.-neumann-gasse" }, "geometry": { "type": "Polygon", "coordinates": [ [ [ 16.2865395, 48.138398 ], [ 16.2866426, 48.1383643 ], [ 16.2865533, 48.138232 ], [ 16.2864213, 48.1382776 ], [ 16.2863932, 48.1382356 ], [ 16.2864692, 48.1382101 ], [ 16.286393, 48.1381059 ], [ 16.2861383, 48.1381935 ], [ 16.2862656, 48.1383575 ], [ 16.2860366, 48.138433 ], [ 16.2861112, 48.1385326 ], [ 16.2863016, 48.1384725 ], [ 16.2862862, 48.1384493 ], [ 16.2862759, 48.1384528 ], [ 16.2862611, 48.1384316 ], [ 16.2865191, 48.1383463 ], [ 16.286534, 48.1383679 ], [ 16.2865216, 48.1383721 ], [ 16.2865395, 48.138398 ] ] ] } },
{ "type": "Feature", "properties": { "Hofname": "Elisenstraße 28-30", "clean_address": "1230 Wien, Elisenstraße", "Wohnungen": 23, "Lokale": 0, "addr_key": "1230 wien, elisenstraße" }, "geometry": { "type": "Point", "coordinates": [ 16.2664176, 48.1359673 ] } },
{ "type": "Feature", "properties": { "Hofname": "Färbermühlgasse 5", "clean_address": "1230 Wien, Färbermühlgasse", "Wohnungen": 29, "Lokale": 2, "addr_key": "1230 wien, färbermühlgasse" }, "geometry": { "type": "Polygon", "coordinates": [ [ [ 16.2830806, 48.1326433 ], [ 16.2831203, 48.1327575 ], [ 16.2831243, 48.132769 ], [ 16.2831285, 48.132781 ], [ 16.2831743, 48.1329127 ], [ 16.2831788, 48.1329256 ], [ 16.2831828, 48.1329372 ], [ 16.2832309, 48.1330756 ], [ 16.2832358, 48.1330897 ], [ 16.2832727, 48.1331957 ], [ 16.2834189, 48.133173 ], [ 16.283385, 48.1330756 ], [ 16.2832268, 48.1326206 ], [ 16.2830806, 48.1326433 ] ] ] } },
{ "type": "Feature", "properties": { "Hofname": "Rudolf-Zeller-Gasse 67", "clean_address": "1230 Wien, Rudolf-Zeller-Gasse", "Wohnungen": 82, "Lokale": 1, "addr_key": "1230 wien, rudolf-zeller-gasse" }, "geometry": { "type": "Point", "coordinates": [ 16.2860942, 48.153505 ] } },
{ "type": "Feature", "properties": { "Hofname": "Haeckelstraße 4", "clean_address": "1230 Wien, Haeckelstraße", "Wohnungen": 51, "Lokale": 5, "addr_key": "1230 wien, haeckelstraße" }, "geometry": { "type": "Polygon", "coordinates": [ [ [ 16.2800959, 48.1356034 ], [ 16.2801173, 48.1356347 ], [ 16.2801653, 48.1357048 ], [ 16.2802469, 48.1356781 ], [ 16.2801733, 48.1355782 ], [ 16.2800959, 48.1356034 ] ] ] } },
{ "type": "Feature", "properties": { "Hofname": "Elisenstraße 24-26", "clean_address": "1230 Wien, Elisenstraße", "Wohnungen": 37, "Lokale": 3, "addr_key": "1230 wien, elisenstraße" }, "geometry": { "type": "Point", "coordinates": [ 16.2664176, 48.1359673 ] } },
{ "type": "Feature", "properties": { "Hofname": "Seybelgasse 3a", "clean_address": "1230 Wien, Seybelgasse", "Wohnungen": 65, "Lokale": 1, "addr_key": "1230 wien, seybelgasse" }, "geometry": { "type": "Polygon", "coordinates": [ [ [ 16.2934996, 48.14125 ], [ 16.2938551, 48.1411961 ], [ 16.2938296, 48.1411182 ], [ 16.2942624, 48.1410078 ], [ 16.2943244, 48.14112 ], [ 16.2945133, 48.1410867 ], [ 16.294354, 48.1407615 ], [ 16.2941346, 48.1408127 ], [ 16.2939976, 48.1405613 ], [ 16.294219, 48.1405108 ], [ 16.2940721, 48.140254 ], [ 16.293856, 48.1403054 ], [ 16.293724, 48.1400514 ], [ 16.2939495, 48.1399898 ], [ 16.2938085, 48.1397376 ], [ 16.2935906, 48.1397803 ], [ 16.2934501, 48.1395323 ], [ 16.2936638, 48.1394889 ], [ 16.2936022, 48.1393499 ], [ 16.2933506, 48.139408 ], [ 16.2932118, 48.1391584 ], [ 16.2931118, 48.139176 ], [ 16.2929832, 48.1389252 ], [ 16.2928461, 48.1389504 ], [ 16.2927399, 48.1387542 ], [ 16.2925859, 48.1388025 ], [ 16.2926926, 48.1389875 ], [ 16.2924582, 48.13905 ], [ 16.2926549, 48.1394243 ], [ 16.2925416, 48.1394722 ], [ 16.2926832, 48.1397132 ], [ 16.2928062, 48.1396881 ], [ 16.2929331, 48.1399477 ], [ 16.2928117, 48.1399843 ], [ 16.2929525, 48.1402309 ], [ 16.2930874, 48.1402002 ], [ 16.2931532, 48.1403285 ], [ 16.293035, 48.1403555 ], [ 16.2932123, 48.1407016 ], [ 16.2933284, 48.1406701 ], [ 16.2934834, 48.140962 ], [ 16.2933687, 48.1409915 ], [ 16.2934996, 48.14125 ] ] ] } },
{ "type": "Feature", "properties": { "Hofname": "Erlaaer Straße 123", "clean_address": "1230 Wien, Erlaaer Straße", "Wohnungen": 42, "Lokale": 3, "addr_key": "1230 wien, erlaaer straße" }, "geometry": { "type": "Point", "coordinates": [ 16.302154, 48.1474592 ] } },
{ "type": "Feature", "properties": { "Hofname": "Gregorygasse 47", "clean_address": "1230 Wien, Gregorygasse", "Wohnungen": 221, "Lokale": 0, "addr_key": "1230 wien, gregorygasse" }, "geometry": { "type": "Point", "coordinates": [ 16.3057983, 48.1570064 ] } },
{ "type": "Feature", "properties": { "Hofname": "Peterlinigasse 12-16", "clean_address": "1230 Wien, Peterlinigasse", "Wohnungen": 148, "Lokale": 6, "addr_key": "1230 wien, peterlinigasse" }, "geometry": { "type": "Point", "coordinates": [ 16.2664457, 48.1537044 ] } },
{ "type": "Feature", "properties": { "Hofname": "Kanitzgasse 2-6", "clean_address": "1230 Wien, Kanitzgasse", "Wohnungen": 48, "Lokale": 3, "addr_key": "1230 wien, kanitzgasse" }, "geometry": { "type": "Polygon", "coordinates": [ [ [ 16.270876, 48.1519128 ], [ 16.2717681, 48.1516701 ], [ 16.2717031, 48.1515675 ], [ 16.2718157, 48.1515271 ], [ 16.2716447, 48.1512844 ], [ 16.2715819, 48.1511804 ], [ 16.2713545, 48.1506141 ], [ 16.2713372, 48.1505057 ], [ 16.2709388, 48.1505187 ], [ 16.2710449, 48.1510056 ], [ 16.2704559, 48.1511688 ], [ 16.270876, 48.1519128 ] ] ] } },
{ "type": "Feature", "properties": { "Hofname": "Marktgemeindegasse 44-50", "clean_address": "1230 Wien, Marktgemeindegasse", "Wohnungen": 87, "Lokale": 15, "addr_key": "1230 wien, marktgemeindegasse" }, "geometry": { "type": "Point", "coordinates": [ 16.2749416, 48.157359 ] } },
{ "type": "Feature", "properties": { "Hofname": "Ziedlergasse 28", "clean_address": "1230 Wien, Ziedlergasse", "Wohnungen": 156, "Lokale": 0, "addr_key": "1230 wien, ziedlergasse" }, "geometry": { "type": "Point", "coordinates": [ 16.2955532, 48.1489558 ] } },
{ "type": "Feature", "properties": { "Hofname": "Hochwassergasse 58", "clean_address": "1230 Wien, Hochwassergasse", "Wohnungen": 79, "Lokale": 6, "addr_key": "1230 wien, hochwassergasse" }, "geometry": { "type": "Point", "coordinates": [ 16.3546026, 48.1488708 ] } },
{ "type": "Feature", "properties": { "Hofname": "Kaiser-Franz-Josef-Straße 23-25", "clean_address": "1230 Wien, Kaiser-Franz-Josef-Straße", "Wohnungen": 33, "Lokale": 0, "addr_key": "1230 wien, kaiser-franz-josef-straße" }, "geometry": { "type": "Point", "coordinates": [ 16.2669698, 48.1389057 ] } },
{ "type": "Feature", "properties": { "Hofname": "Elisenstraße 110-116", "clean_address": "1230 Wien, Elisenstraße", "Wohnungen": 132, "Lokale": 0, "addr_key": "1230 wien, elisenstraße" }, "geometry": { "type": "Point", "coordinates": [ 16.2664176, 48.1359673 ] } },
{ "type": "Feature", "properties": { "Hofname": "Ketzergasse 42", "clean_address": "1230 Wien, Ketzergasse", "Wohnungen": 38, "Lokale": 6, "addr_key": "1230 wien, ketzergasse" }, "geometry": { "type": "Polygon", "coordinates": [ [ [ 16.3079424, 48.1276806 ], [ 16.3079383, 48.1275809 ], [ 16.307896, 48.1273563 ], [ 16.3078145, 48.1273612 ], [ 16.3078385, 48.1275128 ], [ 16.3078829, 48.1275108 ], [ 16.3078851, 48.127539 ], [ 16.3076697, 48.1275482 ], [ 16.3076672, 48.1275255 ], [ 16.3077081, 48.1275246 ], [ 16.3076994, 48.1274606 ], [ 16.3076778, 48.1273799 ], [ 16.307599, 48.1273859 ], [ 16.3076471, 48.1276954 ], [ 16.3079424, 48.1276806 ] ] ] } },
{ "type": "Feature", "properties": { "Hofname": "Kaltenleutgebner Straße 1", "clean_address": "1230 Wien, Kaltenleutgebner Straße", "Wohnungen": 23, "Lokale": 2, "addr_key": "1230 wien, kaltenleutgebner straße" }, "geometry": { "type": "Point", "coordinates": [ 16.254358, 48.1302613 ] } },
{ "type": "Feature", "properties": { "Hofname": "Pülslgasse 10", "clean_address": "1230 Wien, Pülslgasse", "Wohnungen": 25, "Lokale": 0, "addr_key": "1230 wien, pülslgasse" }, "geometry": { "type": "Point", "coordinates": [ 16.2788364, 48.1347365 ] } },
{ "type": "Feature", "properties": { "Hofname": "Canavesegasse 9-15", "clean_address": "1230 Wien, Canavesegasse", "Wohnungen": 72, "Lokale": 1, "addr_key": "1230 wien, canavesegasse" }, "geometry": { "type": "Point", "coordinates": [ 16.2928067, 48.1455609 ] } },
{ "type": "Feature", "properties": { "Hofname": "Valentingasse 7", "clean_address": "1230 Wien, Valentingasse", "Wohnungen": 59, "Lokale": 4, "addr_key": "1230 wien, valentingasse" }, "geometry": { "type": "Point", "coordinates": [ 16.2650618, 48.1515445 ] } },
{ "type": "Feature", "properties": { "Hofname": "Färbermühlgasse 9", "clean_address": "1230 Wien, Färbermühlgasse", "Wohnungen": 14, "Lokale": 1, "addr_key": "1230 wien, färbermühlgasse" }, "geometry": { "type": "Polygon", "coordinates": [ [ [ 16.2830806, 48.1326433 ], [ 16.2831203, 48.1327575 ], [ 16.2831243, 48.132769 ], [ 16.2831285, 48.132781 ], [ 16.2831743, 48.1329127 ], [ 16.2831788, 48.1329256 ], [ 16.2831828, 48.1329372 ], [ 16.2832309, 48.1330756 ], [ 16.2832358, 48.1330897 ], [ 16.2832727, 48.1331957 ], [ 16.2834189, 48.133173 ], [ 16.283385, 48.1330756 ], [ 16.2832268, 48.1326206 ], [ 16.2830806, 48.1326433 ] ] ] } },
{ "type": "Feature", "properties": { "Hofname": "Josef-Endlweber-Gasse 3-5", "clean_address": "1230 Wien, Josef-Endlweber-Gasse", "Wohnungen": 28, "Lokale": 3, "addr_key": "1230 wien, josef-endlweber-gasse" }, "geometry": { "type": "Polygon", "coordinates": [ [ [ 16.3122491, 48.1272439 ], [ 16.3122068, 48.1272555 ], [ 16.3122604, 48.1273503 ], [ 16.3122986, 48.1274145 ], [ 16.312353, 48.1275082 ], [ 16.3125231, 48.1274672 ], [ 16.3125149, 48.1274529 ], [ 16.3125101, 48.1274445 ], [ 16.3126216, 48.1274189 ], [ 16.3126093, 48.1273925 ], [ 16.3126419, 48.1273854 ], [ 16.3126446, 48.1273905 ], [ 16.3126795, 48.1273828 ], [ 16.312691, 48.1274076 ], [ 16.3127404, 48.1273959 ], [ 16.3127036, 48.1273217 ], [ 16.3126189, 48.1273396 ], [ 16.3125511, 48.1272066 ], [ 16.3122672, 48.1272713 ], [ 16.3122491, 48.1272439 ] ] ] } },
{ "type": "Feature", "properties": { "Hofname": "Breitenfurter Straße 556", "clean_address": "1230 Wien, Breitenfurter Straße", "Wohnungen": 30, "Lokale": 3, "addr_key": "1230 wien, breitenfurter straße" }, "geometry": { "type": "Polygon", "coordinates": [ [ [ 16.3302986, 48.1731112 ], [ 16.3303307, 48.1731614 ], [ 16.3303625, 48.173211 ], [ 16.330217, 48.1732494 ], [ 16.3301204, 48.173209 ], [ 16.3298896, 48.1731126 ], [ 16.3299755, 48.1730236 ], [ 16.3300004, 48.1729986 ], [ 16.3300373, 48.172987 ], [ 16.3301867, 48.1729457 ], [ 16.3302224, 48.1729937 ], [ 16.3300325, 48.1730471 ], [ 16.3302315, 48.1731319 ], [ 16.3302986, 48.1731112 ] ] ] } },
{ "type": "Feature", "properties": { "Hofname": "Johann-Hörbiger-Gasse 24-28", "clean_address": "1230 Wien, Johann-Hörbiger-Gasse", "Wohnungen": 184, "Lokale": 12, "addr_key": "1230 wien, johann-hörbiger-gasse" }, "geometry": { "type": "Point", "coordinates": [ 16.2810555, 48.1510634 ] } },
{ "type": "Feature", "properties": { "Hofname": "Karl-Heinz-Straße 22a", "clean_address": "1230 Wien, Karl-Heinz-Straße", "Wohnungen": 10, "Lokale": 0, "addr_key": "1230 wien, karl-heinz-straße" }, "geometry": { "type": "Point", "coordinates": [ 16.3083185, 48.1590849 ] } },
{ "type": "Feature", "properties": { "Hofname": "Maurer Hauptplatz 5", "clean_address": "1230 Wien, Maurer Hauptplatz", "Wohnungen": 22, "Lokale": 5, "addr_key": "1230 wien, maurer hauptplatz" }, "geometry": { "type": "Point", "coordinates": [ 16.268677, 48.150895 ] } },
{ "type": "Feature", "properties": { "Hofname": "Breitenfurter Straße 477-485", "clean_address": "1230 Wien, Breitenfurter Straße", "Wohnungen": 138, "Lokale": 12, "addr_key": "1230 wien, breitenfurter straße" }, "geometry": { "type": "Polygon", "coordinates": [ [ [ 16.3302986, 48.1731112 ], [ 16.3303307, 48.1731614 ], [ 16.3303625, 48.173211 ], [ 16.330217, 48.1732494 ], [ 16.3301204, 48.173209 ], [ 16.3298896, 48.1731126 ], [ 16.3299755, 48.1730236 ], [ 16.3300004, 48.1729986 ], [ 16.3300373, 48.172987 ], [ 16.3301867, 48.1729457 ], [ 16.3302224, 48.1729937 ], [ 16.3300325, 48.1730471 ], [ 16.3302315, 48.1731319 ], [ 16.3302986, 48.1731112 ] ] ] } },
{ "type": "Feature", "properties": { "Hofname": "Arabellagasse 2-10", "clean_address": "1230 Wien, Arabellagasse", "Wohnungen": 181, "Lokale": 15, "addr_key": "1230 wien, arabellagasse" }, "geometry": { "type": "Point", "coordinates": [ 16.2635676, 48.1402018 ] } },
{ "type": "Feature", "properties": { "Hofname": "Maurer Hauptplatz 2", "clean_address": "1230 Wien, Maurer Hauptplatz", "Wohnungen": 40, "Lokale": 10, "addr_key": "1230 wien, maurer hauptplatz" }, "geometry": { "type": "Point", "coordinates": [ 16.268677, 48.150895 ] } },
{ "type": "Feature", "properties": { "Hofname": "Gutheil-Schoder-Gasse 68-76", "clean_address": "1230 Wien, Gutheil-Schoder-Gasse", "Wohnungen": 218, "Lokale": 13, "addr_key": "1230 wien, gutheil-schoder-gasse" }, "geometry": { "type": "Point", "coordinates": [ 16.335627, 48.1612454 ] } },
{ "type": "Feature", "properties": { "Hofname": "Rudolf-Zeller-Gasse 14a", "clean_address": "1230 Wien, Rudolf-Zeller-Gasse", "Wohnungen": 16, "Lokale": 0, "addr_key": "1230 wien, rudolf-zeller-gasse" }, "geometry": { "type": "Point", "coordinates": [ 16.2860942, 48.153505 ] } },
{ "type": "Feature", "properties": { "Hofname": "Ketzergasse 101-103", "clean_address": "1230 Wien, Ketzergasse", "Wohnungen": 40, "Lokale": 5, "addr_key": "1230 wien, ketzergasse" }, "geometry": { "type": "Polygon", "coordinates": [ [ [ 16.3079424, 48.1276806 ], [ 16.3079383, 48.1275809 ], [ 16.307896, 48.1273563 ], [ 16.3078145, 48.1273612 ], [ 16.3078385, 48.1275128 ], [ 16.3078829, 48.1275108 ], [ 16.3078851, 48.127539 ], [ 16.3076697, 48.1275482 ], [ 16.3076672, 48.1275255 ], [ 16.3077081, 48.1275246 ], [ 16.3076994, 48.1274606 ], [ 16.3076778, 48.1273799 ], [ 16.307599, 48.1273859 ], [ 16.3076471, 48.1276954 ], [ 16.3079424, 48.1276806 ] ] ] } },
{ "type": "Feature", "properties": { "Hofname": "Altmannsdorfer Straße 164-182", "clean_address": "1230 Wien, Altmannsdorfer Straße", "Wohnungen": 1172, "Lokale": 31, "addr_key": "1230 wien, altmannsdorfer straße" }, "geometry": { "type": "Point", "coordinates": [ 16.3142831, 48.1747129 ] } },
{ "type": "Feature", "properties": { "Hofname": "Gregorygasse 35-45", "clean_address": "1230 Wien, Gregorygasse", "Wohnungen": 220, "Lokale": 11, "addr_key": "1230 wien, gregorygasse" }, "geometry": { "type": "Point", "coordinates": [ 16.3057983, 48.1570064 ] } },
{ "type": "Feature", "properties": { "Hofname": "Hochwassergasse 60", "clean_address": "1230 Wien, Hochwassergasse", "Wohnungen": 99, "Lokale": 5, "addr_key": "1230 wien, hochwassergasse" }, "geometry": { "type": "Point", "coordinates": [ 16.3546026, 48.1488708 ] } },
{ "type": "Feature", "properties": { "Hofname": "Rudolf-Zeller-Gasse 69", "clean_address": "1230 Wien, Rudolf-Zeller-Gasse", "Wohnungen": 180, "Lokale": 1, "addr_key": "1230 wien, rudolf-zeller-gasse" }, "geometry": { "type": "Point", "coordinates": [ 16.2860942, 48.153505 ] } },
{ "type": "Feature", "properties": { "Hofname": "Breitenfurter Straße 299-303", "clean_address": "1230 Wien, Breitenfurter Straße", "Wohnungen": 72, "Lokale": 4, "addr_key": "1230 wien, breitenfurter straße" }, "geometry": { "type": "Polygon", "coordinates": [ [ [ 16.3302986, 48.1731112 ], [ 16.3303307, 48.1731614 ], [ 16.3303625, 48.173211 ], [ 16.330217, 48.1732494 ], [ 16.3301204, 48.173209 ], [ 16.3298896, 48.1731126 ], [ 16.3299755, 48.1730236 ], [ 16.3300004, 48.1729986 ], [ 16.3300373, 48.172987 ], [ 16.3301867, 48.1729457 ], [ 16.3302224, 48.1729937 ], [ 16.3300325, 48.1730471 ], [ 16.3302315, 48.1731319 ], [ 16.3302986, 48.1731112 ] ] ] } },
{ "type": "Feature", "properties": { "Hofname": "Erlaaer Straße 131-133", "clean_address": "1230 Wien, Erlaaer Straße", "Wohnungen": 128, "Lokale": 4, "addr_key": "1230 wien, erlaaer straße" }, "geometry": { "type": "Point", "coordinates": [ 16.302154, 48.1474592 ] } },
{ "type": "Feature", "properties": { "Hofname": "Ketzergasse 56", "clean_address": "1230 Wien, Ketzergasse", "Wohnungen": 3, "Lokale": 2, "addr_key": "1230 wien, ketzergasse" }, "geometry": { "type": "Polygon", "coordinates": [ [ [ 16.3079424, 48.1276806 ], [ 16.3079383, 48.1275809 ], [ 16.307896, 48.1273563 ], [ 16.3078145, 48.1273612 ], [ 16.3078385, 48.1275128 ], [ 16.3078829, 48.1275108 ], [ 16.3078851, 48.127539 ], [ 16.3076697, 48.1275482 ], [ 16.3076672, 48.1275255 ], [ 16.3077081, 48.1275246 ], [ 16.3076994, 48.1274606 ], [ 16.3076778, 48.1273799 ], [ 16.307599, 48.1273859 ], [ 16.3076471, 48.1276954 ], [ 16.3079424, 48.1276806 ] ] ] } },
{ "type": "Feature", "properties": { "Hofname": "Erlaaer Straße 6-10", "clean_address": "1230 Wien, Erlaaer Straße", "Wohnungen": 27, "Lokale": 4, "addr_key": "1230 wien, erlaaer straße" }, "geometry": { "type": "Point", "coordinates": [ 16.302154, 48.1474592 ] } },
{ "type": "Feature", "properties": { "Hofname": "Höpflergasse 6", "clean_address": "1230 Wien, Höpflergasse", "Wohnungen": 131, "Lokale": 50, "addr_key": "1230 wien, höpflergasse" }, "geometry": { "type": "Point", "coordinates": [ 16.2924923, 48.1436995 ] } },
{ "type": "Feature", "properties": { "Hofname": "Ketzergasse 26", "clean_address": "1230 Wien, Ketzergasse", "Wohnungen": 117, "Lokale": 4, "addr_key": "1230 wien, ketzergasse" }, "geometry": { "type": "Polygon", "coordinates": [ [ [ 16.3079424, 48.1276806 ], [ 16.3079383, 48.1275809 ], [ 16.307896, 48.1273563 ], [ 16.3078145, 48.1273612 ], [ 16.3078385, 48.1275128 ], [ 16.3078829, 48.1275108 ], [ 16.3078851, 48.127539 ], [ 16.3076697, 48.1275482 ], [ 16.3076672, 48.1275255 ], [ 16.3077081, 48.1275246 ], [ 16.3076994, 48.1274606 ], [ 16.3076778, 48.1273799 ], [ 16.307599, 48.1273859 ], [ 16.3076471, 48.1276954 ], [ 16.3079424, 48.1276806 ] ] ] } },
{ "type": "Feature", "properties": { "Hofname": "Gregorygasse 20-26", "clean_address": "1230 Wien, Gregorygasse", "Wohnungen": 129, "Lokale": 7, "addr_key": "1230 wien, gregorygasse" }, "geometry": { "type": "Point", "coordinates": [ 16.3057983, 48.1570064 ] } },
{ "type": "Feature", "properties": { "Hofname": "Färbermühlgasse 8", "clean_address": "1230 Wien, Färbermühlgasse", "Wohnungen": 32, "Lokale": 0, "addr_key": "1230 wien, färbermühlgasse" }, "geometry": { "type": "Polygon", "coordinates": [ [ [ 16.2830806, 48.1326433 ], [ 16.2831203, 48.1327575 ], [ 16.2831243, 48.132769 ], [ 16.2831285, 48.132781 ], [ 16.2831743, 48.1329127 ], [ 16.2831788, 48.1329256 ], [ 16.2831828, 48.1329372 ], [ 16.2832309, 48.1330756 ], [ 16.2832358, 48.1330897 ], [ 16.2832727, 48.1331957 ], [ 16.2834189, 48.133173 ], [ 16.283385, 48.1330756 ], [ 16.2832268, 48.1326206 ], [ 16.2830806, 48.1326433 ] ] ] } },
{ "type": "Feature", "properties": { "Hofname": "Karl-Schwed-Gasse 48-50", "clean_address": "1230 Wien, Karl-Schwed-Gasse", "Wohnungen": 334, "Lokale": 34, "addr_key": "1230 wien, karl-schwed-gasse" }, "geometry": { "type": "Point", "coordinates": [ 16.2773166, 48.1602332 ] } },
{ "type": "Feature", "properties": { "Hofname": "Färbermühlgasse 12-14", "clean_address": "1230 Wien, Färbermühlgasse", "Wohnungen": 60, "Lokale": 0, "addr_key": "1230 wien, färbermühlgasse" }, "geometry": { "type": "Polygon", "coordinates": [ [ [ 16.2830806, 48.1326433 ], [ 16.2831203, 48.1327575 ], [ 16.2831243, 48.132769 ], [ 16.2831285, 48.132781 ], [ 16.2831743, 48.1329127 ], [ 16.2831788, 48.1329256 ], [ 16.2831828, 48.1329372 ], [ 16.2832309, 48.1330756 ], [ 16.2832358, 48.1330897 ], [ 16.2832727, 48.1331957 ], [ 16.2834189, 48.133173 ], [ 16.283385, 48.1330756 ], [ 16.2832268, 48.1326206 ], [ 16.2830806, 48.1326433 ] ] ] } },
{ "type": "Feature", "properties": { "Hofname": "Erlaaer Straße 55-63", "clean_address": "1230 Wien, Erlaaer Straße", "Wohnungen": 207, "Lokale": 13, "addr_key": "1230 wien, erlaaer straße" }, "geometry": { "type": "Point", "coordinates": [ 16.302154, 48.1474592 ] } },
{ "type": "Feature", "properties": { "Hofname": "Färbermühlgasse 15", "clean_address": "1230 Wien, Färbermühlgasse", "Wohnungen": 59, "Lokale": 2, "addr_key": "1230 wien, färbermühlgasse" }, "geometry": { "type": "Polygon", "coordinates": [ [ [ 16.2830806, 48.1326433 ], [ 16.2831203, 48.1327575 ], [ 16.2831243, 48.132769 ], [ 16.2831285, 48.132781 ], [ 16.2831743, 48.1329127 ], [ 16.2831788, 48.1329256 ], [ 16.2831828, 48.1329372 ], [ 16.2832309, 48.1330756 ], [ 16.2832358, 48.1330897 ], [ 16.2832727, 48.1331957 ], [ 16.2834189, 48.133173 ], [ 16.283385, 48.1330756 ], [ 16.2832268, 48.1326206 ], [ 16.2830806, 48.1326433 ] ] ] } },
{ "type": "Feature", "properties": { "Hofname": "Pülslgasse 3", "clean_address": "1230 Wien, Pülslgasse", "Wohnungen": 39, "Lokale": 3, "addr_key": "1230 wien, pülslgasse" }, "geometry": { "type": "Point", "coordinates": [ 16.2788364, 48.1347365 ] } },
{ "type": "Feature", "properties": { "Hofname": "Dirmhirngasse 16-18", "clean_address": "1230 Wien, Dirmhirngasse", "Wohnungen": 388, "Lokale": 12, "addr_key": "1230 wien, dirmhirngasse" }, "geometry": { "type": "Point", "coordinates": [ 16.2862321, 48.1459318 ] } },
{ "type": "Feature", "properties": { "Hofname": "Breitenfurter Straße 338", "clean_address": "1230 Wien, Breitenfurter Straße", "Wohnungen": 98, "Lokale": 19, "addr_key": "1230 wien, breitenfurter straße" }, "geometry": { "type": "Polygon", "coordinates": [ [ [ 16.3302986, 48.1731112 ], [ 16.3303307, 48.1731614 ], [ 16.3303625, 48.173211 ], [ 16.330217, 48.1732494 ], [ 16.3301204, 48.173209 ], [ 16.3298896, 48.1731126 ], [ 16.3299755, 48.1730236 ], [ 16.3300004, 48.1729986 ], [ 16.3300373, 48.172987 ], [ 16.3301867, 48.1729457 ], [ 16.3302224, 48.1729937 ], [ 16.3300325, 48.1730471 ], [ 16.3302315, 48.1731319 ], [ 16.3302986, 48.1731112 ] ] ] } },
{ "type": "Feature", "properties": { "Hofname": "Khekgasse 41", "clean_address": "1230 Wien, Khekgasse", "Wohnungen": 15, "Lokale": 1, "addr_key": "1230 wien, khekgasse" }, "geometry": { "type": "Point", "coordinates": [ 16.2806384, 48.1322792 ] } },
{ "type": "Feature", "properties": { "Hofname": "Khekgasse 45", "clean_address": "1230 Wien, Khekgasse", "Wohnungen": 26, "Lokale": 2, "addr_key": "1230 wien, khekgasse" }, "geometry": { "type": "Point", "coordinates": [ 16.2806384, 48.1322792 ] } },
{ "type": "Feature", "properties": { "Hofname": "Brunner Straße 21", "clean_address": "1230 Wien, Brunner Straße", "Wohnungen": 70, "Lokale": 7, "addr_key": "1230 wien, brunner straße" }, "geometry": { "type": "Point", "coordinates": [ 16.2992128, 48.1260219 ] } },
{ "type": "Feature", "properties": { "Hofname": "Wagenmanngasse 3", "clean_address": "1230 Wien, Wagenmanngasse", "Wohnungen": 33, "Lokale": 1, "addr_key": "1230 wien, wagenmanngasse" }, "geometry": { "type": "Point", "coordinates": [ 16.2827062, 48.1411974 ] } },
{ "type": "Feature", "properties": { "Hofname": "Breitenfurter Straße 360-368", "clean_address": "1230 Wien, Breitenfurter Straße", "Wohnungen": 89, "Lokale": 30, "addr_key": "1230 wien, breitenfurter straße" }, "geometry": { "type": "Polygon", "coordinates": [ [ [ 16.3302986, 48.1731112 ], [ 16.3303307, 48.1731614 ], [ 16.3303625, 48.173211 ], [ 16.330217, 48.1732494 ], [ 16.3301204, 48.173209 ], [ 16.3298896, 48.1731126 ], [ 16.3299755, 48.1730236 ], [ 16.3300004, 48.1729986 ], [ 16.3300373, 48.172987 ], [ 16.3301867, 48.1729457 ], [ 16.3302224, 48.1729937 ], [ 16.3300325, 48.1730471 ], [ 16.3302315, 48.1731319 ], [ 16.3302986, 48.1731112 ] ] ] } },
{ "type": "Feature", "properties": { "Hofname": "Breitenfurter Straße 519-521", "clean_address": "1230 Wien, Breitenfurter Straße", "Wohnungen": 63, "Lokale": 1, "addr_key": "1230 wien, breitenfurter straße" }, "geometry": { "type": "Polygon", "coordinates": [ [ [ 16.3302986, 48.1731112 ], [ 16.3303307, 48.1731614 ], [ 16.3303625, 48.173211 ], [ 16.330217, 48.1732494 ], [ 16.3301204, 48.173209 ], [ 16.3298896, 48.1731126 ], [ 16.3299755, 48.1730236 ], [ 16.3300004, 48.1729986 ], [ 16.3300373, 48.172987 ], [ 16.3301867, 48.1729457 ], [ 16.3302224, 48.1729937 ], [ 16.3300325, 48.1730471 ], [ 16.3302315, 48.1731319 ], [ 16.3302986, 48.1731112 ] ] ] } },
{ "type": "Feature", "properties": { "Hofname": "Breitenfurter Straße 555-557", "clean_address": "1230 Wien, Breitenfurter Straße", "Wohnungen": 24, "Lokale": 5, "addr_key": "1230 wien, breitenfurter straße" }, "geometry": { "type": "Polygon", "coordinates": [ [ [ 16.3302986, 48.1731112 ], [ 16.3303307, 48.1731614 ], [ 16.3303625, 48.173211 ], [ 16.330217, 48.1732494 ], [ 16.3301204, 48.173209 ], [ 16.3298896, 48.1731126 ], [ 16.3299755, 48.1730236 ], [ 16.3300004, 48.1729986 ], [ 16.3300373, 48.172987 ], [ 16.3301867, 48.1729457 ], [ 16.3302224, 48.1729937 ], [ 16.3300325, 48.1730471 ], [ 16.3302315, 48.1731319 ], [ 16.3302986, 48.1731112 ] ] ] } },
{ "type": "Feature", "properties": { "Hofname": "Rudolf-Zeller-Gasse 71", "clean_address": "1230 Wien, Rudolf-Zeller-Gasse", "Wohnungen": 146, "Lokale": 3, "addr_key": "1230 wien, rudolf-zeller-gasse" }, "geometry": { "type": "Point", "coordinates": [ 16.2860942, 48.153505 ] } },
{ "type": "Feature", "properties": { "Hofname": "Mehlführergasse 26-28", "clean_address": "1230 Wien, Mehlführergasse", "Wohnungen": 147, "Lokale": 1, "addr_key": "1230 wien, mehlführergasse" }, "geometry": { "type": "Point", "coordinates": [ 16.282082, 48.1400218 ] } },
{ "type": "Feature", "properties": { "Hofname": "Amstergasse 1", "clean_address": "1230 Wien, Amstergasse", "Wohnungen": 98, "Lokale": 7, "addr_key": "1230 wien, amstergasse" }, "geometry": { "type": "Point", "coordinates": [ 16.2829222, 48.146379 ] } },
{ "type": "Feature", "properties": { "Hofname": "Breitenfurter Straße 291-297", "clean_address": "1230 Wien, Breitenfurter Straße", "Wohnungen": 63, "Lokale": 20, "addr_key": "1230 wien, breitenfurter straße" }, "geometry": { "type": "Polygon", "coordinates": [ [ [ 16.3302986, 48.1731112 ], [ 16.3303307, 48.1731614 ], [ 16.3303625, 48.173211 ], [ 16.330217, 48.1732494 ], [ 16.3301204, 48.173209 ], [ 16.3298896, 48.1731126 ], [ 16.3299755, 48.1730236 ], [ 16.3300004, 48.1729986 ], [ 16.3300373, 48.172987 ], [ 16.3301867, 48.1729457 ], [ 16.3302224, 48.1729937 ], [ 16.3300325, 48.1730471 ], [ 16.3302315, 48.1731319 ], [ 16.3302986, 48.1731112 ] ] ] } },
{ "type": "Feature", "properties": { "Hofname": "Ketzergasse 376-382", "clean_address": "1230 Wien, Ketzergasse", "Wohnungen": 50, "Lokale": 12, "addr_key": "1230 wien, ketzergasse" }, "geometry": { "type": "Polygon", "coordinates": [ [ [ 16.3079424, 48.1276806 ], [ 16.3079383, 48.1275809 ], [ 16.307896, 48.1273563 ], [ 16.3078145, 48.1273612 ], [ 16.3078385, 48.1275128 ], [ 16.3078829, 48.1275108 ], [ 16.3078851, 48.127539 ], [ 16.3076697, 48.1275482 ], [ 16.3076672, 48.1275255 ], [ 16.3077081, 48.1275246 ], [ 16.3076994, 48.1274606 ], [ 16.3076778, 48.1273799 ], [ 16.307599, 48.1273859 ], [ 16.3076471, 48.1276954 ], [ 16.3079424, 48.1276806 ] ] ] } },
{ "type": "Feature", "properties": { "Hofname": "Ketzergasse 435-437", "clean_address": "1230 Wien, Ketzergasse", "Wohnungen": 23, "Lokale": 4, "addr_key": "1230 wien, ketzergasse" }, "geometry": { "type": "Polygon", "coordinates": [ [ [ 16.3079424, 48.1276806 ], [ 16.3079383, 48.1275809 ], [ 16.307896, 48.1273563 ], [ 16.3078145, 48.1273612 ], [ 16.3078385, 48.1275128 ], [ 16.3078829, 48.1275108 ], [ 16.3078851, 48.127539 ], [ 16.3076697, 48.1275482 ], [ 16.3076672, 48.1275255 ], [ 16.3077081, 48.1275246 ], [ 16.3076994, 48.1274606 ], [ 16.3076778, 48.1273799 ], [ 16.307599, 48.1273859 ], [ 16.3076471, 48.1276954 ], [ 16.3079424, 48.1276806 ] ] ] } },
{ "type": "Feature", "properties": { "Hofname": "Meisgeyergasse 18", "clean_address": "1230 Wien, Meisgeyergasse", "Wohnungen": 10, "Lokale": 0, "addr_key": "1230 wien, meisgeyergasse" }, "geometry": { "type": "Point", "coordinates": [ 16.2966205, 48.1446822 ] } },
{ "type": "Feature", "properties": { "Hofname": "Keltengasse 4", "clean_address": "1230 Wien, Keltengasse", "Wohnungen": 215, "Lokale": 4, "addr_key": "1230 wien, keltengasse" }, "geometry": { "type": "Polygon", "coordinates": [ [ [ 16.2851367, 48.1436291 ], [ 16.285157, 48.1436955 ], [ 16.2850759, 48.1437065 ], [ 16.2850712, 48.1436912 ], [ 16.2850311, 48.1436967 ], [ 16.2850357, 48.1437119 ], [ 16.28495, 48.1437236 ], [ 16.2849358, 48.143677 ], [ 16.2849104, 48.1435938 ], [ 16.2849442, 48.1435892 ], [ 16.2849462, 48.143596 ], [ 16.2849968, 48.1435892 ], [ 16.2849993, 48.1435975 ], [ 16.285034, 48.1435928 ], [ 16.28503, 48.1435798 ], [ 16.285118, 48.1435679 ], [ 16.2851367, 48.1436291 ] ] ] } },
{ "type": "Feature", "properties": { "Hofname": "Erlaaer Straße 11-15", "clean_address": "1230 Wien, Erlaaer Straße", "Wohnungen": 27, "Lokale": 0, "addr_key": "1230 wien, erlaaer straße" }, "geometry": { "type": "Point", "coordinates": [ 16.302154, 48.1474592 ] } },
{ "type": "Feature", "properties": { "Hofname": "Knotzenbachgasse 39-45", "clean_address": "1230 Wien, Knotzenbachgasse", "Wohnungen": 34, "Lokale": 1, "addr_key": "1230 wien, knotzenbachgasse" }, "geometry": { "type": "Point", "coordinates": [ 16.2918219, 48.145886 ] } },
{ "type": "Feature", "properties": { "Hofname": "Karl-Tornay-Gasse 37-43", "clean_address": "1230 Wien, Karl-Tornay-Gasse", "Wohnungen": 822, "Lokale": 22, "addr_key": "1230 wien, karl-tornay-gasse" }, "geometry": { "type": "Point", "coordinates": [ 16.3197076, 48.1308612 ] } },
{ "type": "Feature", "properties": { "Hofname": "Josef-Österreicher-Gasse 20-22", "clean_address": "1230 Wien, Josef-Österreicher-Gasse", "Wohnungen": 30, "Lokale": 2, "addr_key": "1230 wien, josef-österreicher-gasse" }, "geometry": { "type": "Point", "coordinates": [ 16.2989514, 48.145361 ] } },
{ "type": "Feature", "properties": { "Hofname": "Johann-Gottek-Gasse 18", "clean_address": "1230 Wien, Johann-Gottek-Gasse", "Wohnungen": 25, "Lokale": 1, "addr_key": "1230 wien, johann-gottek-gasse" }, "geometry": { "type": "Point", "coordinates": [ 16.3268267, 48.152137 ] } },
{ "type": "Feature", "properties": { "Hofname": "Maurer Hauptplatz 11", "clean_address": "1230 Wien, Maurer Hauptplatz", "Wohnungen": 19, "Lokale": 3, "addr_key": "1230 wien, maurer hauptplatz" }, "geometry": { "type": "Point", "coordinates": [ 16.268677, 48.150895 ] } },
{ "type": "Feature", "properties": { "Hofname": "Pfarrgasse 61", "clean_address": "1230 Wien, Pfarrgasse", "Wohnungen": 185, "Lokale": 2, "addr_key": "1230 wien, pfarrgasse" }, "geometry": { "type": "Polygon", "coordinates": [ [ [ 16.3468712, 48.1443936 ], [ 16.346876, 48.1444017 ], [ 16.3466641, 48.1444571 ], [ 16.3466141, 48.1443714 ], [ 16.3466042, 48.1443546 ], [ 16.3466789, 48.1443351 ], [ 16.3466724, 48.144324 ], [ 16.3467331, 48.1443081 ], [ 16.3467396, 48.1443192 ], [ 16.3468155, 48.1442993 ], [ 16.3468198, 48.1443066 ], [ 16.3468712, 48.1443936 ] ] ] } },
{ "type": "Feature", "properties": { "Hofname": "Mehlführergasse 22-24", "clean_address": "1230 Wien, Mehlführergasse", "Wohnungen": 39, "Lokale": 0, "addr_key": "1230 wien, mehlführergasse" }, "geometry": { "type": "Point", "coordinates": [ 16.282082, 48.1400218 ] } },
{ "type": "Feature", "properties": { "Hofname": "Kellerberggasse 55-57", "clean_address": "1230 Wien, Kellerberggasse", "Wohnungen": 24, "Lokale": 2, "addr_key": "1230 wien, kellerberggasse" }, "geometry": { "type": "Point", "coordinates": [ 16.3072427, 48.1263093 ] } },
{ "type": "Feature", "properties": { "Hofname": "Rudolf-Zeller-Gasse 4-8", "clean_address": "1230 Wien, Rudolf-Zeller-Gasse", "Wohnungen": 23, "Lokale": 1, "addr_key": "1230 wien, rudolf-zeller-gasse" }, "geometry": { "type": "Point", "coordinates": [ 16.2860942, 48.153505 ] } },
{ "type": "Feature", "properties": { "Hofname": "Breitenfurter Straße 401-413", "clean_address": "1230 Wien, Breitenfurter Straße", "Wohnungen": 323, "Lokale": 26, "addr_key": "1230 wien, breitenfurter straße" }, "geometry": { "type": "Polygon", "coordinates": [ [ [ 16.3302986, 48.1731112 ], [ 16.3303307, 48.1731614 ], [ 16.3303625, 48.173211 ], [ 16.330217, 48.1732494 ], [ 16.3301204, 48.173209 ], [ 16.3298896, 48.1731126 ], [ 16.3299755, 48.1730236 ], [ 16.3300004, 48.1729986 ], [ 16.3300373, 48.172987 ], [ 16.3301867, 48.1729457 ], [ 16.3302224, 48.1729937 ], [ 16.3300325, 48.1730471 ], [ 16.3302315, 48.1731319 ], [ 16.3302986, 48.1731112 ] ] ] } },
{ "type": "Feature", "properties": { "Hofname": "Pfarrgasse 34-44", "clean_address": "1230 Wien, Pfarrgasse", "Wohnungen": 457, "Lokale": 14, "addr_key": "1230 wien, pfarrgasse" }, "geometry": { "type": "Polygon", "coordinates": [ [ [ 16.3468712, 48.1443936 ], [ 16.346876, 48.1444017 ], [ 16.3466641, 48.1444571 ], [ 16.3466141, 48.1443714 ], [ 16.3466042, 48.1443546 ], [ 16.3466789, 48.1443351 ], [ 16.3466724, 48.144324 ], [ 16.3467331, 48.1443081 ], [ 16.3467396, 48.1443192 ], [ 16.3468155, 48.1442993 ], [ 16.3468198, 48.1443066 ], [ 16.3468712, 48.1443936 ] ] ] } },
{ "type": "Feature", "properties": { "Hofname": "Kolbegasse 44", "clean_address": "1230 Wien, Kolbegasse", "Wohnungen": 304, "Lokale": 11, "addr_key": "1230 wien, kolbegasse" }, "geometry": { "type": "Polygon", "coordinates": [ [ [ 16.3528777, 48.1455562 ], [ 16.3529031, 48.1455164 ], [ 16.3528943, 48.1455086 ], [ 16.3529099, 48.1454843 ], [ 16.3529263, 48.1454829 ], [ 16.3529474, 48.14545 ], [ 16.3529707, 48.1454437 ], [ 16.3529756, 48.145436 ], [ 16.353042, 48.1454182 ], [ 16.3530519, 48.1454234 ], [ 16.3531139, 48.1454068 ], [ 16.3531787, 48.1455144 ], [ 16.353165, 48.1455181 ], [ 16.3531704, 48.1455271 ], [ 16.3530884, 48.1455491 ], [ 16.3530783, 48.1455649 ], [ 16.3530563, 48.1455993 ], [ 16.3530459, 48.1456001 ], [ 16.3530426, 48.1456052 ], [ 16.3528777, 48.1455562 ] ] ] } },
{ "type": "Feature", "properties": { "Hofname": "Oldenburggasse 13-27", "clean_address": "1230 Wien, Oldenburggasse", "Wohnungen": 217, "Lokale": 9, "addr_key": "1230 wien, oldenburggasse" }, "geometry": { "type": "Point", "coordinates": [ 16.3311094, 48.1504579 ] } },
{ "type": "Feature", "properties": { "Hofname": "Traviatagasse 12-16", "clean_address": "1230 Wien, Traviatagasse", "Wohnungen": 171, "Lokale": 7, "addr_key": "1230 wien, traviatagasse" }, "geometry": { "type": "Point", "coordinates": [ 16.350105, 48.1407952 ] } },
{ "type": "Feature", "properties": { "Hofname": "Weyprechtgasse 7", "clean_address": "1160 Wien, Weyprechtgasse", "Wohnungen": 12, "Lokale": 1, "addr_key": "1160 wien, weyprechtgasse" }, "geometry": { "type": "Polygon", "coordinates": [ [ [ 16.3347851, 48.214303 ], [ 16.3346231, 48.2142838 ], [ 16.3346593, 48.2141472 ], [ 16.3349151, 48.2141792 ], [ 16.3349023, 48.2142259 ], [ 16.3348133, 48.2142179 ], [ 16.3347851, 48.214303 ] ] ] } },
{ "type": "Feature", "properties": { "Hofname": "Gallgasse 71", "clean_address": "1130 Wien, Gallgasse", "Wohnungen": 56, "Lokale": 2, "addr_key": "1130 wien, gallgasse" }, "geometry": { "type": "Point", "coordinates": [ 16.2856077, 48.1681172 ] } },
{ "type": "Feature", "properties": { "Hofname": "Gaßmannstraße 41", "clean_address": "1120 Wien, Gaßmannstraße", "Wohnungen": 17, "Lokale": 0, "addr_key": "1120 wien, gaßmannstraße" }, "geometry": { "type": "Point", "coordinates": [ 16.309846, 48.1718017 ] } },
{ "type": "Feature", "properties": { "Hofname": "Leidesdorfgasse 1", "clean_address": "1190 Wien, Leidesdorfgasse", "Wohnungen": 7, "Lokale": 0, "addr_key": "1190 wien, leidesdorfgasse" }, "geometry": { "type": "Point", "coordinates": [ 16.3426914, 48.2425426 ] } },
{ "type": "Feature", "properties": { "Hofname": "Margaretenstraße 108", "clean_address": "1050 Wien, Margaretenstraße", "Wohnungen": 24, "Lokale": 2, "addr_key": "1050 wien, margaretenstraße" }, "geometry": { "type": "Point", "coordinates": [ 16.3602553, 48.1922863 ] } },
{ "type": "Feature", "properties": { "Hofname": "Grieshofgasse 12", "clean_address": "1120 Wien, Grieshofgasse", "Wohnungen": 9, "Lokale": 0, "addr_key": "1120 wien, grieshofgasse" }, "geometry": { "type": "Point", "coordinates": [ 16.3315567, 48.1833565 ] } },
{ "type": "Feature", "properties": { "Hofname": "Polgarstraße 1-3", "clean_address": "1220 Wien, Polgarstraße", "Wohnungen": 192, "Lokale": 7, "addr_key": "1220 wien, polgarstraße" }, "geometry": { "type": "Point", "coordinates": [ 16.4505215, 48.231723 ] } },
{ "type": "Feature", "properties": { "Hofname": "Koppstraße 11", "clean_address": "1160 Wien, Koppstraße", "Wohnungen": 29, "Lokale": 3, "addr_key": "1160 wien, koppstraße" }, "geometry": { "type": "Point", "coordinates": [ 16.3299636, 48.2073014 ] } },
{ "type": "Feature", "properties": { "Hofname": "Franz-Glaser-Gasse 1-3", "clean_address": "1170 Wien, Franz-Glaser-Gasse", "Wohnungen": 13, "Lokale": 2, "addr_key": "1170 wien, franz-glaser-gasse" }, "geometry": { "type": "Point", "coordinates": [ 16.2953089, 48.2264104 ] } },
{ "type": "Feature", "properties": { "Hofname": "Rosa-Jochmann-Ring 3", "clean_address": "1110 Wien, Rosa-Jochmann-Ring", "Wohnungen": 254, "Lokale": 5, "addr_key": "1110 wien, rosa-jochmann-ring" }, "geometry": { "type": "Polygon", "coordinates": [ [ [ 16.4617432, 48.1529099 ], [ 16.4618255, 48.1527658 ], [ 16.4616087, 48.1527085 ], [ 16.4615227, 48.1528557 ], [ 16.4617432, 48.1529099 ] ] ] } },
{ "type": "Feature", "properties": { "Hofname": "Rosa-Jochmann-Ring 1", "clean_address": "1110 Wien, Rosa-Jochmann-Ring", "Wohnungen": 108, "Lokale": 3, "addr_key": "1110 wien, rosa-jochmann-ring" }, "geometry": { "type": "Polygon", "coordinates": [ [ [ 16.4617432, 48.1529099 ], [ 16.4618255, 48.1527658 ], [ 16.4616087, 48.1527085 ], [ 16.4615227, 48.1528557 ], [ 16.4617432, 48.1529099 ] ] ] } },
{ "type": "Feature", "properties": { "Hofname": "Viehtriftgasse 9, 11, 12, 14", "clean_address": "1210 Wien, Viehtriftgasse", "Wohnungen": 250, "Lokale": 3, "addr_key": "1210 wien, viehtriftgasse" }, "geometry": { "type": "Polygon", "coordinates": [ [ [ 16.4336398, 48.2587503 ], [ 16.4336329, 48.2587172 ], [ 16.4336108, 48.2587193 ], [ 16.4336006, 48.2586707 ], [ 16.4336211, 48.2586688 ], [ 16.4336156, 48.2586425 ], [ 16.4335949, 48.2586444 ], [ 16.4335901, 48.2586213 ], [ 16.4336094, 48.2586195 ], [ 16.4335915, 48.258534 ], [ 16.4335691, 48.2585361 ], [ 16.4335613, 48.2584988 ], [ 16.4336141, 48.2584939 ], [ 16.4336172, 48.2585087 ], [ 16.4337539, 48.2584961 ], [ 16.4337508, 48.2584811 ], [ 16.4338035, 48.2584762 ], [ 16.4338108, 48.2585109 ], [ 16.4337937, 48.2585125 ], [ 16.4338178, 48.2586281 ], [ 16.4338415, 48.2586259 ], [ 16.4338519, 48.258676 ], [ 16.4338304, 48.2586779 ], [ 16.4338416, 48.2587317 ], [ 16.4336398, 48.2587503 ] ] ] } },
{ "type": "Feature", "properties": { "Hofname": "Linzer Straße 386-390", "clean_address": "1140 Wien, Linzer Straße", "Wohnungen": 24, "Lokale": 3, "addr_key": "1140 wien, linzer straße" }, "geometry": { "type": "Point", "coordinates": [ 16.3530978, 48.216483 ] } },
{ "type": "Feature", "properties": { "Hofname": "Bachgasse 12", "clean_address": "1160 Wien, Bachgasse", "Wohnungen": 18, "Lokale": 1, "addr_key": "1160 wien, bachgasse" }, "geometry": { "type": "Point", "coordinates": [ 16.327079, 48.2108799 ] } },
{ "type": "Feature", "properties": { "Hofname": "Würffelgasse 6-8", "clean_address": "1150 Wien, Würffelgasse", "Wohnungen": 24, "Lokale": 2, "addr_key": "1150 wien, würffelgasse" }, "geometry": { "type": "Point", "coordinates": [ 16.3307219, 48.1918844 ] } },
{ "type": "Feature", "properties": { "Hofname": "Hanreitergasse 13", "clean_address": "1210 Wien, Hanreitergasse", "Wohnungen": 159, "Lokale": 1, "addr_key": "1210 wien, hanreitergasse" }, "geometry": { "type": "Point", "coordinates": [ 16.4139859, 48.2841139 ] } },
{ "type": "Feature", "properties": { "Hofname": "Rosa-Jochmann-Ring 5", "clean_address": "1110 Wien, Rosa-Jochmann-Ring", "Wohnungen": 542, "Lokale": 40, "addr_key": "1110 wien, rosa-jochmann-ring" }, "geometry": { "type": "Polygon", "coordinates": [ [ [ 16.4617432, 48.1529099 ], [ 16.4618255, 48.1527658 ], [ 16.4616087, 48.1527085 ], [ 16.4615227, 48.1528557 ], [ 16.4617432, 48.1529099 ] ] ] } },
{ "type": "Feature", "properties": { "Hofname": "Am Hofgartel 3-7", "clean_address": "1110 Wien, Am Hofgartel", "Wohnungen": 275, "Lokale": 6, "addr_key": "1110 wien, am hofgartel" }, "geometry": { "type": "Polygon", "coordinates": [ [ [ 16.387333, 48.2249571 ], [ 16.3871373, 48.2246964 ], [ 16.3870312, 48.2247176 ], [ 16.3870215, 48.2247035 ], [ 16.3869392, 48.2247252 ], [ 16.3868485, 48.2247615 ], [ 16.3868529, 48.2247757 ], [ 16.3867615, 48.2248143 ], [ 16.386928, 48.2250703 ], [ 16.3871738, 48.2250015 ], [ 16.387333, 48.2249571 ] ] ] } },
{ "type": "Feature", "properties": { "Hofname": "Am Hofgartel 8-10", "clean_address": "1110 Wien, Am Hofgartel", "Wohnungen": 182, "Lokale": 3, "addr_key": "1110 wien, am hofgartel" }, "geometry": { "type": "Polygon", "coordinates": [ [ [ 16.387333, 48.2249571 ], [ 16.3871373, 48.2246964 ], [ 16.3870312, 48.2247176 ], [ 16.3870215, 48.2247035 ], [ 16.3869392, 48.2247252 ], [ 16.3868485, 48.2247615 ], [ 16.3868529, 48.2247757 ], [ 16.3867615, 48.2248143 ], [ 16.386928, 48.2250703 ], [ 16.3871738, 48.2250015 ], [ 16.387333, 48.2249571 ] ] ] } },
{ "type": "Feature", "properties": { "Hofname": "Dr.-Eberle-Gasse 2-8", "clean_address": "1100 Wien, Dr.-Eberle-Gasse", "Wohnungen": 107, "Lokale": 0, "addr_key": "1100 wien, dr.-eberle-gasse" }, "geometry": { "type": "Polygon", "coordinates": [ [ [ 16.374347, 48.1632635 ], [ 16.3743696, 48.1632632 ], [ 16.374371, 48.1632999 ], [ 16.3743718, 48.1633196 ], [ 16.3743733, 48.163359 ], [ 16.3743515, 48.1633593 ], [ 16.3743523, 48.1633817 ], [ 16.3741993, 48.1633843 ], [ 16.3741971, 48.1633243 ], [ 16.3741859, 48.1633245 ], [ 16.374185, 48.1633006 ], [ 16.3741963, 48.1633004 ], [ 16.3741951, 48.1632661 ], [ 16.374347, 48.1632635 ] ] ] } },
{ "type": "Feature", "properties": { "Hofname": "Dernjacgasse 10", "clean_address": "1230 Wien, Dernjacgasse", "Wohnungen": 45, "Lokale": 3, "addr_key": "1230 wien, dernjacgasse" }, "geometry": { "type": "Polygon", "coordinates": [ [ [ 16.3166894, 48.1403189 ], [ 16.3165386, 48.1403189 ], [ 16.3165114, 48.1403189 ], [ 16.3165134, 48.1404741 ], [ 16.3165876, 48.1405437 ], [ 16.3167071, 48.1406557 ], [ 16.316711, 48.1408672 ], [ 16.316891, 48.1408672 ], [ 16.3168927, 48.1406571 ], [ 16.3167692, 48.1405381 ], [ 16.3166934, 48.1404651 ], [ 16.3166894, 48.1403189 ] ] ] } },
{ "type": "Feature", "properties": { "Hofname": "Dernjacgasse 4", "clean_address": "1230 Wien, Dernjacgasse", "Wohnungen": 47, "Lokale": 2, "addr_key": "1230 wien, dernjacgasse" }, "geometry": { "type": "Polygon", "coordinates": [ [ [ 16.3166894, 48.1403189 ], [ 16.3165386, 48.1403189 ], [ 16.3165114, 48.1403189 ], [ 16.3165134, 48.1404741 ], [ 16.3165876, 48.1405437 ], [ 16.3167071, 48.1406557 ], [ 16.316711, 48.1408672 ], [ 16.316891, 48.1408672 ], [ 16.3168927, 48.1406571 ], [ 16.3167692, 48.1405381 ], [ 16.3166934, 48.1404651 ], [ 16.3166894, 48.1403189 ] ] ] } },
{ "type": "Feature", "properties": { "Hofname": "Rudolf-Nurejew-Promenade 9", "clean_address": "1220 Wien, Rudolf-Nurejew-Promenade", "Wohnungen": 0, "Lokale": 0, "addr_key": "1220 wien, rudolf-nurejew-promenade" }, "geometry": { "type": "Polygon", "coordinates": [ [ [ 16.4149645, 48.2291759 ], [ 16.4149584, 48.2292094 ], [ 16.4149708, 48.2292099 ], [ 16.4149843, 48.2292087 ], [ 16.414996, 48.2292045 ], [ 16.4150057, 48.2292003 ], [ 16.4150191, 48.2291985 ], [ 16.4150305, 48.2291987 ], [ 16.4150392, 48.2291989 ], [ 16.4150412, 48.2291824 ], [ 16.415136, 48.2291905 ], [ 16.4151308, 48.2292337 ], [ 16.4152256, 48.229241 ], [ 16.4152196, 48.229274 ], [ 16.4152237, 48.2292741 ], [ 16.415232, 48.2292744 ], [ 16.4152454, 48.2292733 ], [ 16.4152572, 48.229269 ], [ 16.4152669, 48.2292648 ], [ 16.4152803, 48.229263 ], [ 16.4152917, 48.2292632 ], [ 16.4153004, 48.2292635 ], [ 16.4153024, 48.229247 ], [ 16.4154237, 48.2292564 ], [ 16.4154297, 48.2292243 ], [ 16.4154374, 48.2291839 ], [ 16.4154465, 48.2291362 ], [ 16.4153895, 48.2291316 ], [ 16.4153924, 48.2291151 ], [ 16.4153824, 48.2291155 ], [ 16.4153723, 48.2291186 ], [ 16.4153663, 48.2291227 ], [ 16.4153609, 48.2291293 ], [ 16.4153415, 48.2291277 ], [ 16.4152393, 48.2291195 ], [ 16.4152422, 48.2291028 ], [ 16.4152322, 48.2291032 ], [ 16.4152221, 48.2291064 ], [ 16.4152161, 48.2291104 ], [ 16.4152107, 48.2291171 ], [ 16.4151576, 48.2291129 ], [ 16.4151635, 48.2290706 ], [ 16.4151259, 48.2290674 ], [ 16.4151289, 48.2290503 ], [ 16.4151189, 48.2290508 ], [ 16.4151088, 48.2290539 ], [ 16.4151028, 48.2290579 ], [ 16.4150973, 48.2290649 ], [ 16.4150807, 48.2290635 ], [ 16.4149764, 48.2290546 ], [ 16.4149794, 48.2290378 ], [ 16.4149693, 48.2290382 ], [ 16.4149593, 48.2290414 ], [ 16.4149532, 48.2290454 ], [ 16.4149478, 48.2290522 ], [ 16.4148877, 48.2290471 ], [ 16.4148537, 48.2290442 ], [ 16.4148567, 48.2290273 ], [ 16.4148466, 48.2290277 ], [ 16.4148366, 48.2290309 ], [ 16.4148305, 48.2290349 ], [ 16.4148251, 48.2290417 ], [ 16.4148198, 48.2290451 ], [ 16.4148131, 48.229052 ], [ 16.4148054, 48.2290607 ], [ 16.4148007, 48.2290678 ], [ 16.414795, 48.229075 ], [ 16.4147916, 48.2290797 ], [ 16.4147836, 48.2290879 ], [ 16.4147772, 48.2290926 ], [ 16.4147688, 48.2290949 ], [ 16.4147611, 48.229094 ], [ 16.4147544, 48.2290933 ], [ 16.4147433, 48.2290917 ], [ 16.4147346, 48.229092 ], [ 16.4147232, 48.2290946 ], [ 16.4147125, 48.2291007 ], [ 16.4147044, 48.2291089 ], [ 16.4146994, 48.229117 ], [ 16.4147004, 48.229127 ], [ 16.4147054, 48.2291346 ], [ 16.4147128, 48.2291398 ], [ 16.4147272, 48.2291435 ], [ 16.4147477, 48.229142 ], [ 16.4147634, 48.2291377 ], [ 16.4147748, 48.2291281 ], [ 16.4147819, 48.2291246 ], [ 16.4147926, 48.2291246 ], [ 16.414801, 48.2291281 ], [ 16.4148043, 48.2291357 ], [ 16.4148, 48.2291619 ], [ 16.4148615, 48.2291672 ], [ 16.4149645, 48.2291759 ] ], [ [ 16.4150318, 48.2291089 ], [ 16.4150478, 48.2291186 ], [ 16.4150535, 48.2291325 ], [ 16.4150486, 48.2291447 ], [ 16.4150357, 48.2291538 ], [ 16.4150178, 48.2291579 ], [ 16.4149992, 48.2291558 ], [ 16.4149838, 48.2291476 ], [ 16.4149763, 48.2291355 ], [ 16.4149788, 48.2291225 ], [ 16.4149905, 48.229112 ], [ 16.4150104, 48.2291065 ], [ 16.4150318, 48.2291089 ] ], [ [ 16.4152793, 48.2291726 ], [ 16.4153006, 48.2291751 ], [ 16.4153166, 48.2291848 ], [ 16.4153223, 48.2291987 ], [ 16.4153175, 48.2292109 ], [ 16.4153045, 48.22922 ], [ 16.4152866, 48.229224 ], [ 16.415268, 48.2292219 ], [ 16.4152526, 48.2292138 ], [ 16.4152452, 48.2292017 ], [ 16.4152476, 48.2291887 ], [ 16.4152593, 48.2291782 ], [ 16.4152793, 48.2291726 ] ] ] } },
{ "type": "Feature", "properties": { "Hofname": "Haslingergasse 35", "clean_address": "1170 Wien, Haslingergasse", "Wohnungen": 17, "Lokale": 2, "addr_key": "1170 wien, haslingergasse" }, "geometry": { "type": "Point", "coordinates": [ 16.3302808, 48.2151287 ] } },
{ "type": "Feature", "properties": { "Hofname": "Simmeringer Hauptstraße 108 A", "clean_address": "1110 Wien, Simmeringer Hauptstraße", "Wohnungen": 16, "Lokale": 6, "addr_key": "1110 wien, simmeringer hauptstraße" }, "geometry": { "type": "Point", "coordinates": [ 16.4061483, 48.1838947 ] } },
{ "type": "Feature", "properties": { "Hofname": "Arndtstraße 74-76", "clean_address": "1120 Wien, Arndtstraße", "Wohnungen": 27, "Lokale": 2, "addr_key": "1120 wien, arndtstraße" }, "geometry": { "type": "Point", "coordinates": [ 16.3384946, 48.1844501 ] } },
{ "type": "Feature", "properties": { "Hofname": "Reithofferplatz 10", "clean_address": "1150 Wien, Reithofferplatz", "Wohnungen": 16, "Lokale": 1, "addr_key": "1150 wien, reithofferplatz" }, "geometry": { "type": "Point", "coordinates": [ 16.3301729, 48.1985789 ] } },
{ "type": "Feature", "properties": { "Hofname": "Allerheiligengasse 5", "clean_address": "1200 Wien, Allerheiligengasse", "Wohnungen": 40, "Lokale": 1, "addr_key": "1200 wien, allerheiligengasse" }, "geometry": { "type": "Point", "coordinates": [ 16.3858331, 48.2386494 ] } },
{ "type": "Feature", "properties": { "Hofname": "Albertisgasse 3", "clean_address": "1210 Wien, Albertisgasse", "Wohnungen": 26, "Lokale": 2, "addr_key": "1210 wien, albertisgasse" }, "geometry": { "type": "Point", "coordinates": [ 16.4074786, 48.2715695 ] } },
{ "type": "Feature", "properties": { "Hofname": "Ferdinand-Käs-Gasse 3", "clean_address": "1210 Wien, Ferdinand-Käs-Gasse", "Wohnungen": 164, "Lokale": 2, "addr_key": "1210 wien, ferdinand-käs-gasse" }, "geometry": { "type": "Polygon", "coordinates": [ [ [ 16.3998797, 48.2805229 ], [ 16.3999504, 48.2805012 ], [ 16.3999633, 48.2805198 ], [ 16.4000423, 48.2804955 ], [ 16.4000285, 48.2804753 ], [ 16.3999453, 48.2803536 ], [ 16.3999394, 48.2803449 ], [ 16.39986, 48.2803693 ], [ 16.3998734, 48.2803886 ], [ 16.3998034, 48.2804101 ], [ 16.3998797, 48.2805229 ] ] ] } },
{ "type": "Feature", "properties": { "Hofname": "Prandaugasse 3", "clean_address": "1220 Wien, Prandaugasse", "Wohnungen": 149, "Lokale": 5, "addr_key": "1220 wien, prandaugasse" }, "geometry": { "type": "Point", "coordinates": [ 16.4360818, 48.2433149 ] } },
{ "type": "Feature", "properties": { "Hofname": "Markgraf-Gerold-Gasse 18", "clean_address": "1220 Wien, Markgraf-Gerold-Gasse", "Wohnungen": 80, "Lokale": 1, "addr_key": "1220 wien, markgraf-gerold-gasse" }, "geometry": { "type": "Point", "coordinates": [ 16.4556674, 48.2214527 ] } },
{ "type": "Feature", "properties": { "Hofname": "Ketzergasse 312-314", "clean_address": "1230 Wien, Ketzergasse", "Wohnungen": 18, "Lokale": 0, "addr_key": "1230 wien, ketzergasse" }, "geometry": { "type": "Polygon", "coordinates": [ [ [ 16.3079424, 48.1276806 ], [ 16.3079383, 48.1275809 ], [ 16.307896, 48.1273563 ], [ 16.3078145, 48.1273612 ], [ 16.3078385, 48.1275128 ], [ 16.3078829, 48.1275108 ], [ 16.3078851, 48.127539 ], [ 16.3076697, 48.1275482 ], [ 16.3076672, 48.1275255 ], [ 16.3077081, 48.1275246 ], [ 16.3076994, 48.1274606 ], [ 16.3076778, 48.1273799 ], [ 16.307599, 48.1273859 ], [ 16.3076471, 48.1276954 ], [ 16.3079424, 48.1276806 ] ] ] } },
{ "type": "Feature", "properties": { "Hofname": "Jedlersdorfer Straße 180", "clean_address": "1210 Wien, Jedlersdorfer Straße", "Wohnungen": 58, "Lokale": 0, "addr_key": "1210 wien, jedlersdorfer straße" }, "geometry": { "type": "Polygon", "coordinates": [ [ [ 16.4002416, 48.2778866 ], [ 16.4002103, 48.2778924 ], [ 16.4001788, 48.2778982 ], [ 16.4001869, 48.2779177 ], [ 16.4002105, 48.277914 ], [ 16.4002216, 48.2779453 ], [ 16.4002503, 48.2780258 ], [ 16.4002441, 48.2780269 ], [ 16.4002542, 48.2780512 ], [ 16.4002481, 48.2780523 ], [ 16.4002676, 48.2780992 ], [ 16.4002708, 48.2781069 ], [ 16.400123, 48.2781362 ], [ 16.4000636, 48.2781451 ], [ 16.4000603, 48.2781372 ], [ 16.4000491, 48.2781104 ], [ 16.4000656, 48.2781074 ], [ 16.4000479, 48.278065 ], [ 16.4000312, 48.2780681 ], [ 16.3999616, 48.2779011 ], [ 16.3999765, 48.2778984 ], [ 16.3999678, 48.2778776 ], [ 16.4000577, 48.277861 ], [ 16.4000523, 48.2778481 ], [ 16.4001772, 48.277825 ], [ 16.4001818, 48.277836 ], [ 16.4001933, 48.2778339 ], [ 16.400215, 48.2778299 ], [ 16.4002416, 48.2778866 ] ] ] } },
{ "type": "Feature", "properties": { "Hofname": "Wankläckergasse 36", "clean_address": "1210 Wien, Wankläckergasse", "Wohnungen": 46, "Lokale": 0, "addr_key": "1210 wien, wankläckergasse" }, "geometry": { "type": "Polygon", "coordinates": [ [ [ 16.4150496, 48.2740171 ], [ 16.4151692, 48.2741364 ], [ 16.4152895, 48.274083 ], [ 16.4152277, 48.2740214 ], [ 16.4151698, 48.2739637 ], [ 16.4150496, 48.2740171 ] ] ] } },
{ "type": "Feature", "properties": { "Hofname": "Korbergasse 4-6", "clean_address": "1120 Wien, Korbergasse", "Wohnungen": 17, "Lokale": 1, "addr_key": "1120 wien, korbergasse" }, "geometry": { "type": "Point", "coordinates": [ 16.3395952, 48.1860209 ] } },
{ "type": "Feature", "properties": { "Hofname": "Geiselbergstraße 54", "clean_address": "1110 Wien, Geiselbergstraße", "Wohnungen": 8, "Lokale": 1, "addr_key": "1110 wien, geiselbergstraße" }, "geometry": { "type": "Point", "coordinates": [ 16.4001373, 48.1752112 ] } },
{ "type": "Feature", "properties": { "Hofname": "Gerasdorfer Straße 332", "clean_address": "1210 Wien, Gerasdorfer Straße", "Wohnungen": 19, "Lokale": 3, "addr_key": "1210 wien, gerasdorfer straße" }, "geometry": { "type": "Point", "coordinates": [ 16.410787, 48.2821894 ] } },
{ "type": "Feature", "properties": { "Hofname": "Hahnemanngasse 3", "clean_address": "1210 Wien, Hahnemanngasse", "Wohnungen": 47, "Lokale": 0, "addr_key": "1210 wien, hahnemanngasse" }, "geometry": { "type": "Polygon", "coordinates": [ [ [ 16.4129314, 48.2866246 ], [ 16.4133402, 48.2865149 ], [ 16.4132503, 48.2863666 ], [ 16.413147, 48.2863943 ], [ 16.4131836, 48.2864546 ], [ 16.4131241, 48.2864706 ], [ 16.4130996, 48.2864302 ], [ 16.4130148, 48.286453 ], [ 16.4130384, 48.2864919 ], [ 16.4129824, 48.2865069 ], [ 16.4129467, 48.286448 ], [ 16.4128415, 48.2864763 ], [ 16.4129314, 48.2866246 ] ] ] } },
{ "type": "Feature", "properties": { "Hofname": "Opfermanngasse 1", "clean_address": "1160 Wien, Opfermanngasse", "Wohnungen": 20, "Lokale": 2, "addr_key": "1160 wien, opfermanngasse" }, "geometry": { "type": "Point", "coordinates": [ 16.3092506, 48.2050027 ] } },
{ "type": "Feature", "properties": { "Hofname": "Hartlebengasse 1-17", "clean_address": "1220 Wien, Hartlebengasse", "Wohnungen": 1017, "Lokale": 19, "addr_key": "1220 wien, hartlebengasse" }, "geometry": { "type": "Point", "coordinates": [ 16.46332, 48.2237938 ] } },
{ "type": "Feature", "properties": { "Hofname": "Rößlergasse 15", "clean_address": "1230 Wien, Rößlergasse", "Wohnungen": 74, "Lokale": 4, "addr_key": "1230 wien, rößlergasse" }, "geometry": { "type": "Point", "coordinates": [ 16.3107371, 48.1477047 ] } },
{ "type": "Feature", "properties": { "Hofname": "Otto-Probst-Straße 12", "clean_address": "1100 Wien, Otto-Probst-Straße", "Wohnungen": 77, "Lokale": 0, "addr_key": "1100 wien, otto-probst-straße" }, "geometry": { "type": "Polygon", "coordinates": [ [ [ 16.3550058, 48.1557802 ], [ 16.3550394, 48.1557759 ], [ 16.3550699, 48.1557724 ], [ 16.3551057, 48.1557673 ], [ 16.3550275, 48.1556523 ], [ 16.3548543, 48.1557102 ], [ 16.3549166, 48.1558018 ], [ 16.3549606, 48.1557891 ], [ 16.3550058, 48.1557802 ] ] ] } },
{ "type": "Feature", "properties": { "Hofname": "Otto-Probst-Platz 1", "clean_address": "1100 Wien, Otto-Probst-Platz", "Wohnungen": 122, "Lokale": 9, "addr_key": "1100 wien, otto-probst-platz" }, "geometry": { "type": "Polygon", "coordinates": [ [ [ 16.3483922, 48.1537021 ], [ 16.3483785, 48.153683 ], [ 16.348354, 48.1536491 ], [ 16.3483319, 48.153656 ], [ 16.3482994, 48.1536111 ], [ 16.3483239, 48.1536029 ], [ 16.3482877, 48.1535508 ], [ 16.3482608, 48.153559 ], [ 16.3482463, 48.1535367 ], [ 16.3481667, 48.1535618 ], [ 16.3481521, 48.1535401 ], [ 16.3480811, 48.1535627 ], [ 16.3480872, 48.1535715 ], [ 16.3480246, 48.1535913 ], [ 16.348019, 48.1535819 ], [ 16.3479452, 48.1536052 ], [ 16.3480144, 48.1536984 ], [ 16.348065, 48.1536811 ], [ 16.3480557, 48.1536669 ], [ 16.3481342, 48.153642 ], [ 16.3481475, 48.1536416 ], [ 16.3481462, 48.1536496 ], [ 16.3481501, 48.1536567 ], [ 16.3481568, 48.1536616 ], [ 16.3481641, 48.1536638 ], [ 16.3481728, 48.1536651 ], [ 16.3481681, 48.1536735 ], [ 16.3482054, 48.153725 ], [ 16.348226, 48.1537179 ], [ 16.3482381, 48.1537333 ], [ 16.34825, 48.1537481 ], [ 16.3482579, 48.1537455 ], [ 16.3483922, 48.1537021 ] ] ] } },
{ "type": "Feature", "properties": { "Hofname": "Schäffergasse 10", "clean_address": "1040 Wien, Schäffergasse", "Wohnungen": 33, "Lokale": 1, "addr_key": "1040 wien, schäffergasse" }, "geometry": { "type": "Point", "coordinates": [ 16.364343, 48.1940759 ] } },
{ "type": "Feature", "properties": { "Hofname": "Geringergasse 22", "clean_address": "1110 Wien, Geringergasse", "Wohnungen": 0, "Lokale": 2, "addr_key": "1110 wien, geringergasse" }, "geometry": { "type": "Polygon", "coordinates": [ [ [ 16.428221, 48.1699335 ], [ 16.4280941, 48.169824 ], [ 16.4282822, 48.169727 ], [ 16.4284091, 48.1698365 ], [ 16.428221, 48.1699335 ] ] ] } },
{ "type": "Feature", "properties": { "Hofname": "Geringergasse 27", "clean_address": "1110 Wien, Geringergasse", "Wohnungen": 0, "Lokale": 9, "addr_key": "1110 wien, geringergasse" }, "geometry": { "type": "Polygon", "coordinates": [ [ [ 16.428221, 48.1699335 ], [ 16.4280941, 48.169824 ], [ 16.4282822, 48.169727 ], [ 16.4284091, 48.1698365 ], [ 16.428221, 48.1699335 ] ] ] } },
{ "type": "Feature", "properties": { "Hofname": "Sagedergasse 11", "clean_address": "1120 Wien, Sagedergasse", "Wohnungen": 0, "Lokale": 2, "addr_key": "1120 wien, sagedergasse" }, "geometry": { "type": "Point", "coordinates": [ 16.3229736, 48.1602329 ] } },
{ "type": "Feature", "properties": { "Hofname": "Emichgasse 4", "clean_address": "1220 Wien, Emichgasse", "Wohnungen": 0, "Lokale": 8, "addr_key": "1220 wien, emichgasse" }, "geometry": { "type": "Polygon", "coordinates": [ [ [ 16.4723719, 48.2345713 ], [ 16.472657, 48.234586 ], [ 16.4726681, 48.2344909 ], [ 16.4726965, 48.2342465 ], [ 16.4723289, 48.2342275 ], [ 16.4723178, 48.2343226 ], [ 16.4725182, 48.234333 ], [ 16.4725036, 48.2344585 ], [ 16.472501, 48.234481 ], [ 16.4723832, 48.2344749 ], [ 16.4723719, 48.2345713 ] ] ] } },
{ "type": "Feature", "properties": { "Hofname": "Siebenbürgerstraße 14", "clean_address": "1220 Wien, Siebenbürgerstraße", "Wohnungen": 0, "Lokale": 25, "addr_key": "1220 wien, siebenbürgerstraße" }, "geometry": { "type": "Point", "coordinates": [ 16.4468099, 48.2346767 ] } }
]
}
