{
"type": "FeatureCollection",
"name": "social_housing",
"crs": { "type": "name", "properties": { "name": "urn:ogc:def:crs:EPSG::31256" } },
"features": [
{ "type": "Feature", "properties": { "Hofname": "Per-Albin-Hansson-Siedlung-Ost", "clean_address": "1100 Wien, Jura-Soyfer-Gasse", "Wohnungen": 4289, "Lokale": 25, "addr_key": "1100 wien, jura-soyfer-gasse", "distance_to_ugs": 100.34954407940219, "distance_to_ubs": 418.95254130443948, "building_id": 0, "index_right": 1009, "closest_ugbs_type": "L", "distance_to_ugbs": 100.34954407940219, "within_300m": true }, "geometry": { "type": "Point", "coordinates": [ 4456.031431738688298, 334359.092307390645146 ] } },
{ "type": "Feature", "properties": { "Hofname": "Rudolf-Hitzinger-Hof", "clean_address": "1210 Wien, Leopoldauer Straße", "Wohnungen": 284, "Lokale": 7, "addr_key": "1210 wien, leopoldauer straße", "distance_to_ugs": 252.69224890113213, "distance_to_ubs": 726.29230997798948, "building_id": 1, "index_right": 1560, "closest_ugbs_type": "L", "distance_to_ugbs": 252.69224890113213, "within_300m": true }, "geometry": { "type": "Point", "coordinates": [ 5407.041930121442419, 346563.141413785517216 ] } },
{ "type": "Feature", "properties": { "Hofname": "Großfeldsiedlung", "clean_address": "1210 Wien, St.-Michael-Gasse", "Wohnungen": 5525, "Lokale": 41, "addr_key": "1210 wien, st.-michael-gasse", "distance_to_ugs": 16.249629375176475, "distance_to_ubs": 478.63026971215601, "building_id": 2, "index_right": 1669, "closest_ugbs_type": "L", "distance_to_ugbs": 16.249629375176475, "within_300m": true }, "geometry": { "type": "Point", "coordinates": [ 7991.341675940029745, 347602.813476203009486 ] } },
{ "type": "Feature", "properties": { "Hofname": "Georg-Emmerling-Hof", "clean_address": "1020 Wien, Obere Donaustraße", "Wohnungen": 215, "Lokale": 33, "addr_key": "1020 wien, obere donaustraße", "distance_to_ugs": 83.292500358916158, "distance_to_ubs": 122.17540282282422, "building_id": 3, "index_right": 1406, "closest_ugbs_type": "L", "distance_to_ugbs": 83.292500358916158, "within_300m": true }, "geometry": { "type": "Point", "coordinates": [ 2805.95747536269937, 342958.238906233222224 ] } },
{ "type": "Feature", "properties": { "Hofname": "Eduard-Leisching-Hof", "clean_address": "1050 Wien, Johannagasse", "Wohnungen": 283, "Lokale": 16, "addr_key": "1050 wien, johannagasse", "distance_to_ugs": 83.711815594486666, "distance_to_ubs": 76.924742180530899, "building_id": 4, "index_right": 2695, "closest_ugbs_type": "B", "distance_to_ugbs": 76.924742180530899, "within_300m": true }, "geometry": { "type": "Point", "coordinates": [ 1281.598499622015652, 338227.47463349532336 ] } },
{ "type": "Feature", "properties": { "Hofname": "Emmerich-Sailer-Hof", "clean_address": "1050 Wien, Kliebergasse", "Wohnungen": 50, "Lokale": 9, "addr_key": "1050 wien, kliebergasse", "distance_to_ugs": 85.731716633742991, "distance_to_ubs": 788.53341869668668, "building_id": 5, "index_right": 520, "closest_ugbs_type": "L", "distance_to_ugbs": 85.731716633742991, "within_300m": true }, "geometry": { "type": "Point", "coordinates": [ 2334.247631221569009, 338351.000682468526065 ] } },
{ "type": "Feature", "properties": { "Hofname": "Per-Albin-Hansson-Siedlung-Nord", "clean_address": "1100 Wien, Saligergasse", "Wohnungen": 533, "Lokale": 29, "addr_key": "1100 wien, saligergasse", "distance_to_ugs": 30.138967767278899, "distance_to_ubs": 526.31331992961066, "building_id": 6, "index_right": 139, "closest_ugbs_type": "L", "distance_to_ugbs": 30.138967767278899, "within_300m": true }, "geometry": { "type": "Point", "coordinates": [ 3458.036739964046319, 335450.573601539712399 ] } },
{ "type": "Feature", "properties": { "Hofname": "Salvador-Allende-Hof", "clean_address": "1110 Wien, Wilhelm-Kreß-Platz", "Wohnungen": 1154, "Lokale": 28, "addr_key": "1110 wien, wilhelm-kreß-platz", "distance_to_ugs": 21.494098125897271, "distance_to_ubs": 710.05063341931464, "building_id": 7, "index_right": 1043, "closest_ugbs_type": "L", "distance_to_ugbs": 21.494098125897271, "within_300m": true }, "geometry": { "type": "Point", "coordinates": [ 7078.552478078328022, 335810.233617044985294 ] } },
{ "type": "Feature", "properties": { "Hofname": "Herbert-Böhm-Hof", "clean_address": "1110 Wien, Studenygasse", "Wohnungen": 258, "Lokale": 4, "addr_key": "1110 wien, studenygasse", "distance_to_ugs": 100.56302483058903, "distance_to_ubs": 362.86154950625769, "building_id": 8, "index_right": 1070, "closest_ugbs_type": "L", "distance_to_ugbs": 100.56302483058903, "within_300m": true }, "geometry": { "type": "Point", "coordinates": [ 7257.270979413854548, 336541.961341933347285 ] } },
{ "type": "Feature", "properties": { "Hofname": "Karl-Swoboda-Hof", "clean_address": "1110 Wien, Florian-Hedorfer-Straße", "Wohnungen": 589, "Lokale": 5, "addr_key": "1110 wien, florian-hedorfer-straße", "distance_to_ugs": 16.410166512226546, "distance_to_ubs": 352.28900043886802, "building_id": 9, "index_right": 1044, "closest_ugbs_type": "L", "distance_to_ugbs": 16.410166512226546, "within_300m": true }, "geometry": { "type": "Point", "coordinates": [ 7322.149130078519192, 336281.334695278666914 ] } },
{ "type": "Feature", "properties": { "Hofname": "Karl-Maisel-Hof", "clean_address": "1110 Wien, Koblicekgasse", "Wohnungen": 1069, "Lokale": 7, "addr_key": "1110 wien, koblicekgasse", "distance_to_ugs": 105.41620920821877, "distance_to_ubs": 508.59899957040977, "building_id": 10, "index_right": 1070, "closest_ugbs_type": "L", "distance_to_ugbs": 105.41620920821877, "within_300m": true }, "geometry": { "type": "Point", "coordinates": [ 7290.835944737210411, 336880.333079118281603 ] } },
{ "type": "Feature", "properties": { "Hofname": "Karl-Kysela-Hof", "clean_address": "1160 Wien, Thaliastraße", "Wohnungen": 191, "Lokale": 14, "addr_key": "1160 wien, thaliastraße", "distance_to_ugs": 111.97532563697597, "distance_to_ubs": 1476.7054000745516, "building_id": 11, "index_right": 731, "closest_ugbs_type": "L", "distance_to_ugbs": 111.97532563697597, "within_300m": true }, "geometry": { "type": "Point", "coordinates": [ 229.735885918744373, 341173.203045382164419 ] } },
{ "type": "Feature", "properties": { "Hofname": "Josef-Wiedermann-Hof", "clean_address": "1190 Wien, Billrothstraße", "Wohnungen": 64, "Lokale": 17, "addr_key": "1190 wien, billrothstraße", "distance_to_ugs": 105.85153672970188, "distance_to_ubs": 722.99660429341441, "building_id": 12, "index_right": 912, "closest_ugbs_type": "L", "distance_to_ugbs": 105.85153672970188, "within_300m": true }, "geometry": { "type": "Point", "coordinates": [ 1373.50150941668312, 344031.472506693680771 ] } },
{ "type": "Feature", "properties": { "Hofname": "Franz-Koblizka-Hof", "clean_address": "1200 Wien, Adalbert-Stifter-Straße", "Wohnungen": 466, "Lokale": 6, "addr_key": "1200 wien, adalbert-stifter-straße", "distance_to_ugs": 73.373888049064959, "distance_to_ubs": 454.85686828823339, "building_id": 13, "index_right": 1459, "closest_ugbs_type": "L", "distance_to_ugbs": 73.373888049064959, "within_300m": true }, "geometry": { "type": "Point", "coordinates": [ 3376.958137109389099, 345081.334575424902141 ] } },
{ "type": "Feature", "properties": { "Hofname": "Johann-Schauhuber-Hof", "clean_address": "1230 Wien, Rudolf-Zeller-Gasse", "Wohnungen": 157, "Lokale": 6, "addr_key": "1230 wien, rudolf-zeller-gasse", "distance_to_ugs": 125.05833309674077, "distance_to_ubs": 156.09504803763775, "building_id": 14, "index_right": 304, "closest_ugbs_type": "L", "distance_to_ugbs": 125.05833309674077, "within_300m": true }, "geometry": { "type": "Point", "coordinates": [ -3425.881778065263916, 335008.119754106737673 ] } },
{ "type": "Feature", "properties": { "Hofname": "Erich-Deschermaier-Hof", "clean_address": "1130 Wien, Am Rosenberg", "Wohnungen": 133, "Lokale": 6, "addr_key": "1130 wien, am rosenberg", "distance_to_ugs": 45.536019320943382, "distance_to_ubs": 636.76637981669546, "building_id": 15, "index_right": 1416, "closest_ugbs_type": "L", "distance_to_ugbs": 45.536019320943382, "within_300m": true }, "geometry": { "type": "Point", "coordinates": [ 4079.436060080062362, 342944.461228037951514 ] } },
{ "type": "Feature", "properties": { "Hofname": "Josef-Matejcek-Hof", "clean_address": "1140 Wien, Mauerbachstraße", "Wohnungen": 95, "Lokale": 8, "addr_key": "1140 wien, mauerbachstraße", "distance_to_ugs": 192.35719423565195, "distance_to_ubs": 222.27361461593352, "building_id": 16, "index_right": 670, "closest_ugbs_type": "L", "distance_to_ugbs": 192.35719423565195, "within_300m": true }, "geometry": { "type": "Point", "coordinates": [ -7969.209184269782781, 341265.638765702024102 ] } },
{ "type": "Feature", "properties": { "Hofname": "Willi-Liwanec-Hof", "clean_address": "1150 Wien, Minciostraße", "Wohnungen": 264, "Lokale": 11, "addr_key": "1150 wien, minciostraße", "distance_to_ugs": 201.95191802583528, "distance_to_ubs": 142.61893030021992, "building_id": 17, "index_right": 2667, "closest_ugbs_type": "B", "distance_to_ugbs": 142.61893030021992, "within_300m": true }, "geometry": { "type": "Point", "coordinates": [ -1427.651193607470987, 340475.103872484527528 ] } },
{ "type": "Feature", "properties": { "Hofname": "Ernest-Bevin-Hof", "clean_address": "1170 Wien, Andergasse", "Wohnungen": 202, "Lokale": 19, "addr_key": "1170 wien, andergasse", "distance_to_ugs": 327.58453029524964, "distance_to_ubs": 135.99389014788983, "building_id": 18, "index_right": 2671, "closest_ugbs_type": "B", "distance_to_ugbs": 135.99389014788983, "within_300m": true }, "geometry": { "type": "Point", "coordinates": [ -2746.18271282751266, 343126.399057877250016 ] } },
{ "type": "Feature", "properties": { "Hofname": "Franz-Schreiner-Hof", "clean_address": "1180 Wien, Buchleitengasse", "Wohnungen": 20, "Lokale": 2, "addr_key": "1180 wien, buchleitengasse", "distance_to_ugs": 107.94037420309874, "distance_to_ubs": 457.8309463009121, "building_id": 19, "index_right": 849, "closest_ugbs_type": "U", "distance_to_ugbs": 107.94037420309874, "within_300m": true }, "geometry": { "type": "Point", "coordinates": [ -1968.654725979012028, 344460.726561104878783 ] } },
{ "type": "Feature", "properties": { "Hofname": "Emil-Reich-Hof", "clean_address": "1190 Wien, Döblinger Hauptstraße", "Wohnungen": 111, "Lokale": 10, "addr_key": "1190 wien, döblinger hauptstraße", "distance_to_ugs": 152.77876896857791, "distance_to_ubs": 514.23287734583846, "building_id": 20, "index_right": 913, "closest_ugbs_type": "L", "distance_to_ugbs": 152.77876896857791, "within_300m": true }, "geometry": { "type": "Point", "coordinates": [ 1595.993882020329238, 343850.951379762031138 ] } },
{ "type": "Feature", "properties": { "Hofname": "Helmut-Qualtinger-Hof", "clean_address": "1190 Wien, Daringergasse", "Wohnungen": 368, "Lokale": 29, "addr_key": "1190 wien, daringergasse", "distance_to_ugs": 153.85189611438139, "distance_to_ubs": 656.31173590261324, "building_id": 21, "index_right": 933, "closest_ugbs_type": "L", "distance_to_ugbs": 153.85189611438139, "within_300m": true }, "geometry": { "type": "Point", "coordinates": [ 162.386489678083393, 345388.738900663331151 ] } },
{ "type": "Feature", "properties": { "Hofname": "Arthur-Schnitzler-Hof", "clean_address": "1190 Wien, Döblinger Hauptstraße", "Wohnungen": 47, "Lokale": 3, "addr_key": "1190 wien, döblinger hauptstraße", "distance_to_ugs": 152.77876896857791, "distance_to_ubs": 514.23287734583846, "building_id": 22, "index_right": 913, "closest_ugbs_type": "L", "distance_to_ugbs": 152.77876896857791, "within_300m": true }, "geometry": { "type": "Point", "coordinates": [ 1595.993882020329238, 343850.951379762031138 ] } },
{ "type": "Feature", "properties": { "Hofname": "Hans-Binder-Hof", "clean_address": "1070 Wien, Lindengasse", "Wohnungen": 44, "Lokale": 23, "addr_key": "1070 wien, lindengasse", "distance_to_ugs": 214.90192499829993, "distance_to_ubs": 199.76329999109748, "building_id": 23, "index_right": 2723, "closest_ugbs_type": "B", "distance_to_ugbs": 199.76329999109748, "within_300m": true }, "geometry": { "type": "Point", "coordinates": [ 1364.77640296852951, 340197.011991300620139 ] } },
{ "type": "Feature", "properties": { "Hofname": "Schrödingerhof", "clean_address": "1100 Wien, Gußriegelstraße", "Wohnungen": 238, "Lokale": 3, "addr_key": "1100 wien, gußriegelstraße", "distance_to_ugs": 87.616249431926946, "distance_to_ubs": 1141.9446451584897, "building_id": 24, "index_right": 193, "closest_ugbs_type": "L", "distance_to_ugbs": 87.616249431926946, "within_300m": true }, "geometry": { "type": "Point", "coordinates": [ 2018.980038428997887, 337391.579102064482868 ] } },
{ "type": "Feature", "properties": { "Hofname": "Otto-Mraz-Hof", "clean_address": "1110 Wien, Hugogasse", "Wohnungen": 79, "Lokale": 2, "addr_key": "1110 wien, hugogasse", "distance_to_ugs": 152.89667681058671, "distance_to_ubs": 1208.9108276864765, "building_id": 25, "index_right": 1063, "closest_ugbs_type": "L", "distance_to_ugbs": 152.89667681058671, "within_300m": true }, "geometry": { "type": "Point", "coordinates": [ 6252.316703748558211, 337052.305992257082835 ] } },
{ "type": "Feature", "properties": { "Hofname": "Eduard-Pantucek-Hof", "clean_address": "1110 Wien, Simmeringer Hauptstraße", "Wohnungen": 33, "Lokale": 9, "addr_key": "1110 wien, simmeringer hauptstraße", "distance_to_ugs": 119.81660834227907, "distance_to_ubs": 309.31155880145275, "building_id": 26, "index_right": 1210, "closest_ugbs_type": "L", "distance_to_ugbs": 119.81660834227907, "within_300m": true }, "geometry": { "type": "Point", "coordinates": [ 5503.551468268244207, 338388.435128855518997 ] } },
{ "type": "Feature", "properties": { "Hofname": "Johann-Holzer-Hof", "clean_address": "1110 Wien, Simmeringer Hauptstraße", "Wohnungen": 70, "Lokale": 5, "addr_key": "1110 wien, simmeringer hauptstraße", "distance_to_ugs": 119.81660834227907, "distance_to_ubs": 309.31155880145275, "building_id": 27, "index_right": 1210, "closest_ugbs_type": "L", "distance_to_ugbs": 119.81660834227907, "within_300m": true }, "geometry": { "type": "Point", "coordinates": [ 5503.551468268244207, 338388.435128855518997 ] } },
{ "type": "Feature", "properties": { "Hofname": "Franz-Glaserer-Hof", "clean_address": "1140 Wien, Hackinger Straße", "Wohnungen": 272, "Lokale": 9, "addr_key": "1140 wien, hackinger straße", "distance_to_ugs": 226.0258845992773, "distance_to_ubs": 45.097606547278509, "building_id": 28, "index_right": 2634, "closest_ugbs_type": "B", "distance_to_ugbs": 45.097606547278509, "within_300m": true }, "geometry": { "type": "Point", "coordinates": [ -4923.286237127284949, 339554.289900097995996 ] } },
{ "type": "Feature", "properties": { "Hofname": "Paul-Richter-Hof", "clean_address": "1150 Wien, Grimmgasse", "Wohnungen": 89, "Lokale": 6, "addr_key": "1150 wien, grimmgasse", "distance_to_ugs": 134.21972647788917, "distance_to_ubs": 350.78347217751389, "building_id": 29, "index_right": 409, "closest_ugbs_type": "L", "distance_to_ugbs": 134.21972647788917, "within_300m": true }, "geometry": { "type": "Point", "coordinates": [ -319.600995927302108, 338744.299315012060106 ] } },
{ "type": "Feature", "properties": { "Hofname": "Alois-Küblböck-Hof", "clean_address": "1150 Wien, Grimmgasse", "Wohnungen": 28, "Lokale": 0, "addr_key": "1150 wien, grimmgasse", "distance_to_ugs": 134.21972647788917, "distance_to_ubs": 350.78347217751389, "building_id": 30, "index_right": 409, "closest_ugbs_type": "L", "distance_to_ugbs": 134.21972647788917, "within_300m": true }, "geometry": { "type": "Point", "coordinates": [ -319.600995927302108, 338744.299315012060106 ] } },
{ "type": "Feature", "properties": { "Hofname": "Karl-Honay-Hof", "clean_address": "1160 Wien, Gablenzgasse", "Wohnungen": 233, "Lokale": 7, "addr_key": "1160 wien, gablenzgasse", "distance_to_ugs": 20.64655089408496, "distance_to_ubs": 892.15005009167714, "building_id": 31, "index_right": 495, "closest_ugbs_type": "L", "distance_to_ugbs": 20.64655089408496, "within_300m": true }, "geometry": { "type": "Point", "coordinates": [ -562.710228043723532, 340791.802274145185947 ] } },
{ "type": "Feature", "properties": { "Hofname": "Wilhelmine-Moik-Hof", "clean_address": "1160 Wien, Wattgasse", "Wohnungen": 52, "Lokale": 13, "addr_key": "1160 wien, wattgasse", "distance_to_ugs": 10.783851883128548, "distance_to_ubs": 1158.1843754879415, "building_id": 32, "index_right": 749, "closest_ugbs_type": "L", "distance_to_ugbs": 10.783851883128548, "within_300m": true }, "geometry": { "type": "Point", "coordinates": [ -1012.867502450600341, 341700.183394907973707 ] } },
{ "type": "Feature", "properties": { "Hofname": "Schöffelhof", "clean_address": "1180 Wien, Wielemansgasse", "Wohnungen": 162, "Lokale": 12, "addr_key": "1180 wien, wielemansgasse", "distance_to_ugs": 154.03026881866873, "distance_to_ubs": 799.47865068070416, "building_id": 33, "index_right": 901, "closest_ugbs_type": "L", "distance_to_ugbs": 154.03026881866873, "within_300m": true }, "geometry": { "type": "Point", "coordinates": [ -578.433163059688127, 343296.417497471906245 ] } },
{ "type": "Feature", "properties": { "Hofname": "Edwin-Schuster-Hof", "clean_address": "1190 Wien, Greinergasse", "Wohnungen": 41, "Lokale": 6, "addr_key": "1190 wien, greinergasse", "distance_to_ugs": 214.3452675009714, "distance_to_ubs": 264.01013950742453, "building_id": 34, "index_right": 1758, "closest_ugbs_type": "L", "distance_to_ugbs": 214.3452675009714, "within_300m": true }, "geometry": { "type": "Point", "coordinates": [ 2444.673544024135026, 346803.874289490282536 ] } },
{ "type": "Feature", "properties": { "Hofname": "Johann-Kaps-Hof", "clean_address": "1200 Wien, Jägerstraße", "Wohnungen": 728, "Lokale": 33, "addr_key": "1200 wien, jägerstraße", "distance_to_ugs": 21.335633786714745, "distance_to_ubs": 644.2870864889419, "building_id": 35, "index_right": 1432, "closest_ugbs_type": "L", "distance_to_ugbs": 21.335633786714745, "within_300m": true }, "geometry": { "type": "Point", "coordinates": [ 2868.050231419797001, 344068.747473170980811 ] } },
{ "type": "Feature", "properties": { "Hofname": "Dr.-Ellenbogen-Hof", "clean_address": "1200 Wien, Brigittenauer Lände", "Wohnungen": 353, "Lokale": 3, "addr_key": "1200 wien, brigittenauer lände", "distance_to_ugs": 24.684812002732951, "distance_to_ubs": 56.463818417411417, "building_id": 36, "index_right": 1394, "closest_ugbs_type": "R", "distance_to_ugbs": 24.684812002732951, "within_300m": true }, "geometry": { "type": "Point", "coordinates": [ 2749.332185259060225, 342913.342508979141712 ] } },
{ "type": "Feature", "properties": { "Hofname": "Anton-Schmid-Hof", "clean_address": "1200 Wien, Pappenheimgasse", "Wohnungen": 208, "Lokale": 10, "addr_key": "1200 wien, pappenheimgasse", "distance_to_ugs": 54.937184857142149, "distance_to_ubs": 564.7757784288367, "building_id": 37, "index_right": 1427, "closest_ugbs_type": "L", "distance_to_ugbs": 54.937184857142149, "within_300m": true }, "geometry": { "type": "Point", "coordinates": [ 2771.294267162184951, 343961.868149567395449 ] } },
{ "type": "Feature", "properties": { "Hofname": "Marianne und Oscar-Pollak-Hof", "clean_address": "1210 Wien, Dunantgasse", "Wohnungen": 450, "Lokale": 6, "addr_key": "1210 wien, dunantgasse", "distance_to_ugs": 61.326129316378633, "distance_to_ubs": 591.75401753685242, "building_id": 38, "index_right": 1473, "closest_ugbs_type": "L", "distance_to_ugbs": 61.326129316378633, "within_300m": true }, "geometry": { "type": "Point", "coordinates": [ 4290.959859168722687, 346870.805219141533598 ] } },
{ "type": "Feature", "properties": { "Hofname": "Conrad-Lötsch-Hof", "clean_address": "1210 Wien, Floridsdorfer Markt", "Wohnungen": 186, "Lokale": 24, "addr_key": "1210 wien, floridsdorfer markt", "distance_to_ugs": 149.21462892322779, "distance_to_ubs": 253.12469523826593, "building_id": 39, "index_right": 1563, "closest_ugbs_type": "L", "distance_to_ugbs": 149.21462892322779, "within_300m": true }, "geometry": { "type": "Point", "coordinates": [ 5222.517521791738545, 347014.501303285360336 ] } },
{ "type": "Feature", "properties": { "Hofname": "Oskar Helmer Hof", "clean_address": "1210 Wien, Roda-Roda-Gasse", "Wohnungen": 784, "Lokale": 16, "addr_key": "1210 wien, roda-roda-gasse", "distance_to_ugs": 241.26436394635485, "distance_to_ubs": 676.75681058351051, "building_id": 40, "index_right": 1792, "closest_ugbs_type": "L", "distance_to_ugbs": 241.26436394635485, "within_300m": true }, "geometry": { "type": "Point", "coordinates": [ 3805.288152912182795, 350211.245352954603732 ] } },
{ "type": "Feature", "properties": { "Hofname": "Marschallhof", "clean_address": "1220 Wien, Am Kaisermühlendamm", "Wohnungen": 245, "Lokale": 5, "addr_key": "1220 wien, am kaisermühlendamm", "distance_to_ugs": 36.502850868308165, "distance_to_ubs": 73.965560596704762, "building_id": 41, "index_right": 1271, "closest_ugbs_type": "U", "distance_to_ugbs": 36.502850868308165, "within_300m": true }, "geometry": { "type": "Point", "coordinates": [ 6456.375476992774566, 343089.606438993709162 ] } },
{ "type": "Feature", "properties": { "Hofname": "Rudolf-Köppl-Hof", "clean_address": "1220 Wien, Eipeldauer Straße", "Wohnungen": 1316, "Lokale": 3, "addr_key": "1220 wien, eipeldauer straße", "distance_to_ugs": 74.718396394864826, "distance_to_ubs": 572.07984119800835, "building_id": 42, "index_right": 1642, "closest_ugbs_type": "L", "distance_to_ugbs": 74.718396394864826, "within_300m": true }, "geometry": { "type": "Point", "coordinates": [ 7712.931222567022814, 347170.52523747831583 ] } },
{ "type": "Feature", "properties": { "Hofname": "Professor-Rudolf-Boeck-Hof", "clean_address": "1230 Wien, Dr.-Barilits-Gasse", "Wohnungen": 64, "Lokale": 7, "addr_key": "1230 wien, dr.-barilits-gasse", "distance_to_ugs": 27.429458545613453, "distance_to_ubs": 259.59028592412062, "building_id": 43, "index_right": 77, "closest_ugbs_type": "L", "distance_to_ugbs": 27.429458545613453, "within_300m": true }, "geometry": { "type": "Point", "coordinates": [ -4847.432686192300935, 334619.920059641182888 ] } },
{ "type": "Feature", "properties": { "Hofname": "Harry-S.-Truman-Hof", "clean_address": "1230 Wien, Rudolf-Zeller-Gasse", "Wohnungen": 485, "Lokale": 23, "addr_key": "1230 wien, rudolf-zeller-gasse", "distance_to_ugs": 125.05833309674077, "distance_to_ubs": 156.09504803763775, "building_id": 44, "index_right": 304, "closest_ugbs_type": "L", "distance_to_ugbs": 125.05833309674077, "within_300m": true }, "geometry": { "type": "Point", "coordinates": [ -3425.881778065263916, 335008.119754106737673 ] } },
{ "type": "Feature", "properties": { "Hofname": "Hans Weber-Hof", "clean_address": "1230 Wien, Ketzergasse", "Wohnungen": 53, "Lokale": 2, "addr_key": "1230 wien, ketzergasse", "distance_to_ugs": 205.41986853763396, "distance_to_ubs": 412.31671028964786, "building_id": 45, "index_right": 3, "closest_ugbs_type": "L", "distance_to_ugbs": 205.41986853763396, "within_300m": true }, "geometry": { "type": "Point", "coordinates": [ -1813.552766217235785, 332121.559609958610963 ] } },
{ "type": "Feature", "properties": { "Hofname": "Johann-Radfux-Hof", "clean_address": "1230 Wien, Breitenfurter Straße", "Wohnungen": 475, "Lokale": 9, "addr_key": "1230 wien, breitenfurter straße", "distance_to_ugs": 32.0549481640697, "distance_to_ubs": 724.22921566076695, "building_id": 46, "index_right": 272, "closest_ugbs_type": "L", "distance_to_ugbs": 32.0549481640697, "within_300m": true }, "geometry": { "type": "Point", "coordinates": [ -149.803251042845602, 337187.473578039789572 ] } },
{ "type": "Feature", "properties": { "Hofname": "Wohnsiedlung Am Wienerfeld Ost", "clean_address": "1100 Wien, Bullgasse", "Wohnungen": 426, "Lokale": 16, "addr_key": "1100 wien, bullgasse", "distance_to_ugs": 116.31266570710324, "distance_to_ubs": 553.10627128132398, "building_id": 47, "index_right": 144, "closest_ugbs_type": "L", "distance_to_ugbs": 116.31266570710324, "within_300m": true }, "geometry": { "type": "Point", "coordinates": [ 2896.146334861587093, 334944.918824140913785 ] } },
{ "type": "Feature", "properties": { "Hofname": "Per-Albin-Hansson-Siedlung West", "clean_address": "1100 Wien, Malmögasse", "Wohnungen": 1099, "Lokale": 39, "addr_key": "1100 wien, malmögasse", "distance_to_ugs": 57.423048536136363, "distance_to_ubs": 476.22907570657526, "building_id": 48, "index_right": 134, "closest_ugbs_type": "L", "distance_to_ugbs": 57.423048536136363, "within_300m": true }, "geometry": { "type": "Point", "coordinates": [ 3498.537115751702459, 334822.577297430485487 ] } },
{ "type": "Feature", "properties": { "Hofname": "Wohnsiedlung Am Laaer Berg", "clean_address": "1100 Wien, Economogasse", "Wohnungen": 215, "Lokale": 0, "addr_key": "1100 wien, economogasse", "distance_to_ugs": 83.688771391745149, "distance_to_ubs": 543.77613942017604, "building_id": 49, "index_right": 152, "closest_ugbs_type": "L", "distance_to_ugbs": 83.688771391745149, "within_300m": true }, "geometry": { "type": "Point", "coordinates": [ 4682.725727307285524, 335241.242979207017925 ] } },
{ "type": "Feature", "properties": { "Hofname": "Wohnsiedlung Am Wienerfeld West", "clean_address": "1100 Wien, Adolf-Kirchl-Gasse", "Wohnungen": 145, "Lokale": 2, "addr_key": "1100 wien, adolf-kirchl-gasse", "distance_to_ugs": 100.41889846793511, "distance_to_ubs": 683.03352039676076, "building_id": 50, "index_right": 241, "closest_ugbs_type": "L", "distance_to_ugbs": 100.41889846793511, "within_300m": true }, "geometry": { "type": "Point", "coordinates": [ 2279.40465090014095, 334994.648325769347139 ] } },
{ "type": "Feature", "properties": { "Hofname": "Wohnsiedlung Weitmosergasse", "clean_address": "1100 Wien, Sickingengasse", "Wohnungen": 33, "Lokale": 1, "addr_key": "1100 wien, sickingengasse", "distance_to_ugs": 28.883373543994043, "distance_to_ubs": 233.10359198332853, "building_id": 51, "index_right": 247, "closest_ugbs_type": "R", "distance_to_ugbs": 28.883373543994043, "within_300m": true }, "geometry": { "type": "Point", "coordinates": [ 1607.690297474384806, 336399.825883152137976 ] } },
{ "type": "Feature", "properties": { "Hofname": "Wohnsiedlung Weißenböckstraße", "clean_address": "1110 Wien, Weißenböckstraße", "Wohnungen": 56, "Lokale": 3, "addr_key": "1110 wien, weißenböckstraße", "distance_to_ugs": 87.75775344162146, "distance_to_ubs": 454.52904064091882, "building_id": 52, "index_right": 1040, "closest_ugbs_type": "L", "distance_to_ugbs": 87.75775344162146, "within_300m": true }, "geometry": { "type": "Point", "coordinates": [ 6939.049188088044502, 335563.624982992711011 ] } },
{ "type": "Feature", "properties": { "Hofname": "Wohnsiedlung Am Tivoli", "clean_address": "1120 Wien, Hohenbergstraße", "Wohnungen": 370, "Lokale": 11, "addr_key": "1120 wien, hohenbergstraße", "distance_to_ugs": 192.67918436979531, "distance_to_ubs": 133.65423410358349, "building_id": 53, "index_right": 2586, "closest_ugbs_type": "B", "distance_to_ugbs": 133.65423410358349, "within_300m": true }, "geometry": { "type": "Point", "coordinates": [ -1102.55879702842094, 337519.35348669718951 ] } },
{ "type": "Feature", "properties": { "Hofname": "Wohnsiedlung Lockerwiese", "clean_address": "1130 Wien, Camillianergasse", "Wohnungen": 763, "Lokale": 28, "addr_key": "1130 wien, camillianergasse", "distance_to_ugs": 138.75359856724057, "distance_to_ubs": 560.66032096289621, "building_id": 54, "index_right": 360, "closest_ugbs_type": "L", "distance_to_ugbs": 138.75359856724057, "within_300m": true }, "geometry": { "type": "Point", "coordinates": [ -4039.675147788091181, 337369.05204834707547 ] } },
{ "type": "Feature", "properties": { "Hofname": "Wohnsiedlung Spiegelgrund", "clean_address": "1160 Wien, Dustmannweg", "Wohnungen": 289, "Lokale": 9, "addr_key": "1160 wien, dustmannweg", "distance_to_ugs": 109.38973776885115, "distance_to_ubs": 313.03098357592967, "building_id": 55, "index_right": 664, "closest_ugbs_type": "L", "distance_to_ugbs": 109.38973776885115, "within_300m": true }, "geometry": { "type": "Point", "coordinates": [ -3375.30131044266318, 340936.551415915542748 ] } },
{ "type": "Feature", "properties": { "Hofname": "Siedlung Rodaun", "clean_address": "1230 Wien, Breitenfurter Straße", "Wohnungen": 311, "Lokale": 16, "addr_key": "1230 wien, breitenfurter straße", "distance_to_ugs": 32.0549481640697, "distance_to_ubs": 724.22921566076695, "building_id": 56, "index_right": 272, "closest_ugbs_type": "L", "distance_to_ugbs": 32.0549481640697, "within_300m": true }, "geometry": { "type": "Point", "coordinates": [ -149.803251042845602, 337187.473578039789572 ] } },
{ "type": "Feature", "properties": { "Hofname": "Irene-Harand-Hof", "clean_address": "1010 Wien, Judengasse", "Wohnungen": 22, "Lokale": 7, "addr_key": "1010 wien, judengasse", "distance_to_ugs": 179.50190841116392, "distance_to_ubs": 21.528500348126418, "building_id": 57, "index_right": 2745, "closest_ugbs_type": "B", "distance_to_ugbs": 21.528500348126418, "within_300m": true }, "geometry": { "type": "Point", "coordinates": [ 3048.108123991303273, 341410.35456570237875 ] } },
{ "type": "Feature", "properties": { "Hofname": "Ginzkeyhof", "clean_address": "1010 Wien, Johannesgasse", "Wohnungen": 54, "Lokale": 5, "addr_key": "1010 wien, johannesgasse", "distance_to_ugs": 203.18275017393765, "distance_to_ubs": 252.58396989287027, "building_id": 58, "index_right": 547, "closest_ugbs_type": "R", "distance_to_ugbs": 203.18275017393765, "within_300m": true }, "geometry": { "type": "Point", "coordinates": [ 3179.060449686584434, 340646.098797491751611 ] } },
{ "type": "Feature", "properties": { "Hofname": "Wachauer Hof", "clean_address": "1020 Wien, Jungstraße", "Wohnungen": 186, "Lokale": 10, "addr_key": "1020 wien, jungstraße", "distance_to_ugs": 129.846619424647, "distance_to_ubs": 147.21745254810475, "building_id": 59, "index_right": 1259, "closest_ugbs_type": "L", "distance_to_ugbs": 129.846619424647, "within_300m": true }, "geometry": { "type": "Point", "coordinates": [ 5462.15123641707396, 342487.228746090084314 ] } },
{ "type": "Feature", "properties": { "Hofname": "Lassalle-Hof", "clean_address": "1020 Wien, Lassallestraße", "Wohnungen": 268, "Lokale": 33, "addr_key": "1020 wien, lassallestraße", "distance_to_ugs": 246.37313275289412, "distance_to_ubs": 329.91080049464415, "building_id": 60, "index_right": 1262, "closest_ugbs_type": "L", "distance_to_ugbs": 246.37313275289412, "within_300m": true }, "geometry": { "type": "Point", "coordinates": [ 5099.883773877112617, 342760.374900025315583 ] } },
{ "type": "Feature", "properties": { "Hofname": "Hubert-Hladej-Hof", "clean_address": "1020 Wien, Wehlistraße", "Wohnungen": 292, "Lokale": 17, "addr_key": "1020 wien, wehlistraße", "distance_to_ugs": 148.12730537752765, "distance_to_ubs": 226.29567937516782, "building_id": 61, "index_right": 1435, "closest_ugbs_type": "L", "distance_to_ugbs": 148.12730537752765, "within_300m": true }, "geometry": { "type": "Point", "coordinates": [ 3918.124352739700498, 344697.905350271612406 ] } },
{ "type": "Feature", "properties": { "Hofname": "Heizmann-Hof", "clean_address": "1020 Wien, Vorgartenstraße", "Wohnungen": 212, "Lokale": 10, "addr_key": "1020 wien, vorgartenstraße", "distance_to_ugs": 36.843241578504681, "distance_to_ubs": 389.17331477151794, "building_id": 62, "index_right": 1443, "closest_ugbs_type": "L", "distance_to_ugbs": 36.843241578504681, "within_300m": true }, "geometry": { "type": "Point", "coordinates": [ 3722.19018758134871, 344691.635240000672638 ] } },
{ "type": "Feature", "properties": { "Hofname": "Hermann-Fischer-Hof", "clean_address": "1020 Wien, Ybbsstraße", "Wohnungen": 69, "Lokale": 6, "addr_key": "1020 wien, ybbsstraße", "distance_to_ugs": 130.12621939442658, "distance_to_ubs": 402.3362675278226, "building_id": 63, "index_right": 1261, "closest_ugbs_type": "L", "distance_to_ugbs": 130.12621939442658, "within_300m": true }, "geometry": { "type": "Point", "coordinates": [ 5021.228478921863825, 342623.1165935928002 ] } },
{ "type": "Feature", "properties": { "Hofname": "Elderschhof", "clean_address": "1020 Wien, Elderschplatz", "Wohnungen": 123, "Lokale": 4, "addr_key": "1020 wien, elderschplatz", "distance_to_ugs": 30.790823355102635, "distance_to_ubs": 407.21630046624381, "building_id": 64, "index_right": 1258, "closest_ugbs_type": "L", "distance_to_ugbs": 30.790823355102635, "within_300m": true }, "geometry": { "type": "Point", "coordinates": [ 5821.23845042137782, 342096.080017376691103 ] } },
{ "type": "Feature", "properties": { "Hofname": "Franz-Mair-Hof", "clean_address": "1020 Wien, Schüttelstraße", "Wohnungen": 269, "Lokale": 9, "addr_key": "1020 wien, schüttelstraße", "distance_to_ugs": 20.640437069744166, "distance_to_ubs": 55.048897087793286, "building_id": 65, "index_right": 1254, "closest_ugbs_type": "R", "distance_to_ugbs": 20.640437069744166, "within_300m": true }, "geometry": { "type": "Point", "coordinates": [ 4906.88821524883133, 340928.810617336072028 ] } },
{ "type": "Feature", "properties": { "Hofname": "Robert-Erber-Hof", "clean_address": "1020 Wien, Schüttelstraße", "Wohnungen": 246, "Lokale": 8, "addr_key": "1020 wien, schüttelstraße", "distance_to_ugs": 20.640437069744166, "distance_to_ubs": 55.048897087793286, "building_id": 66, "index_right": 1254, "closest_ugbs_type": "R", "distance_to_ugbs": 20.640437069744166, "within_300m": true }, "geometry": { "type": "Point", "coordinates": [ 4906.88821524883133, 340928.810617336072028 ] } },
{ "type": "Feature", "properties": { "Hofname": "Theodor Herzl-Hof", "clean_address": "1020 Wien, Leopoldsgasse", "Wohnungen": 29, "Lokale": 3, "addr_key": "1020 wien, leopoldsgasse", "distance_to_ugs": 96.524023729853084, "distance_to_ubs": 416.12901982403486, "building_id": 67, "index_right": 1391, "closest_ugbs_type": "L", "distance_to_ugbs": 96.524023729853084, "within_300m": true }, "geometry": { "type": "Point", "coordinates": [ 3181.342751947713623, 342543.631399824284017 ] } },
{ "type": "Feature", "properties": { "Hofname": "Chopinhof", "clean_address": "1020 Wien, Am Tabor", "Wohnungen": 93, "Lokale": 7, "addr_key": "1020 wien, am tabor", "distance_to_ugs": 45.536019320943382, "distance_to_ubs": 636.76637981669546, "building_id": 68, "index_right": 1416, "closest_ugbs_type": "L", "distance_to_ugbs": 45.536019320943382, "within_300m": true }, "geometry": { "type": "Point", "coordinates": [ 4079.436060080062362, 342944.461228037951514 ] } },
{ "type": "Feature", "properties": { "Hofname": "Erdberger-Hof", "clean_address": "1030 Wien, Drorygasse", "Wohnungen": 61, "Lokale": 10, "addr_key": "1030 wien, drorygasse", "distance_to_ugs": 215.59894889775848, "distance_to_ubs": 255.24956043306952, "building_id": 69, "index_right": 1233, "closest_ugbs_type": "R", "distance_to_ugbs": 215.59894889775848, "within_300m": true }, "geometry": { "type": "Point", "coordinates": [ 5397.304472130334034, 340064.387211912311614 ] } },
{ "type": "Feature", "properties": { "Hofname": "Hanuschhof", "clean_address": "1030 Wien, Ludwig-Koeßler-Platz", "Wohnungen": 501, "Lokale": 32, "addr_key": "1030 wien, ludwig-koeßler-platz", "distance_to_ugs": 25.205663668573912, "distance_to_ubs": 96.345508822446888, "building_id": 70, "index_right": 1229, "closest_ugbs_type": "L", "distance_to_ugbs": 25.205663668573912, "within_300m": true }, "geometry": { "type": "Point", "coordinates": [ 5731.703177493824114, 339756.941743669100106 ] } },
{ "type": "Feature", "properties": { "Hofname": "Rabenhof", "clean_address": "1030 Wien, Baumgasse", "Wohnungen": 1110, "Lokale": 51, "addr_key": "1030 wien, baumgasse", "distance_to_ugs": 131.89043348578784, "distance_to_ubs": 727.59631311603562, "building_id": 71, "index_right": 1218, "closest_ugbs_type": "L", "distance_to_ugbs": 131.89043348578784, "within_300m": true }, "geometry": { "type": "Point", "coordinates": [ 4932.291365103916178, 339694.190711117349565 ] } },
{ "type": "Feature", "properties": { "Hofname": "Marianne-Hainisch-Hof", "clean_address": "1030 Wien, Petrusgasse", "Wohnungen": 25, "Lokale": 6, "addr_key": "1030 wien, petrusgasse", "distance_to_ugs": 114.77158994857336, "distance_to_ubs": 837.19290058444005, "building_id": 72, "index_right": 1218, "closest_ugbs_type": "L", "distance_to_ugbs": 114.77158994857336, "within_300m": true }, "geometry": { "type": "Point", "coordinates": [ 4974.243343268885837, 339394.266131201758981 ] } },
{ "type": "Feature", "properties": { "Hofname": "Felleishof", "clean_address": "1030 Wien, Hagenmüllergasse", "Wohnungen": 100, "Lokale": 13, "addr_key": "1030 wien, hagenmüllergasse", "distance_to_ugs": 100.59520736778128, "distance_to_ubs": 303.90029465549424, "building_id": 73, "index_right": 1230, "closest_ugbs_type": "L", "distance_to_ugbs": 100.59520736778128, "within_300m": true }, "geometry": { "type": "Point", "coordinates": [ 5431.56262726643854, 339887.273510911501944 ] } },
{ "type": "Feature", "properties": { "Hofname": "Franz-Silberer-Hof", "clean_address": "1030 Wien, Kardinal-Nagl-Platz", "Wohnungen": 127, "Lokale": 16, "addr_key": "1030 wien, kardinal-nagl-platz", "distance_to_ugs": 17.894411471945073, "distance_to_ubs": 495.58700946198707, "building_id": 74, "index_right": 1231, "closest_ugbs_type": "L", "distance_to_ugbs": 17.894411471945073, "within_300m": true }, "geometry": { "type": "Point", "coordinates": [ 5224.551102729857121, 339872.991748508997262 ] } },
{ "type": "Feature", "properties": { "Hofname": "Anton-Kohl-Hof", "clean_address": "1030 Wien, Rüdengasse", "Wohnungen": 177, "Lokale": 2, "addr_key": "1030 wien, rüdengasse", "distance_to_ugs": 60.0131886906101, "distance_to_ubs": 428.21852981980703, "building_id": 75, "index_right": 1231, "closest_ugbs_type": "L", "distance_to_ugbs": 60.0131886906101, "within_300m": true }, "geometry": { "type": "Point", "coordinates": [ 5137.504310302779231, 340000.069404865556862 ] } },
{ "type": "Feature", "properties": { "Hofname": "Franz-Schuster-Hof", "clean_address": "1030 Wien, Hagenmüllergasse", "Wohnungen": 48, "Lokale": 5, "addr_key": "1030 wien, hagenmüllergasse", "distance_to_ugs": 100.59520736778128, "distance_to_ubs": 303.90029465549424, "building_id": 76, "index_right": 1230, "closest_ugbs_type": "L", "distance_to_ugbs": 100.59520736778128, "within_300m": true }, "geometry": { "type": "Point", "coordinates": [ 5431.56262726643854, 339887.273510911501944 ] } },
{ "type": "Feature", "properties": { "Hofname": "Wildganshof", "clean_address": "1030 Wien, Grasbergergasse", "Wohnungen": 730, "Lokale": 33, "addr_key": "1030 wien, grasbergergasse", "distance_to_ugs": 61.973940952518859, "distance_to_ubs": 455.38292701777914, "building_id": 77, "index_right": 504, "closest_ugbs_type": "L", "distance_to_ugbs": 61.973940952518859, "within_300m": true }, "geometry": { "type": "Point", "coordinates": [ 4993.930735052190357, 338365.643673967453651 ] } },
{ "type": "Feature", "properties": { "Hofname": "Ungerhof", "clean_address": "1030 Wien, Obere Bahngasse", "Wohnungen": 164, "Lokale": 9, "addr_key": "1030 wien, obere bahngasse", "distance_to_ugs": 19.28528285716348, "distance_to_ubs": 343.36934752180957, "building_id": 78, "index_right": 1216, "closest_ugbs_type": "L", "distance_to_ugbs": 19.28528285716348, "within_300m": true }, "geometry": { "type": "Point", "coordinates": [ 4262.631769609548428, 339381.90804704092443 ] } },
{ "type": "Feature", "properties": { "Hofname": "Josef-Illedits-Hof", "clean_address": "1030 Wien, Kärchergasse", "Wohnungen": 160, "Lokale": 4, "addr_key": "1030 wien, kärchergasse", "distance_to_ugs": 154.96821633014156, "distance_to_ubs": 485.00954653216826, "building_id": 79, "index_right": 517, "closest_ugbs_type": "L", "distance_to_ugbs": 154.96821633014156, "within_300m": true }, "geometry": { "type": "Point", "coordinates": [ 4335.631880986259603, 338984.06041978020221 ] } },
{ "type": "Feature", "properties": { "Hofname": "Richard-Strauss-Hof", "clean_address": "1030 Wien, Am Modenapark", "Wohnungen": 188, "Lokale": 10, "addr_key": "1030 wien, am modenapark", "distance_to_ugs": 45.536019320943382, "distance_to_ubs": 636.76637981669546, "building_id": 80, "index_right": 1416, "closest_ugbs_type": "L", "distance_to_ugbs": 45.536019320943382, "within_300m": true }, "geometry": { "type": "Point", "coordinates": [ 4079.436060080062362, 342944.461228037951514 ] } },
{ "type": "Feature", "properties": { "Hofname": "Franz-Seitler-Hof", "clean_address": "1030 Wien, Sebastianplatz", "Wohnungen": 137, "Lokale": 11, "addr_key": "1030 wien, sebastianplatz", "distance_to_ugs": 19.74765039834643, "distance_to_ubs": 369.08676405466042, "building_id": 81, "index_right": 1222, "closest_ugbs_type": "L", "distance_to_ugbs": 19.74765039834643, "within_300m": true }, "geometry": { "type": "Point", "coordinates": [ 4251.379337536262028, 340107.034205655567348 ] } },
{ "type": "Feature", "properties": { "Hofname": "Franz-Adelpoller-Hof", "clean_address": "1030 Wien, Gestettengasse", "Wohnungen": 256, "Lokale": 21, "addr_key": "1030 wien, gestettengasse", "distance_to_ugs": 25.401397071445192, "distance_to_ubs": 531.23621348333268, "building_id": 82, "index_right": 1231, "closest_ugbs_type": "L", "distance_to_ugbs": 25.401397071445192, "within_300m": true }, "geometry": { "type": "Point", "coordinates": [ 5205.593026112319421, 339831.07725372351706 ] } },
{ "type": "Feature", "properties": { "Hofname": "Südtiroler Hof", "clean_address": "1040 Wien, Schelleingasse", "Wohnungen": 179, "Lokale": 20, "addr_key": "1040 wien, schelleingasse", "distance_to_ugs": 16.001677505417359, "distance_to_ubs": 858.28088489337517, "building_id": 83, "index_right": 524, "closest_ugbs_type": "L", "distance_to_ugbs": 16.001677505417359, "within_300m": true }, "geometry": { "type": "Point", "coordinates": [ 2881.735128263036131, 338646.231980272568762 ] } },
{ "type": "Feature", "properties": { "Hofname": "Bertha-von-Suttner-Hof", "clean_address": "1040 Wien, Waltergasse", "Wohnungen": 360, "Lokale": 37, "addr_key": "1040 wien, waltergasse", "distance_to_ugs": 251.02414717443787, "distance_to_ubs": 603.76306592136621, "building_id": 84, "index_right": 534, "closest_ugbs_type": "L", "distance_to_ugbs": 251.02414717443787, "within_300m": true }, "geometry": { "type": "Point", "coordinates": [ 2880.709312589181991, 339254.165352392941713 ] } },
{ "type": "Feature", "properties": { "Hofname": "Metzleinstalerhof", "clean_address": "1050 Wien, Margaretengürtel", "Wohnungen": 252, "Lokale": 33, "addr_key": "1050 wien, margaretengürtel", "distance_to_ugs": 34.244047432008173, "distance_to_ubs": 68.035186572072945, "building_id": 85, "index_right": 293, "closest_ugbs_type": "L", "distance_to_ugbs": 34.244047432008173, "within_300m": true }, "geometry": { "type": "Point", "coordinates": [ 1219.871347216474078, 338129.880155824124813 ] } },
{ "type": "Feature", "properties": { "Hofname": "Reumannhof", "clean_address": "1050 Wien, Margaretengürtel", "Wohnungen": 450, "Lokale": 50, "addr_key": "1050 wien, margaretengürtel", "distance_to_ugs": 34.244047432008173, "distance_to_ubs": 68.035186572072945, "building_id": 86, "index_right": 293, "closest_ugbs_type": "L", "distance_to_ugbs": 34.244047432008173, "within_300m": true }, "geometry": { "type": "Point", "coordinates": [ 1219.871347216474078, 338129.880155824124813 ] } },
{ "type": "Feature", "properties": { "Hofname": "Julius-Popp-Hof", "clean_address": "1050 Wien, Margaretengürtel", "Wohnungen": 370, "Lokale": 9, "addr_key": "1050 wien, margaretengürtel", "distance_to_ugs": 34.244047432008173, "distance_to_ubs": 68.035186572072945, "building_id": 87, "index_right": 293, "closest_ugbs_type": "L", "distance_to_ugbs": 34.244047432008173, "within_300m": true }, "geometry": { "type": "Point", "coordinates": [ 1219.871347216474078, 338129.880155824124813 ] } },
{ "type": "Feature", "properties": { "Hofname": "Heinehof", "clean_address": "1050 Wien, Stöbergasse", "Wohnungen": 155, "Lokale": 8, "addr_key": "1050 wien, stöbergasse", "distance_to_ugs": 102.5800217041722, "distance_to_ubs": 150.37115177815335, "building_id": 88, "index_right": 283, "closest_ugbs_type": "L", "distance_to_ugbs": 102.5800217041722, "within_300m": true }, "geometry": { "type": "Point", "coordinates": [ 1717.542280781887257, 338574.415063354186714 ] } },
{ "type": "Feature", "properties": { "Hofname": "Matteottihof", "clean_address": "1050 Wien, Siebenbrunnenfeldgasse", "Wohnungen": 424, "Lokale": 20, "addr_key": "1050 wien, siebenbrunnenfeldgasse", "distance_to_ugs": 11.403980327564135, "distance_to_ubs": 222.63783328649447, "building_id": 89, "index_right": 188, "closest_ugbs_type": "L", "distance_to_ugbs": 11.403980327564135, "within_300m": true }, "geometry": { "type": "Point", "coordinates": [ 1392.249854654634419, 338069.798903592862189 ] } },
{ "type": "Feature", "properties": { "Hofname": "Julius-Ofner-Hof", "clean_address": "1050 Wien, Margaretengürtel", "Wohnungen": 140, "Lokale": 3, "addr_key": "1050 wien, margaretengürtel", "distance_to_ugs": 34.244047432008173, "distance_to_ubs": 68.035186572072945, "building_id": 90, "index_right": 293, "closest_ugbs_type": "L", "distance_to_ugbs": 34.244047432008173, "within_300m": true }, "geometry": { "type": "Point", "coordinates": [ 1219.871347216474078, 338129.880155824124813 ] } },
{ "type": "Feature", "properties": { "Hofname": "Herweghhof", "clean_address": "1050 Wien, Margaretengürtel", "Wohnungen": 206, "Lokale": 15, "addr_key": "1050 wien, margaretengürtel", "distance_to_ugs": 34.244047432008173, "distance_to_ubs": 68.035186572072945, "building_id": 91, "index_right": 293, "closest_ugbs_type": "L", "distance_to_ugbs": 34.244047432008173, "within_300m": true }, "geometry": { "type": "Point", "coordinates": [ 1219.871347216474078, 338129.880155824124813 ] } },
{ "type": "Feature", "properties": { "Hofname": "Franz-Domes-Hof", "clean_address": "1050 Wien, Margaretengürtel", "Wohnungen": 176, "Lokale": 10, "addr_key": "1050 wien, margaretengürtel", "distance_to_ugs": 34.244047432008173, "distance_to_ubs": 68.035186572072945, "building_id": 92, "index_right": 293, "closest_ugbs_type": "L", "distance_to_ugbs": 34.244047432008173, "within_300m": true }, "geometry": { "type": "Point", "coordinates": [ 1219.871347216474078, 338129.880155824124813 ] } },
{ "type": "Feature", "properties": { "Hofname": "Anton-Katschinka-Hof", "clean_address": "1050 Wien, Siebenbrunnenfeldgasse", "Wohnungen": 45, "Lokale": 1, "addr_key": "1050 wien, siebenbrunnenfeldgasse", "distance_to_ugs": 11.403980327564135, "distance_to_ubs": 222.63783328649447, "building_id": 93, "index_right": 188, "closest_ugbs_type": "L", "distance_to_ugbs": 11.403980327564135, "within_300m": true }, "geometry": { "type": "Point", "coordinates": [ 1392.249854654634419, 338069.798903592862189 ] } },
{ "type": "Feature", "properties": { "Hofname": "Furtmüllerhof", "clean_address": "1050 Wien, Ziegelofengasse", "Wohnungen": 48, "Lokale": 6, "addr_key": "1050 wien, ziegelofengasse", "distance_to_ugs": 22.867268872102361, "distance_to_ubs": 203.70710685988203, "building_id": 94, "index_right": 526, "closest_ugbs_type": "L", "distance_to_ugbs": 22.867268872102361, "within_300m": true }, "geometry": { "type": "Point", "coordinates": [ 2265.520678170014435, 339028.851467068307102 ] } },
{ "type": "Feature", "properties": { "Hofname": "Eiselsberg Hof", "clean_address": "1050 Wien, Bacherplatz", "Wohnungen": 167, "Lokale": 8, "addr_key": "1050 wien, bacherplatz", "distance_to_ugs": 13.636249475131445, "distance_to_ubs": 244.83754352479542, "building_id": 95, "index_right": 430, "closest_ugbs_type": "L", "distance_to_ugbs": 13.636249475131445, "within_300m": true }, "geometry": { "type": "Point", "coordinates": [ 1673.810128315170914, 338769.695199138484895 ] } },
{ "type": "Feature", "properties": { "Hofname": "Theodor-Körner-Hof", "clean_address": "1050 Wien, Margaretengürtel", "Wohnungen": 1224, "Lokale": 39, "addr_key": "1050 wien, margaretengürtel", "distance_to_ugs": 34.244047432008173, "distance_to_ubs": 68.035186572072945, "building_id": 96, "index_right": 293, "closest_ugbs_type": "L", "distance_to_ugbs": 34.244047432008173, "within_300m": true }, "geometry": { "type": "Point", "coordinates": [ 1219.871347216474078, 338129.880155824124813 ] } },
{ "type": "Feature", "properties": { "Hofname": "Leuthnerhof", "clean_address": "1060 Wien, Mollardgasse", "Wohnungen": 155, "Lokale": 7, "addr_key": "1060 wien, mollardgasse", "distance_to_ugs": 138.23968138516014, "distance_to_ubs": 112.93418314109454, "building_id": 97, "index_right": 2701, "closest_ugbs_type": "B", "distance_to_ugbs": 112.93418314109454, "within_300m": true }, "geometry": { "type": "Point", "coordinates": [ 1492.722243931127878, 339283.784570736810565 ] } },
{ "type": "Feature", "properties": { "Hofname": "Einsteinhof", "clean_address": "1060 Wien, Mollardgasse", "Wohnungen": 183, "Lokale": 15, "addr_key": "1060 wien, mollardgasse", "distance_to_ugs": 138.23968138516014, "distance_to_ubs": 112.93418314109454, "building_id": 98, "index_right": 2701, "closest_ugbs_type": "B", "distance_to_ugbs": 112.93418314109454, "within_300m": true }, "geometry": { "type": "Point", "coordinates": [ 1492.722243931127878, 339283.784570736810565 ] } },
{ "type": "Feature", "properties": { "Hofname": "Ludo-Hartmann-Hof", "clean_address": "1080 Wien, Albertgasse", "Wohnungen": 74, "Lokale": 11, "addr_key": "1080 wien, albertgasse", "distance_to_ugs": 83.616061004349461, "distance_to_ubs": 746.2738840467498, "building_id": 99, "index_right": 770, "closest_ugbs_type": "L", "distance_to_ugbs": 83.616061004349461, "within_300m": true }, "geometry": { "type": "Point", "coordinates": [ 865.310308126288646, 341546.208192224556115 ] } },
{ "type": "Feature", "properties": { "Hofname": "Dr.-Kronawetter-Hof", "clean_address": "1080 Wien, Pfeilgasse", "Wohnungen": 62, "Lokale": 3, "addr_key": "1080 wien, pfeilgasse", "distance_to_ugs": 144.45847240206717, "distance_to_ubs": 609.34953399619769, "building_id": 100, "index_right": 730, "closest_ugbs_type": "L", "distance_to_ugbs": 144.45847240206717, "within_300m": true }, "geometry": { "type": "Point", "coordinates": [ 1145.072417059761847, 341114.132152881473303 ] } },
{ "type": "Feature", "properties": { "Hofname": "Faberhof", "clean_address": "1080 Wien, Pfeilgasse", "Wohnungen": 15, "Lokale": 2, "addr_key": "1080 wien, pfeilgasse", "distance_to_ugs": 144.45847240206717, "distance_to_ubs": 609.34953399619769, "building_id": 101, "index_right": 730, "closest_ugbs_type": "L", "distance_to_ugbs": 144.45847240206717, "within_300m": true }, "geometry": { "type": "Point", "coordinates": [ 1145.072417059761847, 341114.132152881473303 ] } },
{ "type": "Feature", "properties": { "Hofname": "Therese-Schlesinger-Hof", "clean_address": "1080 Wien, Schlösselgasse", "Wohnungen": 83, "Lokale": 5, "addr_key": "1080 wien, schlösselgasse", "distance_to_ugs": 155.54394055917902, "distance_to_ubs": 260.84153756674561, "building_id": 102, "index_right": 764, "closest_ugbs_type": "L", "distance_to_ugbs": 155.54394055917902, "within_300m": true }, "geometry": { "type": "Point", "coordinates": [ 1574.779477316634029, 341681.817793621681631 ] } },
{ "type": "Feature", "properties": { "Hofname": "Maria-Franc-Hof", "clean_address": "1080 Wien, Lange Gasse", "Wohnungen": 77, "Lokale": 7, "addr_key": "1080 wien, lange gasse", "distance_to_ugs": 120.59585527404597, "distance_to_ubs": 484.59181304076014, "building_id": 103, "index_right": 1486, "closest_ugbs_type": "L", "distance_to_ugbs": 120.59585527404597, "within_300m": true }, "geometry": { "type": "Point", "coordinates": [ 8532.346661068648245, 343255.656094050966203 ] } },
{ "type": "Feature", "properties": { "Hofname": "Sigmund-Freud-Hof", "clean_address": "1090 Wien, Gussenbauergasse", "Wohnungen": 258, "Lokale": 25, "addr_key": "1090 wien, gussenbauergasse", "distance_to_ugs": 34.870431205164017, "distance_to_ubs": 143.12801013191802, "building_id": 104, "index_right": 1410, "closest_ugbs_type": "L", "distance_to_ugbs": 34.870431205164017, "within_300m": true }, "geometry": { "type": "Point", "coordinates": [ 2245.003354424340614, 343245.721971143968403 ] } },
{ "type": "Feature", "properties": { "Hofname": "Gallhof", "clean_address": "1090 Wien, Heiligenstädter Straße", "Wohnungen": 137, "Lokale": 7, "addr_key": "1090 wien, heiligenstädter straße", "distance_to_ugs": 24.819517170806559, "distance_to_ubs": 434.19575403232938, "building_id": 105, "index_right": 913, "closest_ugbs_type": "L", "distance_to_ugbs": 24.819517170806559, "within_300m": true }, "geometry": { "type": "Point", "coordinates": [ 1730.519931850968987, 343807.250449839048088 ] } },
{ "type": "Feature", "properties": { "Hofname": "Thuryhof", "clean_address": "1090 Wien, Marktgasse", "Wohnungen": 95, "Lokale": 8, "addr_key": "1090 wien, marktgasse", "distance_to_ugs": 38.157219444588073, "distance_to_ubs": 159.1023393222446, "building_id": 106, "index_right": 798, "closest_ugbs_type": "L", "distance_to_ugbs": 38.157219444588073, "within_300m": true }, "geometry": { "type": "Point", "coordinates": [ 1952.671337181901436, 342976.170262660831213 ] } },
{ "type": "Feature", "properties": { "Hofname": "Wagner-Jauregg-Hof", "clean_address": "1090 Wien, Lustkandlgasse", "Wohnungen": 114, "Lokale": 10, "addr_key": "1090 wien, lustkandlgasse", "distance_to_ugs": 113.59792643809804, "distance_to_ubs": 142.78260160013664, "building_id": 107, "index_right": 907, "closest_ugbs_type": "L", "distance_to_ugbs": 113.59792643809804, "within_300m": true }, "geometry": { "type": "Point", "coordinates": [ 1431.512169858019661, 343319.992021043784916 ] } },
{ "type": "Feature", "properties": { "Hofname": "Karl-Schönherr-Hof", "clean_address": "1090 Wien, Badgasse", "Wohnungen": 119, "Lokale": 10, "addr_key": "1090 wien, badgasse", "distance_to_ugs": 193.476863922993, "distance_to_ubs": 217.00490181737212, "building_id": 108, "index_right": 670, "closest_ugbs_type": "L", "distance_to_ugbs": 193.476863922993, "within_300m": true }, "geometry": { "type": "Point", "coordinates": [ -7982.376923190012349, 341262.077356451191008 ] } },
{ "type": "Feature", "properties": { "Hofname": "Quarinhof", "clean_address": "1100 Wien, Quaringasse", "Wohnungen": 122, "Lokale": 25, "addr_key": "1100 wien, quaringasse", "distance_to_ugs": 170.06018298424758, "distance_to_ubs": 689.44122126982461, "building_id": 109, "index_right": 181, "closest_ugbs_type": "L", "distance_to_ugbs": 170.06018298424758, "within_300m": true }, "geometry": { "type": "Point", "coordinates": [ 1614.085375182993857, 336954.373424044169951 ] } },
{ "type": "Feature", "properties": { "Hofname": "Viktor-Adler-Hof", "clean_address": "1100 Wien, Triester Straße", "Wohnungen": 110, "Lokale": 5, "addr_key": "1100 wien, triester straße", "distance_to_ugs": 32.187261457780288, "distance_to_ubs": 853.64826142783988, "building_id": 110, "index_right": 186, "closest_ugbs_type": "L", "distance_to_ugbs": 32.187261457780288, "within_300m": true }, "geometry": { "type": "Point", "coordinates": [ 1944.998563562247682, 337763.58227250323398 ] } },
{ "type": "Feature", "properties": { "Hofname": "Pernerstorfer-Hof", "clean_address": "1100 Wien, Troststraße", "Wohnungen": 426, "Lokale": 14, "addr_key": "1100 wien, troststraße", "distance_to_ugs": 192.07488986194011, "distance_to_ubs": 1197.9233658169767, "building_id": 111, "index_right": 190, "closest_ugbs_type": "L", "distance_to_ugbs": 192.07488986194011, "within_300m": true }, "geometry": { "type": "Point", "coordinates": [ 2527.58758421914581, 336800.268445513211191 ] } },
{ "type": "Feature", "properties": { "Hofname": "Jean-Jaures-Hof", "clean_address": "1100 Wien, Neilreichgasse", "Wohnungen": 384, "Lokale": 9, "addr_key": "1100 wien, neilreichgasse", "distance_to_ugs": 289.92407729557505, "distance_to_ubs": 1159.8771394798291, "building_id": 112, "index_right": 190, "closest_ugbs_type": "L", "distance_to_ugbs": 289.92407729557505, "within_300m": true }, "geometry": { "type": "Point", "coordinates": [ 2391.07356777097948, 336897.184671220253222 ] } },
{ "type": "Feature", "properties": { "Hofname": "Pölzer-Hof", "clean_address": "1100 Wien, Dampfgasse", "Wohnungen": 98, "Lokale": 7, "addr_key": "1100 wien, dampfgasse", "distance_to_ugs": 32.959230356460552, "distance_to_ubs": 1170.9327447864268, "building_id": 113, "index_right": 198, "closest_ugbs_type": "L", "distance_to_ugbs": 32.959230356460552, "within_300m": true }, "geometry": { "type": "Point", "coordinates": [ 2572.662615057911353, 337939.638041405007243 ] } },
{ "type": "Feature", "properties": { "Hofname": "Zürcher-Hof", "clean_address": "1100 Wien, Laxenburger Straße", "Wohnungen": 221, "Lokale": 28, "addr_key": "1100 wien, laxenburger straße", "distance_to_ugs": 28.423995982943989, "distance_to_ubs": 925.70730719528126, "building_id": 114, "index_right": 199, "closest_ugbs_type": "L", "distance_to_ugbs": 28.423995982943989, "within_300m": true }, "geometry": { "type": "Point", "coordinates": [ 3080.212864507507675, 338163.007438377477229 ] } },
{ "type": "Feature", "properties": { "Hofname": "Hueber-Hof", "clean_address": "1100 Wien, Quellenstraße", "Wohnungen": 464, "Lokale": 5, "addr_key": "1100 wien, quellenstraße", "distance_to_ugs": 234.18715737664354, "distance_to_ubs": 711.70259443272676, "building_id": 115, "index_right": 176, "closest_ugbs_type": "L", "distance_to_ugbs": 234.18715737664354, "within_300m": true }, "geometry": { "type": "Point", "coordinates": [ 4265.214870788305234, 337256.027724555693567 ] } },
{ "type": "Feature", "properties": { "Hofname": "Anton-Hölzl-Hof", "clean_address": "1100 Wien, Laxenburger Straße", "Wohnungen": 329, "Lokale": 6, "addr_key": "1100 wien, laxenburger straße", "distance_to_ugs": 28.423995982943989, "distance_to_ubs": 925.70730719528126, "building_id": 116, "index_right": 199, "closest_ugbs_type": "L", "distance_to_ugbs": 28.423995982943989, "within_300m": true }, "geometry": { "type": "Point", "coordinates": [ 3080.212864507507675, 338163.007438377477229 ] } },
{ "type": "Feature", "properties": { "Hofname": "Maria-und-Rudolf-Fischer-Hof", "clean_address": "1100 Wien, Laxenburger Straße", "Wohnungen": 125, "Lokale": 3, "addr_key": "1100 wien, laxenburger straße", "distance_to_ugs": 28.423995982943989, "distance_to_ubs": 925.70730719528126, "building_id": 117, "index_right": 199, "closest_ugbs_type": "L", "distance_to_ugbs": 28.423995982943989, "within_300m": true }, "geometry": { "type": "Point", "coordinates": [ 3080.212864507507675, 338163.007438377477229 ] } },
{ "type": "Feature", "properties": { "Hofname": "Wohnhausanlage Am Laaer Berg", "clean_address": "1100 Wien, Theodor-Sickel-Gasse", "Wohnungen": 726, "Lokale": 12, "addr_key": "1100 wien, theodor-sickel-gasse", "distance_to_ugs": 87.933402386768904, "distance_to_ubs": 210.48996370701758, "building_id": 118, "index_right": 153, "closest_ugbs_type": "L", "distance_to_ugbs": 87.933402386768904, "within_300m": true }, "geometry": { "type": "Point", "coordinates": [ 4433.088802032346393, 335819.868245315738022 ] } },
{ "type": "Feature", "properties": { "Hofname": "Emil Fucik-Hof", "clean_address": "1100 Wien, Gudrunstraße", "Wohnungen": 666, "Lokale": 13, "addr_key": "1100 wien, gudrunstraße", "distance_to_ugs": 152.1061299278837, "distance_to_ubs": 845.65621699747339, "building_id": 119, "index_right": 511, "closest_ugbs_type": "L", "distance_to_ugbs": 152.1061299278837, "within_300m": true }, "geometry": { "type": "Point", "coordinates": [ 4051.282434916620787, 337619.510837358422577 ] } },
{ "type": "Feature", "properties": { "Hofname": "Brunngraberhof", "clean_address": "1100 Wien, Arthaberplatz", "Wohnungen": 158, "Lokale": 17, "addr_key": "1100 wien, arthaberplatz", "distance_to_ugs": 16.618233555647077, "distance_to_ubs": 1486.0339437078442, "building_id": 120, "index_right": 192, "closest_ugbs_type": "L", "distance_to_ugbs": 16.618233555647077, "within_300m": true }, "geometry": { "type": "Point", "coordinates": [ 2982.905703970828654, 337235.555875096470118 ] } },
{ "type": "Feature", "properties": { "Hofname": "Mithlingerhof Rasenstadt", "clean_address": "1100 Wien, Neilreichgasse", "Wohnungen": 958, "Lokale": 13, "addr_key": "1100 wien, neilreichgasse", "distance_to_ugs": 289.92407729557505, "distance_to_ubs": 1159.8771394798291, "building_id": 121, "index_right": 190, "closest_ugbs_type": "L", "distance_to_ugbs": 289.92407729557505, "within_300m": true }, "geometry": { "type": "Point", "coordinates": [ 2391.07356777097948, 336897.184671220253222 ] } },
{ "type": "Feature", "properties": { "Hofname": "Dr.-Franz-Klein-Hof", "clean_address": "1110 Wien, Herbortgasse", "Wohnungen": 223, "Lokale": 21, "addr_key": "1110 wien, herbortgasse", "distance_to_ugs": 51.554700053775264, "distance_to_ubs": 752.28115340148815, "building_id": 122, "index_right": 1176, "closest_ugbs_type": "L", "distance_to_ugbs": 51.554700053775264, "within_300m": true }, "geometry": { "type": "Point", "coordinates": [ 5713.054122400086271, 337257.515851374715567 ] } },
{ "type": "Feature", "properties": { "Hofname": "Alfons-Petzold-Hof", "clean_address": "1110 Wien, Lorystraße", "Wohnungen": 94, "Lokale": 15, "addr_key": "1110 wien, lorystraße", "distance_to_ugs": 137.00942036803355, "distance_to_ubs": 1012.5422380264461, "building_id": 123, "index_right": 1176, "closest_ugbs_type": "L", "distance_to_ugbs": 137.00942036803355, "within_300m": true }, "geometry": { "type": "Point", "coordinates": [ 6030.520933953115673, 337161.472894051636104 ] } },
{ "type": "Feature", "properties": { "Hofname": "Josef-Scheu-Hof", "clean_address": "1110 Wien, Ehamgasse", "Wohnungen": 184, "Lokale": 1, "addr_key": "1110 wien, ehamgasse", "distance_to_ugs": 81.39498428600794, "distance_to_ubs": 809.95868788422797, "building_id": 124, "index_right": 1176, "closest_ugbs_type": "L", "distance_to_ugbs": 81.39498428600794, "within_300m": true }, "geometry": { "type": "Point", "coordinates": [ 5760.801135461463673, 337290.385829043574631 ] } },
{ "type": "Feature", "properties": { "Hofname": "Widholz-Hof", "clean_address": "1110 Wien, Geiselbergstraße", "Wohnungen": 166, "Lokale": 11, "addr_key": "1110 wien, geiselbergstraße", "distance_to_ugs": 233.1559323489833, "distance_to_ubs": 511.62880760271111, "building_id": 125, "index_right": 500, "closest_ugbs_type": "L", "distance_to_ugbs": 233.1559323489833, "within_300m": true }, "geometry": { "type": "Point", "coordinates": [ 5057.376779148267815, 337422.489663669839501 ] } },
{ "type": "Feature", "properties": { "Hofname": "Karl-Höger-Hof", "clean_address": "1110 Wien, Lorystraße", "Wohnungen": 219, "Lokale": 28, "addr_key": "1110 wien, lorystraße", "distance_to_ugs": 137.00942036803355, "distance_to_ubs": 1012.5422380264461, "building_id": 126, "index_right": 1176, "closest_ugbs_type": "L", "distance_to_ugbs": 137.00942036803355, "within_300m": true }, "geometry": { "type": "Point", "coordinates": [ 6030.520933953115673, 337161.472894051636104 ] } },
{ "type": "Feature", "properties": { "Hofname": "Friedrich-Engels-Hof", "clean_address": "1110 Wien, Ehamgasse", "Wohnungen": 174, "Lokale": 9, "addr_key": "1110 wien, ehamgasse", "distance_to_ugs": 81.39498428600794, "distance_to_ubs": 809.95868788422797, "building_id": 127, "index_right": 1176, "closest_ugbs_type": "L", "distance_to_ugbs": 81.39498428600794, "within_300m": true }, "geometry": { "type": "Point", "coordinates": [ 5760.801135461463673, 337290.385829043574631 ] } },
{ "type": "Feature", "properties": { "Hofname": "Anton-Schrammel-Hof", "clean_address": "1110 Wien, Kopalgasse", "Wohnungen": 220, "Lokale": 10, "addr_key": "1110 wien, kopalgasse", "distance_to_ugs": 39.381408106781301, "distance_to_ubs": 903.01171397073131, "building_id": 128, "index_right": 1200, "closest_ugbs_type": "L", "distance_to_ugbs": 39.381408106781301, "within_300m": true }, "geometry": { "type": "Point", "coordinates": [ 6844.967570803651142, 337907.711495107389055 ] } },
{ "type": "Feature", "properties": { "Hofname": "Strindberghof", "clean_address": "1110 Wien, Strindberggasse", "Wohnungen": 538, "Lokale": 22, "addr_key": "1110 wien, strindberggasse", "distance_to_ugs": 108.42528700232907, "distance_to_ubs": 715.46638826834032, "building_id": 129, "index_right": 1183, "closest_ugbs_type": "L", "distance_to_ugbs": 108.42528700232907, "within_300m": true }, "geometry": { "type": "Point", "coordinates": [ 6049.472154854891414, 337835.999449796043336 ] } },
{ "type": "Feature", "properties": { "Hofname": "Hedorfer-Hof", "clean_address": "1110 Wien, Enkplatz", "Wohnungen": 32, "Lokale": 11, "addr_key": "1110 wien, enkplatz", "distance_to_ugs": 20.507424295858378, "distance_to_ubs": 851.32312680814664, "building_id": 130, "index_right": 1182, "closest_ugbs_type": "L", "distance_to_ugbs": 20.507424295858378, "within_300m": true }, "geometry": { "type": "Point", "coordinates": [ 6039.242253874130256, 337551.553918892517686 ] } },
{ "type": "Feature", "properties": { "Hofname": "Wilhelm-Weber Hof", "clean_address": "1110 Wien, Rinnböckstraße", "Wohnungen": 292, "Lokale": 15, "addr_key": "1110 wien, rinnböckstraße", "distance_to_ugs": 38.158228304940003, "distance_to_ubs": 392.32595818310722, "building_id": 131, "index_right": 1210, "closest_ugbs_type": "L", "distance_to_ugbs": 38.158228304940003, "within_300m": true }, "geometry": { "type": "Point", "coordinates": [ 5509.6296930169201, 338474.849913999438286 ] } },
{ "type": "Feature", "properties": { "Hofname": "Kurt-Holubarz-Hof", "clean_address": "1110 Wien, Geiselbergstraße", "Wohnungen": 47, "Lokale": 2, "addr_key": "1110 wien, geiselbergstraße", "distance_to_ugs": 233.1559323489833, "distance_to_ubs": 511.62880760271111, "building_id": 132, "index_right": 500, "closest_ugbs_type": "L", "distance_to_ugbs": 233.1559323489833, "within_300m": true }, "geometry": { "type": "Point", "coordinates": [ 5057.376779148267815, 337422.489663669839501 ] } },
{ "type": "Feature", "properties": { "Hofname": "Karl-Tlasek-Hof", "clean_address": "1110 Wien, Lorystraße", "Wohnungen": 47, "Lokale": 1, "addr_key": "1110 wien, lorystraße", "distance_to_ugs": 137.00942036803355, "distance_to_ubs": 1012.5422380264461, "building_id": 133, "index_right": 1176, "closest_ugbs_type": "L", "distance_to_ugbs": 137.00942036803355, "within_300m": true }, "geometry": { "type": "Point", "coordinates": [ 6030.520933953115673, 337161.472894051636104 ] } },
{ "type": "Feature", "properties": { "Hofname": "Josef-Haas-Hof", "clean_address": "1110 Wien, Zippererstraße", "Wohnungen": 289, "Lokale": 8, "addr_key": "1110 wien, zippererstraße", "distance_to_ugs": 96.015108020317285, "distance_to_ubs": 558.15686080395187, "building_id": 134, "index_right": 1206, "closest_ugbs_type": "L", "distance_to_ugbs": 96.015108020317285, "within_300m": true }, "geometry": { "type": "Point", "coordinates": [ 5916.972266259009302, 337933.918918907642365 ] } },
{ "type": "Feature", "properties": { "Hofname": "Alfred-Wunsch-Hof", "clean_address": "1110 Wien, Lorystraße", "Wohnungen": 103, "Lokale": 12, "addr_key": "1110 wien, lorystraße", "distance_to_ugs": 137.00942036803355, "distance_to_ubs": 1012.5422380264461, "building_id": 135, "index_right": 1176, "closest_ugbs_type": "L", "distance_to_ugbs": 137.00942036803355, "within_300m": true }, "geometry": { "type": "Point", "coordinates": [ 6030.520933953115673, 337161.472894051636104 ] } },
{ "type": "Feature", "properties": { "Hofname": "Gustav-Fuchs-Hof", "clean_address": "1110 Wien, Geiselbergstraße", "Wohnungen": 219, "Lokale": 4, "addr_key": "1110 wien, geiselbergstraße", "distance_to_ugs": 233.1559323489833, "distance_to_ubs": 511.62880760271111, "building_id": 136, "index_right": 500, "closest_ugbs_type": "L", "distance_to_ugbs": 233.1559323489833, "within_300m": true }, "geometry": { "type": "Point", "coordinates": [ 5057.376779148267815, 337422.489663669839501 ] } },
{ "type": "Feature", "properties": { "Hofname": "Leopold-Schwarz-Hof", "clean_address": "1110 Wien, Kopalgasse", "Wohnungen": 42, "Lokale": 9, "addr_key": "1110 wien, kopalgasse", "distance_to_ugs": 39.381408106781301, "distance_to_ubs": 903.01171397073131, "building_id": 137, "index_right": 1200, "closest_ugbs_type": "L", "distance_to_ugbs": 39.381408106781301, "within_300m": true }, "geometry": { "type": "Point", "coordinates": [ 6844.967570803651142, 337907.711495107389055 ] } },
{ "type": "Feature", "properties": { "Hofname": "Max-Wopenka-Hof", "clean_address": "1110 Wien, Geiselbergstraße", "Wohnungen": 371, "Lokale": 12, "addr_key": "1110 wien, geiselbergstraße", "distance_to_ugs": 233.1559323489833, "distance_to_ubs": 511.62880760271111, "building_id": 138, "index_right": 500, "closest_ugbs_type": "L", "distance_to_ugbs": 233.1559323489833, "within_300m": true }, "geometry": { "type": "Point", "coordinates": [ 5057.376779148267815, 337422.489663669839501 ] } },
{ "type": "Feature", "properties": { "Hofname": "Wohnhausanlage Hasenleiten", "clean_address": "1110 Wien, Hasenleitengasse", "Wohnungen": 1214, "Lokale": 89, "addr_key": "1110 wien, hasenleitengasse", "distance_to_ugs": 210.36381607302835, "distance_to_ubs": 827.97118793874336, "building_id": 139, "index_right": 1042, "closest_ugbs_type": "L", "distance_to_ugbs": 210.36381607302835, "within_300m": true }, "geometry": { "type": "Point", "coordinates": [ 6457.479695841578177, 335765.720712628215551 ] } },
{ "type": "Feature", "properties": { "Hofname": "Stefan-Achatz-Hof", "clean_address": "1110 Wien, Kaiser-Ebersdorfer Straße", "Wohnungen": 92, "Lokale": 13, "addr_key": "1110 wien, kaiser-ebersdorfer straße", "distance_to_ugs": 95.659547138232668, "distance_to_ubs": 677.62848583912103, "building_id": 140, "index_right": 1044, "closest_ugbs_type": "L", "distance_to_ugbs": 95.659547138232668, "within_300m": true }, "geometry": { "type": "Point", "coordinates": [ 6962.838540123977509, 336668.794230672880076 ] } },
{ "type": "Feature", "properties": { "Hofname": "Fuchsenfeldhof", "clean_address": "1120 Wien, Längenfeldgasse", "Wohnungen": 452, "Lokale": 24, "addr_key": "1120 wien, längenfeldgasse", "distance_to_ugs": 88.711325513475742, "distance_to_ubs": 386.25331974119757, "building_id": 141, "index_right": 265, "closest_ugbs_type": "L", "distance_to_ugbs": 88.711325513475742, "within_300m": true }, "geometry": { "type": "Point", "coordinates": [ 666.86484292641785, 337713.973112138919532 ] } },
{ "type": "Feature", "properties": { "Hofname": "Reismannhof", "clean_address": "1120 Wien, Am Fuchsenfeld", "Wohnungen": 625, "Lokale": 37, "addr_key": "1120 wien, am fuchsenfeld", "distance_to_ugs": 45.536019320943382, "distance_to_ubs": 636.76637981669546, "building_id": 142, "index_right": 1416, "closest_ugbs_type": "L", "distance_to_ugbs": 45.536019320943382, "within_300m": true }, "geometry": { "type": "Point", "coordinates": [ 4079.436060080062362, 342944.461228037951514 ] } },
{ "type": "Feature", "properties": { "Hofname": "Bebel-Hof", "clean_address": "1120 Wien, Steinbauergasse", "Wohnungen": 307, "Lokale": 30, "addr_key": "1120 wien, steinbauergasse", "distance_to_ugs": 143.40920966048589, "distance_to_ubs": 290.5960665391305, "building_id": 143, "index_right": 281, "closest_ugbs_type": "L", "distance_to_ugbs": 143.40920966048589, "within_300m": true }, "geometry": { "type": "Point", "coordinates": [ 814.762816641864788, 338281.67616768553853 ] } },
{ "type": "Feature", "properties": { "Hofname": "Liebknechthof", "clean_address": "1120 Wien, Böckhgasse", "Wohnungen": 427, "Lokale": 10, "addr_key": "1120 wien, böckhgasse", "distance_to_ugs": 92.955650684700359, "distance_to_ubs": 171.23275426410467, "building_id": 144, "index_right": 267, "closest_ugbs_type": "L", "distance_to_ugbs": 92.955650684700359, "within_300m": true }, "geometry": { "type": "Point", "coordinates": [ 613.960067471348907, 337960.487723753787577 ] } },
{ "type": "Feature", "properties": { "Hofname": "Simony-Hof", "clean_address": "1120 Wien, Koppreitergasse", "Wohnungen": 160, "Lokale": 11, "addr_key": "1120 wien, koppreitergasse", "distance_to_ugs": 94.762200308010364, "distance_to_ubs": 532.0471908669582, "building_id": 145, "index_right": 273, "closest_ugbs_type": "L", "distance_to_ugbs": 94.762200308010364, "within_300m": true }, "geometry": { "type": "Point", "coordinates": [ -386.805011585725595, 337363.71792162861675 ] } },
{ "type": "Feature", "properties": { "Hofname": "Lorenshof", "clean_address": "1120 Wien, Längenfeldgasse", "Wohnungen": 164, "Lokale": 8, "addr_key": "1120 wien, längenfeldgasse", "distance_to_ugs": 88.711325513475742, "distance_to_ubs": 386.25331974119757, "building_id": 146, "index_right": 265, "closest_ugbs_type": "L", "distance_to_ugbs": 88.711325513475742, "within_300m": true }, "geometry": { "type": "Point", "coordinates": [ 666.86484292641785, 337713.973112138919532 ] } },
{ "type": "Feature", "properties": { "Hofname": "Fröhlich-Hof", "clean_address": "1120 Wien, Malfattigasse", "Wohnungen": 160, "Lokale": 7, "addr_key": "1120 wien, malfattigasse", "distance_to_ugs": 82.350668882234459, "distance_to_ubs": 133.17893774805185, "building_id": 147, "index_right": 269, "closest_ugbs_type": "L", "distance_to_ugbs": 82.350668882234459, "within_300m": true }, "geometry": { "type": "Point", "coordinates": [ 595.219141871001511, 338260.878275858238339 ] } },
{ "type": "Feature", "properties": { "Hofname": "Haydnhof", "clean_address": "1120 Wien, Gaudenzdorfer Gürtel", "Wohnungen": 326, "Lokale": 11, "addr_key": "1120 wien, gaudenzdorfer gürtel", "distance_to_ugs": 17.701073310248482, "distance_to_ubs": 131.41804980480006, "building_id": 148, "index_right": 293, "closest_ugbs_type": "L", "distance_to_ugbs": 17.701073310248482, "within_300m": true }, "geometry": { "type": "Point", "coordinates": [ 1155.807813599710244, 338076.619196683168411 ] } },
{ "type": "Feature", "properties": { "Hofname": "Leopoldine-Glöckel-Hof", "clean_address": "1120 Wien, Steinbauergasse", "Wohnungen": 304, "Lokale": 3, "addr_key": "1120 wien, steinbauergasse", "distance_to_ugs": 143.40920966048589, "distance_to_ubs": 290.5960665391305, "building_id": 149, "index_right": 281, "closest_ugbs_type": "L", "distance_to_ugbs": 143.40920966048589, "within_300m": true }, "geometry": { "type": "Point", "coordinates": [ 814.762816641864788, 338281.67616768553853 ] } },
{ "type": "Feature", "properties": { "Hofname": "Max-Opravil-Hof", "clean_address": "1120 Wien, Wienerbergstraße", "Wohnungen": 424, "Lokale": 30, "addr_key": "1120 wien, wienerbergstraße", "distance_to_ugs": 239.3839150412615, "distance_to_ubs": 449.87498841730053, "building_id": 150, "index_right": 262, "closest_ugbs_type": "R", "distance_to_ugbs": 239.3839150412615, "within_300m": true }, "geometry": { "type": "Point", "coordinates": [ 351.838478314329336, 336931.58776880800724 ] } },
{ "type": "Feature", "properties": { "Hofname": "Johann Resch-Hof", "clean_address": "1120 Wien, Werthenburggasse", "Wohnungen": 178, "Lokale": 14, "addr_key": "1120 wien, werthenburggasse", "distance_to_ugs": 55.124982288408503, "distance_to_ubs": 259.90382932612886, "building_id": 151, "index_right": 329, "closest_ugbs_type": "L", "distance_to_ugbs": 55.124982288408503, "within_300m": true }, "geometry": { "type": "Point", "coordinates": [ -2587.955913268299355, 336829.015663946163841 ] } },
{ "type": "Feature", "properties": { "Hofname": "Wohnhausanlage Am Schöpfwerk", "clean_address": "1120 Wien, Am Schöpfwerk", "Wohnungen": 866, "Lokale": 46, "addr_key": "1120 wien, am schöpfwerk", "distance_to_ugs": 45.536019320943382, "distance_to_ubs": 636.76637981669546, "building_id": 152, "index_right": 1416, "closest_ugbs_type": "L", "distance_to_ugbs": 45.536019320943382, "within_300m": true }, "geometry": { "type": "Point", "coordinates": [ 4079.436060080062362, 342944.461228037951514 ] } },
{ "type": "Feature", "properties": { "Hofname": "Ernst-Reuter-Hof", "clean_address": "1120 Wien, Böckhgasse", "Wohnungen": 200, "Lokale": 9, "addr_key": "1120 wien, böckhgasse", "distance_to_ugs": 92.955650684700359, "distance_to_ubs": 171.23275426410467, "building_id": 153, "index_right": 267, "closest_ugbs_type": "L", "distance_to_ugbs": 92.955650684700359, "within_300m": true }, "geometry": { "type": "Point", "coordinates": [ 613.960067471348907, 337960.487723753787577 ] } },
{ "type": "Feature", "properties": { "Hofname": "August-Fürst-Hof", "clean_address": "1120 Wien, Meidlinger Hauptstraße", "Wohnungen": 159, "Lokale": 20, "addr_key": "1120 wien, meidlinger hauptstraße", "distance_to_ugs": 69.241927452822239, "distance_to_ubs": 136.93842206644197, "building_id": 154, "index_right": 403, "closest_ugbs_type": "L", "distance_to_ugbs": 69.241927452822239, "within_300m": true }, "geometry": { "type": "Point", "coordinates": [ -156.794881825790782, 338244.031465243548155 ] } },
{ "type": "Feature", "properties": { "Hofname": "Wohnhausanlage Roter Berg", "clean_address": "1130 Wien, Horeischygasse", "Wohnungen": 106, "Lokale": 18, "addr_key": "1130 wien, horeischygasse", "distance_to_ugs": 48.874091397929142, "distance_to_ubs": 134.79374336735447, "building_id": 155, "index_right": 391, "closest_ugbs_type": "R", "distance_to_ugbs": 48.874091397929142, "within_300m": true }, "geometry": { "type": "Point", "coordinates": [ -4241.462623073034592, 338466.202510826289654 ] } },
{ "type": "Feature", "properties": { "Hofname": "Eduard-Schlesinger-Hof", "clean_address": "1130 Wien, Wilhelm-Leibl-Gasse", "Wohnungen": 19, "Lokale": 1, "addr_key": "1130 wien, wilhelm-leibl-gasse", "distance_to_ugs": 66.789589455818628, "distance_to_ubs": 423.32535240213861, "building_id": 156, "index_right": 362, "closest_ugbs_type": "L", "distance_to_ugbs": 66.789589455818628, "within_300m": true }, "geometry": { "type": "Point", "coordinates": [ -4101.006202868033142, 337580.731903767911717 ] } },
{ "type": "Feature", "properties": { "Hofname": "Wohnhausanlage Kongreßsiedlung", "clean_address": "1130 Wien, Kalmanstraße", "Wohnungen": 260, "Lokale": 34, "addr_key": "1130 wien, kalmanstraße", "distance_to_ugs": 56.84460373807206, "distance_to_ubs": 247.65229436395856, "building_id": 157, "index_right": 334, "closest_ugbs_type": "L", "distance_to_ugbs": 56.84460373807206, "within_300m": true }, "geometry": { "type": "Point", "coordinates": [ -4583.026146082529522, 336347.767166823032312 ] } },
{ "type": "Feature", "properties": { "Hofname": "Franz-Rosenberger-Hof", "clean_address": "1130 Wien, Lainzer Straße", "Wohnungen": 92, "Lokale": 0, "addr_key": "1130 wien, lainzer straße", "distance_to_ugs": 357.8654047843944, "distance_to_ubs": 417.7837339153707, "building_id": 158, "index_right": 377, "closest_ugbs_type": "R", "distance_to_ugbs": 357.8654047843944, "within_300m": false }, "geometry": { "type": "Point", "coordinates": [ -2676.293470250264818, 338567.366059946245514 ] } },
{ "type": "Feature", "properties": { "Hofname": "Steinitzhof", "clean_address": "1130 Wien, Hietzinger Kai", "Wohnungen": 255, "Lokale": 11, "addr_key": "1130 wien, hietzinger kai", "distance_to_ugs": 372.69620545202088, "distance_to_ubs": 40.948093276781883, "building_id": 159, "index_right": 2621, "closest_ugbs_type": "B", "distance_to_ugbs": 40.948093276781883, "within_300m": true }, "geometry": { "type": "Point", "coordinates": [ -3186.287204658704013, 339108.611174247227609 ] } },
{ "type": "Feature", "properties": { "Hofname": "Rudolfine-Muhr-Hof", "clean_address": "1130 Wien, Volkgasse", "Wohnungen": 212, "Lokale": 9, "addr_key": "1130 wien, volkgasse", "distance_to_ugs": 194.82011313615644, "distance_to_ubs": 286.894114248996, "building_id": 160, "index_right": 375, "closest_ugbs_type": "L", "distance_to_ugbs": 194.82011313615644, "within_300m": true }, "geometry": { "type": "Point", "coordinates": [ -2613.518219599295207, 337708.030381775461137 ] } },
{ "type": "Feature", "properties": { "Hofname": "Franz-Kurz-Hof", "clean_address": "1140 Wien, Spallartgasse", "Wohnungen": 80, "Lokale": 8, "addr_key": "1140 wien, spallartgasse", "distance_to_ugs": 198.7636487531706, "distance_to_ubs": 335.1064783398819, "building_id": 161, "index_right": 626, "closest_ugbs_type": "L", "distance_to_ugbs": 198.7636487531706, "within_300m": true }, "geometry": { "type": "Point", "coordinates": [ -1610.239194630571092, 340195.851806987076998 ] } },
{ "type": "Feature", "properties": { "Hofname": "Blathof", "clean_address": "1140 Wien, Linzer Straße", "Wohnungen": 302, "Lokale": 18, "addr_key": "1140 wien, linzer straße", "distance_to_ugs": 11.662816853545118, "distance_to_ubs": 62.418311716142256, "building_id": 162, "index_right": 765, "closest_ugbs_type": "L", "distance_to_ugbs": 11.662816853545118, "within_300m": true }, "geometry": { "type": "Point", "coordinates": [ 1557.911354078396016, 342009.850461553782225 ] } },
{ "type": "Feature", "properties": { "Hofname": "Schimon-Hof", "clean_address": "1140 Wien, Penzinger Straße", "Wohnungen": 365, "Lokale": 16, "addr_key": "1140 wien, penzinger straße", "distance_to_ugs": 299.89300069873258, "distance_to_ubs": 112.79048890853926, "building_id": 163, "index_right": 2621, "closest_ugbs_type": "B", "distance_to_ugbs": 112.79048890853926, "within_300m": true }, "geometry": { "type": "Point", "coordinates": [ -2495.864343141475274, 339067.078960484825075 ] } },
{ "type": "Feature", "properties": { "Hofname": "Somogyi-Hof", "clean_address": "1140 Wien, Hütteldorfer Straße", "Wohnungen": 336, "Lokale": 20, "addr_key": "1140 wien, hütteldorfer straße", "distance_to_ugs": 34.717994313901059, "distance_to_ubs": 971.16068076122531, "building_id": 164, "index_right": 487, "closest_ugbs_type": "L", "distance_to_ugbs": 34.717994313901059, "within_300m": true }, "geometry": { "type": "Point", "coordinates": [ 355.106498839219682, 340325.898421204648912 ] } },
{ "type": "Feature", "properties": { "Hofname": "Hugo-Breitner-Hof", "clean_address": "1140 Wien, Linzer Straße", "Wohnungen": 1265, "Lokale": 109, "addr_key": "1140 wien, linzer straße", "distance_to_ugs": 11.662816853545118, "distance_to_ubs": 62.418311716142256, "building_id": 165, "index_right": 765, "closest_ugbs_type": "L", "distance_to_ugbs": 11.662816853545118, "within_300m": true }, "geometry": { "type": "Point", "coordinates": [ 1557.911354078396016, 342009.850461553782225 ] } },
{ "type": "Feature", "properties": { "Hofname": "Liska-Hof", "clean_address": "1140 Wien, Fünkhgasse", "Wohnungen": 67, "Lokale": 0, "addr_key": "1140 wien, fünkhgasse", "distance_to_ugs": 282.01694790507133, "distance_to_ubs": 543.6243367387026, "building_id": 166, "index_right": 606, "closest_ugbs_type": "L", "distance_to_ugbs": 282.01694790507133, "within_300m": true }, "geometry": { "type": "Point", "coordinates": [ -2882.465487905363261, 339633.928664551116526 ] } },
{ "type": "Feature", "properties": { "Hofname": "Dr.-Josef-Bayer-Hof", "clean_address": "1140 Wien, Märzstraße", "Wohnungen": 134, "Lokale": 0, "addr_key": "1140 wien, märzstraße", "distance_to_ugs": 75.281619191487337, "distance_to_ubs": 914.18212812815659, "building_id": 167, "index_right": 484, "closest_ugbs_type": "L", "distance_to_ugbs": 75.281619191487337, "within_300m": true }, "geometry": { "type": "Point", "coordinates": [ 334.070336770704046, 340232.605862164869905 ] } },
{ "type": "Feature", "properties": { "Hofname": "Lützow-Hof", "clean_address": "1140 Wien, Linzer Straße", "Wohnungen": 171, "Lokale": 10, "addr_key": "1140 wien, linzer straße", "distance_to_ugs": 11.662816853545118, "distance_to_ubs": 62.418311716142256, "building_id": 168, "index_right": 765, "closest_ugbs_type": "L", "distance_to_ugbs": 11.662816853545118, "within_300m": true }, "geometry": { "type": "Point", "coordinates": [ 1557.911354078396016, 342009.850461553782225 ] } },
{ "type": "Feature", "properties": { "Hofname": "Josef-Rautmann-Hof", "clean_address": "1140 Wien, Hauptstraße", "Wohnungen": 20, "Lokale": 0, "addr_key": "1140 wien, hauptstraße", "distance_to_ugs": 57.081256860465579, "distance_to_ubs": 71.454363202098335, "building_id": 169, "index_right": 651, "closest_ugbs_type": "L", "distance_to_ugbs": 57.081256860465579, "within_300m": true }, "geometry": { "type": "Point", "coordinates": [ -8390.655587645052947, 341259.208958493662067 ] } },
{ "type": "Feature", "properties": { "Hofname": "Anton-Figl-Hof", "clean_address": "1140 Wien, Hernstorferstraße", "Wohnungen": 382, "Lokale": 26, "addr_key": "1140 wien, hernstorferstraße", "distance_to_ugs": 131.433787605806, "distance_to_ubs": 431.71613073984651, "building_id": 170, "index_right": 399, "closest_ugbs_type": "L", "distance_to_ugbs": 131.433787605806, "within_300m": true }, "geometry": { "type": "Point", "coordinates": [ -3312.419618857212299, 339620.47377762850374 ] } },
{ "type": "Feature", "properties": { "Hofname": "Forstnerhof", "clean_address": "1150 Wien, Alliogasse", "Wohnungen": 134, "Lokale": 31, "addr_key": "1150 wien, alliogasse", "distance_to_ugs": 24.181168809528771, "distance_to_ubs": 565.25685573603948, "building_id": 171, "index_right": 493, "closest_ugbs_type": "L", "distance_to_ugbs": 24.181168809528771, "within_300m": true }, "geometry": { "type": "Point", "coordinates": [ -293.046748569075191, 340418.476003932766616 ] } },
{ "type": "Feature", "properties": { "Hofname": "Heimhof", "clean_address": "1150 Wien, Pilgerimgasse", "Wohnungen": 171, "Lokale": 36, "addr_key": "1150 wien, pilgerimgasse", "distance_to_ugs": 89.344090308395678, "distance_to_ubs": 258.95388322260868, "building_id": 172, "index_right": 490, "closest_ugbs_type": "L", "distance_to_ugbs": 89.344090308395678, "within_300m": true }, "geometry": { "type": "Point", "coordinates": [ -620.494075086201406, 340139.943035727366805 ] } },
{ "type": "Feature", "properties": { "Hofname": "Ebert-Hof", "clean_address": "1150 Wien, Hütteldorfer Straße", "Wohnungen": 179, "Lokale": 12, "addr_key": "1150 wien, hütteldorfer straße", "distance_to_ugs": 34.717994313901059, "distance_to_ubs": 971.16068076122531, "building_id": 173, "index_right": 487, "closest_ugbs_type": "L", "distance_to_ugbs": 34.717994313901059, "within_300m": true }, "geometry": { "type": "Point", "coordinates": [ 355.106498839219682, 340325.898421204648912 ] } },
{ "type": "Feature", "properties": { "Hofname": "Johann-Witzmann-Hof", "clean_address": "1150 Wien, Reuenthalgasse", "Wohnungen": 186, "Lokale": 13, "addr_key": "1150 wien, reuenthalgasse", "distance_to_ugs": 37.320325881913988, "distance_to_ubs": 753.62247438069369, "building_id": 174, "index_right": 701, "closest_ugbs_type": "L", "distance_to_ugbs": 37.320325881913988, "within_300m": true }, "geometry": { "type": "Point", "coordinates": [ -68.025858087682963, 340504.232834421098232 ] } },
{ "type": "Feature", "properties": { "Hofname": "Vogelweidhof", "clean_address": "1150 Wien, Wurzbachgasse", "Wohnungen": 110, "Lokale": 13, "addr_key": "1150 wien, wurzbachgasse", "distance_to_ugs": 119.51770519739092, "distance_to_ubs": 1048.2368981644681, "building_id": 175, "index_right": 700, "closest_ugbs_type": "L", "distance_to_ugbs": 119.51770519739092, "within_300m": true }, "geometry": { "type": "Point", "coordinates": [ 261.639551924536363, 340600.504838780499995 ] } },
{ "type": "Feature", "properties": { "Hofname": "Paula-Mistinger-Mraz-Hof", "clean_address": "1150 Wien, Fünfhausgasse", "Wohnungen": 19, "Lokale": 1, "addr_key": "1150 wien, fünfhausgasse", "distance_to_ugs": 119.66892997422939, "distance_to_ubs": 235.56816103319025, "building_id": 176, "index_right": 420, "closest_ugbs_type": "L", "distance_to_ugbs": 119.66892997422939, "within_300m": true }, "geometry": { "type": "Point", "coordinates": [ 237.412898096038248, 338978.430825438350439 ] } },
{ "type": "Feature", "properties": { "Hofname": "Grassingerhof", "clean_address": "1150 Wien, Brunhildengasse", "Wohnungen": 117, "Lokale": 0, "addr_key": "1150 wien, brunhildengasse", "distance_to_ugs": 170.19586946173578, "distance_to_ubs": 748.89446819093837, "building_id": 177, "index_right": 495, "closest_ugbs_type": "L", "distance_to_ugbs": 170.19586946173578, "within_300m": true }, "geometry": { "type": "Point", "coordinates": [ -423.793577131133759, 340643.304617163725197 ] } },
{ "type": "Feature", "properties": { "Hofname": "Käthe-Königstetter-Hof", "clean_address": "1150 Wien, Tautenhayngasse", "Wohnungen": 130, "Lokale": 1, "addr_key": "1150 wien, tautenhayngasse", "distance_to_ugs": 25.307896905879296, "distance_to_ubs": 483.11009635823103, "building_id": 178, "index_right": 491, "closest_ugbs_type": "L", "distance_to_ugbs": 25.307896905879296, "within_300m": true }, "geometry": { "type": "Point", "coordinates": [ -1146.610991404418883, 340278.211211152374744 ] } },
{ "type": "Feature", "properties": { "Hofname": "Skarethof", "clean_address": "1150 Wien, Diefenbachgasse", "Wohnungen": 106, "Lokale": 9, "addr_key": "1150 wien, diefenbachgasse", "distance_to_ugs": 70.286185370785461, "distance_to_ubs": 98.579910067893408, "building_id": 179, "index_right": 404, "closest_ugbs_type": "L", "distance_to_ugbs": 70.286185370785461, "within_300m": true }, "geometry": { "type": "Point", "coordinates": [ -147.11694167197399, 338479.785076723434031 ] } },
{ "type": "Feature", "properties": { "Hofname": "Johann-Hartmann-Hof", "clean_address": "1150 Wien, Meiselstraße", "Wohnungen": 123, "Lokale": 3, "addr_key": "1150 wien, meiselstraße", "distance_to_ugs": 41.664260100947068, "distance_to_ubs": 261.97252235301806, "building_id": 180, "index_right": 468, "closest_ugbs_type": "L", "distance_to_ugbs": 41.664260100947068, "within_300m": true }, "geometry": { "type": "Point", "coordinates": [ -867.871069760725049, 339897.550329166464508 ] } },
{ "type": "Feature", "properties": { "Hofname": "Karl-Frey-Hof", "clean_address": "1150 Wien, Hütteldorfer Straße", "Wohnungen": 235, "Lokale": 21, "addr_key": "1150 wien, hütteldorfer straße", "distance_to_ugs": 34.717994313901059, "distance_to_ubs": 971.16068076122531, "building_id": 181, "index_right": 487, "closest_ugbs_type": "L", "distance_to_ugbs": 34.717994313901059, "within_300m": true }, "geometry": { "type": "Point", "coordinates": [ 355.106498839219682, 340325.898421204648912 ] } },
{ "type": "Feature", "properties": { "Hofname": "Heinrich-Hajek-Hof", "clean_address": "1150 Wien, Oeverseestraße", "Wohnungen": 250, "Lokale": 13, "addr_key": "1150 wien, oeverseestraße", "distance_to_ugs": 115.81072278646263, "distance_to_ubs": 509.27741716414408, "building_id": 182, "index_right": 491, "closest_ugbs_type": "L", "distance_to_ugbs": 115.81072278646263, "within_300m": true }, "geometry": { "type": "Point", "coordinates": [ -1072.853269232968614, 340379.769452897831798 ] } },
{ "type": "Feature", "properties": { "Hofname": "Schuhmeier-Hof", "clean_address": "1160 Wien, Pfenninggeldgasse", "Wohnungen": 276, "Lokale": 12, "addr_key": "1160 wien, pfenninggeldgasse", "distance_to_ugs": 136.10183912908525, "distance_to_ubs": 396.29076350347322, "building_id": 183, "index_right": 715, "closest_ugbs_type": "L", "distance_to_ugbs": 136.10183912908525, "within_300m": true }, "geometry": { "type": "Point", "coordinates": [ -1420.111215116090762, 341042.242425413045567 ] } },
{ "type": "Feature", "properties": { "Hofname": "Wohnhausanlage Sandleiten", "clean_address": "1160 Wien, Sandleitengasse", "Wohnungen": 1513, "Lokale": 148, "addr_key": "1160 wien, sandleitengasse", "distance_to_ugs": 194.67016414827481, "distance_to_ubs": 932.14297474156047, "building_id": 184, "index_right": 759, "closest_ugbs_type": "L", "distance_to_ugbs": 194.67016414827481, "within_300m": true }, "geometry": { "type": "Point", "coordinates": [ -1806.583166950487566, 342196.795286565087736 ] } },
{ "type": "Feature", "properties": { "Hofname": "Dr.-Friedrich-Becke-Hof", "clean_address": "1160 Wien, Thalhaimergasse", "Wohnungen": 199, "Lokale": 14, "addr_key": "1160 wien, thalhaimergasse", "distance_to_ugs": 95.997295803326935, "distance_to_ubs": 933.82377616107465, "building_id": 185, "index_right": 499, "closest_ugbs_type": "L", "distance_to_ugbs": 95.997295803326935, "within_300m": true }, "geometry": { "type": "Point", "coordinates": [ -843.778796009598636, 341304.526584811508656 ] } },
{ "type": "Feature", "properties": { "Hofname": "Davidhof", "clean_address": "1160 Wien, Effingergasse", "Wohnungen": 239, "Lokale": 5, "addr_key": "1160 wien, effingergasse", "distance_to_ugs": 126.90683644421306, "distance_to_ubs": 1138.6574205950269, "building_id": 186, "index_right": 786, "closest_ugbs_type": "L", "distance_to_ugbs": 126.90683644421306, "within_300m": true }, "geometry": { "type": "Point", "coordinates": [ -909.697823907937732, 342205.931268138810992 ] } },
{ "type": "Feature", "properties": { "Hofname": "Karl-Volkert-Hof", "clean_address": "1160 Wien, Thaliastraße", "Wohnungen": 228, "Lokale": 10, "addr_key": "1160 wien, thaliastraße", "distance_to_ugs": 111.97532563697597, "distance_to_ubs": 1476.7054000745516, "building_id": 187, "index_right": 731, "closest_ugbs_type": "L", "distance_to_ugbs": 111.97532563697597, "within_300m": true }, "geometry": { "type": "Point", "coordinates": [ 229.735885918744373, 341173.203045382164419 ] } },
{ "type": "Feature", "properties": { "Hofname": "Severhof", "clean_address": "1160 Wien, Maroltingergasse", "Wohnungen": 83, "Lokale": 6, "addr_key": "1160 wien, maroltingergasse", "distance_to_ugs": 235.05265356580901, "distance_to_ubs": 882.95254458136606, "building_id": 188, "index_right": 751, "closest_ugbs_type": "L", "distance_to_ugbs": 235.05265356580901, "within_300m": true }, "geometry": { "type": "Point", "coordinates": [ -1972.887769920758046, 341417.537576948292553 ] } },
{ "type": "Feature", "properties": { "Hofname": "Siegelhof", "clean_address": "1160 Wien, Redtenbachergasse", "Wohnungen": 93, "Lokale": 3, "addr_key": "1160 wien, redtenbachergasse", "distance_to_ugs": 171.61149151024441, "distance_to_ubs": 1060.7777291445507, "building_id": 189, "index_right": 752, "closest_ugbs_type": "L", "distance_to_ugbs": 171.61149151024441, "within_300m": true }, "geometry": { "type": "Point", "coordinates": [ -1303.105914396972366, 341697.088291118852794 ] } },
{ "type": "Feature", "properties": { "Hofname": "Adelheid-Popp-Hof", "clean_address": "1160 Wien, Possingergasse", "Wohnungen": 235, "Lokale": 7, "addr_key": "1160 wien, possingergasse", "distance_to_ugs": 55.704662631575033, "distance_to_ubs": 348.8584983360924, "building_id": 190, "index_right": 496, "closest_ugbs_type": "L", "distance_to_ugbs": 55.704662631575033, "within_300m": true }, "geometry": { "type": "Point", "coordinates": [ -1174.868942669592116, 340583.781647522002459 ] } },
{ "type": "Feature", "properties": { "Hofname": "Austerlitz-Hof", "clean_address": "1160 Wien, Lorenz-Mandl-Gasse", "Wohnungen": 129, "Lokale": 0, "addr_key": "1160 wien, lorenz-mandl-gasse", "distance_to_ugs": 63.758012690015128, "distance_to_ubs": 496.31081740528543, "building_id": 191, "index_right": 714, "closest_ugbs_type": "L", "distance_to_ugbs": 63.758012690015128, "within_300m": true }, "geometry": { "type": "Point", "coordinates": [ -1924.322202398514037, 340951.222630466334522 ] } },
{ "type": "Feature", "properties": { "Hofname": "Franz-Novy-Hof", "clean_address": "1160 Wien, Koppstraße", "Wohnungen": 793, "Lokale": 25, "addr_key": "1160 wien, koppstraße", "distance_to_ugs": 253.93670315784163, "distance_to_ubs": 1145.7252936136088, "building_id": 192, "index_right": 731, "closest_ugbs_type": "L", "distance_to_ugbs": 253.93670315784163, "within_300m": true }, "geometry": { "type": "Point", "coordinates": [ -161.341204285700485, 340988.782103830948472 ] } },
{ "type": "Feature", "properties": { "Hofname": "Fleminghof", "clean_address": "1160 Wien, Josef-Weinheber Platz", "Wohnungen": 525, "Lokale": 30, "addr_key": "1160 wien, josef-weinheber platz", "distance_to_ugs": 31.798585012258958, "distance_to_ubs": 34.092330804100889, "building_id": 193, "index_right": 81, "closest_ugbs_type": "L", "distance_to_ugbs": 31.798585012258958, "within_300m": true }, "geometry": { "type": "Point", "coordinates": [ -1635.804760543446037, 334449.698377444408834 ] } },
{ "type": "Feature", "properties": { "Hofname": "Berliner Hof", "clean_address": "1160 Wien, Koppstraße", "Wohnungen": 247, "Lokale": 15, "addr_key": "1160 wien, koppstraße", "distance_to_ugs": 253.93670315784163, "distance_to_ubs": 1145.7252936136088, "building_id": 194, "index_right": 731, "closest_ugbs_type": "L", "distance_to_ugbs": 253.93670315784163, "within_300m": true }, "geometry": { "type": "Point", "coordinates": [ -161.341204285700485, 340988.782103830948472 ] } },
{ "type": "Feature", "properties": { "Hofname": "Wiedenhoferhof", "clean_address": "1170 Wien, Zeillergasse", "Wohnungen": 241, "Lokale": 38, "addr_key": "1170 wien, zeillergasse", "distance_to_ugs": 62.968113516461045, "distance_to_ubs": 429.41349101898487, "building_id": 195, "index_right": 820, "closest_ugbs_type": "L", "distance_to_ugbs": 62.968113516461045, "within_300m": true }, "geometry": { "type": "Point", "coordinates": [ -1386.62858334654743, 342737.853805597871542 ] } },
{ "type": "Feature", "properties": { "Hofname": "Türkenritthof", "clean_address": "1170 Wien, Hernalser Hauptstraße", "Wohnungen": 77, "Lokale": 20, "addr_key": "1170 wien, hernalser hauptstraße", "distance_to_ugs": 104.04035207867261, "distance_to_ubs": 893.42580722303035, "building_id": 196, "index_right": 777, "closest_ugbs_type": "L", "distance_to_ugbs": 104.04035207867261, "within_300m": true }, "geometry": { "type": "Point", "coordinates": [ 602.195436247251337, 342005.417531204759143 ] } },
{ "type": "Feature", "properties": { "Hofname": "Holyhof", "clean_address": "1170 Wien, Gräffergasse", "Wohnungen": 103, "Lokale": 3, "addr_key": "1170 wien, gräffergasse", "distance_to_ugs": 54.442431085862033, "distance_to_ubs": 461.81289682580604, "building_id": 197, "index_right": 820, "closest_ugbs_type": "L", "distance_to_ugbs": 54.442431085862033, "within_300m": true }, "geometry": { "type": "Point", "coordinates": [ -1239.818568727764386, 342825.111730406992137 ] } },
{ "type": "Feature", "properties": { "Hofname": "Eiflerhof", "clean_address": "1170 Wien, Hernalser Hauptstraße", "Wohnungen": 183, "Lokale": 9, "addr_key": "1170 wien, hernalser hauptstraße", "distance_to_ugs": 104.04035207867261, "distance_to_ubs": 893.42580722303035, "building_id": 198, "index_right": 777, "closest_ugbs_type": "L", "distance_to_ugbs": 104.04035207867261, "within_300m": true }, "geometry": { "type": "Point", "coordinates": [ 602.195436247251337, 342005.417531204759143 ] } },
{ "type": "Feature", "properties": { "Hofname": "Wohnhausanlage Freiheitssiedlung", "clean_address": "1170 Wien, Steinmüllergasse", "Wohnungen": 125, "Lokale": 6, "addr_key": "1170 wien, steinmüllergasse", "distance_to_ugs": 3.5438489108211066, "distance_to_ubs": 666.32056417258468, "building_id": 199, "index_right": 819, "closest_ugbs_type": "L", "distance_to_ugbs": 3.5438489108211066, "within_300m": true }, "geometry": { "type": "Point", "coordinates": [ -2313.737284480628659, 342782.613880209624767 ] } },
{ "type": "Feature", "properties": { "Hofname": "Karl-Panek-Hof", "clean_address": "1170 Wien, Neuwaldegger Straße", "Wohnungen": 116, "Lokale": 10, "addr_key": "1170 wien, neuwaldegger straße", "distance_to_ugs": 216.06226913580485, "distance_to_ubs": 215.60902034745385, "building_id": 200, "index_right": 2808, "closest_ugbs_type": "B", "distance_to_ugbs": 215.60902034745385, "within_300m": true }, "geometry": { "type": "Point", "coordinates": [ -3084.176334924534331, 344137.788708116859198 ] } },
{ "type": "Feature", "properties": { "Hofname": "Pfannenstielhof", "clean_address": "1180 Wien, Kreuzgasse", "Wohnungen": 176, "Lokale": 17, "addr_key": "1180 wien, kreuzgasse", "distance_to_ugs": 235.5604777859366, "distance_to_ubs": 888.96455043624644, "building_id": 201, "index_right": 893, "closest_ugbs_type": "L", "distance_to_ugbs": 235.5604777859366, "within_300m": true }, "geometry": { "type": "Point", "coordinates": [ -57.205280045829937, 343103.34863899089396 ] } },
{ "type": "Feature", "properties": { "Hofname": "Lindenhof", "clean_address": "1180 Wien, Kreuzgasse", "Wohnungen": 306, "Lokale": 34, "addr_key": "1180 wien, kreuzgasse", "distance_to_ugs": 235.5604777859366, "distance_to_ubs": 888.96455043624644, "building_id": 202, "index_right": 893, "closest_ugbs_type": "L", "distance_to_ugbs": 235.5604777859366, "within_300m": true }, "geometry": { "type": "Point", "coordinates": [ -57.205280045829937, 343103.34863899089396 ] } },
{ "type": "Feature", "properties": { "Hofname": "Toeplerhof", "clean_address": "1180 Wien, Währinger Straße", "Wohnungen": 64, "Lokale": 8, "addr_key": "1180 wien, währinger straße", "distance_to_ugs": 140.40911382366826, "distance_to_ubs": 323.38802535088792, "building_id": 203, "index_right": 763, "closest_ugbs_type": "L", "distance_to_ugbs": 140.40911382366826, "within_300m": true }, "geometry": { "type": "Point", "coordinates": [ 2009.701289052778293, 342119.295076690614223 ] } },
{ "type": "Feature", "properties": { "Hofname": "Ernst-Karl-Winter-Hof", "clean_address": "1180 Wien, Thimiggasse", "Wohnungen": 163, "Lokale": 15, "addr_key": "1180 wien, thimiggasse", "distance_to_ugs": 308.83855879948527, "distance_to_ubs": 604.087184235824, "building_id": 204, "index_right": 903, "closest_ugbs_type": "L", "distance_to_ugbs": 308.83855879948527, "within_300m": false }, "geometry": { "type": "Point", "coordinates": [ -614.404297927275707, 343641.406533912755549 ] } },
{ "type": "Feature", "properties": { "Hofname": "Klosehof", "clean_address": "1190 Wien, Philippovichgasse", "Wohnungen": 143, "Lokale": 28, "addr_key": "1190 wien, philippovichgasse", "distance_to_ugs": 46.278957894205753, "distance_to_ubs": 570.57528408537792, "building_id": 205, "index_right": 912, "closest_ugbs_type": "L", "distance_to_ugbs": 46.278957894205753, "within_300m": true }, "geometry": { "type": "Point", "coordinates": [ 1432.083526401929475, 343889.505399917135946 ] } },
{ "type": "Feature", "properties": { "Hofname": "Karl-Mark-Hof", "clean_address": "1190 Wien, Obkirchergasse", "Wohnungen": 279, "Lokale": 16, "addr_key": "1190 wien, obkirchergasse", "distance_to_ugs": 223.15515264571303, "distance_to_ubs": 832.00855786778095, "building_id": 206, "index_right": 937, "closest_ugbs_type": "L", "distance_to_ugbs": 223.15515264571303, "within_300m": true }, "geometry": { "type": "Point", "coordinates": [ 725.980820658615471, 344936.354186292737722 ] } },
{ "type": "Feature", "properties": { "Hofname": "Professor-Jodl-Hof", "clean_address": "1190 Wien, Döblinger Gürtel", "Wohnungen": 227, "Lokale": 19, "addr_key": "1190 wien, döblinger gürtel", "distance_to_ugs": 174.02235755144849, "distance_to_ubs": 481.93232053859259, "building_id": 207, "index_right": 914, "closest_ugbs_type": "L", "distance_to_ugbs": 174.02235755144849, "within_300m": true }, "geometry": { "type": "Point", "coordinates": [ 1677.788695156418726, 344024.268587893806398 ] } },
{ "type": "Feature", "properties": { "Hofname": "Pestalozzi-Hof", "clean_address": "1190 Wien, Philippovichgasse", "Wohnungen": 126, "Lokale": 7, "addr_key": "1190 wien, philippovichgasse", "distance_to_ugs": 46.278957894205753, "distance_to_ubs": 570.57528408537792, "building_id": 208, "index_right": 912, "closest_ugbs_type": "L", "distance_to_ugbs": 46.278957894205753, "within_300m": true }, "geometry": { "type": "Point", "coordinates": [ 1432.083526401929475, 343889.505399917135946 ] } },
{ "type": "Feature", "properties": { "Hofname": "Svobodahof", "clean_address": "1190 Wien, Heiligenstädter Straße", "Wohnungen": 56, "Lokale": 1, "addr_key": "1190 wien, heiligenstädter straße", "distance_to_ugs": 24.819517170806559, "distance_to_ubs": 434.19575403232938, "building_id": 209, "index_right": 913, "closest_ugbs_type": "L", "distance_to_ugbs": 24.819517170806559, "within_300m": true }, "geometry": { "type": "Point", "coordinates": [ 1730.519931850968987, 343807.250449839048088 ] } },
{ "type": "Feature", "properties": { "Hofname": "Karl-Marx-Hof", "clean_address": "1190 Wien, Heiligenstädter Strasse", "Wohnungen": 1271, "Lokale": 45, "addr_key": "1190 wien, heiligenstädter strasse", "distance_to_ugs": 89.519252003160403, "distance_to_ubs": 243.13351109614945, "building_id": 210, "index_right": 1520, "closest_ugbs_type": "L", "distance_to_ugbs": 89.519252003160403, "within_300m": true }, "geometry": { "type": "Point", "coordinates": [ 7657.876958159778042, 344898.688037343323231 ] } },
{ "type": "Feature", "properties": { "Hofname": "Rebec-Hof", "clean_address": "1190 Wien, Flotowgasse", "Wohnungen": 23, "Lokale": 1, "addr_key": "1190 wien, flotowgasse", "distance_to_ugs": 120.55135705168792, "distance_to_ubs": 668.35319129983111, "building_id": 211, "index_right": 930, "closest_ugbs_type": "L", "distance_to_ugbs": 120.55135705168792, "within_300m": true }, "geometry": { "type": "Point", "coordinates": [ 520.658460597084286, 344858.77242970187217 ] } },
{ "type": "Feature", "properties": { "Hofname": "Dittes-Hof", "clean_address": "1190 Wien, Heiligenstädter Straße", "Wohnungen": 280, "Lokale": 31, "addr_key": "1190 wien, heiligenstädter straße", "distance_to_ugs": 24.819517170806559, "distance_to_ubs": 434.19575403232938, "building_id": 212, "index_right": 913, "closest_ugbs_type": "L", "distance_to_ugbs": 24.819517170806559, "within_300m": true }, "geometry": { "type": "Point", "coordinates": [ 1730.519931850968987, 343807.250449839048088 ] } },
{ "type": "Feature", "properties": { "Hofname": "Julius-Deutsch-Hof", "clean_address": "1190 Wien, Grinzinger Allee", "Wohnungen": 210, "Lokale": 5, "addr_key": "1190 wien, grinzinger allee", "distance_to_ugs": 236.73631514528992, "distance_to_ubs": 875.04839438785848, "building_id": 213, "index_right": 932, "closest_ugbs_type": "L", "distance_to_ugbs": 236.73631514528992, "within_300m": true }, "geometry": { "type": "Point", "coordinates": [ 779.395614052775272, 345506.791886531747878 ] } },
{ "type": "Feature", "properties": { "Hofname": "Kopenhagen-Hof", "clean_address": "1190 Wien, Schegargasse", "Wohnungen": 433, "Lokale": 50, "addr_key": "1190 wien, schegargasse", "distance_to_ugs": 140.78349695706234, "distance_to_ubs": 807.11547586547681, "building_id": 214, "index_right": 912, "closest_ugbs_type": "L", "distance_to_ugbs": 140.78349695706234, "within_300m": true }, "geometry": { "type": "Point", "coordinates": [ 1243.730645822840415, 344073.139401335269213 ] } },
{ "type": "Feature", "properties": { "Hofname": "Robert-Blum-Hof", "clean_address": "1200 Wien, Engerthstraße", "Wohnungen": 243, "Lokale": 28, "addr_key": "1200 wien, engerthstraße", "distance_to_ugs": 92.759568999518038, "distance_to_ubs": 228.19367773957705, "building_id": 215, "index_right": 1435, "closest_ugbs_type": "L", "distance_to_ugbs": 92.759568999518038, "within_300m": true }, "geometry": { "type": "Point", "coordinates": [ 4002.470007814659766, 344575.213631976803299 ] } },
{ "type": "Feature", "properties": { "Hofname": "Otto-Haas-Hof", "clean_address": "1200 Wien, Winarskystraße", "Wohnungen": 264, "Lokale": 16, "addr_key": "1200 wien, winarskystraße", "distance_to_ugs": 55.105535593696068, "distance_to_ubs": 676.15712933766679, "building_id": 216, "index_right": 1438, "closest_ugbs_type": "L", "distance_to_ugbs": 55.105535593696068, "within_300m": true }, "geometry": { "type": "Point", "coordinates": [ 3470.811709840714684, 344548.444506444968283 ] } },
{ "type": "Feature", "properties": { "Hofname": "Winarskyhof", "clean_address": "1200 Wien, Stromstraße", "Wohnungen": 559, "Lokale": 16, "addr_key": "1200 wien, stromstraße", "distance_to_ugs": 41.54246789840716, "distance_to_ubs": 594.49124950733892, "building_id": 217, "index_right": 1444, "closest_ugbs_type": "L", "distance_to_ugbs": 41.54246789840716, "within_300m": true }, "geometry": { "type": "Point", "coordinates": [ 3505.161555798724294, 344644.050816643983126 ] } },
{ "type": "Feature", "properties": { "Hofname": "Plocekhof", "clean_address": "1200 Wien, Denisgasse", "Wohnungen": 117, "Lokale": 4, "addr_key": "1200 wien, denisgasse", "distance_to_ugs": 37.990936939722218, "distance_to_ubs": 211.9966795001404, "building_id": 218, "index_right": 1428, "closest_ugbs_type": "L", "distance_to_ugbs": 37.990936939722218, "within_300m": true }, "geometry": { "type": "Point", "coordinates": [ 2417.468435488018713, 343986.244289089925587 ] } },
{ "type": "Feature", "properties": { "Hofname": "Janecek-Hof", "clean_address": "1200 Wien, Donaueschingenstraße", "Wohnungen": 725, "Lokale": 3, "addr_key": "1200 wien, donaueschingenstraße", "distance_to_ugs": 283.76132210098859, "distance_to_ubs": 832.81918074457633, "building_id": 219, "index_right": 1423, "closest_ugbs_type": "L", "distance_to_ugbs": 283.76132210098859, "within_300m": true }, "geometry": { "type": "Point", "coordinates": [ 3631.513353835438011, 344052.952476636506617 ] } },
{ "type": "Feature", "properties": { "Hofname": "Grossmannhof", "clean_address": "1200 Wien, Denisgasse", "Wohnungen": 82, "Lokale": 11, "addr_key": "1200 wien, denisgasse", "distance_to_ugs": 37.990936939722218, "distance_to_ubs": 211.9966795001404, "building_id": 220, "index_right": 1428, "closest_ugbs_type": "L", "distance_to_ugbs": 37.990936939722218, "within_300m": true }, "geometry": { "type": "Point", "coordinates": [ 2417.468435488018713, 343986.244289089925587 ] } },
{ "type": "Feature", "properties": { "Hofname": "Beerhof", "clean_address": "1200 Wien, Engerthstraße", "Wohnungen": 421, "Lokale": 13, "addr_key": "1200 wien, engerthstraße", "distance_to_ugs": 92.759568999518038, "distance_to_ubs": 228.19367773957705, "building_id": 221, "index_right": 1435, "closest_ugbs_type": "L", "distance_to_ugbs": 92.759568999518038, "within_300m": true }, "geometry": { "type": "Point", "coordinates": [ 4002.470007814659766, 344575.213631976803299 ] } },
{ "type": "Feature", "properties": { "Hofname": "Szydzina-Hof", "clean_address": "1200 Wien, Salzachstraße", "Wohnungen": 66, "Lokale": 5, "addr_key": "1200 wien, salzachstraße", "distance_to_ugs": 89.995588722230124, "distance_to_ubs": 440.81502373408267, "building_id": 222, "index_right": 1424, "closest_ugbs_type": "L", "distance_to_ugbs": 89.995588722230124, "within_300m": true }, "geometry": { "type": "Point", "coordinates": [ 3972.739081968446044, 344251.156704301014543 ] } },
{ "type": "Feature", "properties": { "Hofname": "Georg Schmiedel-Hof", "clean_address": "1200 Wien, Kluckygasse", "Wohnungen": 77, "Lokale": 10, "addr_key": "1200 wien, kluckygasse", "distance_to_ugs": 159.17258118959219, "distance_to_ubs": 321.25645839030989, "building_id": 223, "index_right": 1411, "closest_ugbs_type": "L", "distance_to_ugbs": 159.17258118959219, "within_300m": true }, "geometry": { "type": "Point", "coordinates": [ 2743.951709309423677, 343435.780020751059055 ] } },
{ "type": "Feature", "properties": { "Hofname": "Pokornyhof", "clean_address": "1200 Wien, Leipziger Straße", "Wohnungen": 116, "Lokale": 4, "addr_key": "1200 wien, leipziger straße", "distance_to_ugs": 83.424856565603577, "distance_to_ubs": 932.7770556475682, "building_id": 224, "index_right": 1432, "closest_ugbs_type": "L", "distance_to_ugbs": 83.424856565603577, "within_300m": true }, "geometry": { "type": "Point", "coordinates": [ 3179.460334853528366, 344093.270317111164331 ] } },
{ "type": "Feature", "properties": { "Hofname": "Gerlhof", "clean_address": "1200 Wien, Stromstraße", "Wohnungen": 357, "Lokale": 18, "addr_key": "1200 wien, stromstraße", "distance_to_ugs": 41.54246789840716, "distance_to_ubs": 594.49124950733892, "building_id": 225, "index_right": 1444, "closest_ugbs_type": "L", "distance_to_ugbs": 41.54246789840716, "within_300m": true }, "geometry": { "type": "Point", "coordinates": [ 3505.161555798724294, 344644.050816643983126 ] } },
{ "type": "Feature", "properties": { "Hofname": "Karl-Michal-Hof", "clean_address": "1200 Wien, Brigittaplatz", "Wohnungen": 145, "Lokale": 11, "addr_key": "1200 wien, brigittaplatz", "distance_to_ugs": 35.406643730027042, "distance_to_ubs": 718.86211146770927, "building_id": 226, "index_right": 1425, "closest_ugbs_type": "L", "distance_to_ugbs": 35.406643730027042, "within_300m": true }, "geometry": { "type": "Point", "coordinates": [ 2958.257763000960495, 343857.728834542445838 ] } },
{ "type": "Feature", "properties": { "Hofname": "Otto-Gratzl-Hof", "clean_address": "1200 Wien, Engerthstraße", "Wohnungen": 351, "Lokale": 10, "addr_key": "1200 wien, engerthstraße", "distance_to_ugs": 92.759568999518038, "distance_to_ubs": 228.19367773957705, "building_id": 227, "index_right": 1435, "closest_ugbs_type": "L", "distance_to_ugbs": 92.759568999518038, "within_300m": true }, "geometry": { "type": "Point", "coordinates": [ 4002.470007814659766, 344575.213631976803299 ] } },
{ "type": "Feature", "properties": { "Hofname": "Franz-Bretschneider-Hof", "clean_address": "1210 Wien, Mitterhofergasse", "Wohnungen": 91, "Lokale": 16, "addr_key": "1210 wien, mitterhofergasse", "distance_to_ugs": 164.01398537491252, "distance_to_ubs": 458.55495487347781, "building_id": 228, "index_right": 1774, "closest_ugbs_type": "L", "distance_to_ugbs": 164.01398537491252, "within_300m": true }, "geometry": { "type": "Point", "coordinates": [ 5174.732173848911771, 348870.023747331462801 ] } },
{ "type": "Feature", "properties": { "Hofname": "Schlinger-Hof", "clean_address": "1210 Wien, Brünner Straße", "Wohnungen": 397, "Lokale": 52, "addr_key": "1210 wien, brünner straße", "distance_to_ugs": 347.46997262090673, "distance_to_ubs": 249.36179388332741, "building_id": 229, "index_right": 2317, "closest_ugbs_type": "B", "distance_to_ugbs": 249.36179388332741, "within_300m": true }, "geometry": { "type": "Point", "coordinates": [ 5266.867047336570977, 347523.995552780106664 ] } },
{ "type": "Feature", "properties": { "Hofname": "Bieler Hof", "clean_address": "1210 Wien, Kinzerplatz", "Wohnungen": 96, "Lokale": 10, "addr_key": "1210 wien, kinzerplatz", "distance_to_ugs": 29.963887786261306, "distance_to_ubs": 480.19992430975947, "building_id": 230, "index_right": 1556, "closest_ugbs_type": "L", "distance_to_ugbs": 29.963887786261306, "within_300m": true }, "geometry": { "type": "Point", "coordinates": [ 5643.050212254066537, 346174.906087779439986 ] } },
{ "type": "Feature", "properties": { "Hofname": "Karl-Seitz-Hof", "clean_address": "1210 Wien, Jedleseer Straße", "Wohnungen": 1128, "Lokale": 64, "addr_key": "1210 wien, jedleseer straße", "distance_to_ugs": 28.627016294608225, "distance_to_ubs": 552.88464534487537, "building_id": 231, "index_right": 1473, "closest_ugbs_type": "L", "distance_to_ugbs": 28.627016294608225, "within_300m": true }, "geometry": { "type": "Point", "coordinates": [ 4202.964110540072397, 346944.681142004206777 ] } },
{ "type": "Feature", "properties": { "Hofname": "Appel-Hof", "clean_address": "1210 Wien, Prager Straße", "Wohnungen": 159, "Lokale": 10, "addr_key": "1210 wien, prager straße", "distance_to_ugs": 11.662816853545118, "distance_to_ubs": 62.418311716142256, "building_id": 232, "index_right": 765, "closest_ugbs_type": "L", "distance_to_ugbs": 11.662816853545118, "within_300m": true }, "geometry": { "type": "Point", "coordinates": [ 1557.911354078396016, 342009.850461553782225 ] } },
{ "type": "Feature", "properties": { "Hofname": "Paul-Speiser-Hof", "clean_address": "1210 Wien, Freytaggasse", "Wohnungen": 460, "Lokale": 13, "addr_key": "1210 wien, freytaggasse", "distance_to_ugs": 107.49513446061492, "distance_to_ubs": 567.11464366145537, "building_id": 233, "index_right": 1559, "closest_ugbs_type": "L", "distance_to_ugbs": 107.49513446061492, "within_300m": true }, "geometry": { "type": "Point", "coordinates": [ 5227.424640349903711, 346388.461306537501514 ] } },
{ "type": "Feature", "properties": { "Hofname": "Dag-Hammerskjöld-Hof", "clean_address": "1210 Wien, An der oberen alten Donau", "Wohnungen": 390, "Lokale": 13, "addr_key": "1210 wien, an der oberen alten donau", "distance_to_ugs": 21.865031458829865, "distance_to_ubs": 152.51272478104349, "building_id": 234, "index_right": 1468, "closest_ugbs_type": "L", "distance_to_ugbs": 21.865031458829865, "within_300m": true }, "geometry": { "type": "Point", "coordinates": [ 4656.808220230712323, 346101.667174921371043 ] } },
{ "type": "Feature", "properties": { "Hofname": "Schüttauhof", "clean_address": "1220 Wien, Schiffmühlenstraße", "Wohnungen": 271, "Lokale": 13, "addr_key": "1220 wien, schiffmühlenstraße", "distance_to_ugs": 95.749946367189423, "distance_to_ubs": 200.55094429441118, "building_id": 235, "index_right": 1271, "closest_ugbs_type": "U", "distance_to_ugbs": 95.749946367189423, "within_300m": true }, "geometry": { "type": "Point", "coordinates": [ 6608.446979083589213, 343124.551450802944601 ] } },
{ "type": "Feature", "properties": { "Hofname": "Goethehof", "clean_address": "1220 Wien, Schüttaustraße", "Wohnungen": 784, "Lokale": 29, "addr_key": "1220 wien, schüttaustraße", "distance_to_ugs": 135.10238152377087, "distance_to_ubs": 89.670766441536088, "building_id": 236, "index_right": 2288, "closest_ugbs_type": "B", "distance_to_ugbs": 89.670766441536088, "within_300m": true }, "geometry": { "type": "Point", "coordinates": [ 6935.522078233933826, 342909.125648068264127 ] } },
{ "type": "Feature", "properties": { "Hofname": "Alois Glauer Hof", "clean_address": "1230 Wien, Erlaaer Straße", "Wohnungen": 118, "Lokale": 7, "addr_key": "1230 wien, erlaaer straße", "distance_to_ugs": 77.532762144586172, "distance_to_ubs": 236.43547479668572, "building_id": 237, "index_right": 82, "closest_ugbs_type": "R", "distance_to_ugbs": 77.532762144586172, "within_300m": true }, "geometry": { "type": "Point", "coordinates": [ -2231.264800250287863, 334335.211895482614636 ] } },
{ "type": "Feature", "properties": { "Hofname": "Wilhelm Hartl-Hof", "clean_address": "1230 Wien, Breitenfurter Straße", "Wohnungen": 54, "Lokale": 9, "addr_key": "1230 wien, breitenfurter straße", "distance_to_ugs": 32.0549481640697, "distance_to_ubs": 724.22921566076695, "building_id": 238, "index_right": 272, "closest_ugbs_type": "L", "distance_to_ugbs": 32.0549481640697, "within_300m": true }, "geometry": { "type": "Point", "coordinates": [ -149.803251042845602, 337187.473578039789572 ] } },
{ "type": "Feature", "properties": { "Hofname": "Franz-Kinkor-Hof", "clean_address": "1150 Wien, Johnstraße", "Wohnungen": 43, "Lokale": 4, "addr_key": "1150 wien, johnstraße", "distance_to_ugs": 179.79529864447522, "distance_to_ubs": 423.76184898604765, "building_id": 239, "index_right": 465, "closest_ugbs_type": "L", "distance_to_ugbs": 179.79529864447522, "within_300m": true }, "geometry": { "type": "Point", "coordinates": [ -999.892877619259366, 340031.140370261855423 ] } },
{ "type": "Feature", "properties": { "Hofname": "Karl-Holoubek-Hof", "clean_address": "1150 Wien, Schwendergasse", "Wohnungen": 81, "Lokale": 4, "addr_key": "1150 wien, schwendergasse", "distance_to_ugs": 37.086911990402143, "distance_to_ubs": 423.88689396369938, "building_id": 240, "index_right": 410, "closest_ugbs_type": "L", "distance_to_ugbs": 37.086911990402143, "within_300m": true }, "geometry": { "type": "Point", "coordinates": [ -850.280840153436657, 339052.323258707299829 ] } },
{ "type": "Feature", "properties": { "Hofname": "Karl-Kautsky-Hof", "clean_address": "1220 Wien, Ziegelhofstraße", "Wohnungen": 971, "Lokale": 10, "addr_key": "1220 wien, ziegelhofstraße", "distance_to_ugs": 101.94725716046811, "distance_to_ubs": 275.43028188314872, "building_id": 241, "index_right": 1578, "closest_ugbs_type": "L", "distance_to_ugbs": 101.94725716046811, "within_300m": true }, "geometry": { "type": "Point", "coordinates": [ 10833.359014834542904, 344412.328029026277363 ] } },
{ "type": "Feature", "properties": { "Hofname": "Julius-Bermann-Hof", "clean_address": "1020 Wien, Zirkusgasse", "Wohnungen": 163, "Lokale": 9, "addr_key": "1020 wien, zirkusgasse", "distance_to_ugs": 78.345088017743024, "distance_to_ubs": 238.37314371558335, "building_id": 242, "index_right": 579, "closest_ugbs_type": "L", "distance_to_ugbs": 78.345088017743024, "within_300m": true }, "geometry": { "type": "Point", "coordinates": [ 3728.12972174542665, 341766.880210720933974 ] } },
{ "type": "Feature", "properties": { "Hofname": "Robert-Uhlir-Hof", "clean_address": "1020 Wien, Engerthstraße", "Wohnungen": 550, "Lokale": 28, "addr_key": "1020 wien, engerthstraße", "distance_to_ugs": 92.759568999518038, "distance_to_ubs": 228.19367773957705, "building_id": 243, "index_right": 1435, "closest_ugbs_type": "L", "distance_to_ugbs": 92.759568999518038, "within_300m": true }, "geometry": { "type": "Point", "coordinates": [ 4002.470007814659766, 344575.213631976803299 ] } },
{ "type": "Feature", "properties": { "Hofname": "Olof Palme-Hof", "clean_address": "1100 Wien, Ada-Christen-Gasse", "Wohnungen": 404, "Lokale": 41, "addr_key": "1100 wien, ada-christen-gasse", "distance_to_ugs": 181.76076033510822, "distance_to_ubs": 213.44851410913046, "building_id": 244, "index_right": 135, "closest_ugbs_type": "L", "distance_to_ugbs": 181.76076033510822, "within_300m": true }, "geometry": { "type": "Point", "coordinates": [ 3851.392220936630565, 334802.632817818550393 ] } },
{ "type": "Feature", "properties": { "Hofname": "Franz-Graczoll-Hof", "clean_address": "1150 Wien, Flachgasse", "Wohnungen": 116, "Lokale": 3, "addr_key": "1150 wien, flachgasse", "distance_to_ugs": 247.97748940616282, "distance_to_ubs": 687.59341957803099, "building_id": 245, "index_right": 604, "closest_ugbs_type": "L", "distance_to_ugbs": 247.97748940616282, "within_300m": true }, "geometry": { "type": "Point", "coordinates": [ -1403.106128851787616, 339476.946244888007641 ] } },
{ "type": "Feature", "properties": { "Hofname": "Dr.-Gerhard-Weißenberg-Hof", "clean_address": "1150 Wien, Hofmoklgasse", "Wohnungen": 90, "Lokale": 1, "addr_key": "1150 wien, hofmoklgasse", "distance_to_ugs": 73.8952991991452, "distance_to_ubs": 84.953113268781422, "building_id": 246, "index_right": 404, "closest_ugbs_type": "L", "distance_to_ugbs": 73.8952991991452, "within_300m": true }, "geometry": { "type": "Point", "coordinates": [ -361.798715692948008, 338477.548547158017755 ] } },
{ "type": "Feature", "properties": { "Hofname": "Ernst-Papanek-Hof", "clean_address": "1150 Wien, Oelweingasse", "Wohnungen": 33, "Lokale": 1, "addr_key": "1150 wien, oelweingasse", "distance_to_ugs": 42.447800513124321, "distance_to_ubs": 561.49097604500309, "building_id": 247, "index_right": 416, "closest_ugbs_type": "L", "distance_to_ugbs": 42.447800513124321, "within_300m": true }, "geometry": { "type": "Point", "coordinates": [ -321.041116011531813, 338972.492801981978118 ] } },
{ "type": "Feature", "properties": { "Hofname": "Karl-Czernetz-Hof", "clean_address": "1150 Wien, Clementinengasse", "Wohnungen": 50, "Lokale": 6, "addr_key": "1150 wien, clementinengasse", "distance_to_ugs": 91.377814449054156, "distance_to_ubs": 570.24008154491219, "building_id": 248, "index_right": 443, "closest_ugbs_type": "L", "distance_to_ugbs": 91.377814449054156, "within_300m": true }, "geometry": { "type": "Point", "coordinates": [ 64.087140515897175, 339271.944361225701869 ] } },
{ "type": "Feature", "properties": { "Hofname": "August-Scholz-Hof", "clean_address": "1160 Wien, Panikengasse", "Wohnungen": 98, "Lokale": 4, "addr_key": "1160 wien, panikengasse", "distance_to_ugs": 79.218221337594201, "distance_to_ubs": 949.35504782123962, "building_id": 249, "index_right": 495, "closest_ugbs_type": "L", "distance_to_ugbs": 79.218221337594201, "within_300m": true }, "geometry": { "type": "Point", "coordinates": [ -551.843027241325785, 340849.491182772268075 ] } },
{ "type": "Feature", "properties": { "Hofname": "Rosa-Albach-Retty-Hof", "clean_address": "1190 Wien, Billrothstraße", "Wohnungen": 70, "Lokale": 14, "addr_key": "1190 wien, billrothstraße", "distance_to_ugs": 105.85153672970188, "distance_to_ubs": 722.99660429341441, "building_id": 250, "index_right": 912, "closest_ugbs_type": "L", "distance_to_ugbs": 105.85153672970188, "within_300m": true }, "geometry": { "type": "Point", "coordinates": [ 1373.50150941668312, 344031.472506693680771 ] } },
{ "type": "Feature", "properties": { "Hofname": "Karl-Heinz-Hof", "clean_address": "1210 Wien, Gerichtsgasse", "Wohnungen": 71, "Lokale": 2, "addr_key": "1210 wien, gerichtsgasse", "distance_to_ugs": 108.78053006036345, "distance_to_ubs": 509.93410661548995, "building_id": 251, "index_right": 1474, "closest_ugbs_type": "L", "distance_to_ugbs": 108.78053006036345, "within_300m": true }, "geometry": { "type": "Point", "coordinates": [ 4774.287338638633628, 347030.798985937144607 ] } },
{ "type": "Feature", "properties": { "Hofname": "Dr. Franz-Koch-Hof", "clean_address": "1210 Wien, Mitterhofergasse", "Wohnungen": 1426, "Lokale": 47, "addr_key": "1210 wien, mitterhofergasse", "distance_to_ugs": 164.01398537491252, "distance_to_ubs": 458.55495487347781, "building_id": 252, "index_right": 1774, "closest_ugbs_type": "L", "distance_to_ugbs": 164.01398537491252, "within_300m": true }, "geometry": { "type": "Point", "coordinates": [ 5174.732173848911771, 348870.023747331462801 ] } },
{ "type": "Feature", "properties": { "Hofname": "Alfred Klinkan-Hof", "clean_address": "1220 Wien, Donaustadtstraße", "Wohnungen": 528, "Lokale": 11, "addr_key": "1220 wien, donaustadtstraße", "distance_to_ugs": 78.497333535518479, "distance_to_ubs": 125.09258580680967, "building_id": 253, "index_right": 1481, "closest_ugbs_type": "L", "distance_to_ugbs": 78.497333535518479, "within_300m": true }, "geometry": { "type": "Point", "coordinates": [ 8365.184514932276215, 342704.710957222618163 ] } },
{ "type": "Feature", "properties": { "Hofname": "Frieda-Nödl-Hof", "clean_address": "1030 Wien, Rochusgasse", "Wohnungen": 33, "Lokale": 10, "addr_key": "1030 wien, rochusgasse", "distance_to_ugs": 40.776992373999029, "distance_to_ubs": 566.40707578974082, "building_id": 254, "index_right": 1245, "closest_ugbs_type": "L", "distance_to_ugbs": 40.776992373999029, "within_300m": true }, "geometry": { "type": "Point", "coordinates": [ 4176.494592810538052, 340310.458184102550149 ] } },
{ "type": "Feature", "properties": { "Hofname": "Leopold-Thaller-Hof", "clean_address": "1030 Wien, Baumgasse", "Wohnungen": 33, "Lokale": 4, "addr_key": "1030 wien, baumgasse", "distance_to_ugs": 131.89043348578784, "distance_to_ubs": 727.59631311603562, "building_id": 255, "index_right": 1218, "closest_ugbs_type": "L", "distance_to_ugbs": 131.89043348578784, "within_300m": true }, "geometry": { "type": "Point", "coordinates": [ 4932.291365103916178, 339694.190711117349565 ] } },
{ "type": "Feature", "properties": { "Hofname": "Josef-Bohmann-Hof", "clean_address": "1220 Wien, Oskar-Grissemann-Straße", "Wohnungen": 1329, "Lokale": 52, "addr_key": "1220 wien, oskar-grissemann-straße", "distance_to_ugs": 78.766990591337986, "distance_to_ubs": 175.54215252641768, "building_id": 256, "index_right": 1640, "closest_ugbs_type": "L", "distance_to_ugbs": 78.766990591337986, "within_300m": true }, "geometry": { "type": "Point", "coordinates": [ 8294.819314624446633, 347032.717049492523074 ] } },
{ "type": "Feature", "properties": { "Hofname": "August-Bergmann-Hof", "clean_address": "1040 Wien, Favoritenstraße", "Wohnungen": 62, "Lokale": 12, "addr_key": "1040 wien, favoritenstraße", "distance_to_ugs": 149.53442820401852, "distance_to_ubs": 615.04850622325466, "building_id": 257, "index_right": 523, "closest_ugbs_type": "L", "distance_to_ugbs": 149.53442820401852, "within_300m": true }, "geometry": { "type": "Point", "coordinates": [ 3044.366896500619987, 338880.961575265042484 ] } },
{ "type": "Feature", "properties": { "Hofname": "Otto-Limanovsky-Hof", "clean_address": "1070 Wien, Westbahnstraße", "Wohnungen": 54, "Lokale": 3, "addr_key": "1070 wien, westbahnstraße", "distance_to_ugs": 186.72346174260539, "distance_to_ubs": 737.89377661840103, "building_id": 258, "index_right": 485, "closest_ugbs_type": "L", "distance_to_ugbs": 186.72346174260539, "within_300m": true }, "geometry": { "type": "Point", "coordinates": [ 860.212885568145566, 340391.052642393857241 ] } },
{ "type": "Feature", "properties": { "Hofname": "Karl-Wrba-Hof", "clean_address": "1100 Wien, Sahulkastraße", "Wohnungen": 1045, "Lokale": 43, "addr_key": "1100 wien, sahulkastraße", "distance_to_ugs": 153.92654337047438, "distance_to_ubs": 498.98448148407266, "building_id": 259, "index_right": 247, "closest_ugbs_type": "R", "distance_to_ugbs": 153.92654337047438, "within_300m": true }, "geometry": { "type": "Point", "coordinates": [ 2194.757497755070744, 336168.221228004433215 ] } },
{ "type": "Feature", "properties": { "Hofname": "Anton-Matourek-Hof", "clean_address": "1150 Wien, Rustengasse", "Wohnungen": 35, "Lokale": 1, "addr_key": "1150 wien, rustengasse", "distance_to_ugs": 82.191524250576094, "distance_to_ubs": 664.23674349065584, "building_id": 260, "index_right": 461, "closest_ugbs_type": "L", "distance_to_ugbs": 82.191524250576094, "within_300m": true }, "geometry": { "type": "Point", "coordinates": [ -353.844397132106849, 339242.610204170458019 ] } },
{ "type": "Feature", "properties": { "Hofname": "Pablo-Neruda-Hof", "clean_address": "1180 Wien, Gersthofer Straße", "Wohnungen": 65, "Lokale": 9, "addr_key": "1180 wien, gersthofer straße", "distance_to_ugs": 247.95488982876071, "distance_to_ubs": 289.19023158337222, "building_id": 261, "index_right": 927, "closest_ugbs_type": "R", "distance_to_ugbs": 247.95488982876071, "within_300m": true }, "geometry": { "type": "Point", "coordinates": [ -254.124131442818708, 343744.327247724868357 ] } },
{ "type": "Feature", "properties": { "Hofname": "Leopold-Horacek-Hof", "clean_address": "1220 Wien, Lenkgasse", "Wohnungen": 125, "Lokale": 4, "addr_key": "1220 wien, lenkgasse", "distance_to_ugs": 73.913594282334444, "distance_to_ubs": 454.1661085901913, "building_id": 262, "index_right": 1601, "closest_ugbs_type": "L", "distance_to_ugbs": 73.913594282334444, "within_300m": true }, "geometry": { "type": "Point", "coordinates": [ 7783.137579271971845, 345259.091910058632493 ] } },
{ "type": "Feature", "properties": { "Hofname": "Franz-Ramel-Hof", "clean_address": "1040 Wien, Rainergasse", "Wohnungen": 34, "Lokale": 1, "addr_key": "1040 wien, rainergasse", "distance_to_ugs": 98.267247529576224, "distance_to_ubs": 522.15255405918174, "building_id": 263, "index_right": 522, "closest_ugbs_type": "L", "distance_to_ugbs": 98.267247529576224, "within_300m": true }, "geometry": { "type": "Point", "coordinates": [ 2452.642656801486737, 338770.069270956330001 ] } },
{ "type": "Feature", "properties": { "Hofname": "Alfred-Porges-Hof", "clean_address": "1060 Wien, Gumpendorfer Straße", "Wohnungen": 26, "Lokale": 1, "addr_key": "1060 wien, gumpendorfer straße", "distance_to_ugs": 100.28250086134237, "distance_to_ubs": 222.95498422059453, "building_id": 264, "index_right": 539, "closest_ugbs_type": "L", "distance_to_ugbs": 100.28250086134237, "within_300m": true }, "geometry": { "type": "Point", "coordinates": [ 2190.032209076577601, 340198.053104315069504 ] } },
{ "type": "Feature", "properties": { "Hofname": "Rudolf-Krammer-Hof", "clean_address": "1060 Wien, Mollardgasse", "Wohnungen": 50, "Lokale": 6, "addr_key": "1060 wien, mollardgasse", "distance_to_ugs": 138.23968138516014, "distance_to_ubs": 112.93418314109454, "building_id": 265, "index_right": 2701, "closest_ugbs_type": "B", "distance_to_ugbs": 112.93418314109454, "within_300m": true }, "geometry": { "type": "Point", "coordinates": [ 1492.722243931127878, 339283.784570736810565 ] } },
{ "type": "Feature", "properties": { "Hofname": "Ernst-Kirchweger-Hof", "clean_address": "1100 Wien, Sonnwendgasse", "Wohnungen": 20, "Lokale": 0, "addr_key": "1100 wien, sonnwendgasse", "distance_to_ugs": 239.12580679792552, "distance_to_ubs": 606.40774542898464, "building_id": 266, "index_right": 199, "closest_ugbs_type": "L", "distance_to_ugbs": 239.12580679792552, "within_300m": true }, "geometry": { "type": "Point", "coordinates": [ 3391.970370852552151, 338277.463710199343041 ] } },
{ "type": "Feature", "properties": { "Hofname": "Hermine-Fiala-Hof", "clean_address": "1100 Wien, Troststraße", "Wohnungen": 398, "Lokale": 16, "addr_key": "1100 wien, troststraße", "distance_to_ugs": 192.07488986194011, "distance_to_ubs": 1197.9233658169767, "building_id": 267, "index_right": 190, "closest_ugbs_type": "L", "distance_to_ugbs": 192.07488986194011, "within_300m": true }, "geometry": { "type": "Point", "coordinates": [ 2527.58758421914581, 336800.268445513211191 ] } },
{ "type": "Feature", "properties": { "Hofname": "Felix-Swoboda Hof", "clean_address": "1110 Wien, Mitterfeldgasse", "Wohnungen": 144, "Lokale": 3, "addr_key": "1110 wien, mitterfeldgasse", "distance_to_ugs": 189.77592873951522, "distance_to_ubs": 1179.412391403589, "building_id": 268, "index_right": 1058, "closest_ugbs_type": "L", "distance_to_ugbs": 189.77592873951522, "within_300m": true }, "geometry": { "type": "Point", "coordinates": [ 6031.423471631618668, 336231.376290159707423 ] } },
{ "type": "Feature", "properties": { "Hofname": "Dr.-Adolf-Schärf-Hof", "clean_address": "1160 Wien, Roterdstraße", "Wohnungen": 329, "Lokale": 15, "addr_key": "1160 wien, roterdstraße", "distance_to_ugs": 323.12598597737383, "distance_to_ubs": 512.69466127909743, "building_id": 269, "index_right": 821, "closest_ugbs_type": "L", "distance_to_ugbs": 323.12598597737383, "within_300m": false }, "geometry": { "type": "Point", "coordinates": [ -2583.095485121044476, 342497.394370732828975 ] } },
{ "type": "Feature", "properties": { "Hofname": "Friedrich-Holomek-Hof", "clean_address": "1180 Wien, Martinstraße", "Wohnungen": 20, "Lokale": 2, "addr_key": "1180 wien, martinstraße", "distance_to_ugs": 80.846524064175526, "distance_to_ubs": 978.66444188229559, "building_id": 270, "index_right": 887, "closest_ugbs_type": "L", "distance_to_ugbs": 80.846524064175526, "within_300m": true }, "geometry": { "type": "Point", "coordinates": [ 657.198549110592126, 342523.966522683389485 ] } },
{ "type": "Feature", "properties": { "Hofname": "Federico-Garcia-Lorca-Hof", "clean_address": "1210 Wien, Schliemanngasse", "Wohnungen": 40, "Lokale": 0, "addr_key": "1210 wien, schliemanngasse", "distance_to_ugs": 129.55752855672625, "distance_to_ubs": 486.57564945276931, "building_id": 271, "index_right": 1560, "closest_ugbs_type": "L", "distance_to_ugbs": 129.55752855672625, "within_300m": true }, "geometry": { "type": "Point", "coordinates": [ 5436.909958948295753, 346246.593559706583619 ] } },
{ "type": "Feature", "properties": { "Hofname": "Hedwig-Lehnert-Hof", "clean_address": "1210 Wien, Prager Straße", "Wohnungen": 183, "Lokale": 11, "addr_key": "1210 wien, prager straße", "distance_to_ugs": 11.662816853545118, "distance_to_ubs": 62.418311716142256, "building_id": 272, "index_right": 765, "closest_ugbs_type": "L", "distance_to_ugbs": 11.662816853545118, "within_300m": true }, "geometry": { "type": "Point", "coordinates": [ 1557.911354078396016, 342009.850461553782225 ] } },
{ "type": "Feature", "properties": { "Hofname": "Stella-Klein-Löw-Hof", "clean_address": "1020 Wien, Taborstraße", "Wohnungen": 50, "Lokale": 2, "addr_key": "1020 wien, taborstraße", "distance_to_ugs": 149.14468780556044, "distance_to_ubs": 616.42250435404139, "building_id": 273, "index_right": 1384, "closest_ugbs_type": "R", "distance_to_ugbs": 149.14468780556044, "within_300m": true }, "geometry": { "type": "Point", "coordinates": [ 3657.444267939695237, 342265.06995839625597 ] } },
{ "type": "Feature", "properties": { "Hofname": "Karl-Waldbrunner-Hof", "clean_address": "1030 Wien, Lechnerstraße", "Wohnungen": 512, "Lokale": 6, "addr_key": "1030 wien, lechnerstraße", "distance_to_ugs": 73.478019110243977, "distance_to_ubs": 107.46792653826535, "building_id": 274, "index_right": 1233, "closest_ugbs_type": "R", "distance_to_ugbs": 73.478019110243977, "within_300m": true }, "geometry": { "type": "Point", "coordinates": [ 5598.515711959092187, 339992.682938802987337 ] } },
{ "type": "Feature", "properties": { "Hofname": "Franz-Bauer-Hof", "clean_address": "1060 Wien, Gumpendorfer Straße", "Wohnungen": 53, "Lokale": 9, "addr_key": "1060 wien, gumpendorfer straße", "distance_to_ugs": 100.28250086134237, "distance_to_ubs": 222.95498422059453, "building_id": 275, "index_right": 539, "closest_ugbs_type": "L", "distance_to_ugbs": 100.28250086134237, "within_300m": true }, "geometry": { "type": "Point", "coordinates": [ 2190.032209076577601, 340198.053104315069504 ] } },
{ "type": "Feature", "properties": { "Hofname": "Ankerbrotgründe", "clean_address": "1100 Wien, Absberggasse", "Wohnungen": 404, "Lokale": 14, "addr_key": "1100 wien, absberggasse", "distance_to_ugs": 191.69363053099195, "distance_to_ubs": 696.10762415734882, "building_id": 276, "index_right": 176, "closest_ugbs_type": "L", "distance_to_ugbs": 191.69363053099195, "within_300m": true }, "geometry": { "type": "Point", "coordinates": [ 4202.428608524620358, 336960.508070945739746 ] } },
{ "type": "Feature", "properties": { "Hofname": "Helene-Potetz-Hof", "clean_address": "1120 Wien, Rosenhügelstraße", "Wohnungen": 45, "Lokale": 0, "addr_key": "1120 wien, rosenhügelstraße", "distance_to_ugs": 110.26686496943529, "distance_to_ubs": 39.496125344255816, "building_id": 277, "index_right": 2479, "closest_ugbs_type": "B", "distance_to_ugbs": 39.496125344255816, "within_300m": true }, "geometry": { "type": "Point", "coordinates": [ -2248.582274990835231, 336672.471313127316535 ] } },
{ "type": "Feature", "properties": { "Hofname": "Christine-Busta-Hof", "clean_address": "1160 Wien, Wichtelgasse", "Wohnungen": 18, "Lokale": 0, "addr_key": "1160 wien, wichtelgasse", "distance_to_ugs": 173.88511465123361, "distance_to_ubs": 1315.2812322802163, "building_id": 278, "index_right": 786, "closest_ugbs_type": "L", "distance_to_ugbs": 173.88511465123361, "within_300m": true }, "geometry": { "type": "Point", "coordinates": [ -838.504549754269988, 342038.779367175884545 ] } },
{ "type": "Feature", "properties": { "Hofname": "Bruno-Kreisky-Hof", "clean_address": "1170 Wien, Hernalser Hauptstraße", "Wohnungen": 279, "Lokale": 40, "addr_key": "1170 wien, hernalser hauptstraße", "distance_to_ugs": 104.04035207867261, "distance_to_ubs": 893.42580722303035, "building_id": 279, "index_right": 777, "closest_ugbs_type": "L", "distance_to_ugbs": 104.04035207867261, "within_300m": true }, "geometry": { "type": "Point", "coordinates": [ 602.195436247251337, 342005.417531204759143 ] } },
{ "type": "Feature", "properties": { "Hofname": "Aldo-Moro-Hof", "clean_address": "1180 Wien, Antonigasse", "Wohnungen": 20, "Lokale": 1, "addr_key": "1180 wien, antonigasse", "distance_to_ugs": 113.62456365017432, "distance_to_ubs": 1012.0955895657819, "building_id": 280, "index_right": 887, "closest_ugbs_type": "L", "distance_to_ugbs": 113.62456365017432, "within_300m": true }, "geometry": { "type": "Point", "coordinates": [ 630.669942945831622, 342545.748037093318999 ] } },
{ "type": "Feature", "properties": { "Hofname": "Franz-Weber-Hof", "clean_address": "1190 Wien, Weinberggasse", "Wohnungen": 430, "Lokale": 33, "addr_key": "1190 wien, weinberggasse", "distance_to_ugs": 22.843351659169869, "distance_to_ubs": 406.52576951944786, "building_id": 281, "index_right": 922, "closest_ugbs_type": "L", "distance_to_ugbs": 22.843351659169869, "within_300m": true }, "geometry": { "type": "Point", "coordinates": [ -53.73593944607385, 345030.39804042968899 ] } },
{ "type": "Feature", "properties": { "Hofname": "Josef-Pfeifer-Hof", "clean_address": "1030 Wien, Landstraßer Hauptstraße", "Wohnungen": 18, "Lokale": 0, "addr_key": "1030 wien, landstraßer hauptstraße", "distance_to_ugs": 94.453395390573235, "distance_to_ubs": 291.96810703009032, "building_id": 282, "index_right": 548, "closest_ugbs_type": "L", "distance_to_ugbs": 94.453395390573235, "within_300m": true }, "geometry": { "type": "Point", "coordinates": [ 4013.113938745290852, 340781.342496252094861 ] } },
{ "type": "Feature", "properties": { "Hofname": "Bruno-Marek-Hof", "clean_address": "1060 Wien, Gumpendorfer Straße", "Wohnungen": 69, "Lokale": 8, "addr_key": "1060 wien, gumpendorfer straße", "distance_to_ugs": 100.28250086134237, "distance_to_ubs": 222.95498422059453, "building_id": 283, "index_right": 539, "closest_ugbs_type": "L", "distance_to_ugbs": 100.28250086134237, "within_300m": true }, "geometry": { "type": "Point", "coordinates": [ 2190.032209076577601, 340198.053104315069504 ] } },
{ "type": "Feature", "properties": { "Hofname": "Max-Böhm-Hof", "clean_address": "1080 Wien, Tigergasse", "Wohnungen": 26, "Lokale": 0, "addr_key": "1080 wien, tigergasse", "distance_to_ugs": 114.01284798214174, "distance_to_ubs": 774.61432916603212, "building_id": 284, "index_right": 708, "closest_ugbs_type": "L", "distance_to_ugbs": 114.01284798214174, "within_300m": true }, "geometry": { "type": "Point", "coordinates": [ 938.759538968460333, 341005.301064103841782 ] } },
{ "type": "Feature", "properties": { "Hofname": "Josef-Schober-Hof", "clean_address": "1090 Wien, Grünentorgasse", "Wohnungen": 37, "Lokale": 1, "addr_key": "1090 wien, grünentorgasse", "distance_to_ugs": 246.48794690838568, "distance_to_ubs": 258.41984482316212, "building_id": 285, "index_right": 1393, "closest_ugbs_type": "R", "distance_to_ugbs": 246.48794690838568, "within_300m": true }, "geometry": { "type": "Point", "coordinates": [ 2413.420856186425681, 342500.562789830379188 ] } },
{ "type": "Feature", "properties": { "Hofname": "Nora-Hiltl-Hof", "clean_address": "1130 Wien, Anton-Langer-Gasse", "Wohnungen": 14, "Lokale": 2, "addr_key": "1130 wien, anton-langer-gasse", "distance_to_ugs": 294.07064753649303, "distance_to_ubs": 579.77604035243223, "building_id": 286, "index_right": 348, "closest_ugbs_type": "L", "distance_to_ugbs": 294.07064753649303, "within_300m": true }, "geometry": { "type": "Point", "coordinates": [ -3665.45022996335365, 337227.891891678795218 ] } },
{ "type": "Feature", "properties": { "Hofname": "Josef-Hala-Hof", "clean_address": "1180 Wien, Schulgasse", "Wohnungen": 36, "Lokale": 1, "addr_key": "1180 wien, schulgasse", "distance_to_ugs": 50.641854503374596, "distance_to_ubs": 775.94856805894585, "building_id": 287, "index_right": 890, "closest_ugbs_type": "L", "distance_to_ugbs": 50.641854503374596, "within_300m": true }, "geometry": { "type": "Point", "coordinates": [ 897.252865273132102, 342943.014579888433218 ] } },
{ "type": "Feature", "properties": { "Hofname": "Friederike-Seidl-Hof", "clean_address": "1050 Wien, Viktor-Christ-Gasse", "Wohnungen": 31, "Lokale": 1, "addr_key": "1050 wien, viktor-christ-gasse", "distance_to_ugs": 14.834251413150689, "distance_to_ubs": 205.81537779255859, "building_id": 288, "index_right": 431, "closest_ugbs_type": "L", "distance_to_ugbs": 14.834251413150689, "within_300m": true }, "geometry": { "type": "Point", "coordinates": [ 2105.556856956143747, 338969.331783315166831 ] } },
{ "type": "Feature", "properties": { "Hofname": "Maria-Restituta-Hof", "clean_address": "1050 Wien, Margaretenstraße", "Wohnungen": 44, "Lokale": 2, "addr_key": "1050 wien, margaretenstraße", "distance_to_ugs": 96.775774487699849, "distance_to_ubs": 143.47105626927487, "building_id": 289, "index_right": 451, "closest_ugbs_type": "L", "distance_to_ugbs": 96.775774487699849, "within_300m": true }, "geometry": { "type": "Point", "coordinates": [ 2090.650832834097855, 339319.445364778861403 ] } },
{ "type": "Feature", "properties": { "Hofname": "Rudolf-von-Alt-Hof", "clean_address": "1080 Wien, Skodagasse", "Wohnungen": 16, "Lokale": 1, "addr_key": "1080 wien, skodagasse", "distance_to_ugs": 158.96949721799632, "distance_to_ubs": 317.89384793805056, "building_id": 290, "index_right": 762, "closest_ugbs_type": "L", "distance_to_ugbs": 158.96949721799632, "within_300m": true }, "geometry": { "type": "Point", "coordinates": [ 1211.973303940935693, 341801.860978338867426 ] } },
{ "type": "Feature", "properties": { "Hofname": "Rudolf-Krbec-Hof", "clean_address": "1220 Wien, Schiffmühlenstraße", "Wohnungen": 98, "Lokale": 2, "addr_key": "1220 wien, schiffmühlenstraße", "distance_to_ugs": 95.749946367189423, "distance_to_ubs": 200.55094429441118, "building_id": 291, "index_right": 1271, "closest_ugbs_type": "U", "distance_to_ugbs": 95.749946367189423, "within_300m": true }, "geometry": { "type": "Point", "coordinates": [ 6608.446979083589213, 343124.551450802944601 ] } },
{ "type": "Feature", "properties": { "Hofname": "Viktor-Frankl-Hof", "clean_address": "1020 Wien, Zirkusgasse", "Wohnungen": 24, "Lokale": 0, "addr_key": "1020 wien, zirkusgasse", "distance_to_ugs": 78.345088017743024, "distance_to_ubs": 238.37314371558335, "building_id": 292, "index_right": 579, "closest_ugbs_type": "L", "distance_to_ugbs": 78.345088017743024, "within_300m": true }, "geometry": { "type": "Point", "coordinates": [ 3728.12972174542665, 341766.880210720933974 ] } },
{ "type": "Feature", "properties": { "Hofname": "Adolf-Scharner-Hof", "clean_address": "1040 Wien, Goldeggasse", "Wohnungen": 16, "Lokale": 1, "addr_key": "1040 wien, goldeggasse", "distance_to_ugs": 46.456598096932737, "distance_to_ubs": 89.871032659954011, "building_id": 293, "index_right": 540, "closest_ugbs_type": "R", "distance_to_ugbs": 46.456598096932737, "within_300m": true }, "geometry": { "type": "Point", "coordinates": [ 3524.005016301498927, 339118.43694479635451 ] } },
{ "type": "Feature", "properties": { "Hofname": "Hildegard-Burjan-Hof", "clean_address": "1130 Wien, Speisinger Straße", "Wohnungen": 31, "Lokale": 5, "addr_key": "1130 wien, speisinger straße", "distance_to_ugs": 154.9826769326265, "distance_to_ubs": 441.74850087056626, "building_id": 294, "index_right": 348, "closest_ugbs_type": "L", "distance_to_ugbs": 154.9826769326265, "within_300m": true }, "geometry": { "type": "Point", "coordinates": [ -3527.729869694614081, 337194.217456717044115 ] } },
{ "type": "Feature", "properties": { "Hofname": "Franz-Gawlik-Hof", "clean_address": "1150 Wien, Goldschlagstraße", "Wohnungen": 13, "Lokale": 1, "addr_key": "1150 wien, goldschlagstraße", "distance_to_ugs": 67.764996724326679, "distance_to_ubs": 683.74748174225613, "building_id": 295, "index_right": 483, "closest_ugbs_type": "L", "distance_to_ugbs": 67.764996724326679, "within_300m": true }, "geometry": { "type": "Point", "coordinates": [ 155.071365065851694, 340025.874302812851965 ] } },
{ "type": "Feature", "properties": { "Hofname": "Margarete-Schütte-Lihotzky-Hof", "clean_address": "1210 Wien, Donaufelder Straße", "Wohnungen": 174, "Lokale": 10, "addr_key": "1210 wien, donaufelder straße", "distance_to_ugs": 55.208980999449437, "distance_to_ubs": 548.15241533273309, "building_id": 296, "index_right": 1560, "closest_ugbs_type": "L", "distance_to_ugbs": 55.208980999449437, "within_300m": true }, "geometry": { "type": "Point", "coordinates": [ 5680.826465466057016, 346260.584683977067471 ] } },
{ "type": "Feature", "properties": { "Hofname": "Europan", "clean_address": "1220 Wien, Rosalia-Chladek-Gasse", "Wohnungen": 182, "Lokale": 5, "addr_key": "1220 wien, rosalia-chladek-gasse", "distance_to_ugs": 111.09045370964779, "distance_to_ubs": 279.37012769869631, "building_id": 297, "index_right": 1167, "closest_ugbs_type": "L", "distance_to_ugbs": 111.09045370964779, "within_300m": true }, "geometry": { "type": "Point", "coordinates": [ 14487.83764885675555, 341544.555820253677666 ] } },
{ "type": "Feature", "properties": { "Hofname": "Naturnahes Wohnen", "clean_address": "1220 Wien, Fred-Raymond-Gasse", "Wohnungen": 41, "Lokale": 0, "addr_key": "1220 wien, fred-raymond-gasse", "distance_to_ugs": 70.690068811357165, "distance_to_ubs": 119.11148895688672, "building_id": 298, "index_right": 1275, "closest_ugbs_type": "L", "distance_to_ugbs": 70.690068811357165, "within_300m": true }, "geometry": { "type": "Point", "coordinates": [ 10358.175985026784474, 341436.634492734447122 ] } },
{ "type": "Feature", "properties": { "Hofname": "Erzherzog-Karl-Stadt", "clean_address": "1220 Wien, Erzherzog-Karl-Straße", "Wohnungen": 206, "Lokale": 2, "addr_key": "1220 wien, erzherzog-karl-straße", "distance_to_ugs": 98.581412602130655, "distance_to_ubs": 132.66743168018053, "building_id": 299, "index_right": 1530, "closest_ugbs_type": "L", "distance_to_ugbs": 98.581412602130655, "within_300m": true }, "geometry": { "type": "Point", "coordinates": [ 7347.732945848029885, 344489.329758468084037 ] } },
{ "type": "Feature", "properties": { "Hofname": "Donaufelderhof", "clean_address": "1220 Wien, Arakawastraße", "Wohnungen": 107, "Lokale": 2, "addr_key": "1220 wien, arakawastraße", "distance_to_ugs": 124.85436342334479, "distance_to_ubs": 523.7679941819282, "building_id": 300, "index_right": 1533, "closest_ugbs_type": "L", "distance_to_ugbs": 124.85436342334479, "within_300m": true }, "geometry": { "type": "Point", "coordinates": [ 7338.919730623437317, 345575.200706658884883 ] } },
{ "type": "Feature", "properties": { "Hofname": "Leopold-Mayrhofer-Hof", "clean_address": "1130 Wien, Steckhovengasse", "Wohnungen": 48, "Lokale": 1, "addr_key": "1130 wien, steckhovengasse", "distance_to_ugs": 354.14003810570392, "distance_to_ubs": 88.491295217926194, "building_id": 301, "index_right": 2621, "closest_ugbs_type": "B", "distance_to_ugbs": 88.491295217926194, "within_300m": true }, "geometry": { "type": "Point", "coordinates": [ -2964.777128736074246, 338999.031657441519201 ] } },
{ "type": "Feature", "properties": { "Hofname": "Fischerstiege 4-8", "clean_address": "1010 Wien, Fischerstiege", "Wohnungen": 66, "Lokale": 16, "addr_key": "1010 wien, fischerstiege", "distance_to_ugs": 78.811908306279591, "distance_to_ubs": 174.04476230210528, "building_id": 302, "index_right": 584, "closest_ugbs_type": "L", "distance_to_ugbs": 78.811908306279591, "within_300m": true }, "geometry": { "type": "Point", "coordinates": [ 2951.801404822244876, 341622.202133666723967 ] } },
{ "type": "Feature", "properties": { "Hofname": "Salvatorgasse 10", "clean_address": "1010 Wien, Salvatorgasse", "Wohnungen": 116, "Lokale": 30, "addr_key": "1010 wien, salvatorgasse", "distance_to_ugs": 187.9608706467377, "distance_to_ubs": 154.5761951787666, "building_id": 303, "index_right": 2745, "closest_ugbs_type": "B", "distance_to_ugbs": 154.5761951787666, "within_300m": true }, "geometry": { "type": "Point", "coordinates": [ 2934.528112627667724, 341513.423195914365351 ] } },
{ "type": "Feature", "properties": { "Hofname": "Rudolfsplatz 8", "clean_address": "1010 Wien, Rudolfsplatz", "Wohnungen": 44, "Lokale": 12, "addr_key": "1010 wien, rudolfsplatz", "distance_to_ugs": 26.787772942558096, "distance_to_ubs": 140.80841073864039, "building_id": 304, "index_right": 584, "closest_ugbs_type": "L", "distance_to_ugbs": 26.787772942558096, "within_300m": true }, "geometry": { "type": "Point", "coordinates": [ 2984.558171347332518, 341801.46381248999387 ] } },
{ "type": "Feature", "properties": { "Hofname": "Ausstellungsstraße 43", "clean_address": "1020 Wien, Ausstellungsstraße", "Wohnungen": 18, "Lokale": 2, "addr_key": "1020 wien, ausstellungsstraße", "distance_to_ugs": 94.322141761104973, "distance_to_ubs": 115.13060038287803, "building_id": 305, "index_right": 1395, "closest_ugbs_type": "L", "distance_to_ugbs": 94.322141761104973, "within_300m": true }, "geometry": { "type": "Point", "coordinates": [ 4866.904520998176849, 342205.141741707921028 ] } },
{ "type": "Feature", "properties": { "Hofname": "Gredlerstraße 7", "clean_address": "1020 Wien, Gredlerstraße", "Wohnungen": 97, "Lokale": 3, "addr_key": "1020 wien, gredlerstraße", "distance_to_ugs": 91.901093316217143, "distance_to_ubs": 171.31987569868994, "building_id": 306, "index_right": 1375, "closest_ugbs_type": "L", "distance_to_ugbs": 91.901093316217143, "within_300m": true }, "geometry": { "type": "Point", "coordinates": [ 3522.5847876773596, 341716.622574174776673 ] } },
{ "type": "Feature", "properties": { "Hofname": "Mexikoplatz 25", "clean_address": "1020 Wien, Mexikoplatz", "Wohnungen": 48, "Lokale": 5, "addr_key": "1020 wien, mexikoplatz", "distance_to_ugs": 32.40155588943022, "distance_to_ubs": 278.11886665507654, "building_id": 307, "index_right": 1506, "closest_ugbs_type": "L", "distance_to_ugbs": 32.40155588943022, "within_300m": true }, "geometry": { "type": "Point", "coordinates": [ 5155.826680284979375, 343031.004807610064745 ] } },
{ "type": "Feature", "properties": { "Hofname": "Negerlegasse 4", "clean_address": "1020 Wien, Negerlegasse", "Wohnungen": 52, "Lokale": 3, "addr_key": "1020 wien, negerlegasse", "distance_to_ugs": 36.873526801864728, "distance_to_ubs": 244.22594125315004, "building_id": 308, "index_right": 1375, "closest_ugbs_type": "L", "distance_to_ugbs": 36.873526801864728, "within_300m": true }, "geometry": { "type": "Point", "coordinates": [ 3443.791795894009283, 341842.217878636904061 ] } },
{ "type": "Feature", "properties": { "Hofname": "Blumauergasse 24", "clean_address": "1020 Wien, Blumauergasse", "Wohnungen": 15, "Lokale": 2, "addr_key": "1020 wien, blumauergasse", "distance_to_ugs": 132.42667600449232, "distance_to_ubs": 632.37215833362859, "building_id": 309, "index_right": 1384, "closest_ugbs_type": "R", "distance_to_ugbs": 132.42667600449232, "within_300m": true }, "geometry": { "type": "Point", "coordinates": [ 3661.276137982995806, 342294.550042024813592 ] } },
{ "type": "Feature", "properties": { "Hofname": "Engerthstraße 230", "clean_address": "1020 Wien, Engerthstraße", "Wohnungen": 350, "Lokale": 6, "addr_key": "1020 wien, engerthstraße", "distance_to_ugs": 92.759568999518038, "distance_to_ubs": 228.19367773957705, "building_id": 310, "index_right": 1435, "closest_ugbs_type": "L", "distance_to_ugbs": 92.759568999518038, "within_300m": true }, "geometry": { "type": "Point", "coordinates": [ 4002.470007814659766, 344575.213631976803299 ] } },
{ "type": "Feature", "properties": { "Hofname": "Quellenstraße 24a", "clean_address": "1100 Wien, Quellenstraße", "Wohnungen": 175, "Lokale": 10, "addr_key": "1100 wien, quellenstraße", "distance_to_ugs": 234.18715737664354, "distance_to_ubs": 711.70259443272676, "building_id": 311, "index_right": 176, "closest_ugbs_type": "L", "distance_to_ugbs": 234.18715737664354, "within_300m": true }, "geometry": { "type": "Point", "coordinates": [ 4265.214870788305234, 337256.027724555693567 ] } },
{ "type": "Feature", "properties": { "Hofname": "Linke Wienzeile 6", "clean_address": "1060 Wien, Linke Wienzeile", "Wohnungen": 11, "Lokale": 0, "addr_key": "1060 wien, linke wienzeile", "distance_to_ugs": 47.401238207036691, "distance_to_ubs": 33.020390008816896, "building_id": 312, "index_right": 2722, "closest_ugbs_type": "B", "distance_to_ugbs": 33.020390008816896, "within_300m": true }, "geometry": { "type": "Point", "coordinates": [ 2277.815287680655729, 340024.68136072345078 ] } },
{ "type": "Feature", "properties": { "Hofname": "Aichholzgasse 52", "clean_address": "1120 Wien, Aichholzgasse", "Wohnungen": 0, "Lokale": 3, "addr_key": "1120 wien, aichholzgasse", "distance_to_ugs": 50.285511740081603, "distance_to_ubs": 279.55873550118537, "building_id": 313, "index_right": 401, "closest_ugbs_type": "L", "distance_to_ugbs": 50.285511740081603, "within_300m": true }, "geometry": { "type": "Point", "coordinates": [ -572.988119119850012, 338166.899649329483509 ] } },
{ "type": "Feature", "properties": { "Hofname": "Kapaunplatz 1", "clean_address": "1200 Wien, Kapaunplatz", "Wohnungen": 30, "Lokale": 1, "addr_key": "1200 wien, kapaunplatz", "distance_to_ugs": 16.828723301988937, "distance_to_ubs": 387.54844623970348, "building_id": 314, "index_right": 1461, "closest_ugbs_type": "L", "distance_to_ugbs": 16.828723301988937, "within_300m": true }, "geometry": { "type": "Point", "coordinates": [ 3306.144662809630518, 345323.714366053231061 ] } },
{ "type": "Feature", "properties": { "Hofname": "Wollzeile 27", "clean_address": "1010 Wien, Wollzeile", "Wohnungen": 18, "Lokale": 6, "addr_key": "1010 wien, wollzeile", "distance_to_ugs": 331.87870462384319, "distance_to_ubs": 203.53280723823829, "building_id": 315, "index_right": 2745, "closest_ugbs_type": "B", "distance_to_ugbs": 203.53280723823829, "within_300m": true }, "geometry": { "type": "Point", "coordinates": [ 3124.288371879706574, 341197.21994618140161 ] } },
{ "type": "Feature", "properties": { "Hofname": "Heinestraße 5-7", "clean_address": "1020 Wien, Heinestraße", "Wohnungen": 47, "Lokale": 2, "addr_key": "1020 wien, heinestraße", "distance_to_ugs": 29.295023160475036, "distance_to_ubs": 457.35592302365859, "building_id": 316, "index_right": 1383, "closest_ugbs_type": "L", "distance_to_ugbs": 29.295023160475036, "within_300m": true }, "geometry": { "type": "Point", "coordinates": [ 4171.585040258744812, 342342.298263685777783 ] } },
{ "type": "Feature", "properties": { "Hofname": "Darwingasse 12", "clean_address": "1020 Wien, Darwingasse", "Wohnungen": 31, "Lokale": 3, "addr_key": "1020 wien, darwingasse", "distance_to_ugs": 90.518989120824514, "distance_to_ubs": 687.33600679480367, "building_id": 317, "index_right": 1415, "closest_ugbs_type": "L", "distance_to_ugbs": 90.518989120824514, "within_300m": true }, "geometry": { "type": "Point", "coordinates": [ 4139.929855426323229, 342606.787934779189527 ] } },
{ "type": "Feature", "properties": { "Hofname": "Negerlegasse 8", "clean_address": "1020 Wien, Negerlegasse", "Wohnungen": 16, "Lokale": 1, "addr_key": "1020 wien, negerlegasse", "distance_to_ugs": 36.873526801864728, "distance_to_ubs": 244.22594125315004, "building_id": 318, "index_right": 1375, "closest_ugbs_type": "L", "distance_to_ugbs": 36.873526801864728, "within_300m": true }, "geometry": { "type": "Point", "coordinates": [ 3443.791795894009283, 341842.217878636904061 ] } },
{ "type": "Feature", "properties": { "Hofname": "Marinelligasse 10", "clean_address": "1020 Wien, Marinelligasse", "Wohnungen": 47, "Lokale": 3, "addr_key": "1020 wien, marinelligasse", "distance_to_ugs": 38.523533090109474, "distance_to_ubs": 559.695483446651, "building_id": 319, "index_right": 1397, "closest_ugbs_type": "L", "distance_to_ugbs": 38.523533090109474, "within_300m": true }, "geometry": { "type": "Point", "coordinates": [ 4126.888537765754336, 343006.614962936379015 ] } },
{ "type": "Feature", "properties": { "Hofname": "Schüttelstraße 3", "clean_address": "1020 Wien, Schüttelstraße", "Wohnungen": 38, "Lokale": 2, "addr_key": "1020 wien, schüttelstraße", "distance_to_ugs": 20.640437069744166, "distance_to_ubs": 55.048897087793286, "building_id": 320, "index_right": 1254, "closest_ugbs_type": "R", "distance_to_ugbs": 20.640437069744166, "within_300m": true }, "geometry": { "type": "Point", "coordinates": [ 4906.88821524883133, 340928.810617336072028 ] } },
{ "type": "Feature", "properties": { "Hofname": "Untere Augartenstraße 1-3", "clean_address": "1020 Wien, Untere Augartenstraße", "Wohnungen": 102, "Lokale": 18, "addr_key": "1020 wien, untere augartenstraße", "distance_to_ugs": 169.68110391153431, "distance_to_ubs": 219.04120265570981, "building_id": 321, "index_right": 1391, "closest_ugbs_type": "L", "distance_to_ugbs": 169.68110391153431, "within_300m": true }, "geometry": { "type": "Point", "coordinates": [ 2978.409005955665179, 342457.200568954460323 ] } },
{ "type": "Feature", "properties": { "Hofname": "Springergasse 22", "clean_address": "1020 Wien, Springergasse", "Wohnungen": 16, "Lokale": 1, "addr_key": "1020 wien, springergasse", "distance_to_ugs": 134.37009006310649, "distance_to_ubs": 635.53937031291389, "building_id": 322, "index_right": 1383, "closest_ugbs_type": "L", "distance_to_ugbs": 134.37009006310649, "within_300m": true }, "geometry": { "type": "Point", "coordinates": [ 4069.06009613345077, 342490.441632309928536 ] } },
{ "type": "Feature", "properties": { "Hofname": "Franzensbrückenstraße 19", "clean_address": "1020 Wien, Franzensbrückenstraße", "Wohnungen": 65, "Lokale": 6, "addr_key": "1020 wien, franzensbrückenstraße", "distance_to_ugs": 52.821631419506637, "distance_to_ubs": 180.64222321062581, "building_id": 323, "index_right": 597, "closest_ugbs_type": "L", "distance_to_ugbs": 52.821631419506637, "within_300m": true }, "geometry": { "type": "Point", "coordinates": [ 4332.047853295214736, 342099.503653848543763 ] } },
{ "type": "Feature", "properties": { "Hofname": "Nordbahnstraße 24", "clean_address": "1020 Wien, Nordbahnstraße", "Wohnungen": 31, "Lokale": 0, "addr_key": "1020 wien, nordbahnstraße", "distance_to_ugs": 159.42388028604648, "distance_to_ubs": 466.28588525035701, "building_id": 324, "index_right": 1383, "closest_ugbs_type": "L", "distance_to_ugbs": 159.42388028604648, "within_300m": true }, "geometry": { "type": "Point", "coordinates": [ 4272.887476698288992, 342428.151562298007775 ] } },
{ "type": "Feature", "properties": { "Hofname": "Obere Donaustraße 35", "clean_address": "1020 Wien, Obere Donaustraße", "Wohnungen": 36, "Lokale": 3, "addr_key": "1020 wien, obere donaustraße", "distance_to_ugs": 83.292500358916158, "distance_to_ubs": 122.17540282282422, "building_id": 325, "index_right": 1406, "closest_ugbs_type": "L", "distance_to_ugbs": 83.292500358916158, "within_300m": true }, "geometry": { "type": "Point", "coordinates": [ 2805.95747536269937, 342958.238906233222224 ] } },
{ "type": "Feature", "properties": { "Hofname": "Franzensbrückenstraße 21", "clean_address": "1020 Wien, Franzensbrückenstraße", "Wohnungen": 48, "Lokale": 4, "addr_key": "1020 wien, franzensbrückenstraße", "distance_to_ugs": 52.821631419506637, "distance_to_ubs": 180.64222321062581, "building_id": 326, "index_right": 597, "closest_ugbs_type": "L", "distance_to_ugbs": 52.821631419506637, "within_300m": true }, "geometry": { "type": "Point", "coordinates": [ 4332.047853295214736, 342099.503653848543763 ] } },
{ "type": "Feature", "properties": { "Hofname": "Marinelligasse 1", "clean_address": "1020 Wien, Marinelligasse", "Wohnungen": 48, "Lokale": 2, "addr_key": "1020 wien, marinelligasse", "distance_to_ugs": 38.523533090109474, "distance_to_ubs": 559.695483446651, "building_id": 327, "index_right": 1397, "closest_ugbs_type": "L", "distance_to_ugbs": 38.523533090109474, "within_300m": true }, "geometry": { "type": "Point", "coordinates": [ 4126.888537765754336, 343006.614962936379015 ] } },
{ "type": "Feature", "properties": { "Hofname": "Radingerstraße 21", "clean_address": "1020 Wien, Radingerstraße", "Wohnungen": 17, "Lokale": 1, "addr_key": "1020 wien, radingerstraße", "distance_to_ugs": 218.98656062261256, "distance_to_ubs": 420.28603579718401, "building_id": 328, "index_right": 1261, "closest_ugbs_type": "L", "distance_to_ugbs": 218.98656062261256, "within_300m": true }, "geometry": { "type": "Point", "coordinates": [ 5153.634413482081072, 342682.161165803670883 ] } },
{ "type": "Feature", "properties": { "Hofname": "Ybbsstraße 31-33", "clean_address": "1020 Wien, Ybbsstraße", "Wohnungen": 39, "Lokale": 2, "addr_key": "1020 wien, ybbsstraße", "distance_to_ugs": 130.12621939442658, "distance_to_ubs": 402.3362675278226, "building_id": 329, "index_right": 1261, "closest_ugbs_type": "L", "distance_to_ugbs": 130.12621939442658, "within_300m": true }, "geometry": { "type": "Point", "coordinates": [ 5021.228478921863825, 342623.1165935928002 ] } },
{ "type": "Feature", "properties": { "Hofname": "Harkortstraße 3", "clean_address": "1020 Wien, Harkortstraße", "Wohnungen": 14, "Lokale": 1, "addr_key": "1020 wien, harkortstraße", "distance_to_ugs": 168.94342037589104, "distance_to_ubs": 358.4538402695199, "building_id": 330, "index_right": 1261, "closest_ugbs_type": "L", "distance_to_ugbs": 168.94342037589104, "within_300m": true }, "geometry": { "type": "Point", "coordinates": [ 4983.373165856526612, 342655.543278031051159 ] } },
{ "type": "Feature", "properties": { "Hofname": "Ybbsstraße 40-42", "clean_address": "1020 Wien, Ybbsstraße", "Wohnungen": 36, "Lokale": 3, "addr_key": "1020 wien, ybbsstraße", "distance_to_ugs": 130.12621939442658, "distance_to_ubs": 402.3362675278226, "building_id": 331, "index_right": 1261, "closest_ugbs_type": "L", "distance_to_ugbs": 130.12621939442658, "within_300m": true }, "geometry": { "type": "Point", "coordinates": [ 5021.228478921863825, 342623.1165935928002 ] } },
{ "type": "Feature", "properties": { "Hofname": "Wohlmutstraße 14-16", "clean_address": "1020 Wien, Wohlmutstraße", "Wohnungen": 105, "Lokale": 8, "addr_key": "1020 wien, wohlmutstraße", "distance_to_ugs": 92.799995983548499, "distance_to_ubs": 99.078872362950449, "building_id": 332, "index_right": 1259, "closest_ugbs_type": "L", "distance_to_ugbs": 92.799995983548499, "within_300m": true }, "geometry": { "type": "Point", "coordinates": [ 5311.266686614564605, 342373.964245694689453 ] } },
{ "type": "Feature", "properties": { "Hofname": "Handelskai 210", "clean_address": "1020 Wien, Handelskai", "Wohnungen": 50, "Lokale": 2, "addr_key": "1020 wien, handelskai", "distance_to_ugs": 47.071229425215364, "distance_to_ubs": 103.88890935484154, "building_id": 333, "index_right": 1499, "closest_ugbs_type": "R", "distance_to_ugbs": 47.071229425215364, "within_300m": true }, "geometry": { "type": "Point", "coordinates": [ 4655.484135909093311, 343914.783647047821432 ] } },
{ "type": "Feature", "properties": { "Hofname": "Tandelmarktgasse 14", "clean_address": "1020 Wien, Tandelmarktgasse", "Wohnungen": 7, "Lokale": 1, "addr_key": "1020 wien, tandelmarktgasse", "distance_to_ugs": 138.55129134205498, "distance_to_ubs": 483.91608060656966, "building_id": 334, "index_right": 1378, "closest_ugbs_type": "L", "distance_to_ugbs": 138.55129134205498, "within_300m": true }, "geometry": { "type": "Point", "coordinates": [ 3586.266455296987715, 342104.3515838785097 ] } },
{ "type": "Feature", "properties": { "Hofname": "Wohlmutstraße 4-6", "clean_address": "1020 Wien, Wohlmutstraße", "Wohnungen": 25, "Lokale": 1, "addr_key": "1020 wien, wohlmutstraße", "distance_to_ugs": 92.799995983548499, "distance_to_ubs": 99.078872362950449, "building_id": 335, "index_right": 1259, "closest_ugbs_type": "L", "distance_to_ugbs": 92.799995983548499, "within_300m": true }, "geometry": { "type": "Point", "coordinates": [ 5311.266686614564605, 342373.964245694689453 ] } },
{ "type": "Feature", "properties": { "Hofname": "Engerthstraße 241-247", "clean_address": "1020 Wien, Engerthstraße", "Wohnungen": 406, "Lokale": 10, "addr_key": "1020 wien, engerthstraße", "distance_to_ugs": 92.759568999518038, "distance_to_ubs": 228.19367773957705, "building_id": 336, "index_right": 1435, "closest_ugbs_type": "L", "distance_to_ugbs": 92.759568999518038, "within_300m": true }, "geometry": { "type": "Point", "coordinates": [ 4002.470007814659766, 344575.213631976803299 ] } },
{ "type": "Feature", "properties": { "Hofname": "Wehlistraße 305", "clean_address": "1020 Wien, Wehlistraße", "Wohnungen": 84, "Lokale": 4, "addr_key": "1020 wien, wehlistraße", "distance_to_ugs": 148.12730537752765, "distance_to_ubs": 226.29567937516782, "building_id": 337, "index_right": 1435, "closest_ugbs_type": "L", "distance_to_ugbs": 148.12730537752765, "within_300m": true }, "geometry": { "type": "Point", "coordinates": [ 3918.124352739700498, 344697.905350271612406 ] } },
{ "type": "Feature", "properties": { "Hofname": "Wehlistraße 309", "clean_address": "1020 Wien, Wehlistraße", "Wohnungen": 56, "Lokale": 5, "addr_key": "1020 wien, wehlistraße", "distance_to_ugs": 148.12730537752765, "distance_to_ubs": 226.29567937516782, "building_id": 338, "index_right": 1435, "closest_ugbs_type": "L", "distance_to_ugbs": 148.12730537752765, "within_300m": true }, "geometry": { "type": "Point", "coordinates": [ 3918.124352739700498, 344697.905350271612406 ] } },
{ "type": "Feature", "properties": { "Hofname": "Obere Augartenstraße 12-14", "clean_address": "1020 Wien, Obere Augartenstraße", "Wohnungen": 188, "Lokale": 17, "addr_key": "1020 wien, obere augartenstraße", "distance_to_ugs": 17.156052745747498, "distance_to_ubs": 177.51572055943336, "building_id": 339, "index_right": 1406, "closest_ugbs_type": "L", "distance_to_ugbs": 17.156052745747498, "within_300m": true }, "geometry": { "type": "Point", "coordinates": [ 2841.235492760210491, 343029.715177724137902 ] } },
{ "type": "Feature", "properties": { "Hofname": "Kafkastraße 11", "clean_address": "1020 Wien, Kafkastraße", "Wohnungen": 35, "Lokale": 1, "addr_key": "1020 wien, kafkastraße", "distance_to_ugs": 132.85342163000436, "distance_to_ubs": 229.66038702021322, "building_id": 340, "index_right": 1258, "closest_ugbs_type": "L", "distance_to_ugbs": 132.85342163000436, "within_300m": true }, "geometry": { "type": "Point", "coordinates": [ 5891.074300429368122, 342295.832296463660896 ] } },
{ "type": "Feature", "properties": { "Hofname": "Obere Augartenstraße 44", "clean_address": "1020 Wien, Obere Augartenstraße", "Wohnungen": 81, "Lokale": 2, "addr_key": "1020 wien, obere augartenstraße", "distance_to_ugs": 17.156052745747498, "distance_to_ubs": 177.51572055943336, "building_id": 341, "index_right": 1406, "closest_ugbs_type": "L", "distance_to_ugbs": 17.156052745747498, "within_300m": true }, "geometry": { "type": "Point", "coordinates": [ 2841.235492760210491, 343029.715177724137902 ] } },
{ "type": "Feature", "properties": { "Hofname": "Wehlistraße 156-158", "clean_address": "1020 Wien, Wehlistraße", "Wohnungen": 50, "Lokale": 1, "addr_key": "1020 wien, wehlistraße", "distance_to_ugs": 148.12730537752765, "distance_to_ubs": 226.29567937516782, "building_id": 342, "index_right": 1435, "closest_ugbs_type": "L", "distance_to_ugbs": 148.12730537752765, "within_300m": true }, "geometry": { "type": "Point", "coordinates": [ 3918.124352739700498, 344697.905350271612406 ] } },
{ "type": "Feature", "properties": { "Hofname": "Untere Augartenstraße 15-17", "clean_address": "1020 Wien, Untere Augartenstraße", "Wohnungen": 51, "Lokale": 2, "addr_key": "1020 wien, untere augartenstraße", "distance_to_ugs": 169.68110391153431, "distance_to_ubs": 219.04120265570981, "building_id": 343, "index_right": 1391, "closest_ugbs_type": "L", "distance_to_ugbs": 169.68110391153431, "within_300m": true }, "geometry": { "type": "Point", "coordinates": [ 2978.409005955665179, 342457.200568954460323 ] } },
{ "type": "Feature", "properties": { "Hofname": "Miesbachgasse 15", "clean_address": "1020 Wien, Miesbachgasse", "Wohnungen": 116, "Lokale": 9, "addr_key": "1020 wien, miesbachgasse", "distance_to_ugs": 205.93127296158582, "distance_to_ubs": 271.79612201230555, "building_id": 344, "index_right": 1391, "closest_ugbs_type": "L", "distance_to_ugbs": 205.93127296158582, "within_300m": true }, "geometry": { "type": "Point", "coordinates": [ 3145.08647846100439, 342384.515184413641691 ] } },
{ "type": "Feature", "properties": { "Hofname": "Untere Augartenstraße 39", "clean_address": "1020 Wien, Untere Augartenstraße", "Wohnungen": 34, "Lokale": 6, "addr_key": "1020 wien, untere augartenstraße", "distance_to_ugs": 169.68110391153431, "distance_to_ubs": 219.04120265570981, "building_id": 345, "index_right": 1391, "closest_ugbs_type": "L", "distance_to_ugbs": 169.68110391153431, "within_300m": true }, "geometry": { "type": "Point", "coordinates": [ 2978.409005955665179, 342457.200568954460323 ] } },
{ "type": "Feature", "properties": { "Hofname": "Lassallestraße 24", "clean_address": "1020 Wien, Lassallestraße", "Wohnungen": 37, "Lokale": 4, "addr_key": "1020 wien, lassallestraße", "distance_to_ugs": 246.37313275289412, "distance_to_ubs": 329.91080049464415, "building_id": 346, "index_right": 1262, "closest_ugbs_type": "L", "distance_to_ugbs": 246.37313275289412, "within_300m": true }, "geometry": { "type": "Point", "coordinates": [ 5099.883773877112617, 342760.374900025315583 ] } },
{ "type": "Feature", "properties": { "Hofname": "Walcherstraße 10-16", "clean_address": "1020 Wien, Walcherstraße", "Wohnungen": 108, "Lokale": 3, "addr_key": "1020 wien, walcherstraße", "distance_to_ugs": 112.05347977916182, "distance_to_ubs": 144.526253660821, "building_id": 347, "index_right": 1400, "closest_ugbs_type": "L", "distance_to_ugbs": 112.05347977916182, "within_300m": true }, "geometry": { "type": "Point", "coordinates": [ 5018.987476429143499, 342969.810401924885809 ] } },
{ "type": "Feature", "properties": { "Hofname": "Edgar-Schranz-Hof", "clean_address": "1020 Wien, Rustenschacherallee", "Wohnungen": 163, "Lokale": 3, "addr_key": "1020 wien, rustenschacherallee", "distance_to_ugs": 143.20301764853525, "distance_to_ubs": 169.66705017112855, "building_id": 348, "index_right": 1255, "closest_ugbs_type": "U", "distance_to_ugbs": 143.20301764853525, "within_300m": true }, "geometry": { "type": "Point", "coordinates": [ 4925.094108943668289, 341337.644708127714694 ] } },
{ "type": "Feature", "properties": { "Hofname": "Kleine Mohrengasse 9", "clean_address": "1020 Wien, Kleine Mohrengasse", "Wohnungen": 21, "Lokale": 3, "addr_key": "1020 wien, kleine mohrengasse", "distance_to_ugs": 135.1216138114637, "distance_to_ubs": 394.12082116713736, "building_id": 349, "index_right": 1377, "closest_ugbs_type": "L", "distance_to_ugbs": 135.1216138114637, "within_300m": true }, "geometry": { "type": "Point", "coordinates": [ 3827.679320418885254, 341966.16907018981874 ] } },
{ "type": "Feature", "properties": { "Hofname": "Franz-Hochedlinger-Gasse 30-32", "clean_address": "1020 Wien, Franz-Hochedlinger-Gasse", "Wohnungen": 43, "Lokale": 7, "addr_key": "1020 wien, franz-hochedlinger-gasse", "distance_to_ugs": 122.82103138044549, "distance_to_ubs": 168.90473059704379, "building_id": 350, "index_right": 1388, "closest_ugbs_type": "R", "distance_to_ugbs": 122.82103138044549, "within_300m": true }, "geometry": { "type": "Point", "coordinates": [ 2977.934371654583629, 342391.91768219973892 ] } },
{ "type": "Feature", "properties": { "Hofname": "Sturgasse 3-5", "clean_address": "1020 Wien, Sturgasse", "Wohnungen": 173, "Lokale": 6, "addr_key": "1020 wien, sturgasse", "distance_to_ugs": 118.59833816388019, "distance_to_ubs": 208.89461836878931, "building_id": 351, "index_right": 1267, "closest_ugbs_type": "L", "distance_to_ugbs": 118.59833816388019, "within_300m": true }, "geometry": { "type": "Point", "coordinates": [ 6165.188320431300781, 342004.898407801054418 ] } },
{ "type": "Feature", "properties": { "Hofname": "Vorgartenstraße 198", "clean_address": "1020 Wien, Vorgartenstraße", "Wohnungen": 18, "Lokale": 2, "addr_key": "1020 wien, vorgartenstraße", "distance_to_ugs": 36.843241578504681, "distance_to_ubs": 389.17331477151794, "building_id": 352, "index_right": 1443, "closest_ugbs_type": "L", "distance_to_ugbs": 36.843241578504681, "within_300m": true }, "geometry": { "type": "Point", "coordinates": [ 3722.19018758134871, 344691.635240000672638 ] } },
{ "type": "Feature", "properties": { "Hofname": "Vivariumstraße 6-10", "clean_address": "1020 Wien, Vivariumstraße", "Wohnungen": 149, "Lokale": 7, "addr_key": "1020 wien, vivariumstraße", "distance_to_ugs": 105.90042753709665, "distance_to_ubs": 114.70120607978208, "building_id": 353, "index_right": 577, "closest_ugbs_type": "R", "distance_to_ugbs": 105.90042753709665, "within_300m": true }, "geometry": { "type": "Point", "coordinates": [ 4468.39252293840309, 341767.473042988218367 ] } },
{ "type": "Feature", "properties": { "Hofname": "Vorgartenstraße 194", "clean_address": "1020 Wien, Vorgartenstraße", "Wohnungen": 19, "Lokale": 0, "addr_key": "1020 wien, vorgartenstraße", "distance_to_ugs": 36.843241578504681, "distance_to_ubs": 389.17331477151794, "building_id": 354, "index_right": 1443, "closest_ugbs_type": "L", "distance_to_ugbs": 36.843241578504681, "within_300m": true }, "geometry": { "type": "Point", "coordinates": [ 3722.19018758134871, 344691.635240000672638 ] } },
{ "type": "Feature", "properties": { "Hofname": "Ausstellungsstraße 67", "clean_address": "1020 Wien, Ausstellungsstraße", "Wohnungen": 18, "Lokale": 0, "addr_key": "1020 wien, ausstellungsstraße", "distance_to_ugs": 94.322141761104973, "distance_to_ubs": 115.13060038287803, "building_id": 355, "index_right": 1395, "closest_ugbs_type": "L", "distance_to_ugbs": 94.322141761104973, "within_300m": true }, "geometry": { "type": "Point", "coordinates": [ 4866.904520998176849, 342205.141741707921028 ] } },
{ "type": "Feature", "properties": { "Hofname": "Vivariumstraße 13-17", "clean_address": "1020 Wien, Vivariumstraße", "Wohnungen": 126, "Lokale": 3, "addr_key": "1020 wien, vivariumstraße", "distance_to_ugs": 105.90042753709665, "distance_to_ubs": 114.70120607978208, "building_id": 356, "index_right": 577, "closest_ugbs_type": "R", "distance_to_ugbs": 105.90042753709665, "within_300m": true }, "geometry": { "type": "Point", "coordinates": [ 4468.39252293840309, 341767.473042988218367 ] } },
{ "type": "Feature", "properties": { "Hofname": "Taborstraße 53-55", "clean_address": "1020 Wien, Taborstraße", "Wohnungen": 33, "Lokale": 5, "addr_key": "1020 wien, taborstraße", "distance_to_ugs": 149.14468780556044, "distance_to_ubs": 616.42250435404139, "building_id": 357, "index_right": 1384, "closest_ugbs_type": "R", "distance_to_ugbs": 149.14468780556044, "within_300m": true }, "geometry": { "type": "Point", "coordinates": [ 3657.444267939695237, 342265.06995839625597 ] } },
{ "type": "Feature", "properties": { "Hofname": "Zirkusgasse 33", "clean_address": "1020 Wien, Zirkusgasse", "Wohnungen": 33, "Lokale": 4, "addr_key": "1020 wien, zirkusgasse", "distance_to_ugs": 78.345088017743024, "distance_to_ubs": 238.37314371558335, "building_id": 358, "index_right": 579, "closest_ugbs_type": "L", "distance_to_ugbs": 78.345088017743024, "within_300m": true }, "geometry": { "type": "Point", "coordinates": [ 3728.12972174542665, 341766.880210720933974 ] } },
{ "type": "Feature", "properties": { "Hofname": "Große Pfarrgasse 16-20", "clean_address": "1020 Wien, Große Pfarrgasse", "Wohnungen": 16, "Lokale": 3, "addr_key": "1020 wien, große pfarrgasse", "distance_to_ugs": 86.649314692796338, "distance_to_ubs": 503.92025043378402, "building_id": 359, "index_right": 1382, "closest_ugbs_type": "L", "distance_to_ugbs": 86.649314692796338, "within_300m": true }, "geometry": { "type": "Point", "coordinates": [ 3548.286816880357947, 342232.92696631513536 ] } },
{ "type": "Feature", "properties": { "Hofname": "Vorgartenstraße 158-170", "clean_address": "1020 Wien, Vorgartenstraße", "Wohnungen": 323, "Lokale": 9, "addr_key": "1020 wien, vorgartenstraße", "distance_to_ugs": 36.843241578504681, "distance_to_ubs": 389.17331477151794, "building_id": 360, "index_right": 1443, "closest_ugbs_type": "L", "distance_to_ugbs": 36.843241578504681, "within_300m": true }, "geometry": { "type": "Point", "coordinates": [ 3722.19018758134871, 344691.635240000672638 ] } },
{ "type": "Feature", "properties": { "Hofname": "Heinz-Weißmann-Hof", "clean_address": "1020 Wien, Mexikoplatz", "Wohnungen": 171, "Lokale": 12, "addr_key": "1020 wien, mexikoplatz", "distance_to_ugs": 32.40155588943022, "distance_to_ubs": 278.11886665507654, "building_id": 361, "index_right": 1506, "closest_ugbs_type": "L", "distance_to_ugbs": 32.40155588943022, "within_300m": true }, "geometry": { "type": "Point", "coordinates": [ 5155.826680284979375, 343031.004807610064745 ] } },
{ "type": "Feature", "properties": { "Hofname": "Czerninplatz 7", "clean_address": "1020 Wien, Czerninplatz", "Wohnungen": 96, "Lokale": 6, "addr_key": "1020 wien, czerninplatz", "distance_to_ugs": 17.69906961066085, "distance_to_ubs": 101.51170638486474, "building_id": 362, "index_right": 1376, "closest_ugbs_type": "L", "distance_to_ugbs": 17.69906961066085, "within_300m": true }, "geometry": { "type": "Point", "coordinates": [ 4083.175695426554739, 341766.037099681794643 ] } },
{ "type": "Feature", "properties": { "Hofname": "Eveline-Andrlik-Hof", "clean_address": "1020 Wien, Engerthstraße", "Wohnungen": 567, "Lokale": 23, "addr_key": "1020 wien, engerthstraße", "distance_to_ugs": 92.759568999518038, "distance_to_ubs": 228.19367773957705, "building_id": 363, "index_right": 1435, "closest_ugbs_type": "L", "distance_to_ugbs": 92.759568999518038, "within_300m": true }, "geometry": { "type": "Point", "coordinates": [ 4002.470007814659766, 344575.213631976803299 ] } },
{ "type": "Feature", "properties": { "Hofname": "Wehlistraße 303", "clean_address": "1020 Wien, Wehlistraße", "Wohnungen": 147, "Lokale": 11, "addr_key": "1020 wien, wehlistraße", "distance_to_ugs": 148.12730537752765, "distance_to_ubs": 226.29567937516782, "building_id": 364, "index_right": 1435, "closest_ugbs_type": "L", "distance_to_ugbs": 148.12730537752765, "within_300m": true }, "geometry": { "type": "Point", "coordinates": [ 3918.124352739700498, 344697.905350271612406 ] } },
{ "type": "Feature", "properties": { "Hofname": "Ennsgasse 7-11", "clean_address": "1020 Wien, Ennsgasse", "Wohnungen": 136, "Lokale": 11, "addr_key": "1020 wien, ennsgasse", "distance_to_ugs": 150.50931196203643, "distance_to_ubs": 389.76578644988075, "building_id": 365, "index_right": 1262, "closest_ugbs_type": "L", "distance_to_ugbs": 150.50931196203643, "within_300m": true }, "geometry": { "type": "Point", "coordinates": [ 5265.965695936729389, 342709.978805611841381 ] } },
{ "type": "Feature", "properties": { "Hofname": "Mexikoplatz 2-3", "clean_address": "1020 Wien, Mexikoplatz", "Wohnungen": 112, "Lokale": 5, "addr_key": "1020 wien, mexikoplatz", "distance_to_ugs": 32.40155588943022, "distance_to_ubs": 278.11886665507654, "building_id": 366, "index_right": 1506, "closest_ugbs_type": "L", "distance_to_ugbs": 32.40155588943022, "within_300m": true }, "geometry": { "type": "Point", "coordinates": [ 5155.826680284979375, 343031.004807610064745 ] } },
{ "type": "Feature", "properties": { "Hofname": "Handelskai 390-392", "clean_address": "1020 Wien, Wehlistraße", "Wohnungen": 28, "Lokale": 5, "addr_key": "1020 wien, wehlistraße", "distance_to_ugs": 148.12730537752765, "distance_to_ubs": 226.29567937516782, "building_id": 367, "index_right": 1435, "closest_ugbs_type": "L", "distance_to_ugbs": 148.12730537752765, "within_300m": true }, "geometry": { "type": "Point", "coordinates": [ 3918.124352739700498, 344697.905350271612406 ] } },
{ "type": "Feature", "properties": { "Hofname": "Dr.-Natterer-Gasse 2-4", "clean_address": "1020 Wien, Dr.-Natterer-Gasse", "Wohnungen": 227, "Lokale": 3, "addr_key": "1020 wien, dr.-natterer-gasse", "distance_to_ugs": 162.05007252690314, "distance_to_ubs": 94.172971705850756, "building_id": 368, "index_right": 2108, "closest_ugbs_type": "B", "distance_to_ugbs": 94.172971705850756, "within_300m": true }, "geometry": { "type": "Point", "coordinates": [ 6632.479789075055123, 341633.728026281110942 ] } },
{ "type": "Feature", "properties": { "Hofname": "Wehlistraße 307", "clean_address": "1020 Wien, Wehlistraße", "Wohnungen": 16, "Lokale": 6, "addr_key": "1020 wien, wehlistraße", "distance_to_ugs": 148.12730537752765, "distance_to_ubs": 226.29567937516782, "building_id": 369, "index_right": 1435, "closest_ugbs_type": "L", "distance_to_ugbs": 148.12730537752765, "within_300m": true }, "geometry": { "type": "Point", "coordinates": [ 3918.124352739700498, 344697.905350271612406 ] } },
{ "type": "Feature", "properties": { "Hofname": "Sturgasse 7", "clean_address": "1020 Wien, Sturgasse", "Wohnungen": 154, "Lokale": 5, "addr_key": "1020 wien, sturgasse", "distance_to_ugs": 118.59833816388019, "distance_to_ubs": 208.89461836878931, "building_id": 370, "index_right": 1267, "closest_ugbs_type": "L", "distance_to_ugbs": 118.59833816388019, "within_300m": true }, "geometry": { "type": "Point", "coordinates": [ 6165.188320431300781, 342004.898407801054418 ] } },
{ "type": "Feature", "properties": { "Hofname": "Karlheinz-Hora-Hof", "clean_address": "1020 Wien, Handelskai", "Wohnungen": 1041, "Lokale": 59, "addr_key": "1020 wien, handelskai", "distance_to_ugs": 47.071229425215364, "distance_to_ubs": 103.88890935484154, "building_id": 371, "index_right": 1499, "closest_ugbs_type": "R", "distance_to_ugbs": 47.071229425215364, "within_300m": true }, "geometry": { "type": "Point", "coordinates": [ 4655.484135909093311, 343914.783647047821432 ] } },
{ "type": "Feature", "properties": { "Hofname": "Engerthstraße 189-191", "clean_address": "1020 Wien, Engerthstraße", "Wohnungen": 131, "Lokale": 10, "addr_key": "1020 wien, engerthstraße", "distance_to_ugs": 92.759568999518038, "distance_to_ubs": 228.19367773957705, "building_id": 372, "index_right": 1435, "closest_ugbs_type": "L", "distance_to_ugbs": 92.759568999518038, "within_300m": true }, "geometry": { "type": "Point", "coordinates": [ 4002.470007814659766, 344575.213631976803299 ] } },
{ "type": "Feature", "properties": { "Hofname": "Wehlistraße 157", "clean_address": "1020 Wien, Wehlistraße", "Wohnungen": 30, "Lokale": 0, "addr_key": "1020 wien, wehlistraße", "distance_to_ugs": 148.12730537752765, "distance_to_ubs": 226.29567937516782, "building_id": 373, "index_right": 1435, "closest_ugbs_type": "L", "distance_to_ugbs": 148.12730537752765, "within_300m": true }, "geometry": { "type": "Point", "coordinates": [ 3918.124352739700498, 344697.905350271612406 ] } },
{ "type": "Feature", "properties": { "Hofname": "Zirkusgasse 30", "clean_address": "1020 Wien, Zirkusgasse", "Wohnungen": 14, "Lokale": 0, "addr_key": "1020 wien, zirkusgasse", "distance_to_ugs": 78.345088017743024, "distance_to_ubs": 238.37314371558335, "building_id": 374, "index_right": 579, "closest_ugbs_type": "L", "distance_to_ugbs": 78.345088017743024, "within_300m": true }, "geometry": { "type": "Point", "coordinates": [ 3728.12972174542665, 341766.880210720933974 ] } },
{ "type": "Feature", "properties": { "Hofname": "Kurt-Heller-Hof", "clean_address": "1020 Wien, Engerthstraße", "Wohnungen": 273, "Lokale": 14, "addr_key": "1020 wien, engerthstraße", "distance_to_ugs": 92.759568999518038, "distance_to_ubs": 228.19367773957705, "building_id": 375, "index_right": 1435, "closest_ugbs_type": "L", "distance_to_ugbs": 92.759568999518038, "within_300m": true }, "geometry": { "type": "Point", "coordinates": [ 4002.470007814659766, 344575.213631976803299 ] } },
{ "type": "Feature", "properties": { "Hofname": "Weintraubengasse 6-10", "clean_address": "1020 Wien, Weintraubengasse", "Wohnungen": 26, "Lokale": 1, "addr_key": "1020 wien, weintraubengasse", "distance_to_ugs": 35.405139752327564, "distance_to_ubs": 409.94616723736112, "building_id": 376, "index_right": 1380, "closest_ugbs_type": "L", "distance_to_ugbs": 35.405139752327564, "within_300m": true }, "geometry": { "type": "Point", "coordinates": [ 4070.890153216667841, 342082.451021222805139 ] } },
{ "type": "Feature", "properties": { "Hofname": "Weintraubengasse 13", "clean_address": "1020 Wien, Weintraubengasse", "Wohnungen": 5, "Lokale": 2, "addr_key": "1020 wien, weintraubengasse", "distance_to_ugs": 35.405139752327564, "distance_to_ubs": 409.94616723736112, "building_id": 377, "index_right": 1380, "closest_ugbs_type": "L", "distance_to_ugbs": 35.405139752327564, "within_300m": true }, "geometry": { "type": "Point", "coordinates": [ 4070.890153216667841, 342082.451021222805139 ] } },
{ "type": "Feature", "properties": { "Hofname": "Taborstraße 100", "clean_address": "1020 Wien, Taborstraße", "Wohnungen": 29, "Lokale": 1, "addr_key": "1020 wien, taborstraße", "distance_to_ugs": 149.14468780556044, "distance_to_ubs": 616.42250435404139, "building_id": 378, "index_right": 1384, "closest_ugbs_type": "R", "distance_to_ugbs": 149.14468780556044, "within_300m": true }, "geometry": { "type": "Point", "coordinates": [ 3657.444267939695237, 342265.06995839625597 ] } },
{ "type": "Feature", "properties": { "Hofname": "Zirkusgasse 22", "clean_address": "1020 Wien, Zirkusgasse", "Wohnungen": 13, "Lokale": 0, "addr_key": "1020 wien, zirkusgasse", "distance_to_ugs": 78.345088017743024, "distance_to_ubs": 238.37314371558335, "building_id": 379, "index_right": 579, "closest_ugbs_type": "L", "distance_to_ugbs": 78.345088017743024, "within_300m": true }, "geometry": { "type": "Point", "coordinates": [ 3728.12972174542665, 341766.880210720933974 ] } },
{ "type": "Feature", "properties": { "Hofname": "Rueppgasse 12-14", "clean_address": "1020 Wien, Rueppgasse", "Wohnungen": 26, "Lokale": 0, "addr_key": "1020 wien, rueppgasse", "distance_to_ugs": 145.26675160583707, "distance_to_ubs": 709.63258079109892, "building_id": 380, "index_right": 1415, "closest_ugbs_type": "L", "distance_to_ugbs": 145.26675160583707, "within_300m": true }, "geometry": { "type": "Point", "coordinates": [ 4020.063725566883932, 342546.025042685098015 ] } },
{ "type": "Feature", "properties": { "Hofname": "Wehlistraße 160-162", "clean_address": "1020 Wien, Wehlistraße", "Wohnungen": 50, "Lokale": 1, "addr_key": "1020 wien, wehlistraße", "distance_to_ugs": 148.12730537752765, "distance_to_ubs": 226.29567937516782, "building_id": 381, "index_right": 1435, "closest_ugbs_type": "L", "distance_to_ugbs": 148.12730537752765, "within_300m": true }, "geometry": { "type": "Point", "coordinates": [ 3918.124352739700498, 344697.905350271612406 ] } },
{ "type": "Feature", "properties": { "Hofname": "Kleine Stadtgutgasse 11-13", "clean_address": "1020 Wien, Kleine Stadtgutgasse", "Wohnungen": 41, "Lokale": 2, "addr_key": "1020 wien, kleine stadtgutgasse", "distance_to_ugs": 55.215485380631641, "distance_to_ubs": 394.44261969936423, "building_id": 382, "index_right": 1383, "closest_ugbs_type": "L", "distance_to_ugbs": 55.215485380631641, "within_300m": true }, "geometry": { "type": "Point", "coordinates": [ 4168.562998128592881, 342241.226017558074091 ] } },
{ "type": "Feature", "properties": { "Hofname": "Große Schiffgasse 32", "clean_address": "1020 Wien, Große Schiffgasse", "Wohnungen": 18, "Lokale": 1, "addr_key": "1020 wien, große schiffgasse", "distance_to_ugs": 81.712956605934323, "distance_to_ubs": 112.40370005165292, "building_id": 383, "index_right": 588, "closest_ugbs_type": "R", "distance_to_ugbs": 81.712956605934323, "within_300m": true }, "geometry": { "type": "Point", "coordinates": [ 3233.778837487991495, 341981.145708407391794 ] } },
{ "type": "Feature", "properties": { "Hofname": "Leopoldsgasse 24", "clean_address": "1020 Wien, Leopoldsgasse", "Wohnungen": 27, "Lokale": 2, "addr_key": "1020 wien, leopoldsgasse", "distance_to_ugs": 96.524023729853084, "distance_to_ubs": 416.12901982403486, "building_id": 384, "index_right": 1391, "closest_ugbs_type": "L", "distance_to_ugbs": 96.524023729853084, "within_300m": true }, "geometry": { "type": "Point", "coordinates": [ 3181.342751947713623, 342543.631399824284017 ] } },
{ "type": "Feature", "properties": { "Hofname": "Malzgasse 1", "clean_address": "1020 Wien, Malzgasse", "Wohnungen": 14, "Lokale": 1, "addr_key": "1020 wien, malzgasse", "distance_to_ugs": 86.215195490071821, "distance_to_ubs": 436.72660446883981, "building_id": 385, "index_right": 1392, "closest_ugbs_type": "L", "distance_to_ugbs": 86.215195490071821, "within_300m": true }, "geometry": { "type": "Point", "coordinates": [ 3321.937940241829438, 342444.039945184253156 ] } },
{ "type": "Feature", "properties": { "Hofname": "Im Werd 15", "clean_address": "1020 Wien, Im Werd", "Wohnungen": 13, "Lokale": 0, "addr_key": "1020 wien, im werd", "distance_to_ugs": 135.14948340549702, "distance_to_ubs": 185.69546332800084, "building_id": 386, "index_right": 1379, "closest_ugbs_type": "L", "distance_to_ugbs": 135.14948340549702, "within_300m": true }, "geometry": { "type": "Point", "coordinates": [ 3267.331803751379084, 342082.482606663368642 ] } },
{ "type": "Feature", "properties": { "Hofname": "Im Werd 4", "clean_address": "1020 Wien, Im Werd", "Wohnungen": 11, "Lokale": 2, "addr_key": "1020 wien, im werd", "distance_to_ugs": 135.14948340549702, "distance_to_ubs": 185.69546332800084, "building_id": 387, "index_right": 1379, "closest_ugbs_type": "L", "distance_to_ugbs": 135.14948340549702, "within_300m": true }, "geometry": { "type": "Point", "coordinates": [ 3267.331803751379084, 342082.482606663368642 ] } },
{ "type": "Feature", "properties": { "Hofname": "Untere Augartenstraße 23", "clean_address": "1020 Wien, Untere Augartenstraße", "Wohnungen": 41, "Lokale": 0, "addr_key": "1020 wien, untere augartenstraße", "distance_to_ugs": 169.68110391153431, "distance_to_ubs": 219.04120265570981, "building_id": 388, "index_right": 1391, "closest_ugbs_type": "L", "distance_to_ugbs": 169.68110391153431, "within_300m": true }, "geometry": { "type": "Point", "coordinates": [ 2978.409005955665179, 342457.200568954460323 ] } },
{ "type": "Feature", "properties": { "Hofname": "Große Schiffgasse 30", "clean_address": "1020 Wien, Große Schiffgasse", "Wohnungen": 19, "Lokale": 1, "addr_key": "1020 wien, große schiffgasse", "distance_to_ugs": 81.712956605934323, "distance_to_ubs": 112.40370005165292, "building_id": 389, "index_right": 588, "closest_ugbs_type": "R", "distance_to_ugbs": 81.712956605934323, "within_300m": true }, "geometry": { "type": "Point", "coordinates": [ 3233.778837487991495, 341981.145708407391794 ] } },
{ "type": "Feature", "properties": { "Hofname": "Lorbeergasse 6", "clean_address": "1030 Wien, Lorbeergasse", "Wohnungen": 27, "Lokale": 2, "addr_key": "1030 wien, lorbeergasse", "distance_to_ugs": 126.81087546716854, "distance_to_ubs": 278.27833196337832, "building_id": 390, "index_right": 1253, "closest_ugbs_type": "L", "distance_to_ugbs": 126.81087546716854, "within_300m": true }, "geometry": { "type": "Point", "coordinates": [ 4183.226923623008588, 341286.409067261964083 ] } },
{ "type": "Feature", "properties": { "Hofname": "Baumgasse 43", "clean_address": "1030 Wien, Baumgasse", "Wohnungen": 23, "Lokale": 0, "addr_key": "1030 wien, baumgasse", "distance_to_ugs": 131.89043348578784, "distance_to_ubs": 727.59631311603562, "building_id": 391, "index_right": 1218, "closest_ugbs_type": "L", "distance_to_ugbs": 131.89043348578784, "within_300m": true }, "geometry": { "type": "Point", "coordinates": [ 4932.291365103916178, 339694.190711117349565 ] } },
{ "type": "Feature", "properties": { "Hofname": "Drorygasse 8", "clean_address": "1030 Wien, Drorygasse", "Wohnungen": 110, "Lokale": 12, "addr_key": "1030 wien, drorygasse", "distance_to_ugs": 215.59894889775848, "distance_to_ubs": 255.24956043306952, "building_id": 392, "index_right": 1233, "closest_ugbs_type": "R", "distance_to_ugbs": 215.59894889775848, "within_300m": true }, "geometry": { "type": "Point", "coordinates": [ 5397.304472130334034, 340064.387211912311614 ] } },
{ "type": "Feature", "properties": { "Hofname": "Engelsberggasse 3", "clean_address": "1030 Wien, Engelsberggasse", "Wohnungen": 39, "Lokale": 1, "addr_key": "1030 wien, engelsberggasse", "distance_to_ugs": 130.76676823514319, "distance_to_ubs": 298.75236892114839, "building_id": 393, "index_right": 1222, "closest_ugbs_type": "L", "distance_to_ugbs": 130.76676823514319, "within_300m": true }, "geometry": { "type": "Point", "coordinates": [ 4154.078398064045359, 340041.329432625323534 ] } },
{ "type": "Feature", "properties": { "Hofname": "Riesgasse 4", "clean_address": "1030 Wien, Riesgasse", "Wohnungen": 38, "Lokale": 2, "addr_key": "1030 wien, riesgasse", "distance_to_ugs": 90.217268628914084, "distance_to_ubs": 264.19978928032475, "building_id": 394, "index_right": 1220, "closest_ugbs_type": "L", "distance_to_ugbs": 90.217268628914084, "within_300m": true }, "geometry": { "type": "Point", "coordinates": [ 4215.253239597231186, 340006.478146216832101 ] } },
{ "type": "Feature", "properties": { "Hofname": "Ludwig-Koeßler-Platz 3", "clean_address": "1030 Wien, Ludwig-Koeßler-Platz", "Wohnungen": 125, "Lokale": 16, "addr_key": "1030 wien, ludwig-koeßler-platz", "distance_to_ugs": 25.205663668573912, "distance_to_ubs": 96.345508822446888, "building_id": 395, "index_right": 1229, "closest_ugbs_type": "L", "distance_to_ugbs": 25.205663668573912, "within_300m": true }, "geometry": { "type": "Point", "coordinates": [ 5731.703177493824114, 339756.941743669100106 ] } },
{ "type": "Feature", "properties": { "Hofname": "Dietrichgasse 32-34", "clean_address": "1030 Wien, Dietrichgasse", "Wohnungen": 67, "Lokale": 1, "addr_key": "1030 wien, dietrichgasse", "distance_to_ugs": 186.40007988087623, "distance_to_ubs": 219.27553003017175, "building_id": 396, "index_right": 1233, "closest_ugbs_type": "R", "distance_to_ugbs": 186.40007988087623, "within_300m": true }, "geometry": { "type": "Point", "coordinates": [ 5221.954529614025887, 340194.509190475568175 ] } },
{ "type": "Feature", "properties": { "Hofname": "Khunngasse 6-8", "clean_address": "1030 Wien, Khunngasse", "Wohnungen": 43, "Lokale": 6, "addr_key": "1030 wien, khunngasse", "distance_to_ugs": 236.45574109675891, "distance_to_ubs": 310.46016685798469, "building_id": 397, "index_right": 517, "closest_ugbs_type": "L", "distance_to_ugbs": 236.45574109675891, "within_300m": true }, "geometry": { "type": "Point", "coordinates": [ 4125.02437056315739, 339090.58443652279675 ] } },
{ "type": "Feature", "properties": { "Hofname": "Hagenmüllergasse 25", "clean_address": "1030 Wien, Hagenmüllergasse", "Wohnungen": 68, "Lokale": 4, "addr_key": "1030 wien, hagenmüllergasse", "distance_to_ugs": 100.59520736778128, "distance_to_ubs": 303.90029465549424, "building_id": 398, "index_right": 1230, "closest_ugbs_type": "L", "distance_to_ugbs": 100.59520736778128, "within_300m": true }, "geometry": { "type": "Point", "coordinates": [ 5431.56262726643854, 339887.273510911501944 ] } },
{ "type": "Feature", "properties": { "Hofname": "Klopsteinplatz 6", "clean_address": "1030 Wien, Klopsteinplatz", "Wohnungen": 62, "Lokale": 4, "addr_key": "1030 wien, klopsteinplatz", "distance_to_ugs": 4.4024218533591117, "distance_to_ubs": 821.88148376320282, "building_id": 399, "index_right": 1218, "closest_ugbs_type": "L", "distance_to_ugbs": 4.4024218533591117, "within_300m": true }, "geometry": { "type": "Point", "coordinates": [ 5001.452798593485568, 339522.607107073068619 ] } },
{ "type": "Feature", "properties": { "Hofname": "Hagenmüllergasse 21-23", "clean_address": "1030 Wien, Hagenmüllergasse", "Wohnungen": 123, "Lokale": 9, "addr_key": "1030 wien, hagenmüllergasse", "distance_to_ugs": 100.59520736778128, "distance_to_ubs": 303.90029465549424, "building_id": 400, "index_right": 1230, "closest_ugbs_type": "L", "distance_to_ugbs": 100.59520736778128, "within_300m": true }, "geometry": { "type": "Point", "coordinates": [ 5431.56262726643854, 339887.273510911501944 ] } },
{ "type": "Feature", "properties": { "Hofname": "Eslarngasse 3-9", "clean_address": "1030 Wien, Eslarngasse", "Wohnungen": 85, "Lokale": 3, "addr_key": "1030 wien, eslarngasse", "distance_to_ugs": 204.94036179830258, "distance_to_ubs": 425.95849460535436, "building_id": 401, "index_right": 1219, "closest_ugbs_type": "L", "distance_to_ugbs": 204.94036179830258, "within_300m": true }, "geometry": { "type": "Point", "coordinates": [ 4607.746011112466476, 339586.255736134946346 ] } },
{ "type": "Feature", "properties": { "Hofname": "Weinlechnergasse 1", "clean_address": "1030 Wien, Weinlechnergasse", "Wohnungen": 26, "Lokale": 0, "addr_key": "1030 wien, weinlechnergasse", "distance_to_ugs": 24.79194133863372, "distance_to_ubs": 750.77976104357811, "building_id": 402, "index_right": 1218, "closest_ugbs_type": "L", "distance_to_ugbs": 24.79194133863372, "within_300m": true }, "geometry": { "type": "Point", "coordinates": [ 4936.958654139961254, 339558.648170111700892 ] } },
{ "type": "Feature", "properties": { "Hofname": "Khunngasse 20", "clean_address": "1030 Wien, Khunngasse", "Wohnungen": 16, "Lokale": 0, "addr_key": "1030 wien, khunngasse", "distance_to_ugs": 236.45574109675891, "distance_to_ubs": 310.46016685798469, "building_id": 403, "index_right": 517, "closest_ugbs_type": "L", "distance_to_ugbs": 236.45574109675891, "within_300m": true }, "geometry": { "type": "Point", "coordinates": [ 4125.02437056315739, 339090.58443652279675 ] } },
{ "type": "Feature", "properties": { "Hofname": "Göllnergasse 25", "clean_address": "1030 Wien, Göllnergasse", "Wohnungen": 10, "Lokale": 0, "addr_key": "1030 wien, göllnergasse", "distance_to_ugs": 182.30078966462403, "distance_to_ubs": 320.69081053720646, "building_id": 404, "index_right": 1231, "closest_ugbs_type": "L", "distance_to_ugbs": 182.30078966462403, "within_300m": true }, "geometry": { "type": "Point", "coordinates": [ 5250.166258482960075, 340081.915494926273823 ] } },
{ "type": "Feature", "properties": { "Hofname": "Weißgerberlände 24", "clean_address": "1030 Wien, Weißgerberlände", "Wohnungen": 23, "Lokale": 2, "addr_key": "1030 wien, weißgerberlände", "distance_to_ugs": 20.098011804841711, "distance_to_ubs": 56.677696361697997, "building_id": 405, "index_right": 1252, "closest_ugbs_type": "R", "distance_to_ugbs": 20.098011804841711, "within_300m": true }, "geometry": { "type": "Point", "coordinates": [ 4740.154351233543821, 340971.34398004040122 ] } },
{ "type": "Feature", "properties": { "Hofname": "Schützengasse 27-29", "clean_address": "1030 Wien, Schützengasse", "Wohnungen": 37, "Lokale": 2, "addr_key": "1030 wien, schützengasse", "distance_to_ugs": 122.79592681102875, "distance_to_ubs": 145.08905940793983, "building_id": 406, "index_right": 1217, "closest_ugbs_type": "L", "distance_to_ugbs": 122.79592681102875, "within_300m": true }, "geometry": { "type": "Point", "coordinates": [ 4228.275382163225913, 339577.242185366339982 ] } },
{ "type": "Feature", "properties": { "Hofname": "Alice-und-Heinrich-Scheuer-Hof", "clean_address": "1030 Wien, Neulinggasse", "Wohnungen": 55, "Lokale": 5, "addr_key": "1030 wien, neulinggasse", "distance_to_ugs": 32.554210350303975, "distance_to_ubs": 377.38258740357384, "building_id": 407, "index_right": 542, "closest_ugbs_type": "L", "distance_to_ugbs": 32.554210350303975, "within_300m": true }, "geometry": { "type": "Point", "coordinates": [ 3804.841964172685039, 340091.542288197204471 ] } },
{ "type": "Feature", "properties": { "Hofname": "Ziehrerplatz 8", "clean_address": "1030 Wien, Ziehrerplatz", "Wohnungen": 30, "Lokale": 1, "addr_key": "1030 wien, ziehrerplatz", "distance_to_ugs": 10.00468154322307, "distance_to_ubs": 512.3704916141121, "building_id": 408, "index_right": 1223, "closest_ugbs_type": "L", "distance_to_ugbs": 10.00468154322307, "within_300m": true }, "geometry": { "type": "Point", "coordinates": [ 4437.929744173505242, 340189.372654091566801 ] } },
{ "type": "Feature", "properties": { "Hofname": "Weißgerberlände 30-36", "clean_address": "1030 Wien, Weißgerberlände", "Wohnungen": 144, "Lokale": 12, "addr_key": "1030 wien, weißgerberlände", "distance_to_ugs": 20.098011804841711, "distance_to_ubs": 56.677696361697997, "building_id": 409, "index_right": 1252, "closest_ugbs_type": "R", "distance_to_ugbs": 20.098011804841711, "within_300m": true }, "geometry": { "type": "Point", "coordinates": [ 4740.154351233543821, 340971.34398004040122 ] } },
{ "type": "Feature", "properties": { "Hofname": "Landstraßer Hauptstraße 129", "clean_address": "1030 Wien, Landstraßer Hauptstraße", "Wohnungen": 9, "Lokale": 2, "addr_key": "1030 wien, landstraßer hauptstraße", "distance_to_ugs": 94.453395390573235, "distance_to_ubs": 291.96810703009032, "building_id": 410, "index_right": 548, "closest_ugbs_type": "L", "distance_to_ugbs": 94.453395390573235, "within_300m": true }, "geometry": { "type": "Point", "coordinates": [ 4013.113938745290852, 340781.342496252094861 ] } },
{ "type": "Feature", "properties": { "Hofname": "Marxergasse 12", "clean_address": "1030 Wien, Marxergasse", "Wohnungen": 32, "Lokale": 5, "addr_key": "1030 wien, marxergasse", "distance_to_ugs": 179.91189793705692, "distance_to_ubs": 138.12902647385422, "building_id": 411, "index_right": 2731, "closest_ugbs_type": "B", "distance_to_ugbs": 138.12902647385422, "within_300m": true }, "geometry": { "type": "Point", "coordinates": [ 3993.845306267989145, 341092.259296759963036 ] } },
{ "type": "Feature", "properties": { "Hofname": "Schlachthausgasse 44", "clean_address": "1030 Wien, Schlachthausgasse", "Wohnungen": 24, "Lokale": 1, "addr_key": "1030 wien, schlachthausgasse", "distance_to_ugs": 51.122327473966244, "distance_to_ubs": 120.32046694624211, "building_id": 412, "index_right": 1229, "closest_ugbs_type": "L", "distance_to_ugbs": 51.122327473966244, "within_300m": true }, "geometry": { "type": "Point", "coordinates": [ 5718.983666567962246, 339732.944955861195922 ] } },
{ "type": "Feature", "properties": { "Hofname": "Hainburger Straße 57+61", "clean_address": "1030 Wien, Hainburger Straße", "Wohnungen": 121, "Lokale": 16, "addr_key": "1030 wien, hainburger straße", "distance_to_ugs": 169.67594058660373, "distance_to_ubs": 470.71884115617604, "building_id": 413, "index_right": 1224, "closest_ugbs_type": "L", "distance_to_ugbs": 169.67594058660373, "within_300m": true }, "geometry": { "type": "Point", "coordinates": [ 4884.527715835411982, 340025.267835642211139 ] } },
{ "type": "Feature", "properties": { "Hofname": "Strohgasse 14f", "clean_address": "1030 Wien, Strohgasse", "Wohnungen": 35, "Lokale": 2, "addr_key": "1030 wien, strohgasse", "distance_to_ugs": 114.96273562153088, "distance_to_ubs": 355.3294617688822, "building_id": 414, "index_right": 543, "closest_ugbs_type": "L", "distance_to_ugbs": 114.96273562153088, "within_300m": true }, "geometry": { "type": "Point", "coordinates": [ 3918.574694075793104, 339981.096795823425055 ] } },
{ "type": "Feature", "properties": { "Hofname": "Barthgasse 5-7", "clean_address": "1030 Wien, Barthgasse", "Wohnungen": 36, "Lokale": 6, "addr_key": "1030 wien, barthgasse", "distance_to_ugs": 122.69157017048883, "distance_to_ubs": 442.86410728205971, "building_id": 415, "index_right": 1213, "closest_ugbs_type": "L", "distance_to_ugbs": 122.69157017048883, "within_300m": true }, "geometry": { "type": "Point", "coordinates": [ 5539.998376606726197, 339447.029780090786517 ] } },
{ "type": "Feature", "properties": { "Hofname": "Baumgasse 63-65", "clean_address": "1030 Wien, Baumgasse", "Wohnungen": 24, "Lokale": 0, "addr_key": "1030 wien, baumgasse", "distance_to_ugs": 131.89043348578784, "distance_to_ubs": 727.59631311603562, "building_id": 416, "index_right": 1218, "closest_ugbs_type": "L", "distance_to_ugbs": 131.89043348578784, "within_300m": true }, "geometry": { "type": "Point", "coordinates": [ 4932.291365103916178, 339694.190711117349565 ] } },
{ "type": "Feature", "properties": { "Hofname": "Kegelgasse 44", "clean_address": "1030 Wien, Kegelgasse", "Wohnungen": 27, "Lokale": 1, "addr_key": "1030 wien, kegelgasse", "distance_to_ugs": 175.37837513134485, "distance_to_ubs": 416.78115194441222, "building_id": 417, "index_right": 1253, "closest_ugbs_type": "L", "distance_to_ugbs": 175.37837513134485, "within_300m": true }, "geometry": { "type": "Point", "coordinates": [ 4373.783018812421687, 341004.051156525500119 ] } },
{ "type": "Feature", "properties": { "Hofname": "Rudolf-Häuser-Hof", "clean_address": "1030 Wien, Kleingasse", "Wohnungen": 125, "Lokale": 3, "addr_key": "1030 wien, kleingasse", "distance_to_ugs": 139.24008528515665, "distance_to_ubs": 522.54984810328529, "building_id": 418, "index_right": 1213, "closest_ugbs_type": "L", "distance_to_ugbs": 139.24008528515665, "within_300m": true }, "geometry": { "type": "Point", "coordinates": [ 5386.159419302607603, 339507.069273075088859 ] } },
{ "type": "Feature", "properties": { "Hofname": "Untere Weißgerberstraße 53-59", "clean_address": "1030 Wien, Untere Weißgerberstraße", "Wohnungen": 79, "Lokale": 2, "addr_key": "1030 wien, untere weißgerberstraße", "distance_to_ugs": 50.887561948158336, "distance_to_ubs": 77.214289940958139, "building_id": 419, "index_right": 1252, "closest_ugbs_type": "R", "distance_to_ugbs": 50.887561948158336, "within_300m": true }, "geometry": { "type": "Point", "coordinates": [ 4484.948779117462436, 341495.735628878697753 ] } },
{ "type": "Feature", "properties": { "Hofname": "Paracelsusgasse 4", "clean_address": "1030 Wien, Paracelsusgasse", "Wohnungen": 19, "Lokale": 1, "addr_key": "1030 wien, paracelsusgasse", "distance_to_ugs": 28.615861892586853, "distance_to_ubs": 184.55870278425334, "building_id": 420, "index_right": 1251, "closest_ugbs_type": "L", "distance_to_ugbs": 28.615861892586853, "within_300m": true }, "geometry": { "type": "Point", "coordinates": [ 4612.909586022727126, 340958.536840105429292 ] } },
{ "type": "Feature", "properties": { "Hofname": "Kölblgasse 36", "clean_address": "1030 Wien, Kölblgasse", "Wohnungen": 39, "Lokale": 1, "addr_key": "1030 wien, kölblgasse", "distance_to_ugs": 203.3731113848842, "distance_to_ubs": 256.27457912095008, "building_id": 421, "index_right": 519, "closest_ugbs_type": "R", "distance_to_ugbs": 203.3731113848842, "within_300m": true }, "geometry": { "type": "Point", "coordinates": [ 4102.143691499108172, 339169.452623167308047 ] } },
{ "type": "Feature", "properties": { "Hofname": "Am Modenapark 15", "clean_address": "1030 Wien, Am Modenapark", "Wohnungen": 27, "Lokale": 1, "addr_key": "1030 wien, am modenapark", "distance_to_ugs": 45.536019320943382, "distance_to_ubs": 636.76637981669546, "building_id": 422, "index_right": 1416, "closest_ugbs_type": "L", "distance_to_ugbs": 45.536019320943382, "within_300m": true }, "geometry": { "type": "Point", "coordinates": [ 4079.436060080062362, 342944.461228037951514 ] } },
{ "type": "Feature", "properties": { "Hofname": "Uchatiusgasse 10-12", "clean_address": "1030 Wien, Uchatiusgasse", "Wohnungen": 43, "Lokale": 2, "addr_key": "1030 wien, uchatiusgasse", "distance_to_ugs": 68.130480723960147, "distance_to_ubs": 492.92962615048873, "building_id": 423, "index_right": 1250, "closest_ugbs_type": "L", "distance_to_ugbs": 68.130480723960147, "within_300m": true }, "geometry": { "type": "Point", "coordinates": [ 4251.59726323410905, 340812.387568647041917 ] } },
{ "type": "Feature", "properties": { "Hofname": "Zaunergasse 12-14", "clean_address": "1030 Wien, Zaunergasse", "Wohnungen": 147, "Lokale": 6, "addr_key": "1030 wien, zaunergasse", "distance_to_ugs": 182.15958716627975, "distance_to_ubs": 259.75762256620976, "building_id": 424, "index_right": 542, "closest_ugbs_type": "L", "distance_to_ugbs": 182.15958716627975, "within_300m": true }, "geometry": { "type": "Point", "coordinates": [ 3542.538302623288018, 340056.183018857613206 ] } },
{ "type": "Feature", "properties": { "Hofname": "Schimmelgasse 23", "clean_address": "1030 Wien, Schimmelgasse", "Wohnungen": 47, "Lokale": 3, "addr_key": "1030 wien, schimmelgasse", "distance_to_ugs": 11.69878749716654, "distance_to_ubs": 727.34146802502789, "building_id": 425, "index_right": 1226, "closest_ugbs_type": "L", "distance_to_ugbs": 11.69878749716654, "within_300m": true }, "geometry": { "type": "Point", "coordinates": [ 5207.840588457673221, 339405.120862083102111 ] } },
{ "type": "Feature", "properties": { "Hofname": "Baumgasse 12", "clean_address": "1030 Wien, Baumgasse", "Wohnungen": 22, "Lokale": 5, "addr_key": "1030 wien, baumgasse", "distance_to_ugs": 131.89043348578784, "distance_to_ubs": 727.59631311603562, "building_id": 426, "index_right": 1218, "closest_ugbs_type": "L", "distance_to_ugbs": 131.89043348578784, "within_300m": true }, "geometry": { "type": "Point", "coordinates": [ 4932.291365103916178, 339694.190711117349565 ] } },
{ "type": "Feature", "properties": { "Hofname": "Gerlgasse 14", "clean_address": "1030 Wien, Gerlgasse", "Wohnungen": 111, "Lokale": 3, "addr_key": "1030 wien, gerlgasse", "distance_to_ugs": 12.216553950065864, "distance_to_ubs": 357.13983495155333, "building_id": 427, "index_right": 1216, "closest_ugbs_type": "L", "distance_to_ugbs": 12.216553950065864, "within_300m": true }, "geometry": { "type": "Point", "coordinates": [ 4261.154729812152254, 339367.629631913267076 ] } },
{ "type": "Feature", "properties": { "Hofname": "Salmgasse 19", "clean_address": "1030 Wien, Salmgasse", "Wohnungen": 48, "Lokale": 1, "addr_key": "1030 wien, salmgasse", "distance_to_ugs": 88.369414453335381, "distance_to_ubs": 512.00792616109368, "building_id": 428, "index_right": 1249, "closest_ugbs_type": "L", "distance_to_ugbs": 88.369414453335381, "within_300m": true }, "geometry": { "type": "Point", "coordinates": [ 4347.089541631404245, 340570.530814812867902 ] } },
{ "type": "Feature", "properties": { "Hofname": "Schlachthausgasse 39", "clean_address": "1030 Wien, Schlachthausgasse", "Wohnungen": 109, "Lokale": 5, "addr_key": "1030 wien, schlachthausgasse", "distance_to_ugs": 51.122327473966244, "distance_to_ubs": 120.32046694624211, "building_id": 429, "index_right": 1229, "closest_ugbs_type": "L", "distance_to_ugbs": 51.122327473966244, "within_300m": true }, "geometry": { "type": "Point", "coordinates": [ 5718.983666567962246, 339732.944955861195922 ] } },
{ "type": "Feature", "properties": { "Hofname": "Kurt-Steyrer-Hof", "clean_address": "1030 Wien, Landstraßer Hauptstraße", "Wohnungen": 71, "Lokale": 15, "addr_key": "1030 wien, landstraßer hauptstraße", "distance_to_ugs": 94.453395390573235, "distance_to_ubs": 291.96810703009032, "building_id": 430, "index_right": 548, "closest_ugbs_type": "L", "distance_to_ugbs": 94.453395390573235, "within_300m": true }, "geometry": { "type": "Point", "coordinates": [ 4013.113938745290852, 340781.342496252094861 ] } },
{ "type": "Feature", "properties": { "Hofname": "Markhofgasse 20", "clean_address": "1030 Wien, Markhofgasse", "Wohnungen": 39, "Lokale": 4, "addr_key": "1030 wien, markhofgasse", "distance_to_ugs": 191.73543229350105, "distance_to_ubs": 376.17724134965624, "building_id": 431, "index_right": 1213, "closest_ugbs_type": "L", "distance_to_ugbs": 191.73543229350105, "within_300m": true }, "geometry": { "type": "Point", "coordinates": [ 5555.153887373578073, 339527.085146463592537 ] } },
{ "type": "Feature", "properties": { "Hofname": "Landstraßer Hauptstraße 173-175", "clean_address": "1030 Wien, Landstraßer Hauptstraße", "Wohnungen": 393, "Lokale": 41, "addr_key": "1030 wien, landstraßer hauptstraße", "distance_to_ugs": 94.453395390573235, "distance_to_ubs": 291.96810703009032, "building_id": 432, "index_right": 548, "closest_ugbs_type": "L", "distance_to_ugbs": 94.453395390573235, "within_300m": true }, "geometry": { "type": "Point", "coordinates": [ 4013.113938745290852, 340781.342496252094861 ] } },
{ "type": "Feature", "properties": { "Hofname": "Fasangasse 35-37", "clean_address": "1030 Wien, Fasangasse", "Wohnungen": 78, "Lokale": 7, "addr_key": "1030 wien, fasangasse", "distance_to_ugs": 79.173991889859238, "distance_to_ubs": 171.70734883816687, "building_id": 433, "index_right": 519, "closest_ugbs_type": "R", "distance_to_ugbs": 79.173991889859238, "within_300m": true }, "geometry": { "type": "Point", "coordinates": [ 4013.782203754030434, 339487.998380528762937 ] } },
{ "type": "Feature", "properties": { "Hofname": "Apostelgasse 19-21", "clean_address": "1030 Wien, Apostelgasse", "Wohnungen": 73, "Lokale": 2, "addr_key": "1030 wien, apostelgasse", "distance_to_ugs": 171.85015591847178, "distance_to_ubs": 480.86950300004514, "building_id": 434, "index_right": 1224, "closest_ugbs_type": "L", "distance_to_ugbs": 171.85015591847178, "within_300m": true }, "geometry": { "type": "Point", "coordinates": [ 4791.356249497578574, 340059.212035311269574 ] } },
{ "type": "Feature", "properties": { "Hofname": "Markhofgasse 12-18", "clean_address": "1030 Wien, Markhofgasse", "Wohnungen": 270, "Lokale": 8, "addr_key": "1030 wien, markhofgasse", "distance_to_ugs": 191.73543229350105, "distance_to_ubs": 376.17724134965624, "building_id": 435, "index_right": 1213, "closest_ugbs_type": "L", "distance_to_ugbs": 191.73543229350105, "within_300m": true }, "geometry": { "type": "Point", "coordinates": [ 5555.153887373578073, 339527.085146463592537 ] } },
{ "type": "Feature", "properties": { "Hofname": "Kollergasse 11-13", "clean_address": "1030 Wien, Kollergasse", "Wohnungen": 29, "Lokale": 0, "addr_key": "1030 wien, kollergasse", "distance_to_ugs": 178.69305011056522, "distance_to_ubs": 424.64294604881405, "building_id": 436, "index_right": 548, "closest_ugbs_type": "L", "distance_to_ugbs": 178.69305011056522, "within_300m": true }, "geometry": { "type": "Point", "coordinates": [ 4276.60364827448393, 341022.529935968108475 ] } },
{ "type": "Feature", "properties": { "Hofname": "Leonhardgasse 2-10", "clean_address": "1030 Wien, Leonhardgasse", "Wohnungen": 332, "Lokale": 25, "addr_key": "1030 wien, leonhardgasse", "distance_to_ugs": 39.131631531615312, "distance_to_ubs": 471.86975980453542, "building_id": 437, "index_right": 1228, "closest_ugbs_type": "L", "distance_to_ugbs": 39.131631531615312, "within_300m": true }, "geometry": { "type": "Point", "coordinates": [ 5349.343249087001823, 339675.507692056708038 ] } },
{ "type": "Feature", "properties": { "Hofname": "Hofmannsthalgasse 12-24", "clean_address": "1030 Wien, Hofmannsthalgasse", "Wohnungen": 290, "Lokale": 10, "addr_key": "1030 wien, hofmannsthalgasse", "distance_to_ugs": 76.198291839524046, "distance_to_ubs": 637.49252178758036, "building_id": 438, "index_right": 504, "closest_ugbs_type": "L", "distance_to_ugbs": 76.198291839524046, "within_300m": true }, "geometry": { "type": "Point", "coordinates": [ 4931.098927874633773, 338569.923332864418626 ] } },
{ "type": "Feature", "properties": { "Hofname": "Gestettengasse 21a", "clean_address": "1030 Wien, Gestettengasse", "Wohnungen": 15, "Lokale": 0, "addr_key": "1030 wien, gestettengasse", "distance_to_ugs": 25.401397071445192, "distance_to_ubs": 531.23621348333268, "building_id": 439, "index_right": 1231, "closest_ugbs_type": "L", "distance_to_ugbs": 25.401397071445192, "within_300m": true }, "geometry": { "type": "Point", "coordinates": [ 5205.593026112319421, 339831.07725372351706 ] } },
{ "type": "Feature", "properties": { "Hofname": "Markhofgasse 6", "clean_address": "1030 Wien, Markhofgasse", "Wohnungen": 29, "Lokale": 4, "addr_key": "1030 wien, markhofgasse", "distance_to_ugs": 191.73543229350105, "distance_to_ubs": 376.17724134965624, "building_id": 440, "index_right": 1213, "closest_ugbs_type": "L", "distance_to_ugbs": 191.73543229350105, "within_300m": true }, "geometry": { "type": "Point", "coordinates": [ 5555.153887373578073, 339527.085146463592537 ] } },
{ "type": "Feature", "properties": { "Hofname": "Kleingasse 2", "clean_address": "1030 Wien, Kleingasse", "Wohnungen": 43, "Lokale": 2, "addr_key": "1030 wien, kleingasse", "distance_to_ugs": 139.24008528515665, "distance_to_ubs": 522.54984810328529, "building_id": 441, "index_right": 1213, "closest_ugbs_type": "L", "distance_to_ugbs": 139.24008528515665, "within_300m": true }, "geometry": { "type": "Point", "coordinates": [ 5386.159419302607603, 339507.069273075088859 ] } },
{ "type": "Feature", "properties": { "Hofname": "Gestettengasse 17", "clean_address": "1030 Wien, Gestettengasse", "Wohnungen": 62, "Lokale": 5, "addr_key": "1030 wien, gestettengasse", "distance_to_ugs": 25.401397071445192, "distance_to_ubs": 531.23621348333268, "building_id": 442, "index_right": 1231, "closest_ugbs_type": "L", "distance_to_ugbs": 25.401397071445192, "within_300m": true }, "geometry": { "type": "Point", "coordinates": [ 5205.593026112319421, 339831.07725372351706 ] } },
{ "type": "Feature", "properties": { "Hofname": "Leonhardgasse 7-13", "clean_address": "1030 Wien, Leonhardgasse", "Wohnungen": 80, "Lokale": 2, "addr_key": "1030 wien, leonhardgasse", "distance_to_ugs": 39.131631531615312, "distance_to_ubs": 471.86975980453542, "building_id": 443, "index_right": 1228, "closest_ugbs_type": "L", "distance_to_ugbs": 39.131631531615312, "within_300m": true }, "geometry": { "type": "Point", "coordinates": [ 5349.343249087001823, 339675.507692056708038 ] } },
{ "type": "Feature", "properties": { "Hofname": "Erdbergstraße 16-28", "clean_address": "1030 Wien, Erdbergstraße", "Wohnungen": 87, "Lokale": 11, "addr_key": "1030 wien, erdbergstraße", "distance_to_ugs": 32.661596248341624, "distance_to_ubs": 388.90616272733695, "building_id": 444, "index_right": 1246, "closest_ugbs_type": "L", "distance_to_ugbs": 32.661596248341624, "within_300m": true }, "geometry": { "type": "Point", "coordinates": [ 4526.436314950803535, 340458.729057257063687 ] } },
{ "type": "Feature", "properties": { "Hofname": "Erdbergstraße 126-130", "clean_address": "1030 Wien, Erdbergstraße", "Wohnungen": 45, "Lokale": 10, "addr_key": "1030 wien, erdbergstraße", "distance_to_ugs": 32.661596248341624, "distance_to_ubs": 388.90616272733695, "building_id": 445, "index_right": 1246, "closest_ugbs_type": "L", "distance_to_ugbs": 32.661596248341624, "within_300m": true }, "geometry": { "type": "Point", "coordinates": [ 4526.436314950803535, 340458.729057257063687 ] } },
{ "type": "Feature", "properties": { "Hofname": "Aspangstraße 11-13", "clean_address": "1030 Wien, Aspangstraße", "Wohnungen": 23, "Lokale": 0, "addr_key": "1030 wien, aspangstraße", "distance_to_ugs": 24.397293255850368, "distance_to_ubs": 453.67886581535549, "building_id": 446, "index_right": 1215, "closest_ugbs_type": "L", "distance_to_ugbs": 24.397293255850368, "within_300m": true }, "geometry": { "type": "Point", "coordinates": [ 4436.572571092135149, 339333.205829319544137 ] } },
{ "type": "Feature", "properties": { "Hofname": "Erdbergstraße 134", "clean_address": "1030 Wien, Erdbergstraße", "Wohnungen": 11, "Lokale": 2, "addr_key": "1030 wien, erdbergstraße", "distance_to_ugs": 32.661596248341624, "distance_to_ubs": 388.90616272733695, "building_id": 447, "index_right": 1246, "closest_ugbs_type": "L", "distance_to_ugbs": 32.661596248341624, "within_300m": true }, "geometry": { "type": "Point", "coordinates": [ 4526.436314950803535, 340458.729057257063687 ] } },
{ "type": "Feature", "properties": { "Hofname": "Erdbergstraße 140-144", "clean_address": "1030 Wien, Erdbergstraße", "Wohnungen": 32, "Lokale": 5, "addr_key": "1030 wien, erdbergstraße", "distance_to_ugs": 32.661596248341624, "distance_to_ubs": 388.90616272733695, "building_id": 448, "index_right": 1246, "closest_ugbs_type": "L", "distance_to_ugbs": 32.661596248341624, "within_300m": true }, "geometry": { "type": "Point", "coordinates": [ 4526.436314950803535, 340458.729057257063687 ] } },
{ "type": "Feature", "properties": { "Hofname": "Kundmanngasse 30-32", "clean_address": "1030 Wien, Kundmanngasse", "Wohnungen": 30, "Lokale": 6, "addr_key": "1030 wien, kundmanngasse", "distance_to_ugs": 32.191636715211075, "distance_to_ubs": 488.19242207461332, "building_id": 449, "index_right": 1246, "closest_ugbs_type": "L", "distance_to_ugbs": 32.191636715211075, "within_300m": true }, "geometry": { "type": "Point", "coordinates": [ 4454.377876769131035, 340387.011105732992291 ] } },
{ "type": "Feature", "properties": { "Hofname": "Schlachthausgasse 3", "clean_address": "1030 Wien, Schlachthausgasse", "Wohnungen": 104, "Lokale": 7, "addr_key": "1030 wien, schlachthausgasse", "distance_to_ugs": 51.122327473966244, "distance_to_ubs": 120.32046694624211, "building_id": 450, "index_right": 1229, "closest_ugbs_type": "L", "distance_to_ugbs": 51.122327473966244, "within_300m": true }, "geometry": { "type": "Point", "coordinates": [ 5718.983666567962246, 339732.944955861195922 ] } },
{ "type": "Feature", "properties": { "Hofname": "Untere Weißgerberstraße 18", "clean_address": "1030 Wien, Untere Weißgerberstraße", "Wohnungen": 48, "Lokale": 6, "addr_key": "1030 wien, untere weißgerberstraße", "distance_to_ugs": 50.887561948158336, "distance_to_ubs": 77.214289940958139, "building_id": 451, "index_right": 1252, "closest_ugbs_type": "R", "distance_to_ugbs": 50.887561948158336, "within_300m": true }, "geometry": { "type": "Point", "coordinates": [ 4484.948779117462436, 341495.735628878697753 ] } },
{ "type": "Feature", "properties": { "Hofname": "Marie-Jahoda-Hof", "clean_address": "1030 Wien, Kegelgasse", "Wohnungen": 36, "Lokale": 4, "addr_key": "1030 wien, kegelgasse", "distance_to_ugs": 175.37837513134485, "distance_to_ubs": 416.78115194441222, "building_id": 452, "index_right": 1253, "closest_ugbs_type": "L", "distance_to_ugbs": 175.37837513134485, "within_300m": true }, "geometry": { "type": "Point", "coordinates": [ 4373.783018812421687, 341004.051156525500119 ] } },
{ "type": "Feature", "properties": { "Hofname": "Erdbergstraße 12-14", "clean_address": "1030 Wien, Erdbergstraße", "Wohnungen": 66, "Lokale": 10, "addr_key": "1030 wien, erdbergstraße", "distance_to_ugs": 32.661596248341624, "distance_to_ubs": 388.90616272733695, "building_id": 453, "index_right": 1246, "closest_ugbs_type": "L", "distance_to_ugbs": 32.661596248341624, "within_300m": true }, "geometry": { "type": "Point", "coordinates": [ 4526.436314950803535, 340458.729057257063687 ] } },
{ "type": "Feature", "properties": { "Hofname": "Pfarrhofgasse 14", "clean_address": "1030 Wien, Pfarrhofgasse", "Wohnungen": 15, "Lokale": 1, "addr_key": "1030 wien, pfarrhofgasse", "distance_to_ugs": 79.054091139656137, "distance_to_ubs": 643.65189930637496, "building_id": 454, "index_right": 1245, "closest_ugbs_type": "L", "distance_to_ugbs": 79.054091139656137, "within_300m": true }, "geometry": { "type": "Point", "coordinates": [ 4262.899163360515558, 340410.52611337788403 ] } },
{ "type": "Feature", "properties": { "Hofname": "Löwengasse 5", "clean_address": "1030 Wien, Löwengasse", "Wohnungen": 11, "Lokale": 2, "addr_key": "1030 wien, löwengasse", "distance_to_ugs": 101.55693674899969, "distance_to_ubs": 240.9266701732204, "building_id": 455, "index_right": 1253, "closest_ugbs_type": "L", "distance_to_ugbs": 101.55693674899969, "within_300m": true }, "geometry": { "type": "Point", "coordinates": [ 4509.491863439487133, 341149.436926707625389 ] } },
{ "type": "Feature", "properties": { "Hofname": "Trubelgasse 10", "clean_address": "1030 Wien, Trubelgasse", "Wohnungen": 26, "Lokale": 0, "addr_key": "1030 wien, trubelgasse", "distance_to_ugs": 86.062513401909158, "distance_to_ubs": 381.70132864569086, "building_id": 456, "index_right": 517, "closest_ugbs_type": "L", "distance_to_ugbs": 86.062513401909158, "within_300m": true }, "geometry": { "type": "Point", "coordinates": [ 4246.97368185821324, 338930.891943061724305 ] } },
{ "type": "Feature", "properties": { "Hofname": "Erdbergstraße 36", "clean_address": "1030 Wien, Erdbergstraße", "Wohnungen": 28, "Lokale": 3, "addr_key": "1030 wien, erdbergstraße", "distance_to_ugs": 32.661596248341624, "distance_to_ubs": 388.90616272733695, "building_id": 457, "index_right": 1246, "closest_ugbs_type": "L", "distance_to_ugbs": 32.661596248341624, "within_300m": true }, "geometry": { "type": "Point", "coordinates": [ 4526.436314950803535, 340458.729057257063687 ] } },
{ "type": "Feature", "properties": { "Hofname": "Arenberggasse 6", "clean_address": "1030 Wien, Arenberggasse", "Wohnungen": 18, "Lokale": 0, "addr_key": "1030 wien, arenberggasse", "distance_to_ugs": 75.517189127979748, "distance_to_ubs": 187.099522832318, "building_id": 458, "index_right": 1220, "closest_ugbs_type": "L", "distance_to_ugbs": 75.517189127979748, "within_300m": true }, "geometry": { "type": "Point", "coordinates": [ 4358.489904745054446, 339838.929875276051462 ] } },
{ "type": "Feature", "properties": { "Hofname": "Apostelgasse 35", "clean_address": "1030 Wien, Apostelgasse", "Wohnungen": 24, "Lokale": 0, "addr_key": "1030 wien, apostelgasse", "distance_to_ugs": 171.85015591847178, "distance_to_ubs": 480.86950300004514, "building_id": 459, "index_right": 1224, "closest_ugbs_type": "L", "distance_to_ugbs": 171.85015591847178, "within_300m": true }, "geometry": { "type": "Point", "coordinates": [ 4791.356249497578574, 340059.212035311269574 ] } },
{ "type": "Feature", "properties": { "Hofname": "Wällischgasse 10-12", "clean_address": "1030 Wien, Wällischgasse", "Wohnungen": 35, "Lokale": 0, "addr_key": "1030 wien, wällischgasse", "distance_to_ugs": 135.2690383663373, "distance_to_ubs": 217.746053649065, "building_id": 460, "index_right": 1229, "closest_ugbs_type": "L", "distance_to_ugbs": 135.2690383663373, "within_300m": true }, "geometry": { "type": "Point", "coordinates": [ 5625.872938275347224, 339697.3417704179883 ] } },
{ "type": "Feature", "properties": { "Hofname": "Matthäusgasse 3", "clean_address": "1030 Wien, Matthäusgasse", "Wohnungen": 14, "Lokale": 0, "addr_key": "1030 wien, matthäusgasse", "distance_to_ugs": 169.71719312369422, "distance_to_ubs": 224.79369583239034, "building_id": 461, "index_right": 1253, "closest_ugbs_type": "L", "distance_to_ugbs": 169.71719312369422, "within_300m": true }, "geometry": { "type": "Point", "coordinates": [ 4180.177185870614267, 341388.495095048099756 ] } },
{ "type": "Feature", "properties": { "Hofname": "Untere Weißgerberstraße 4", "clean_address": "1030 Wien, Untere Weißgerberstraße", "Wohnungen": 8, "Lokale": 0, "addr_key": "1030 wien, untere weißgerberstraße", "distance_to_ugs": 50.887561948158336, "distance_to_ubs": 77.214289940958139, "building_id": 462, "index_right": 1252, "closest_ugbs_type": "R", "distance_to_ugbs": 50.887561948158336, "within_300m": true }, "geometry": { "type": "Point", "coordinates": [ 4484.948779117462436, 341495.735628878697753 ] } },
{ "type": "Feature", "properties": { "Hofname": "Dietrichgasse 35-37", "clean_address": "1030 Wien, Dietrichgasse", "Wohnungen": 36, "Lokale": 0, "addr_key": "1030 wien, dietrichgasse", "distance_to_ugs": 186.40007988087623, "distance_to_ubs": 219.27553003017175, "building_id": 463, "index_right": 1233, "closest_ugbs_type": "R", "distance_to_ugbs": 186.40007988087623, "within_300m": true }, "geometry": { "type": "Point", "coordinates": [ 5221.954529614025887, 340194.509190475568175 ] } },
{ "type": "Feature", "properties": { "Hofname": "Blattgasse 5", "clean_address": "1030 Wien, Blattgasse", "Wohnungen": 43, "Lokale": 0, "addr_key": "1030 wien, blattgasse", "distance_to_ugs": 111.96302551655286, "distance_to_ubs": 307.94858011436799, "building_id": 464, "index_right": 1253, "closest_ugbs_type": "L", "distance_to_ugbs": 111.96302551655286, "within_300m": true }, "geometry": { "type": "Point", "coordinates": [ 4460.907007304780564, 341087.065418406389654 ] } },
{ "type": "Feature", "properties": { "Hofname": "Dietrichgasse 45", "clean_address": "1030 Wien, Dietrichgasse", "Wohnungen": 13, "Lokale": 0, "addr_key": "1030 wien, dietrichgasse", "distance_to_ugs": 186.40007988087623, "distance_to_ubs": 219.27553003017175, "building_id": 465, "index_right": 1233, "closest_ugbs_type": "R", "distance_to_ugbs": 186.40007988087623, "within_300m": true }, "geometry": { "type": "Point", "coordinates": [ 5221.954529614025887, 340194.509190475568175 ] } },
{ "type": "Feature", "properties": { "Hofname": "Haidingergasse 24", "clean_address": "1030 Wien, Haidingergasse", "Wohnungen": 25, "Lokale": 1, "addr_key": "1030 wien, haidingergasse", "distance_to_ugs": 170.5516897001371, "distance_to_ubs": 315.6622289867816, "building_id": 466, "index_right": 1224, "closest_ugbs_type": "L", "distance_to_ugbs": 170.5516897001371, "within_300m": true }, "geometry": { "type": "Point", "coordinates": [ 5079.243079084021701, 340132.292599578795489 ] } },
{ "type": "Feature", "properties": { "Hofname": "Würtzlerstraße 23", "clean_address": "1030 Wien, Würtzlerstraße", "Wohnungen": 21, "Lokale": 3, "addr_key": "1030 wien, würtzlerstraße", "distance_to_ugs": 158.09875660328433, "distance_to_ubs": 176.30978145287889, "building_id": 467, "index_right": 1229, "closest_ugbs_type": "L", "distance_to_ugbs": 158.09875660328433, "within_300m": true }, "geometry": { "type": "Point", "coordinates": [ 5743.438332557408103, 339620.216760263778269 ] } },
{ "type": "Feature", "properties": { "Hofname": "Kardinal-Nagl-Platz 6", "clean_address": "1030 Wien, Kardinal-Nagl-Platz", "Wohnungen": 38, "Lokale": 4, "addr_key": "1030 wien, kardinal-nagl-platz", "distance_to_ugs": 17.894411471945073, "distance_to_ubs": 495.58700946198707, "building_id": 468, "index_right": 1231, "closest_ugbs_type": "L", "distance_to_ugbs": 17.894411471945073, "within_300m": true }, "geometry": { "type": "Point", "coordinates": [ 5224.551102729857121, 339872.991748508997262 ] } },
{ "type": "Feature", "properties": { "Hofname": "Erdbergstraße 5-7", "clean_address": "1030 Wien, Erdbergstraße", "Wohnungen": 29, "Lokale": 2, "addr_key": "1030 wien, erdbergstraße", "distance_to_ugs": 32.661596248341624, "distance_to_ubs": 388.90616272733695, "building_id": 469, "index_right": 1246, "closest_ugbs_type": "L", "distance_to_ugbs": 32.661596248341624, "within_300m": true }, "geometry": { "type": "Point", "coordinates": [ 4526.436314950803535, 340458.729057257063687 ] } },
{ "type": "Feature", "properties": { "Hofname": "Graf-Starhemberg-Gasse 40-42", "clean_address": "1040 Wien, Graf-Starhemberg-Gasse", "Wohnungen": 75, "Lokale": 2, "addr_key": "1040 wien, graf-starhemberg-gasse", "distance_to_ugs": 23.182073952692843, "distance_to_ubs": 540.87872919749509, "building_id": 470, "index_right": 533, "closest_ugbs_type": "L", "distance_to_ugbs": 23.182073952692843, "within_300m": true }, "geometry": { "type": "Point", "coordinates": [ 2624.953512952705296, 339389.990840352140367 ] } },
{ "type": "Feature", "properties": { "Hofname": "Preßgasse 7", "clean_address": "1040 Wien, Preßgasse", "Wohnungen": 22, "Lokale": 5, "addr_key": "1040 wien, preßgasse", "distance_to_ugs": 64.283306591870698, "distance_to_ubs": 251.40987701420764, "building_id": 471, "index_right": 536, "closest_ugbs_type": "L", "distance_to_ugbs": 64.283306591870698, "within_300m": true }, "geometry": { "type": "Point", "coordinates": [ 2298.778477782140271, 339686.134235286153853 ] } },
{ "type": "Feature", "properties": { "Hofname": "Schelleingasse 1", "clean_address": "1040 Wien, Schelleingasse", "Wohnungen": 17, "Lokale": 1, "addr_key": "1040 wien, schelleingasse", "distance_to_ugs": 16.001677505417359, "distance_to_ubs": 858.28088489337517, "building_id": 472, "index_right": 524, "closest_ugbs_type": "L", "distance_to_ugbs": 16.001677505417359, "within_300m": true }, "geometry": { "type": "Point", "coordinates": [ 2881.735128263036131, 338646.231980272568762 ] } },
{ "type": "Feature", "properties": { "Hofname": "Margaretenstraße 40", "clean_address": "1040 Wien, Margaretenstraße", "Wohnungen": 21, "Lokale": 3, "addr_key": "1040 wien, margaretenstraße", "distance_to_ugs": 96.775774487699849, "distance_to_ubs": 143.47105626927487, "building_id": 473, "index_right": 451, "closest_ugbs_type": "L", "distance_to_ugbs": 96.775774487699849, "within_300m": true }, "geometry": { "type": "Point", "coordinates": [ 2090.650832834097855, 339319.445364778861403 ] } },
{ "type": "Feature", "properties": { "Hofname": "Autokaderstraße 3-7", "clean_address": "1210 Wien, Autokaderstraße", "Wohnungen": 973, "Lokale": 3, "addr_key": "1210 wien, autokaderstraße", "distance_to_ugs": 118.39689201534188, "distance_to_ubs": 177.05066440215057, "building_id": 474, "index_right": 1768, "closest_ugbs_type": "R", "distance_to_ugbs": 118.39689201534188, "within_300m": true }, "geometry": { "type": "Point", "coordinates": [ 3546.357165160519344, 349454.108377441589255 ] } },
{ "type": "Feature", "properties": { "Hofname": "Favoritenstraße 42", "clean_address": "1040 Wien, Favoritenstraße", "Wohnungen": 13, "Lokale": 4, "addr_key": "1040 wien, favoritenstraße", "distance_to_ugs": 149.53442820401852, "distance_to_ubs": 615.04850622325466, "building_id": 475, "index_right": 523, "closest_ugbs_type": "L", "distance_to_ugbs": 149.53442820401852, "within_300m": true }, "geometry": { "type": "Point", "coordinates": [ 3044.366896500619987, 338880.961575265042484 ] } },
{ "type": "Feature", "properties": { "Hofname": "Margaretenstraße 46", "clean_address": "1040 Wien, Margaretenstraße", "Wohnungen": 23, "Lokale": 2, "addr_key": "1040 wien, margaretenstraße", "distance_to_ugs": 96.775774487699849, "distance_to_ubs": 143.47105626927487, "building_id": 476, "index_right": 451, "closest_ugbs_type": "L", "distance_to_ugbs": 96.775774487699849, "within_300m": true }, "geometry": { "type": "Point", "coordinates": [ 2090.650832834097855, 339319.445364778861403 ] } },
{ "type": "Feature", "properties": { "Hofname": "Favoritenstraße 45", "clean_address": "1040 Wien, Favoritenstraße", "Wohnungen": 32, "Lokale": 4, "addr_key": "1040 wien, favoritenstraße", "distance_to_ugs": 149.53442820401852, "distance_to_ubs": 615.04850622325466, "building_id": 477, "index_right": 523, "closest_ugbs_type": "L", "distance_to_ugbs": 149.53442820401852, "within_300m": true }, "geometry": { "type": "Point", "coordinates": [ 3044.366896500619987, 338880.961575265042484 ] } },
{ "type": "Feature", "properties": { "Hofname": "Theresianumgasse 9", "clean_address": "1040 Wien, Theresianumgasse", "Wohnungen": 46, "Lokale": 2, "addr_key": "1040 wien, theresianumgasse", "distance_to_ugs": 25.061600836243088, "distance_to_ubs": 292.82585787261769, "building_id": 478, "index_right": 532, "closest_ugbs_type": "L", "distance_to_ugbs": 25.061600836243088, "within_300m": true }, "geometry": { "type": "Point", "coordinates": [ 3187.479980090198751, 339313.034129211679101 ] } },
{ "type": "Feature", "properties": { "Hofname": "Favoritenstraße 43", "clean_address": "1040 Wien, Favoritenstraße", "Wohnungen": 14, "Lokale": 2, "addr_key": "1040 wien, favoritenstraße", "distance_to_ugs": 149.53442820401852, "distance_to_ubs": 615.04850622325466, "building_id": 479, "index_right": 523, "closest_ugbs_type": "L", "distance_to_ugbs": 149.53442820401852, "within_300m": true }, "geometry": { "type": "Point", "coordinates": [ 3044.366896500619987, 338880.961575265042484 ] } },
{ "type": "Feature", "properties": { "Hofname": "Petzvalgasse 1-3", "clean_address": "1040 Wien, Petzvalgasse", "Wohnungen": 36, "Lokale": 2, "addr_key": "1040 wien, petzvalgasse", "distance_to_ugs": 43.414583513821292, "distance_to_ubs": 803.0236320193718, "building_id": 480, "index_right": 524, "closest_ugbs_type": "L", "distance_to_ugbs": 43.414583513821292, "within_300m": true }, "geometry": { "type": "Point", "coordinates": [ 2950.042538935572338, 338639.091230322606862 ] } },
{ "type": "Feature", "properties": { "Hofname": "Schelleingasse 18-20", "clean_address": "1040 Wien, Schelleingasse", "Wohnungen": 35, "Lokale": 2, "addr_key": "1040 wien, schelleingasse", "distance_to_ugs": 16.001677505417359, "distance_to_ubs": 858.28088489337517, "building_id": 481, "index_right": 524, "closest_ugbs_type": "L", "distance_to_ugbs": 16.001677505417359, "within_300m": true }, "geometry": { "type": "Point", "coordinates": [ 2881.735128263036131, 338646.231980272568762 ] } },
{ "type": "Feature", "properties": { "Hofname": "Schelleingasse 27-29", "clean_address": "1040 Wien, Schelleingasse", "Wohnungen": 39, "Lokale": 3, "addr_key": "1040 wien, schelleingasse", "distance_to_ugs": 16.001677505417359, "distance_to_ubs": 858.28088489337517, "building_id": 482, "index_right": 524, "closest_ugbs_type": "L", "distance_to_ugbs": 16.001677505417359, "within_300m": true }, "geometry": { "type": "Point", "coordinates": [ 2881.735128263036131, 338646.231980272568762 ] } },
{ "type": "Feature", "properties": { "Hofname": "Kolschitzkygasse 9-13", "clean_address": "1040 Wien, Kolschitzkygasse", "Wohnungen": 105, "Lokale": 12, "addr_key": "1040 wien, kolschitzkygasse", "distance_to_ugs": 69.384098180256615, "distance_to_ubs": 727.05208678366648, "building_id": 483, "index_right": 524, "closest_ugbs_type": "L", "distance_to_ugbs": 69.384098180256615, "within_300m": true }, "geometry": { "type": "Point", "coordinates": [ 2944.036402227651251, 338827.685420299880207 ] } },
{ "type": "Feature", "properties": { "Hofname": "Karolinengasse 24", "clean_address": "1040 Wien, Karolinengasse", "Wohnungen": 11, "Lokale": 0, "addr_key": "1040 wien, karolinengasse", "distance_to_ugs": 167.09227575807341, "distance_to_ubs": 551.23036388511389, "building_id": 484, "index_right": 528, "closest_ugbs_type": "L", "distance_to_ugbs": 167.09227575807341, "within_300m": true }, "geometry": { "type": "Point", "coordinates": [ 3040.543794965661164, 339054.11186489649117 ] } },
{ "type": "Feature", "properties": { "Hofname": "Rainergasse 26-28", "clean_address": "1040 Wien, Rainergasse", "Wohnungen": 54, "Lokale": 4, "addr_key": "1040 wien, rainergasse", "distance_to_ugs": 98.267247529576224, "distance_to_ubs": 522.15255405918174, "building_id": 485, "index_right": 522, "closest_ugbs_type": "L", "distance_to_ugbs": 98.267247529576224, "within_300m": true }, "geometry": { "type": "Point", "coordinates": [ 2452.642656801486737, 338770.069270956330001 ] } },
{ "type": "Feature", "properties": { "Hofname": "Belvederegasse 36-38", "clean_address": "1040 Wien, Belvederegasse", "Wohnungen": 55, "Lokale": 3, "addr_key": "1040 wien, belvederegasse", "distance_to_ugs": 122.40149785014417, "distance_to_ubs": 216.17661177015356, "building_id": 486, "index_right": 528, "closest_ugbs_type": "L", "distance_to_ugbs": 122.40149785014417, "within_300m": true }, "geometry": { "type": "Point", "coordinates": [ 3356.941029349044584, 339216.761115242727101 ] } },
{ "type": "Feature", "properties": { "Hofname": "Rainergasse 13", "clean_address": "1040 Wien, Rainergasse", "Wohnungen": 26, "Lokale": 0, "addr_key": "1040 wien, rainergasse", "distance_to_ugs": 98.267247529576224, "distance_to_ubs": 522.15255405918174, "building_id": 487, "index_right": 522, "closest_ugbs_type": "L", "distance_to_ugbs": 98.267247529576224, "within_300m": true }, "geometry": { "type": "Point", "coordinates": [ 2452.642656801486737, 338770.069270956330001 ] } },
{ "type": "Feature", "properties": { "Hofname": "Rechte Wienzeile 25-27", "clean_address": "1040 Wien, Rechte Wienzeile", "Wohnungen": 101, "Lokale": 12, "addr_key": "1040 wien, rechte wienzeile", "distance_to_ugs": 145.12642516443668, "distance_to_ubs": 19.599896065071921, "building_id": 488, "index_right": 2722, "closest_ugbs_type": "B", "distance_to_ugbs": 19.599896065071921, "within_300m": true }, "geometry": { "type": "Point", "coordinates": [ 2037.550598128613956, 339835.060620153148193 ] } },
{ "type": "Feature", "properties": { "Hofname": "Margaretenstraße 31", "clean_address": "1040 Wien, Margaretenstraße", "Wohnungen": 18, "Lokale": 3, "addr_key": "1040 wien, margaretenstraße", "distance_to_ugs": 96.775774487699849, "distance_to_ubs": 143.47105626927487, "building_id": 489, "index_right": 451, "closest_ugbs_type": "L", "distance_to_ugbs": 96.775774487699849, "within_300m": true }, "geometry": { "type": "Point", "coordinates": [ 2090.650832834097855, 339319.445364778861403 ] } },
{ "type": "Feature", "properties": { "Hofname": "Schelleingasse 28-30", "clean_address": "1040 Wien, Schelleingasse", "Wohnungen": 69, "Lokale": 2, "addr_key": "1040 wien, schelleingasse", "distance_to_ugs": 16.001677505417359, "distance_to_ubs": 858.28088489337517, "building_id": 490, "index_right": 524, "closest_ugbs_type": "L", "distance_to_ugbs": 16.001677505417359, "within_300m": true }, "geometry": { "type": "Point", "coordinates": [ 2881.735128263036131, 338646.231980272568762 ] } },
{ "type": "Feature", "properties": { "Hofname": "Rainergasse 23-25", "clean_address": "1040 Wien, Rainergasse", "Wohnungen": 39, "Lokale": 0, "addr_key": "1040 wien, rainergasse", "distance_to_ugs": 98.267247529576224, "distance_to_ubs": 522.15255405918174, "building_id": 491, "index_right": 522, "closest_ugbs_type": "L", "distance_to_ugbs": 98.267247529576224, "within_300m": true }, "geometry": { "type": "Point", "coordinates": [ 2452.642656801486737, 338770.069270956330001 ] } },
{ "type": "Feature", "properties": { "Hofname": "Schelleingasse 3", "clean_address": "1040 Wien, Schelleingasse", "Wohnungen": 18, "Lokale": 1, "addr_key": "1040 wien, schelleingasse", "distance_to_ugs": 16.001677505417359, "distance_to_ubs": 858.28088489337517, "building_id": 492, "index_right": 524, "closest_ugbs_type": "L", "distance_to_ugbs": 16.001677505417359, "within_300m": true }, "geometry": { "type": "Point", "coordinates": [ 2881.735128263036131, 338646.231980272568762 ] } },
{ "type": "Feature", "properties": { "Hofname": "Margaretenstraße 36", "clean_address": "1040 Wien, Margaretenstraße", "Wohnungen": 19, "Lokale": 2, "addr_key": "1040 wien, margaretenstraße", "distance_to_ugs": 96.775774487699849, "distance_to_ubs": 143.47105626927487, "building_id": 493, "index_right": 451, "closest_ugbs_type": "L", "distance_to_ugbs": 96.775774487699849, "within_300m": true }, "geometry": { "type": "Point", "coordinates": [ 2090.650832834097855, 339319.445364778861403 ] } },
{ "type": "Feature", "properties": { "Hofname": "Graf-Starhemberg-Gasse 35", "clean_address": "1040 Wien, Graf-Starhemberg-Gasse", "Wohnungen": 17, "Lokale": 1, "addr_key": "1040 wien, graf-starhemberg-gasse", "distance_to_ugs": 23.182073952692843, "distance_to_ubs": 540.87872919749509, "building_id": 494, "index_right": 533, "closest_ugbs_type": "L", "distance_to_ugbs": 23.182073952692843, "within_300m": true }, "geometry": { "type": "Point", "coordinates": [ 2624.953512952705296, 339389.990840352140367 ] } },
{ "type": "Feature", "properties": { "Hofname": "Paulanergasse 3", "clean_address": "1040 Wien, Paulanergasse", "Wohnungen": 37, "Lokale": 7, "addr_key": "1040 wien, paulanergasse", "distance_to_ugs": 70.544814889559674, "distance_to_ubs": 289.67661457456404, "building_id": 495, "index_right": 536, "closest_ugbs_type": "L", "distance_to_ugbs": 70.544814889559674, "within_300m": true }, "geometry": { "type": "Point", "coordinates": [ 2472.547172917974876, 339767.12521756067872 ] } },
{ "type": "Feature", "properties": { "Hofname": "Viktorgasse 4", "clean_address": "1040 Wien, Viktorgasse", "Wohnungen": 12, "Lokale": 0, "addr_key": "1040 wien, viktorgasse", "distance_to_ugs": 114.32104224971252, "distance_to_ubs": 510.25596635484402, "building_id": 496, "index_right": 528, "closest_ugbs_type": "L", "distance_to_ugbs": 114.32104224971252, "within_300m": true }, "geometry": { "type": "Point", "coordinates": [ 3097.99672361961575, 339050.892850325442851 ] } },
{ "type": "Feature", "properties": { "Hofname": "Goldeggasse 18", "clean_address": "1040 Wien, Goldeggasse", "Wohnungen": 24, "Lokale": 1, "addr_key": "1040 wien, goldeggasse", "distance_to_ugs": 46.456598096932737, "distance_to_ubs": 89.871032659954011, "building_id": 497, "index_right": 540, "closest_ugbs_type": "R", "distance_to_ugbs": 46.456598096932737, "within_300m": true }, "geometry": { "type": "Point", "coordinates": [ 3524.005016301498927, 339118.43694479635451 ] } },
{ "type": "Feature", "properties": { "Hofname": "Karolinengasse 14", "clean_address": "1040 Wien, Karolinengasse", "Wohnungen": 23, "Lokale": 0, "addr_key": "1040 wien, karolinengasse", "distance_to_ugs": 167.09227575807341, "distance_to_ubs": 551.23036388511389, "building_id": 498, "index_right": 528, "closest_ugbs_type": "L", "distance_to_ugbs": 167.09227575807341, "within_300m": true }, "geometry": { "type": "Point", "coordinates": [ 3040.543794965661164, 339054.11186489649117 ] } },
{ "type": "Feature", "properties": { "Hofname": "Karolinengasse 26", "clean_address": "1040 Wien, Karolinengasse", "Wohnungen": 20, "Lokale": 0, "addr_key": "1040 wien, karolinengasse", "distance_to_ugs": 167.09227575807341, "distance_to_ubs": 551.23036388511389, "building_id": 499, "index_right": 528, "closest_ugbs_type": "L", "distance_to_ugbs": 167.09227575807341, "within_300m": true }, "geometry": { "type": "Point", "coordinates": [ 3040.543794965661164, 339054.11186489649117 ] } },
{ "type": "Feature", "properties": { "Hofname": "Mommsengasse 18", "clean_address": "1040 Wien, Mommsengasse", "Wohnungen": 11, "Lokale": 0, "addr_key": "1040 wien, mommsengasse", "distance_to_ugs": 161.49439390360399, "distance_to_ubs": 198.47467320503924, "building_id": 500, "index_right": 540, "closest_ugbs_type": "R", "distance_to_ugbs": 161.49439390360399, "within_300m": true }, "geometry": { "type": "Point", "coordinates": [ 3447.951387715395867, 338988.661560161039233 ] } },
{ "type": "Feature", "properties": { "Hofname": "Karolinengasse 15", "clean_address": "1040 Wien, Karolinengasse", "Wohnungen": 17, "Lokale": 2, "addr_key": "1040 wien, karolinengasse", "distance_to_ugs": 167.09227575807341, "distance_to_ubs": 551.23036388511389, "building_id": 501, "index_right": 528, "closest_ugbs_type": "L", "distance_to_ugbs": 167.09227575807341, "within_300m": true }, "geometry": { "type": "Point", "coordinates": [ 3040.543794965661164, 339054.11186489649117 ] } },
{ "type": "Feature", "properties": { "Hofname": "Argentinierstraße 44", "clean_address": "1040 Wien, Argentinierstraße", "Wohnungen": 25, "Lokale": 1, "addr_key": "1040 wien, argentinierstraße", "distance_to_ugs": 84.152092247764969, "distance_to_ubs": 122.63656557428153, "building_id": 502, "index_right": 560, "closest_ugbs_type": "L", "distance_to_ugbs": 84.152092247764969, "within_300m": true }, "geometry": { "type": "Point", "coordinates": [ 2923.438266074388139, 339915.904120914638042 ] } },
{ "type": "Feature", "properties": { "Hofname": "Gießaufgasse 34", "clean_address": "1050 Wien, Gießaufgasse", "Wohnungen": 56, "Lokale": 0, "addr_key": "1050 wien, gießaufgasse", "distance_to_ugs": 32.347693547235686, "distance_to_ubs": 238.47646615941551, "building_id": 503, "index_right": 293, "closest_ugbs_type": "L", "distance_to_ugbs": 32.347693547235686, "within_300m": true }, "geometry": { "type": "Point", "coordinates": [ 1016.291625045058709, 338503.597528855316341 ] } },
{ "type": "Feature", "properties": { "Hofname": "Paletzgasse 15", "clean_address": "1160 Wien, Paletzgasse", "Wohnungen": 44, "Lokale": 0, "addr_key": "1160 wien, paletzgasse", "distance_to_ugs": 206.32497979964614, "distance_to_ubs": 947.95715180884827, "building_id": 504, "index_right": 788, "closest_ugbs_type": "L", "distance_to_ugbs": 206.32497979964614, "within_300m": true }, "geometry": { "type": "Point", "coordinates": [ -934.014144546476132, 342438.089583972468972 ] } },
{ "type": "Feature", "properties": { "Hofname": "Leystraße 23", "clean_address": "1200 Wien, Leystraße", "Wohnungen": 389, "Lokale": 8, "addr_key": "1200 wien, leystraße", "distance_to_ugs": 53.846529493701375, "distance_to_ubs": 476.05035703729948, "building_id": 505, "index_right": 1424, "closest_ugbs_type": "L", "distance_to_ugbs": 53.846529493701375, "within_300m": true }, "geometry": { "type": "Point", "coordinates": [ 3854.659140912664498, 344355.794644443318248 ] } },
{ "type": "Feature", "properties": { "Hofname": "Brandmayergasse 24", "clean_address": "1050 Wien, Brandmayergasse", "Wohnungen": 67, "Lokale": 7, "addr_key": "1050 wien, brandmayergasse", "distance_to_ugs": 122.08270647127655, "distance_to_ubs": 221.72794321204731, "building_id": 506, "index_right": 284, "closest_ugbs_type": "L", "distance_to_ugbs": 122.08270647127655, "within_300m": true }, "geometry": { "type": "Point", "coordinates": [ 1363.452250866656186, 338448.888487979769707 ] } },
{ "type": "Feature", "properties": { "Hofname": "Ernst-Hinterberger-Hof", "clean_address": "1050 Wien, Margaretengürtel", "Wohnungen": 105, "Lokale": 6, "addr_key": "1050 wien, margaretengürtel", "distance_to_ugs": 34.244047432008173, "distance_to_ubs": 68.035186572072945, "building_id": 507, "index_right": 293, "closest_ugbs_type": "L", "distance_to_ugbs": 34.244047432008173, "within_300m": true }, "geometry": { "type": "Point", "coordinates": [ 1219.871347216474078, 338129.880155824124813 ] } },
{ "type": "Feature", "properties": { "Hofname": "Fendigasse 19-21", "clean_address": "1050 Wien, Fendigasse", "Wohnungen": 72, "Lokale": 4, "addr_key": "1050 wien, fendigasse", "distance_to_ugs": 69.816440259941359, "distance_to_ubs": 279.58294254179657, "building_id": 508, "index_right": 282, "closest_ugbs_type": "L", "distance_to_ugbs": 69.816440259941359, "within_300m": true }, "geometry": { "type": "Point", "coordinates": [ 1487.118585491523845, 338237.37665889877826 ] } },
{ "type": "Feature", "properties": { "Hofname": "Rechte Wienzeile 71", "clean_address": "1050 Wien, Rechte Wienzeile", "Wohnungen": 50, "Lokale": 4, "addr_key": "1050 wien, rechte wienzeile", "distance_to_ugs": 145.12642516443668, "distance_to_ubs": 19.599896065071921, "building_id": 509, "index_right": 2722, "closest_ugbs_type": "B", "distance_to_ugbs": 19.599896065071921, "within_300m": true }, "geometry": { "type": "Point", "coordinates": [ 2037.550598128613956, 339835.060620153148193 ] } },
{ "type": "Feature", "properties": { "Hofname": "Gassergasse 24-26", "clean_address": "1050 Wien, Gassergasse", "Wohnungen": 59, "Lokale": 2, "addr_key": "1050 wien, gassergasse", "distance_to_ugs": 206.01587394977929, "distance_to_ubs": 697.56273232157412, "building_id": 510, "index_right": 520, "closest_ugbs_type": "L", "distance_to_ugbs": 206.01587394977929, "within_300m": true }, "geometry": { "type": "Point", "coordinates": [ 2202.945213709235304, 338251.369694246910512 ] } },
{ "type": "Feature", "properties": { "Hofname": "Brandmayergasse 27", "clean_address": "1050 Wien, Brandmayergasse", "Wohnungen": 81, "Lokale": 3, "addr_key": "1050 wien, brandmayergasse", "distance_to_ugs": 122.08270647127655, "distance_to_ubs": 221.72794321204731, "building_id": 511, "index_right": 284, "closest_ugbs_type": "L", "distance_to_ugbs": 122.08270647127655, "within_300m": true }, "geometry": { "type": "Point", "coordinates": [ 1363.452250866656186, 338448.888487979769707 ] } },
{ "type": "Feature", "properties": { "Hofname": "Gassergasse 48-50", "clean_address": "1050 Wien, Gassergasse", "Wohnungen": 51, "Lokale": 3, "addr_key": "1050 wien, gassergasse", "distance_to_ugs": 206.01587394977929, "distance_to_ubs": 697.56273232157412, "building_id": 512, "index_right": 520, "closest_ugbs_type": "L", "distance_to_ugbs": 206.01587394977929, "within_300m": true }, "geometry": { "type": "Point", "coordinates": [ 2202.945213709235304, 338251.369694246910512 ] } },
{ "type": "Feature", "properties": { "Hofname": "Hauslabgasse 25", "clean_address": "1050 Wien, Hauslabgasse", "Wohnungen": 29, "Lokale": 0, "addr_key": "1050 wien, hauslabgasse", "distance_to_ugs": 40.224813408779141, "distance_to_ubs": 726.33825527624958, "building_id": 513, "index_right": 520, "closest_ugbs_type": "L", "distance_to_ugbs": 40.224813408779141, "within_300m": true }, "geometry": { "type": "Point", "coordinates": [ 2281.152834453067953, 338397.75038121920079 ] } },
{ "type": "Feature", "properties": { "Hofname": "Hauslabgasse 24", "clean_address": "1050 Wien, Hauslabgasse", "Wohnungen": 29, "Lokale": 4, "addr_key": "1050 wien, hauslabgasse", "distance_to_ugs": 40.224813408779141, "distance_to_ubs": 726.33825527624958, "building_id": 514, "index_right": 520, "closest_ugbs_type": "L", "distance_to_ugbs": 40.224813408779141, "within_300m": true }, "geometry": { "type": "Point", "coordinates": [ 2281.152834453067953, 338397.75038121920079 ] } },
{ "type": "Feature", "properties": { "Hofname": "Wiedner Hauptstraße 103", "clean_address": "1050 Wien, Wiedner Hauptstraße", "Wohnungen": 9, "Lokale": 2, "addr_key": "1050 wien, wiedner hauptstraße", "distance_to_ugs": 72.522105443608609, "distance_to_ubs": 190.70462857285412, "building_id": 515, "index_right": 560, "closest_ugbs_type": "L", "distance_to_ugbs": 72.522105443608609, "within_300m": true }, "geometry": { "type": "Point", "coordinates": [ 2670.131189949794589, 340059.645894813351333 ] } },
{ "type": "Feature", "properties": { "Hofname": "Siebenbrunnengasse 76-80", "clean_address": "1050 Wien, Siebenbrunnengasse", "Wohnungen": 71, "Lokale": 5, "addr_key": "1050 wien, siebenbrunnengasse", "distance_to_ugs": 91.935252884924509, "distance_to_ubs": 292.89275753301808, "building_id": 516, "index_right": 431, "closest_ugbs_type": "L", "distance_to_ugbs": 91.935252884924509, "within_300m": true }, "geometry": { "type": "Point", "coordinates": [ 2129.690030687373564, 338881.729314144700766 ] } },
{ "type": "Feature", "properties": { "Hofname": "Gartengasse 9-11", "clean_address": "1050 Wien, Gartengasse", "Wohnungen": 45, "Lokale": 5, "addr_key": "1050 wien, gartengasse", "distance_to_ugs": 94.763902757923773, "distance_to_ubs": 200.79970038685502, "building_id": 517, "index_right": 431, "closest_ugbs_type": "L", "distance_to_ugbs": 94.763902757923773, "within_300m": true }, "geometry": { "type": "Point", "coordinates": [ 1987.706530470225744, 339024.959688537754118 ] } },
{ "type": "Feature", "properties": { "Hofname": "Blechturmgasse 23-27", "clean_address": "1050 Wien, Blechturmgasse", "Wohnungen": 78, "Lokale": 1, "addr_key": "1050 wien, blechturmgasse", "distance_to_ugs": 103.99164963822744, "distance_to_ubs": 554.01822845163895, "building_id": 518, "index_right": 522, "closest_ugbs_type": "L", "distance_to_ugbs": 103.99164963822744, "within_300m": true }, "geometry": { "type": "Point", "coordinates": [ 2474.831571057709425, 338747.015944893471897 ] } },
{ "type": "Feature", "properties": { "Hofname": "Laurenzgasse 14-18", "clean_address": "1050 Wien, Laurenzgasse", "Wohnungen": 105, "Lokale": 7, "addr_key": "1050 wien, laurenzgasse", "distance_to_ugs": 147.46156905042918, "distance_to_ubs": 883.65624915632532, "building_id": 519, "index_right": 520, "closest_ugbs_type": "L", "distance_to_ugbs": 147.46156905042918, "within_300m": true }, "geometry": { "type": "Point", "coordinates": [ 2445.133667484137732, 338352.175454020500183 ] } },
{ "type": "Feature", "properties": { "Hofname": "Reinprechtsdorfer Straße 51", "clean_address": "1050 Wien, Reinprechtsdorfer Straße", "Wohnungen": 17, "Lokale": 4, "addr_key": "1050 wien, reinprechtsdorfer straße", "distance_to_ugs": 128.76296331773838, "distance_to_ubs": 525.8775977033207, "building_id": 520, "index_right": 189, "closest_ugbs_type": "L", "distance_to_ugbs": 128.76296331773838, "within_300m": true }, "geometry": { "type": "Point", "coordinates": [ 1930.092796823569188, 338160.828616236336529 ] } },
{ "type": "Feature", "properties": { "Hofname": "Schönbrunner Straße 101", "clean_address": "1050 Wien, Schönbrunner Straße", "Wohnungen": 17, "Lokale": 2, "addr_key": "1050 wien, schönbrunner straße", "distance_to_ugs": 191.87642735106158, "distance_to_ubs": 246.27217118472174, "building_id": 521, "index_right": 536, "closest_ugbs_type": "L", "distance_to_ugbs": 191.87642735106158, "within_300m": true }, "geometry": { "type": "Point", "coordinates": [ 2148.891275522440992, 339629.296594545245171 ] } },
{ "type": "Feature", "properties": { "Hofname": "Leopold-Rister-Gasse 5", "clean_address": "1050 Wien, Leopold-Rister-Gasse", "Wohnungen": 103, "Lokale": 6, "addr_key": "1050 wien, leopold-rister-gasse", "distance_to_ugs": 4.5383671980580402, "distance_to_ubs": 497.61527283634791, "building_id": 522, "index_right": 189, "closest_ugbs_type": "L", "distance_to_ugbs": 4.5383671980580402, "within_300m": true }, "geometry": { "type": "Point", "coordinates": [ 1816.003390178334939, 338111.015448393300176 ] } },
{ "type": "Feature", "properties": { "Hofname": "Margaretengürtel 42", "clean_address": "1050 Wien, Margaretengürtel", "Wohnungen": 84, "Lokale": 0, "addr_key": "1050 wien, margaretengürtel", "distance_to_ugs": 34.244047432008173, "distance_to_ubs": 68.035186572072945, "building_id": 523, "index_right": 293, "closest_ugbs_type": "L", "distance_to_ugbs": 34.244047432008173, "within_300m": true }, "geometry": { "type": "Point", "coordinates": [ 1219.871347216474078, 338129.880155824124813 ] } },
{ "type": "Feature", "properties": { "Hofname": "Wiedner Hauptstraße 119", "clean_address": "1050 Wien, Wiedner Hauptstraße", "Wohnungen": 67, "Lokale": 3, "addr_key": "1050 wien, wiedner hauptstraße", "distance_to_ugs": 72.522105443608609, "distance_to_ubs": 190.70462857285412, "building_id": 524, "index_right": 560, "closest_ugbs_type": "L", "distance_to_ugbs": 72.522105443608609, "within_300m": true }, "geometry": { "type": "Point", "coordinates": [ 2670.131189949794589, 340059.645894813351333 ] } },
{ "type": "Feature", "properties": { "Hofname": "Hofgasse 2", "clean_address": "1050 Wien, Hofgasse", "Wohnungen": 17, "Lokale": 0, "addr_key": "1050 wien, hofgasse", "distance_to_ugs": 55.460473767723151, "distance_to_ubs": 143.83960593854661, "building_id": 525, "index_right": 451, "closest_ugbs_type": "L", "distance_to_ugbs": 55.460473767723151, "within_300m": true }, "geometry": { "type": "Point", "coordinates": [ 1948.145081841357296, 339175.438814550638199 ] } },
{ "type": "Feature", "properties": { "Hofname": "Spengergasse 30-32", "clean_address": "1050 Wien, Spengergasse", "Wohnungen": 33, "Lokale": 5, "addr_key": "1050 wien, spengergasse", "distance_to_ugs": 119.83368749483894, "distance_to_ubs": 48.583428014170515, "building_id": 526, "index_right": 2701, "closest_ugbs_type": "B", "distance_to_ugbs": 48.583428014170515, "within_300m": true }, "geometry": { "type": "Point", "coordinates": [ 1501.703367424470571, 339037.635088626295328 ] } },
{ "type": "Feature", "properties": { "Hofname": "Castelligasse 3", "clean_address": "1050 Wien, Castelligasse", "Wohnungen": 36, "Lokale": 4, "addr_key": "1050 wien, castelligasse", "distance_to_ugs": 86.038898969755991, "distance_to_ubs": 215.02017141648008, "building_id": 527, "index_right": 431, "closest_ugbs_type": "L", "distance_to_ugbs": 86.038898969755991, "within_300m": true }, "geometry": { "type": "Point", "coordinates": [ 1984.737242540694524, 339008.757768578827381 ] } },
{ "type": "Feature", "properties": { "Hofname": "Franzensgasse 7-9", "clean_address": "1050 Wien, Franzensgasse", "Wohnungen": 60, "Lokale": 11, "addr_key": "1050 wien, franzensgasse", "distance_to_ugs": 243.88820267718376, "distance_to_ubs": 308.88931873303665, "building_id": 528, "index_right": 531, "closest_ugbs_type": "L", "distance_to_ugbs": 243.88820267718376, "within_300m": true }, "geometry": { "type": "Point", "coordinates": [ 2163.784321817849559, 339486.749933787621558 ] } },
{ "type": "Feature", "properties": { "Hofname": "Gartengasse 7", "clean_address": "1050 Wien, Gartengasse", "Wohnungen": 10, "Lokale": 1, "addr_key": "1050 wien, gartengasse", "distance_to_ugs": 94.763902757923773, "distance_to_ubs": 200.79970038685502, "building_id": 529, "index_right": 431, "closest_ugbs_type": "L", "distance_to_ugbs": 94.763902757923773, "within_300m": true }, "geometry": { "type": "Point", "coordinates": [ 1987.706530470225744, 339024.959688537754118 ] } },
{ "type": "Feature", "properties": { "Hofname": "Franzensgasse 17", "clean_address": "1050 Wien, Franzensgasse", "Wohnungen": 23, "Lokale": 3, "addr_key": "1050 wien, franzensgasse", "distance_to_ugs": 243.88820267718376, "distance_to_ubs": 308.88931873303665, "building_id": 530, "index_right": 531, "closest_ugbs_type": "L", "distance_to_ugbs": 243.88820267718376, "within_300m": true }, "geometry": { "type": "Point", "coordinates": [ 2163.784321817849559, 339486.749933787621558 ] } },
{ "type": "Feature", "properties": { "Hofname": "Brandmayergasse 2", "clean_address": "1050 Wien, Brandmayergasse", "Wohnungen": 30, "Lokale": 2, "addr_key": "1050 wien, brandmayergasse", "distance_to_ugs": 122.08270647127655, "distance_to_ubs": 221.72794321204731, "building_id": 531, "index_right": 284, "closest_ugbs_type": "L", "distance_to_ugbs": 122.08270647127655, "within_300m": true }, "geometry": { "type": "Point", "coordinates": [ 1363.452250866656186, 338448.888487979769707 ] } },
{ "type": "Feature", "properties": { "Hofname": "Krongasse 18", "clean_address": "1050 Wien, Krongasse", "Wohnungen": 17, "Lokale": 1, "addr_key": "1050 wien, krongasse", "distance_to_ugs": 198.23383279764158, "distance_to_ubs": 256.78419482423811, "building_id": 532, "index_right": 531, "closest_ugbs_type": "L", "distance_to_ugbs": 198.23383279764158, "within_300m": true }, "geometry": { "type": "Point", "coordinates": [ 2180.961721539264545, 339430.958117413334548 ] } },
{ "type": "Feature", "properties": { "Hofname": "Kleine Neugasse 21", "clean_address": "1050 Wien, Kleine Neugasse", "Wohnungen": 19, "Lokale": 0, "addr_key": "1050 wien, kleine neugasse", "distance_to_ugs": 104.12428951271274, "distance_to_ubs": 282.06525458589374, "building_id": 533, "index_right": 531, "closest_ugbs_type": "L", "distance_to_ugbs": 104.12428951271274, "within_300m": true }, "geometry": { "type": "Point", "coordinates": [ 2285.536529759980567, 339412.468526226468384 ] } },
{ "type": "Feature", "properties": { "Hofname": "Einsiedlergasse 13", "clean_address": "1050 Wien, Einsiedlergasse", "Wohnungen": 12, "Lokale": 1, "addr_key": "1050 wien, einsiedlergasse", "distance_to_ugs": 126.81789552027875, "distance_to_ubs": 236.81416884459142, "building_id": 534, "index_right": 282, "closest_ugbs_type": "L", "distance_to_ugbs": 126.81789552027875, "within_300m": true }, "geometry": { "type": "Point", "coordinates": [ 1356.213132129092628, 338430.128643687814474 ] } },
{ "type": "Feature", "properties": { "Hofname": "Ziegelofengasse 24-26", "clean_address": "1050 Wien, Ziegelofengasse", "Wohnungen": 54, "Lokale": 2, "addr_key": "1050 wien, ziegelofengasse", "distance_to_ugs": 22.867268872102361, "distance_to_ubs": 203.70710685988203, "building_id": 535, "index_right": 526, "closest_ugbs_type": "L", "distance_to_ugbs": 22.867268872102361, "within_300m": true }, "geometry": { "type": "Point", "coordinates": [ 2265.520678170014435, 339028.851467068307102 ] } },
{ "type": "Feature", "properties": { "Hofname": "Embelgasse 53-55", "clean_address": "1050 Wien, Embelgasse", "Wohnungen": 25, "Lokale": 0, "addr_key": "1050 wien, embelgasse", "distance_to_ugs": 129.41255183466606, "distance_to_ubs": 336.2255407126994, "building_id": 536, "index_right": 188, "closest_ugbs_type": "L", "distance_to_ugbs": 129.41255183466606, "within_300m": true }, "geometry": { "type": "Point", "coordinates": [ 1545.707198278654914, 338174.931270589120686 ] } },
{ "type": "Feature", "properties": { "Hofname": "Amtshausgasse 3-5", "clean_address": "1050 Wien, Amtshausgasse", "Wohnungen": 49, "Lokale": 1, "addr_key": "1050 wien, amtshausgasse", "distance_to_ugs": 78.408227302438164, "distance_to_ubs": 99.761548753931052, "building_id": 537, "index_right": 433, "closest_ugbs_type": "L", "distance_to_ugbs": 78.408227302438164, "within_300m": true }, "geometry": { "type": "Point", "coordinates": [ 1269.726993518391509, 338902.467335978522897 ] } },
{ "type": "Feature", "properties": { "Hofname": "Grüngasse 14", "clean_address": "1050 Wien, Grüngasse", "Wohnungen": 18, "Lokale": 1, "addr_key": "1050 wien, grüngasse", "distance_to_ugs": 33.365707907954672, "distance_to_ubs": 132.16230002597553, "building_id": 538, "index_right": 454, "closest_ugbs_type": "L", "distance_to_ugbs": 33.365707907954672, "within_300m": true }, "geometry": { "type": "Point", "coordinates": [ 1771.53350346723505, 339546.56027616315987 ] } },
{ "type": "Feature", "properties": { "Hofname": "Leitgebgasse 3", "clean_address": "1050 Wien, Leitgebgasse", "Wohnungen": 11, "Lokale": 0, "addr_key": "1050 wien, leitgebgasse", "distance_to_ugs": 150.74789036039266, "distance_to_ubs": 174.37432314706348, "building_id": 539, "index_right": 283, "closest_ugbs_type": "L", "distance_to_ugbs": 150.74789036039266, "within_300m": true }, "geometry": { "type": "Point", "coordinates": [ 1604.67644071621794, 338372.181066473945975 ] } },
{ "type": "Feature", "properties": { "Hofname": "Gießaufgasse 26", "clean_address": "1050 Wien, Gießaufgasse", "Wohnungen": 11, "Lokale": 0, "addr_key": "1050 wien, gießaufgasse", "distance_to_ugs": 32.347693547235686, "distance_to_ubs": 238.47646615941551, "building_id": 540, "index_right": 293, "closest_ugbs_type": "L", "distance_to_ugbs": 32.347693547235686, "within_300m": true }, "geometry": { "type": "Point", "coordinates": [ 1016.291625045058709, 338503.597528855316341 ] } },
{ "type": "Feature", "properties": { "Hofname": "Margaretenstraße 140", "clean_address": "1050 Wien, Margaretenstraße", "Wohnungen": 51, "Lokale": 0, "addr_key": "1050 wien, margaretenstraße", "distance_to_ugs": 96.775774487699849, "distance_to_ubs": 143.47105626927487, "building_id": 541, "index_right": 451, "closest_ugbs_type": "L", "distance_to_ugbs": 96.775774487699849, "within_300m": true }, "geometry": { "type": "Point", "coordinates": [ 2090.650832834097855, 339319.445364778861403 ] } },
{ "type": "Feature", "properties": { "Hofname": "Rechte Wienzeile 69", "clean_address": "1050 Wien, Rechte Wienzeile", "Wohnungen": 19, "Lokale": 0, "addr_key": "1050 wien, rechte wienzeile", "distance_to_ugs": 145.12642516443668, "distance_to_ubs": 19.599896065071921, "building_id": 542, "index_right": 2722, "closest_ugbs_type": "B", "distance_to_ugbs": 19.599896065071921, "within_300m": true }, "geometry": { "type": "Point", "coordinates": [ 2037.550598128613956, 339835.060620153148193 ] } },
{ "type": "Feature", "properties": { "Hofname": "Jahngasse 34", "clean_address": "1050 Wien, Jahngasse", "Wohnungen": 13, "Lokale": 0, "addr_key": "1050 wien, jahngasse", "distance_to_ugs": 133.60339122779956, "distance_to_ubs": 555.9590223187912, "building_id": 543, "index_right": 286, "closest_ugbs_type": "L", "distance_to_ugbs": 133.60339122779956, "within_300m": true }, "geometry": { "type": "Point", "coordinates": [ 2125.122111465757371, 338517.855060172267258 ] } },
{ "type": "Feature", "properties": { "Hofname": "Brandmayergasse 4", "clean_address": "1050 Wien, Brandmayergasse", "Wohnungen": 21, "Lokale": 0, "addr_key": "1050 wien, brandmayergasse", "distance_to_ugs": 122.08270647127655, "distance_to_ubs": 221.72794321204731, "building_id": 544, "index_right": 284, "closest_ugbs_type": "L", "distance_to_ugbs": 122.08270647127655, "within_300m": true }, "geometry": { "type": "Point", "coordinates": [ 1363.452250866656186, 338448.888487979769707 ] } },
{ "type": "Feature", "properties": { "Hofname": "Jahngasse 32", "clean_address": "1050 Wien, Jahngasse", "Wohnungen": 13, "Lokale": 0, "addr_key": "1050 wien, jahngasse", "distance_to_ugs": 133.60339122779956, "distance_to_ubs": 555.9590223187912, "building_id": 545, "index_right": 286, "closest_ugbs_type": "L", "distance_to_ugbs": 133.60339122779956, "within_300m": true }, "geometry": { "type": "Point", "coordinates": [ 2125.122111465757371, 338517.855060172267258 ] } },
{ "type": "Feature", "properties": { "Hofname": "Wiedner Hauptstraße 132", "clean_address": "1050 Wien, Wiedner Hauptstraße", "Wohnungen": 20, "Lokale": 1, "addr_key": "1050 wien, wiedner hauptstraße", "distance_to_ugs": 72.522105443608609, "distance_to_ubs": 190.70462857285412, "building_id": 546, "index_right": 560, "closest_ugbs_type": "L", "distance_to_ugbs": 72.522105443608609, "within_300m": true }, "geometry": { "type": "Point", "coordinates": [ 2670.131189949794589, 340059.645894813351333 ] } },
{ "type": "Feature", "properties": { "Hofname": "Margaretenstraße 89", "clean_address": "1050 Wien, Margaretenstraße", "Wohnungen": 30, "Lokale": 3, "addr_key": "1050 wien, margaretenstraße", "distance_to_ugs": 96.775774487699849, "distance_to_ubs": 143.47105626927487, "building_id": 547, "index_right": 451, "closest_ugbs_type": "L", "distance_to_ugbs": 96.775774487699849, "within_300m": true }, "geometry": { "type": "Point", "coordinates": [ 2090.650832834097855, 339319.445364778861403 ] } },
{ "type": "Feature", "properties": { "Hofname": "Schönbrunner Straße 34", "clean_address": "1050 Wien, Schönbrunner Straße", "Wohnungen": 43, "Lokale": 3, "addr_key": "1050 wien, schönbrunner straße", "distance_to_ugs": 191.87642735106158, "distance_to_ubs": 246.27217118472174, "building_id": 548, "index_right": 536, "closest_ugbs_type": "L", "distance_to_ugbs": 191.87642735106158, "within_300m": true }, "geometry": { "type": "Point", "coordinates": [ 2148.891275522440992, 339629.296594545245171 ] } },
{ "type": "Feature", "properties": { "Hofname": "Hubert-Feilnreiter-Hof", "clean_address": "1060 Wien, Magdalenenstraße", "Wohnungen": 44, "Lokale": 3, "addr_key": "1060 wien, magdalenenstraße", "distance_to_ugs": 17.528662276691431, "distance_to_ubs": 150.10035494284159, "building_id": 549, "index_right": 455, "closest_ugbs_type": "L", "distance_to_ugbs": 17.528662276691431, "within_300m": true }, "geometry": { "type": "Point", "coordinates": [ 1489.74894394335729, 339530.113323857076466 ] } },
{ "type": "Feature", "properties": { "Hofname": "Dominikanergasse 5", "clean_address": "1060 Wien, Dominikanergasse", "Wohnungen": 18, "Lokale": 0, "addr_key": "1060 wien, dominikanergasse", "distance_to_ugs": 78.53535879482618, "distance_to_ubs": 163.80623153881453, "building_id": 550, "index_right": 441, "closest_ugbs_type": "L", "distance_to_ugbs": 78.53535879482618, "within_300m": true }, "geometry": { "type": "Point", "coordinates": [ 955.63598636264976, 339096.245680496096611 ] } },
{ "type": "Feature", "properties": { "Hofname": "Mollardgasse 75", "clean_address": "1060 Wien, Mollardgasse", "Wohnungen": 37, "Lokale": 5, "addr_key": "1060 wien, mollardgasse", "distance_to_ugs": 138.23968138516014, "distance_to_ubs": 112.93418314109454, "building_id": 551, "index_right": 2701, "closest_ugbs_type": "B", "distance_to_ugbs": 112.93418314109454, "within_300m": true }, "geometry": { "type": "Point", "coordinates": [ 1492.722243931127878, 339283.784570736810565 ] } },
{ "type": "Feature", "properties": { "Hofname": "Elfi-Dassanowsky-Hof", "clean_address": "1060 Wien, Magdalenenstraße", "Wohnungen": 26, "Lokale": 5, "addr_key": "1060 wien, magdalenenstraße", "distance_to_ugs": 17.528662276691431, "distance_to_ubs": 150.10035494284159, "building_id": 552, "index_right": 455, "closest_ugbs_type": "L", "distance_to_ugbs": 17.528662276691431, "within_300m": true }, "geometry": { "type": "Point", "coordinates": [ 1489.74894394335729, 339530.113323857076466 ] } },
{ "type": "Feature", "properties": { "Hofname": "Mollardgasse 28", "clean_address": "1060 Wien, Mollardgasse", "Wohnungen": 54, "Lokale": 9, "addr_key": "1060 wien, mollardgasse", "distance_to_ugs": 138.23968138516014, "distance_to_ubs": 112.93418314109454, "building_id": 553, "index_right": 2701, "closest_ugbs_type": "B", "distance_to_ugbs": 112.93418314109454, "within_300m": true }, "geometry": { "type": "Point", "coordinates": [ 1492.722243931127878, 339283.784570736810565 ] } },
{ "type": "Feature", "properties": { "Hofname": "Fillgradergasse 17-21", "clean_address": "1060 Wien, Fillgradergasse", "Wohnungen": 42, "Lokale": 1, "addr_key": "1060 wien, fillgradergasse", "distance_to_ugs": 169.66506563660877, "distance_to_ubs": 327.04839986654463, "building_id": 554, "index_right": 539, "closest_ugbs_type": "L", "distance_to_ugbs": 169.66506563660877, "within_300m": true }, "geometry": { "type": "Point", "coordinates": [ 1991.460633410245464, 340180.595455123111606 ] } },
{ "type": "Feature", "properties": { "Hofname": "Gumpendorfer Straße 86", "clean_address": "1060 Wien, Gumpendorfer Straße", "Wohnungen": 15, "Lokale": 2, "addr_key": "1060 wien, gumpendorfer straße", "distance_to_ugs": 100.28250086134237, "distance_to_ubs": 222.95498422059453, "building_id": 555, "index_right": 539, "closest_ugbs_type": "L", "distance_to_ugbs": 100.28250086134237, "within_300m": true }, "geometry": { "type": "Point", "coordinates": [ 2190.032209076577601, 340198.053104315069504 ] } },
{ "type": "Feature", "properties": { "Hofname": "Kaunitzgasse 11-13", "clean_address": "1060 Wien, Kaunitzgasse", "Wohnungen": 36, "Lokale": 2, "addr_key": "1060 wien, kaunitzgasse", "distance_to_ugs": 71.577530464501976, "distance_to_ubs": 143.62396392414203, "building_id": 556, "index_right": 459, "closest_ugbs_type": "L", "distance_to_ugbs": 71.577530464501976, "within_300m": true }, "geometry": { "type": "Point", "coordinates": [ 1632.745070660351757, 339845.90437469817698 ] } },
{ "type": "Feature", "properties": { "Hofname": "Mollardgasse 53-55", "clean_address": "1060 Wien, Mollardgasse", "Wohnungen": 53, "Lokale": 2, "addr_key": "1060 wien, mollardgasse", "distance_to_ugs": 138.23968138516014, "distance_to_ubs": 112.93418314109454, "building_id": 557, "index_right": 2701, "closest_ugbs_type": "B", "distance_to_ugbs": 112.93418314109454, "within_300m": true }, "geometry": { "type": "Point", "coordinates": [ 1492.722243931127878, 339283.784570736810565 ] } },
{ "type": "Feature", "properties": { "Hofname": "Garbergasse 5", "clean_address": "1060 Wien, Garbergasse", "Wohnungen": 22, "Lokale": 0, "addr_key": "1060 wien, garbergasse", "distance_to_ugs": 29.008958675157242, "distance_to_ubs": 558.1374524455689, "building_id": 558, "index_right": 449, "closest_ugbs_type": "L", "distance_to_ugbs": 29.008958675157242, "within_300m": true }, "geometry": { "type": "Point", "coordinates": [ 825.285865679154995, 339478.974960771389306 ] } },
{ "type": "Feature", "properties": { "Hofname": "Grabnergasse 11-13", "clean_address": "1060 Wien, Grabnergasse", "Wohnungen": 85, "Lokale": 6, "addr_key": "1060 wien, grabnergasse", "distance_to_ugs": 91.512409620299763, "distance_to_ubs": 247.54637760952107, "building_id": 559, "index_right": 439, "closest_ugbs_type": "L", "distance_to_ugbs": 91.512409620299763, "within_300m": true }, "geometry": { "type": "Point", "coordinates": [ 1244.48513955219164, 339254.571696887724102 ] } },
{ "type": "Feature", "properties": { "Hofname": "Johanna-Prangl-Hof", "clean_address": "1060 Wien, Damböckgasse", "Wohnungen": 81, "Lokale": 4, "addr_key": "1060 wien, damböckgasse", "distance_to_ugs": 90.31990872283022, "distance_to_ubs": 287.29413220327586, "building_id": 560, "index_right": 459, "closest_ugbs_type": "L", "distance_to_ugbs": 90.31990872283022, "within_300m": true }, "geometry": { "type": "Point", "coordinates": [ 1363.270977602240464, 339858.96871142834425 ] } },
{ "type": "Feature", "properties": { "Hofname": "Magdalenenstraße 9", "clean_address": "1060 Wien, Magdalenenstraße", "Wohnungen": 22, "Lokale": 4, "addr_key": "1060 wien, magdalenenstraße", "distance_to_ugs": 17.528662276691431, "distance_to_ubs": 150.10035494284159, "building_id": 561, "index_right": 455, "closest_ugbs_type": "L", "distance_to_ugbs": 17.528662276691431, "within_300m": true }, "geometry": { "type": "Point", "coordinates": [ 1489.74894394335729, 339530.113323857076466 ] } },
{ "type": "Feature", "properties": { "Hofname": "Meravigliagasse 5-7", "clean_address": "1060 Wien, Meravigliagasse", "Wohnungen": 24, "Lokale": 1, "addr_key": "1060 wien, meravigliagasse", "distance_to_ugs": 38.868473235318021, "distance_to_ubs": 181.66294158794543, "building_id": 562, "index_right": 427, "closest_ugbs_type": "L", "distance_to_ugbs": 38.868473235318021, "within_300m": true }, "geometry": { "type": "Point", "coordinates": [ 578.425437247874243, 339073.942405150271952 ] } },
{ "type": "Feature", "properties": { "Hofname": "Katharina-Lins-Hof", "clean_address": "1060 Wien, Gumpendorfer Straße", "Wohnungen": 15, "Lokale": 6, "addr_key": "1060 wien, gumpendorfer straße", "distance_to_ugs": 100.28250086134237, "distance_to_ubs": 222.95498422059453, "building_id": 563, "index_right": 539, "closest_ugbs_type": "L", "distance_to_ugbs": 100.28250086134237, "within_300m": true }, "geometry": { "type": "Point", "coordinates": [ 2190.032209076577601, 340198.053104315069504 ] } },
{ "type": "Feature", "properties": { "Hofname": "Kaunitzgasse 15-17", "clean_address": "1060 Wien, Kaunitzgasse", "Wohnungen": 29, "Lokale": 3, "addr_key": "1060 wien, kaunitzgasse", "distance_to_ugs": 71.577530464501976, "distance_to_ubs": 143.62396392414203, "building_id": 564, "index_right": 459, "closest_ugbs_type": "L", "distance_to_ugbs": 71.577530464501976, "within_300m": true }, "geometry": { "type": "Point", "coordinates": [ 1632.745070660351757, 339845.90437469817698 ] } },
{ "type": "Feature", "properties": { "Hofname": "Stumpergasse 42", "clean_address": "1060 Wien, Stumpergasse", "Wohnungen": 30, "Lokale": 6, "addr_key": "1060 wien, stumpergasse", "distance_to_ugs": 21.449918045208793, "distance_to_ubs": 383.75534983316095, "building_id": 565, "index_right": 452, "closest_ugbs_type": "L", "distance_to_ugbs": 21.449918045208793, "within_300m": true }, "geometry": { "type": "Point", "coordinates": [ 1031.040935074885056, 339341.027436647564173 ] } },
{ "type": "Feature", "properties": { "Hofname": "Millergasse 23", "clean_address": "1060 Wien, Millergasse", "Wohnungen": 22, "Lokale": 0, "addr_key": "1060 wien, millergasse", "distance_to_ugs": 16.224866254888312, "distance_to_ubs": 590.10525015407768, "building_id": 566, "index_right": 470, "closest_ugbs_type": "L", "distance_to_ugbs": 16.224866254888312, "within_300m": true }, "geometry": { "type": "Point", "coordinates": [ 790.804283026361986, 339507.936133567010984 ] } },
{ "type": "Feature", "properties": { "Hofname": "Stumpergasse 16", "clean_address": "1060 Wien, Stumpergasse", "Wohnungen": 53, "Lokale": 4, "addr_key": "1060 wien, stumpergasse", "distance_to_ugs": 21.449918045208793, "distance_to_ubs": 383.75534983316095, "building_id": 567, "index_right": 452, "closest_ugbs_type": "L", "distance_to_ugbs": 21.449918045208793, "within_300m": true }, "geometry": { "type": "Point", "coordinates": [ 1031.040935074885056, 339341.027436647564173 ] } },
{ "type": "Feature", "properties": { "Hofname": "Brauergasse 4", "clean_address": "1060 Wien, Brauergasse", "Wohnungen": 10, "Lokale": 0, "addr_key": "1060 wien, brauergasse", "distance_to_ugs": 119.05135140377031, "distance_to_ubs": 273.22617056749203, "building_id": 568, "index_right": 457, "closest_ugbs_type": "L", "distance_to_ugbs": 119.05135140377031, "within_300m": true }, "geometry": { "type": "Point", "coordinates": [ 1369.535763562504826, 339632.777731012552977 ] } },
{ "type": "Feature", "properties": { "Hofname": "Meravigliagasse 8", "clean_address": "1060 Wien, Meravigliagasse", "Wohnungen": 14, "Lokale": 0, "addr_key": "1060 wien, meravigliagasse", "distance_to_ugs": 38.868473235318021, "distance_to_ubs": 181.66294158794543, "building_id": 569, "index_right": 427, "closest_ugbs_type": "L", "distance_to_ugbs": 38.868473235318021, "within_300m": true }, "geometry": { "type": "Point", "coordinates": [ 578.425437247874243, 339073.942405150271952 ] } },
{ "type": "Feature", "properties": { "Hofname": "Malva-Schalek-Hof", "clean_address": "1060 Wien, Dürergasse", "Wohnungen": 15, "Lokale": 0, "addr_key": "1060 wien, dürergasse", "distance_to_ugs": 66.391693818899881, "distance_to_ubs": 91.09462966472654, "building_id": 570, "index_right": 458, "closest_ugbs_type": "L", "distance_to_ugbs": 66.391693818899881, "within_300m": true }, "geometry": { "type": "Point", "coordinates": [ 1710.150923132998514, 339838.272799113765359 ] } },
{ "type": "Feature", "properties": { "Hofname": "Linke Wienzeile 132", "clean_address": "1060 Wien, Linke Wienzeile", "Wohnungen": 26, "Lokale": 1, "addr_key": "1060 wien, linke wienzeile", "distance_to_ugs": 47.401238207036691, "distance_to_ubs": 33.020390008816896, "building_id": 571, "index_right": 2722, "closest_ugbs_type": "B", "distance_to_ugbs": 33.020390008816896, "within_300m": true }, "geometry": { "type": "Point", "coordinates": [ 2277.815287680655729, 340024.68136072345078 ] } },
{ "type": "Feature", "properties": { "Hofname": "Millergasse 39", "clean_address": "1060 Wien, Millergasse", "Wohnungen": 22, "Lokale": 1, "addr_key": "1060 wien, millergasse", "distance_to_ugs": 16.224866254888312, "distance_to_ubs": 590.10525015407768, "building_id": 572, "index_right": 470, "closest_ugbs_type": "L", "distance_to_ugbs": 16.224866254888312, "within_300m": true }, "geometry": { "type": "Point", "coordinates": [ 790.804283026361986, 339507.936133567010984 ] } },
{ "type": "Feature", "properties": { "Hofname": "Marchettigasse 16", "clean_address": "1060 Wien, Marchettigasse", "Wohnungen": 19, "Lokale": 0, "addr_key": "1060 wien, marchettigasse", "distance_to_ugs": 194.22620263220699, "distance_to_ubs": 229.66416785936579, "building_id": 573, "index_right": 439, "closest_ugbs_type": "L", "distance_to_ugbs": 194.22620263220699, "within_300m": true }, "geometry": { "type": "Point", "coordinates": [ 1350.375806443607189, 339278.074522365815938 ] } },
{ "type": "Feature", "properties": { "Hofname": "Liniengasse 27", "clean_address": "1060 Wien, Liniengasse", "Wohnungen": 22, "Lokale": 0, "addr_key": "1060 wien, liniengasse", "distance_to_ugs": 133.43484173213309, "distance_to_ubs": 321.50699023852189, "building_id": 574, "index_right": 441, "closest_ugbs_type": "L", "distance_to_ugbs": 133.43484173213309, "within_300m": true }, "geometry": { "type": "Point", "coordinates": [ 729.940633151373731, 339232.301799698732793 ] } },
{ "type": "Feature", "properties": { "Hofname": "Corneliusgasse 1", "clean_address": "1060 Wien, Corneliusgasse", "Wohnungen": 43, "Lokale": 4, "addr_key": "1060 wien, corneliusgasse", "distance_to_ugs": 77.291454440901376, "distance_to_ubs": 215.81988451323321, "building_id": 575, "index_right": 459, "closest_ugbs_type": "L", "distance_to_ugbs": 77.291454440901376, "within_300m": true }, "geometry": { "type": "Point", "coordinates": [ 1472.675989159502024, 339762.9513442767784 ] } },
{ "type": "Feature", "properties": { "Hofname": "Wallgasse 13", "clean_address": "1060 Wien, Wallgasse", "Wohnungen": 28, "Lokale": 1, "addr_key": "1060 wien, wallgasse", "distance_to_ugs": 82.069887588747193, "distance_to_ubs": 394.23741873991435, "building_id": 576, "index_right": 445, "closest_ugbs_type": "L", "distance_to_ugbs": 82.069887588747193, "within_300m": true }, "geometry": { "type": "Point", "coordinates": [ 516.317583794017082, 339280.361422309768386 ] } },
{ "type": "Feature", "properties": { "Hofname": "Bürgerspitalgasse 7", "clean_address": "1060 Wien, Bürgerspitalgasse", "Wohnungen": 37, "Lokale": 1, "addr_key": "1060 wien, bürgerspitalgasse", "distance_to_ugs": 147.44295007358181, "distance_to_ubs": 384.29266987001699, "building_id": 577, "index_right": 470, "closest_ugbs_type": "L", "distance_to_ugbs": 147.44295007358181, "within_300m": true }, "geometry": { "type": "Point", "coordinates": [ 795.704237398617465, 339301.683660801500082 ] } },
{ "type": "Feature", "properties": { "Hofname": "Mittelgasse 1", "clean_address": "1060 Wien, Mittelgasse", "Wohnungen": 30, "Lokale": 6, "addr_key": "1060 wien, mittelgasse", "distance_to_ugs": 120.2290262127962, "distance_to_ubs": 455.3354819790909, "building_id": 578, "index_right": 470, "closest_ugbs_type": "L", "distance_to_ugbs": 120.2290262127962, "within_300m": true }, "geometry": { "type": "Point", "coordinates": [ 650.479286261536913, 339358.353387989627663 ] } },
{ "type": "Feature", "properties": { "Hofname": "Mittelgasse 25", "clean_address": "1060 Wien, Mittelgasse", "Wohnungen": 37, "Lokale": 2, "addr_key": "1060 wien, mittelgasse", "distance_to_ugs": 120.2290262127962, "distance_to_ubs": 455.3354819790909, "building_id": 579, "index_right": 470, "closest_ugbs_type": "L", "distance_to_ugbs": 120.2290262127962, "within_300m": true }, "geometry": { "type": "Point", "coordinates": [ 650.479286261536913, 339358.353387989627663 ] } },
{ "type": "Feature", "properties": { "Hofname": "Bernardgasse 38", "clean_address": "1070 Wien, Bernardgasse", "Wohnungen": 21, "Lokale": 4, "addr_key": "1070 wien, bernardgasse", "distance_to_ugs": 85.743827515028997, "distance_to_ubs": 860.86076924705503, "building_id": 580, "index_right": 708, "closest_ugbs_type": "L", "distance_to_ugbs": 85.743827515028997, "within_300m": true }, "geometry": { "type": "Point", "coordinates": [ 840.747167798621035, 340912.999163362197578 ] } },
{ "type": "Feature", "properties": { "Hofname": "Neustiftgasse 143", "clean_address": "1070 Wien, Neustiftgasse", "Wohnungen": 37, "Lokale": 3, "addr_key": "1070 wien, neustiftgasse", "distance_to_ugs": 101.74553679666505, "distance_to_ubs": 402.52887609865712, "building_id": 581, "index_right": 722, "closest_ugbs_type": "L", "distance_to_ugbs": 101.74553679666505, "within_300m": true }, "geometry": { "type": "Point", "coordinates": [ 1313.257514558214098, 340751.52597057481762 ] } },
{ "type": "Feature", "properties": { "Hofname": "Neustiftgasse 14", "clean_address": "1070 Wien, Neustiftgasse", "Wohnungen": 17, "Lokale": 4, "addr_key": "1070 wien, neustiftgasse", "distance_to_ugs": 101.74553679666505, "distance_to_ubs": 402.52887609865712, "building_id": 582, "index_right": 722, "closest_ugbs_type": "L", "distance_to_ugbs": 101.74553679666505, "within_300m": true }, "geometry": { "type": "Point", "coordinates": [ 1313.257514558214098, 340751.52597057481762 ] } },
{ "type": "Feature", "properties": { "Hofname": "Mondscheingasse 9", "clean_address": "1070 Wien, Mondscheingasse", "Wohnungen": 18, "Lokale": 2, "addr_key": "1070 wien, mondscheingasse", "distance_to_ugs": 178.63427195837076, "distance_to_ubs": 322.78732591178647, "building_id": 583, "index_right": 553, "closest_ugbs_type": "L", "distance_to_ugbs": 178.63427195837076, "within_300m": true }, "geometry": { "type": "Point", "coordinates": [ 1283.933299182089968, 340295.338079460896552 ] } },
{ "type": "Feature", "properties": { "Hofname": "Bernardgasse 10", "clean_address": "1070 Wien, Bernardgasse", "Wohnungen": 10, "Lokale": 1, "addr_key": "1070 wien, bernardgasse", "distance_to_ugs": 85.743827515028997, "distance_to_ubs": 860.86076924705503, "building_id": 584, "index_right": 708, "closest_ugbs_type": "L", "distance_to_ugbs": 85.743827515028997, "within_300m": true }, "geometry": { "type": "Point", "coordinates": [ 840.747167798621035, 340912.999163362197578 ] } },
{ "type": "Feature", "properties": { "Hofname": "Neustiftgasse 43", "clean_address": "1070 Wien, Neustiftgasse", "Wohnungen": 35, "Lokale": 4, "addr_key": "1070 wien, neustiftgasse", "distance_to_ugs": 101.74553679666505, "distance_to_ubs": 402.52887609865712, "building_id": 585, "index_right": 722, "closest_ugbs_type": "L", "distance_to_ugbs": 101.74553679666505, "within_300m": true }, "geometry": { "type": "Point", "coordinates": [ 1313.257514558214098, 340751.52597057481762 ] } },
{ "type": "Feature", "properties": { "Hofname": "Stollgasse 1", "clean_address": "1070 Wien, Stollgasse", "Wohnungen": 96, "Lokale": 2, "addr_key": "1070 wien, stollgasse", "distance_to_ugs": 255.8294018112932, "distance_to_ubs": 740.09756684306888, "building_id": 586, "index_right": 485, "closest_ugbs_type": "L", "distance_to_ugbs": 255.8294018112932, "within_300m": true }, "geometry": { "type": "Point", "coordinates": [ 795.146521598480831, 340070.616747754625976 ] } },
{ "type": "Feature", "properties": { "Hofname": "Neustiftgasse 89-91", "clean_address": "1070 Wien, Neustiftgasse", "Wohnungen": 67, "Lokale": 4, "addr_key": "1070 wien, neustiftgasse", "distance_to_ugs": 101.74553679666505, "distance_to_ubs": 402.52887609865712, "building_id": 587, "index_right": 722, "closest_ugbs_type": "L", "distance_to_ugbs": 101.74553679666505, "within_300m": true }, "geometry": { "type": "Point", "coordinates": [ 1313.257514558214098, 340751.52597057481762 ] } },
{ "type": "Feature", "properties": { "Hofname": "Westbahnstraße 1", "clean_address": "1070 Wien, Westbahnstraße", "Wohnungen": 51, "Lokale": 20, "addr_key": "1070 wien, westbahnstraße", "distance_to_ugs": 186.72346174260539, "distance_to_ubs": 737.89377661840103, "building_id": 588, "index_right": 485, "closest_ugbs_type": "L", "distance_to_ugbs": 186.72346174260539, "within_300m": true }, "geometry": { "type": "Point", "coordinates": [ 860.212885568145566, 340391.052642393857241 ] } },
{ "type": "Feature", "properties": { "Hofname": "Hermanngasse 9", "clean_address": "1070 Wien, Hermanngasse", "Wohnungen": 26, "Lokale": 5, "addr_key": "1070 wien, hermanngasse", "distance_to_ugs": 210.78255081645702, "distance_to_ubs": 562.16865078394494, "building_id": 589, "index_right": 720, "closest_ugbs_type": "L", "distance_to_ugbs": 210.78255081645702, "within_300m": true }, "geometry": { "type": "Point", "coordinates": [ 1112.39559901059306, 340463.192869607359171 ] } },
{ "type": "Feature", "properties": { "Hofname": "Lindengasse 57", "clean_address": "1070 Wien, Lindengasse", "Wohnungen": 25, "Lokale": 5, "addr_key": "1070 wien, lindengasse", "distance_to_ugs": 214.90192499829993, "distance_to_ubs": 199.76329999109748, "building_id": 590, "index_right": 2723, "closest_ugbs_type": "B", "distance_to_ugbs": 199.76329999109748, "within_300m": true }, "geometry": { "type": "Point", "coordinates": [ 1364.77640296852951, 340197.011991300620139 ] } },
{ "type": "Feature", "properties": { "Hofname": "Badhausgasse 5-7", "clean_address": "1070 Wien, Badhausgasse", "Wohnungen": 20, "Lokale": 1, "addr_key": "1070 wien, badhausgasse", "distance_to_ugs": 82.476928999794325, "distance_to_ubs": 807.45349630940063, "building_id": 591, "index_right": 708, "closest_ugbs_type": "L", "distance_to_ugbs": 82.476928999794325, "within_300m": true }, "geometry": { "type": "Point", "coordinates": [ 900.796810678142037, 340976.886638204567134 ] } },
{ "type": "Feature", "properties": { "Hofname": "Lerchenfelder Straße 33", "clean_address": "1070 Wien, Lerchenfelder Straße", "Wohnungen": 14, "Lokale": 1, "addr_key": "1070 wien, lerchenfelder straße", "distance_to_ugs": 33.003102322145644, "distance_to_ubs": 85.142928983041543, "building_id": 592, "index_right": 723, "closest_ugbs_type": "L", "distance_to_ugbs": 33.003102322145644, "within_300m": true }, "geometry": { "type": "Point", "coordinates": [ 1649.429877779753951, 340933.771139672957361 ] } },
{ "type": "Feature", "properties": { "Hofname": "Schottenfeldgasse 37", "clean_address": "1070 Wien, Schottenfeldgasse", "Wohnungen": 19, "Lokale": 0, "addr_key": "1070 wien, schottenfeldgasse", "distance_to_ugs": 184.39415572718411, "distance_to_ubs": 704.12081601884586, "building_id": 593, "index_right": 477, "closest_ugbs_type": "L", "distance_to_ugbs": 184.39415572718411, "within_300m": true }, "geometry": { "type": "Point", "coordinates": [ 867.338701554892737, 339865.961481811595149 ] } },
{ "type": "Feature", "properties": { "Hofname": "Feldgasse 19", "clean_address": "1080 Wien, Feldgasse", "Wohnungen": 16, "Lokale": 2, "addr_key": "1080 wien, feldgasse", "distance_to_ugs": 32.313368376812136, "distance_to_ubs": 456.97020509362187, "building_id": 594, "index_right": 19, "closest_ugbs_type": "R", "distance_to_ugbs": 32.313368376812136, "within_300m": true }, "geometry": { "type": "Point", "coordinates": [ -5891.37567839104122, 332918.339412432047538 ] } },
{ "type": "Feature", "properties": { "Hofname": "Kochgasse 25", "clean_address": "1080 Wien, Kochgasse", "Wohnungen": 35, "Lokale": 2, "addr_key": "1080 wien, kochgasse", "distance_to_ugs": 89.154676947567623, "distance_to_ubs": 343.34139113707272, "building_id": 595, "index_right": 760, "closest_ugbs_type": "L", "distance_to_ugbs": 89.154676947567623, "within_300m": true }, "geometry": { "type": "Point", "coordinates": [ 1282.066975204542132, 341677.567753062583506 ] } },
{ "type": "Feature", "properties": { "Hofname": "Albertplatz 7", "clean_address": "1080 Wien, Albertplatz", "Wohnungen": 52, "Lokale": 2, "addr_key": "1080 wien, albertplatz", "distance_to_ugs": 3.1192928957624826, "distance_to_ubs": 635.73665387283268, "building_id": 596, "index_right": 775, "closest_ugbs_type": "L", "distance_to_ugbs": 3.1192928957624826, "within_300m": true }, "geometry": { "type": "Point", "coordinates": [ 899.246355576765154, 341724.160851726308465 ] } },
{ "type": "Feature", "properties": { "Hofname": "Pfeilgasse 10-12", "clean_address": "1080 Wien, Pfeilgasse", "Wohnungen": 60, "Lokale": 7, "addr_key": "1080 wien, pfeilgasse", "distance_to_ugs": 144.45847240206717, "distance_to_ubs": 609.34953399619769, "building_id": 597, "index_right": 730, "closest_ugbs_type": "L", "distance_to_ugbs": 144.45847240206717, "within_300m": true }, "geometry": { "type": "Point", "coordinates": [ 1145.072417059761847, 341114.132152881473303 ] } },
{ "type": "Feature", "properties": { "Hofname": "Neudeggergasse 12", "clean_address": "1080 Wien, Neudeggergasse", "Wohnungen": 21, "Lokale": 0, "addr_key": "1080 wien, neudeggergasse", "distance_to_ugs": 177.42057284383768, "distance_to_ubs": 251.56030444179416, "building_id": 598, "index_right": 722, "closest_ugbs_type": "L", "distance_to_ugbs": 177.42057284383768, "within_300m": true }, "geometry": { "type": "Point", "coordinates": [ 1471.135013314107937, 340966.834420167841017 ] } },
{ "type": "Feature", "properties": { "Hofname": "Rögergasse 6", "clean_address": "1090 Wien, Rögergasse", "Wohnungen": 42, "Lokale": 12, "addr_key": "1090 wien, rögergasse", "distance_to_ugs": 106.14155752674718, "distance_to_ubs": 129.64091827011117, "building_id": 599, "index_right": 1393, "closest_ugbs_type": "R", "distance_to_ugbs": 106.14155752674718, "within_300m": true }, "geometry": { "type": "Point", "coordinates": [ 2529.245263098898249, 342664.57527713291347 ] } },
{ "type": "Feature", "properties": { "Hofname": "Leon-Askin-Hof", "clean_address": "1090 Wien, Sechsschimmelgasse", "Wohnungen": 27, "Lokale": 2, "addr_key": "1090 wien, sechsschimmelgasse", "distance_to_ugs": 145.0615861649483, "distance_to_ubs": 335.61079359667758, "building_id": 600, "index_right": 906, "closest_ugbs_type": "L", "distance_to_ugbs": 145.0615861649483, "within_300m": true }, "geometry": { "type": "Point", "coordinates": [ 1562.101631802305292, 342986.745084510184824 ] } },
{ "type": "Feature", "properties": { "Hofname": "Marktgasse 45", "clean_address": "1090 Wien, Marktgasse", "Wohnungen": 32, "Lokale": 4, "addr_key": "1090 wien, marktgasse", "distance_to_ugs": 38.157219444588073, "distance_to_ubs": 159.1023393222446, "building_id": 601, "index_right": 798, "closest_ugbs_type": "L", "distance_to_ugbs": 38.157219444588073, "within_300m": true }, "geometry": { "type": "Point", "coordinates": [ 1952.671337181901436, 342976.170262660831213 ] } },
{ "type": "Feature", "properties": { "Hofname": "Müllnergasse 20", "clean_address": "1090 Wien, Müllnergasse", "Wohnungen": 22, "Lokale": 2, "addr_key": "1090 wien, müllnergasse", "distance_to_ugs": 202.9711715219147, "distance_to_ubs": 243.55942335277371, "building_id": 602, "index_right": 797, "closest_ugbs_type": "L", "distance_to_ugbs": 202.9711715219147, "within_300m": true }, "geometry": { "type": "Point", "coordinates": [ 2285.82444199463589, 342428.429112151265144 ] } },
{ "type": "Feature", "properties": { "Hofname": "Hernalser Gürtel 26", "clean_address": "1090 Wien, Hernalser Gürtel", "Wohnungen": 47, "Lokale": 7, "addr_key": "1090 wien, hernalser gürtel", "distance_to_ugs": 44.823644660899419, "distance_to_ubs": 817.11429961567535, "building_id": 603, "index_right": 885, "closest_ugbs_type": "L", "distance_to_ugbs": 44.823644660899419, "within_300m": true }, "geometry": { "type": "Point", "coordinates": [ 687.189161494986706, 342080.066570990718901 ] } },
{ "type": "Feature", "properties": { "Hofname": "Pramergasse 30", "clean_address": "1090 Wien, Pramergasse", "Wohnungen": 88, "Lokale": 8, "addr_key": "1090 wien, pramergasse", "distance_to_ugs": 233.10919669992478, "distance_to_ubs": 291.39702713000287, "building_id": 604, "index_right": 798, "closest_ugbs_type": "L", "distance_to_ugbs": 233.10919669992478, "within_300m": true }, "geometry": { "type": "Point", "coordinates": [ 2369.350988168243475, 342619.636628630571067 ] } },
{ "type": "Feature", "properties": { "Hofname": "Wiesengasse 32", "clean_address": "1090 Wien, Wiesengasse", "Wohnungen": 39, "Lokale": 8, "addr_key": "1090 wien, wiesengasse", "distance_to_ugs": 86.130794265891865, "distance_to_ubs": 88.954687635402777, "building_id": 605, "index_right": 670, "closest_ugbs_type": "L", "distance_to_ugbs": 86.130794265891865, "within_300m": true }, "geometry": { "type": "Point", "coordinates": [ -7830.511453215099209, 341346.701095452532172 ] } },
{ "type": "Feature", "properties": { "Hofname": "Marktgasse 15-17", "clean_address": "1090 Wien, Marktgasse", "Wohnungen": 8, "Lokale": 3, "addr_key": "1090 wien, marktgasse", "distance_to_ugs": 38.157219444588073, "distance_to_ubs": 159.1023393222446, "building_id": 606, "index_right": 798, "closest_ugbs_type": "L", "distance_to_ugbs": 38.157219444588073, "within_300m": true }, "geometry": { "type": "Point", "coordinates": [ 1952.671337181901436, 342976.170262660831213 ] } },
{ "type": "Feature", "properties": { "Hofname": "Salzergasse 12", "clean_address": "1090 Wien, Salzergasse", "Wohnungen": 9, "Lokale": 3, "addr_key": "1090 wien, salzergasse", "distance_to_ugs": 65.854922531275321, "distance_to_ubs": 329.73502067218624, "building_id": 607, "index_right": 905, "closest_ugbs_type": "L", "distance_to_ugbs": 65.854922531275321, "within_300m": true }, "geometry": { "type": "Point", "coordinates": [ 1859.00540398295243, 343122.443427284248173 ] } },
{ "type": "Feature", "properties": { "Hofname": "Rufgasse 4", "clean_address": "1090 Wien, Rufgasse", "Wohnungen": 42, "Lokale": 6, "addr_key": "1090 wien, rufgasse", "distance_to_ugs": 114.89558160757872, "distance_to_ubs": 200.96693509859969, "building_id": 608, "index_right": 910, "closest_ugbs_type": "L", "distance_to_ugbs": 114.89558160757872, "within_300m": true }, "geometry": { "type": "Point", "coordinates": [ 1673.588560606395276, 343512.857905930839479 ] } },
{ "type": "Feature", "properties": { "Hofname": "Nußdorfer Straße 13", "clean_address": "1090 Wien, Nußdorfer Straße", "Wohnungen": 16, "Lokale": 3, "addr_key": "1090 wien, nußdorfer straße", "distance_to_ugs": 101.96324943464055, "distance_to_ubs": 245.85668307394255, "building_id": 609, "index_right": 911, "closest_ugbs_type": "L", "distance_to_ugbs": 101.96324943464055, "within_300m": true }, "geometry": { "type": "Point", "coordinates": [ 1628.596308031874969, 343577.296035212464631 ] } },
{ "type": "Feature", "properties": { "Hofname": "Reznicekgasse 18-22", "clean_address": "1090 Wien, Reznicekgasse", "Wohnungen": 55, "Lokale": 7, "addr_key": "1090 wien, reznicekgasse", "distance_to_ugs": 159.26953192365173, "distance_to_ubs": 215.34176162058267, "building_id": 610, "index_right": 905, "closest_ugbs_type": "L", "distance_to_ugbs": 159.26953192365173, "within_300m": true }, "geometry": { "type": "Point", "coordinates": [ 1802.643654914175613, 343315.541087373159826 ] } },
{ "type": "Feature", "properties": { "Hofname": "Galileigasse 6", "clean_address": "1090 Wien, Galileigasse", "Wohnungen": 27, "Lokale": 2, "addr_key": "1090 wien, galileigasse", "distance_to_ugs": 125.70687535820362, "distance_to_ubs": 320.66692752113374, "building_id": 611, "index_right": 906, "closest_ugbs_type": "L", "distance_to_ugbs": 125.70687535820362, "within_300m": true }, "geometry": { "type": "Point", "coordinates": [ 1602.859260344040422, 343001.965768350288272 ] } },
{ "type": "Feature", "properties": { "Hofname": "Salzergasse 19", "clean_address": "1090 Wien, Salzergasse", "Wohnungen": 12, "Lokale": 4, "addr_key": "1090 wien, salzergasse", "distance_to_ugs": 65.854922531275321, "distance_to_ubs": 329.73502067218624, "building_id": 612, "index_right": 905, "closest_ugbs_type": "L", "distance_to_ugbs": 65.854922531275321, "within_300m": true }, "geometry": { "type": "Point", "coordinates": [ 1859.00540398295243, 343122.443427284248173 ] } },
{ "type": "Feature", "properties": { "Hofname": "Salzergasse 14", "clean_address": "1090 Wien, Salzergasse", "Wohnungen": 12, "Lokale": 0, "addr_key": "1090 wien, salzergasse", "distance_to_ugs": 65.854922531275321, "distance_to_ubs": 329.73502067218624, "building_id": 613, "index_right": 905, "closest_ugbs_type": "L", "distance_to_ugbs": 65.854922531275321, "within_300m": true }, "geometry": { "type": "Point", "coordinates": [ 1859.00540398295243, 343122.443427284248173 ] } },
{ "type": "Feature", "properties": { "Hofname": "Liechtensteinstraße 131-133", "clean_address": "1090 Wien, Liechtensteinstraße", "Wohnungen": 30, "Lokale": 3, "addr_key": "1090 wien, liechtensteinstraße", "distance_to_ugs": 154.34192427371121, "distance_to_ubs": 448.66853556794024, "building_id": 614, "index_right": 1387, "closest_ugbs_type": "L", "distance_to_ugbs": 154.34192427371121, "within_300m": true }, "geometry": { "type": "Point", "coordinates": [ 2256.407150750903838, 342057.2386015933007 ] } },
{ "type": "Feature", "properties": { "Hofname": "Badgasse 10", "clean_address": "1090 Wien, Badgasse", "Wohnungen": 26, "Lokale": 1, "addr_key": "1090 wien, badgasse", "distance_to_ugs": 193.476863922993, "distance_to_ubs": 217.00490181737212, "building_id": 615, "index_right": 670, "closest_ugbs_type": "L", "distance_to_ugbs": 193.476863922993, "within_300m": true }, "geometry": { "type": "Point", "coordinates": [ -7982.376923190012349, 341262.077356451191008 ] } },
{ "type": "Feature", "properties": { "Hofname": "Wiesengasse 19-21", "clean_address": "1090 Wien, Wiesengasse", "Wohnungen": 21, "Lokale": 0, "addr_key": "1090 wien, wiesengasse", "distance_to_ugs": 86.130794265891865, "distance_to_ubs": 88.954687635402777, "building_id": 616, "index_right": 670, "closest_ugbs_type": "L", "distance_to_ugbs": 86.130794265891865, "within_300m": true }, "geometry": { "type": "Point", "coordinates": [ -7830.511453215099209, 341346.701095452532172 ] } },
{ "type": "Feature", "properties": { "Hofname": "Thurygasse 6", "clean_address": "1090 Wien, Thurygasse", "Wohnungen": 11, "Lokale": 0, "addr_key": "1090 wien, thurygasse", "distance_to_ugs": 59.25020765992614, "distance_to_ubs": 205.10710687513671, "building_id": 617, "index_right": 798, "closest_ugbs_type": "L", "distance_to_ugbs": 59.25020765992614, "within_300m": true }, "geometry": { "type": "Point", "coordinates": [ 1872.942871496038833, 342991.236886143684387 ] } },
{ "type": "Feature", "properties": { "Hofname": "Marktgasse 9-13", "clean_address": "1090 Wien, Marktgasse", "Wohnungen": 23, "Lokale": 3, "addr_key": "1090 wien, marktgasse", "distance_to_ugs": 38.157219444588073, "distance_to_ubs": 159.1023393222446, "building_id": 618, "index_right": 798, "closest_ugbs_type": "L", "distance_to_ugbs": 38.157219444588073, "within_300m": true }, "geometry": { "type": "Point", "coordinates": [ 1952.671337181901436, 342976.170262660831213 ] } },
{ "type": "Feature", "properties": { "Hofname": "Liechtensteinstraße 120", "clean_address": "1090 Wien, Liechtensteinstraße", "Wohnungen": 10, "Lokale": 1, "addr_key": "1090 wien, liechtensteinstraße", "distance_to_ugs": 154.34192427371121, "distance_to_ubs": 448.66853556794024, "building_id": 619, "index_right": 1387, "closest_ugbs_type": "L", "distance_to_ugbs": 154.34192427371121, "within_300m": true }, "geometry": { "type": "Point", "coordinates": [ 2256.407150750903838, 342057.2386015933007 ] } },
{ "type": "Feature", "properties": { "Hofname": "Althanstraße 11-13", "clean_address": "1090 Wien, Althanstraße", "Wohnungen": 55, "Lokale": 5, "addr_key": "1090 wien, althanstraße", "distance_to_ugs": 149.64197319523541, "distance_to_ubs": 258.60642941808896, "building_id": 620, "index_right": 905, "closest_ugbs_type": "L", "distance_to_ugbs": 149.64197319523541, "within_300m": true }, "geometry": { "type": "Point", "coordinates": [ 2085.844557409895515, 343269.543496279977262 ] } },
{ "type": "Feature", "properties": { "Hofname": "Althanstraße 27", "clean_address": "1090 Wien, Althanstraße", "Wohnungen": 17, "Lokale": 2, "addr_key": "1090 wien, althanstraße", "distance_to_ugs": 149.64197319523541, "distance_to_ubs": 258.60642941808896, "building_id": 621, "index_right": 905, "closest_ugbs_type": "L", "distance_to_ugbs": 149.64197319523541, "within_300m": true }, "geometry": { "type": "Point", "coordinates": [ 2085.844557409895515, 343269.543496279977262 ] } },
{ "type": "Feature", "properties": { "Hofname": "Friedl-Dicker-Brandeis-Hof", "clean_address": "1090 Wien, Althanstraße", "Wohnungen": 17, "Lokale": 1, "addr_key": "1090 wien, althanstraße", "distance_to_ugs": 149.64197319523541, "distance_to_ubs": 258.60642941808896, "building_id": 622, "index_right": 905, "closest_ugbs_type": "L", "distance_to_ugbs": 149.64197319523541, "within_300m": true }, "geometry": { "type": "Point", "coordinates": [ 2085.844557409895515, 343269.543496279977262 ] } },
{ "type": "Feature", "properties": { "Hofname": "Höfergasse 9-11", "clean_address": "1090 Wien, Höfergasse", "Wohnungen": 26, "Lokale": 0, "addr_key": "1090 wien, höfergasse", "distance_to_ugs": 45.085082484781836, "distance_to_ubs": 193.56089702278499, "building_id": 623, "index_right": 766, "closest_ugbs_type": "L", "distance_to_ugbs": 45.085082484781836, "within_300m": true }, "geometry": { "type": "Point", "coordinates": [ 1301.397439767747755, 341970.269745752215385 ] } },
{ "type": "Feature", "properties": { "Hofname": "Lichtentaler Gasse 11-13", "clean_address": "1090 Wien, Lichtentaler Gasse", "Wohnungen": 29, "Lokale": 1, "addr_key": "1090 wien, lichtentaler gasse", "distance_to_ugs": 14.523360327201203, "distance_to_ubs": 334.8394267270188, "building_id": 624, "index_right": 905, "closest_ugbs_type": "L", "distance_to_ugbs": 14.523360327201203, "within_300m": true }, "geometry": { "type": "Point", "coordinates": [ 1894.093127196129672, 343187.869301023893058 ] } },
{ "type": "Feature", "properties": { "Hofname": "Lazarettgasse 13a", "clean_address": "1090 Wien, Lazarettgasse", "Wohnungen": 20, "Lokale": 2, "addr_key": "1090 wien, lazarettgasse", "distance_to_ugs": 49.963243393319296, "distance_to_ubs": 722.74401244038643, "building_id": 625, "index_right": 885, "closest_ugbs_type": "L", "distance_to_ugbs": 49.963243393319296, "within_300m": true }, "geometry": { "type": "Point", "coordinates": [ 785.896528906398771, 342095.330129503272474 ] } },
{ "type": "Feature", "properties": { "Hofname": "Althanstraße 29-31", "clean_address": "1090 Wien, Althanstraße", "Wohnungen": 27, "Lokale": 2, "addr_key": "1090 wien, althanstraße", "distance_to_ugs": 149.64197319523541, "distance_to_ubs": 258.60642941808896, "building_id": 626, "index_right": 905, "closest_ugbs_type": "L", "distance_to_ugbs": 149.64197319523541, "within_300m": true }, "geometry": { "type": "Point", "coordinates": [ 2085.844557409895515, 343269.543496279977262 ] } },
{ "type": "Feature", "properties": { "Hofname": "Simon-Denk-Gasse 4-6", "clean_address": "1090 Wien, Simon-Denk-Gasse", "Wohnungen": 32, "Lokale": 1, "addr_key": "1090 wien, simon-denk-gasse", "distance_to_ugs": 64.536733837696062, "distance_to_ubs": 250.33217345036084, "building_id": 627, "index_right": 905, "closest_ugbs_type": "L", "distance_to_ugbs": 64.536733837696062, "within_300m": true }, "geometry": { "type": "Point", "coordinates": [ 2032.824700992332737, 343080.106012872420251 ] } },
{ "type": "Feature", "properties": { "Hofname": "Marktgasse 37-39", "clean_address": "1090 Wien, Marktgasse", "Wohnungen": 31, "Lokale": 4, "addr_key": "1090 wien, marktgasse", "distance_to_ugs": 38.157219444588073, "distance_to_ubs": 159.1023393222446, "building_id": 628, "index_right": 798, "closest_ugbs_type": "L", "distance_to_ugbs": 38.157219444588073, "within_300m": true }, "geometry": { "type": "Point", "coordinates": [ 1952.671337181901436, 342976.170262660831213 ] } },
{ "type": "Feature", "properties": { "Hofname": "Pulverturmgasse 4", "clean_address": "1090 Wien, Pulverturmgasse", "Wohnungen": 51, "Lokale": 2, "addr_key": "1090 wien, pulverturmgasse", "distance_to_ugs": 24.632196767280906, "distance_to_ubs": 90.219506026779882, "building_id": 629, "index_right": 907, "closest_ugbs_type": "L", "distance_to_ugbs": 24.632196767280906, "within_300m": true }, "geometry": { "type": "Point", "coordinates": [ 1500.854317739898988, 343388.64640802302165 ] } },
{ "type": "Feature", "properties": { "Hofname": "Karl-Schmiedbauer-Hof", "clean_address": "1090 Wien, Lichtentaler Gasse", "Wohnungen": 22, "Lokale": 3, "addr_key": "1090 wien, lichtentaler gasse", "distance_to_ugs": 14.523360327201203, "distance_to_ubs": 334.8394267270188, "building_id": 630, "index_right": 905, "closest_ugbs_type": "L", "distance_to_ugbs": 14.523360327201203, "within_300m": true }, "geometry": { "type": "Point", "coordinates": [ 1894.093127196129672, 343187.869301023893058 ] } },
{ "type": "Feature", "properties": { "Hofname": "Marktgasse 19", "clean_address": "1090 Wien, Marktgasse", "Wohnungen": 12, "Lokale": 0, "addr_key": "1090 wien, marktgasse", "distance_to_ugs": 38.157219444588073, "distance_to_ubs": 159.1023393222446, "building_id": 631, "index_right": 798, "closest_ugbs_type": "L", "distance_to_ugbs": 38.157219444588073, "within_300m": true }, "geometry": { "type": "Point", "coordinates": [ 1952.671337181901436, 342976.170262660831213 ] } },
{ "type": "Feature", "properties": { "Hofname": "Liechtensteinstraße 93", "clean_address": "1090 Wien, Liechtensteinstraße", "Wohnungen": 22, "Lokale": 3, "addr_key": "1090 wien, liechtensteinstraße", "distance_to_ugs": 154.34192427371121, "distance_to_ubs": 448.66853556794024, "building_id": 632, "index_right": 1387, "closest_ugbs_type": "L", "distance_to_ugbs": 154.34192427371121, "within_300m": true }, "geometry": { "type": "Point", "coordinates": [ 2256.407150750903838, 342057.2386015933007 ] } },
{ "type": "Feature", "properties": { "Hofname": "Liechtensteinstraße 101", "clean_address": "1090 Wien, Liechtensteinstraße", "Wohnungen": 11, "Lokale": 3, "addr_key": "1090 wien, liechtensteinstraße", "distance_to_ugs": 154.34192427371121, "distance_to_ubs": 448.66853556794024, "building_id": 633, "index_right": 1387, "closest_ugbs_type": "L", "distance_to_ugbs": 154.34192427371121, "within_300m": true }, "geometry": { "type": "Point", "coordinates": [ 2256.407150750903838, 342057.2386015933007 ] } },
{ "type": "Feature", "properties": { "Hofname": "Salzergasse 21", "clean_address": "1090 Wien, Salzergasse", "Wohnungen": 14, "Lokale": 1, "addr_key": "1090 wien, salzergasse", "distance_to_ugs": 65.854922531275321, "distance_to_ubs": 329.73502067218624, "building_id": 634, "index_right": 905, "closest_ugbs_type": "L", "distance_to_ugbs": 65.854922531275321, "within_300m": true }, "geometry": { "type": "Point", "coordinates": [ 1859.00540398295243, 343122.443427284248173 ] } },
{ "type": "Feature", "properties": { "Hofname": "Ingrid-Smejkal-Hof", "clean_address": "1090 Wien, Lichtentaler Gasse", "Wohnungen": 48, "Lokale": 4, "addr_key": "1090 wien, lichtentaler gasse", "distance_to_ugs": 14.523360327201203, "distance_to_ubs": 334.8394267270188, "building_id": 635, "index_right": 905, "closest_ugbs_type": "L", "distance_to_ugbs": 14.523360327201203, "within_300m": true }, "geometry": { "type": "Point", "coordinates": [ 1894.093127196129672, 343187.869301023893058 ] } },
{ "type": "Feature", "properties": { "Hofname": "Salzergasse 29-31", "clean_address": "1090 Wien, Salzergasse", "Wohnungen": 28, "Lokale": 2, "addr_key": "1090 wien, salzergasse", "distance_to_ugs": 65.854922531275321, "distance_to_ubs": 329.73502067218624, "building_id": 636, "index_right": 905, "closest_ugbs_type": "L", "distance_to_ugbs": 65.854922531275321, "within_300m": true }, "geometry": { "type": "Point", "coordinates": [ 1859.00540398295243, 343122.443427284248173 ] } },
{ "type": "Feature", "properties": { "Hofname": "Salzergasse 42", "clean_address": "1090 Wien, Salzergasse", "Wohnungen": 0, "Lokale": 0, "addr_key": "1090 wien, salzergasse", "distance_to_ugs": 65.854922531275321, "distance_to_ubs": 329.73502067218624, "building_id": 637, "index_right": 905, "closest_ugbs_type": "L", "distance_to_ugbs": 65.854922531275321, "within_300m": true }, "geometry": { "type": "Point", "coordinates": [ 1859.00540398295243, 343122.443427284248173 ] } },
{ "type": "Feature", "properties": { "Hofname": "Liechtensteinstraße 137", "clean_address": "1090 Wien, Liechtensteinstraße", "Wohnungen": 28, "Lokale": 0, "addr_key": "1090 wien, liechtensteinstraße", "distance_to_ugs": 154.34192427371121, "distance_to_ubs": 448.66853556794024, "building_id": 638, "index_right": 1387, "closest_ugbs_type": "L", "distance_to_ugbs": 154.34192427371121, "within_300m": true }, "geometry": { "type": "Point", "coordinates": [ 2256.407150750903838, 342057.2386015933007 ] } },
{ "type": "Feature", "properties": { "Hofname": "Säulengasse 18", "clean_address": "1090 Wien, Säulengasse", "Wohnungen": 1, "Lokale": 1, "addr_key": "1090 wien, säulengasse", "distance_to_ugs": 9.6964766928485755, "distance_to_ubs": 188.76449518720909, "building_id": 639, "index_right": 906, "closest_ugbs_type": "L", "distance_to_ugbs": 9.6964766928485755, "within_300m": true }, "geometry": { "type": "Point", "coordinates": [ 1627.777531549956166, 343137.863214239478111 ] } },
{ "type": "Feature", "properties": { "Hofname": "Lazarettgasse 17", "clean_address": "1090 Wien, Lazarettgasse", "Wohnungen": 30, "Lokale": 3, "addr_key": "1090 wien, lazarettgasse", "distance_to_ugs": 49.963243393319296, "distance_to_ubs": 722.74401244038643, "building_id": 640, "index_right": 885, "closest_ugbs_type": "L", "distance_to_ugbs": 49.963243393319296, "within_300m": true }, "geometry": { "type": "Point", "coordinates": [ 785.896528906398771, 342095.330129503272474 ] } },
{ "type": "Feature", "properties": { "Hofname": "Herzgasse 76", "clean_address": "1100 Wien, Herzgasse", "Wohnungen": 21, "Lokale": 1, "addr_key": "1100 wien, herzgasse", "distance_to_ugs": 96.947881742568185, "distance_to_ubs": 1481.4214611670948, "building_id": 641, "index_right": 194, "closest_ugbs_type": "L", "distance_to_ugbs": 96.947881742568185, "within_300m": true }, "geometry": { "type": "Point", "coordinates": [ 2578.818460383750789, 337459.214386744424701 ] } },
{ "type": "Feature", "properties": { "Hofname": "Gellertgasse 21", "clean_address": "1100 Wien, Gellertgasse", "Wohnungen": 85, "Lokale": 8, "addr_key": "1100 wien, gellertgasse", "distance_to_ugs": 125.90285526980414, "distance_to_ubs": 943.08988256489522, "building_id": 642, "index_right": 177, "closest_ugbs_type": "L", "distance_to_ugbs": 125.90285526980414, "within_300m": true }, "geometry": { "type": "Point", "coordinates": [ 3596.911425454661639, 337038.451854119077325 ] } },
{ "type": "Feature", "properties": { "Hofname": "Bürgergasse 10", "clean_address": "1100 Wien, Bürgergasse", "Wohnungen": 12, "Lokale": 0, "addr_key": "1100 wien, bürgergasse", "distance_to_ugs": 40.559113669365914, "distance_to_ubs": 1118.4752254076277, "building_id": 643, "index_right": 179, "closest_ugbs_type": "L", "distance_to_ugbs": 40.559113669365914, "within_300m": true }, "geometry": { "type": "Point", "coordinates": [ 3532.996274626870218, 337203.748888394096866 ] } },
{ "type": "Feature", "properties": { "Hofname": "Mundygasse 12", "clean_address": "1100 Wien, Mundygasse", "Wohnungen": 39, "Lokale": 0, "addr_key": "1100 wien, mundygasse", "distance_to_ugs": 33.245206252585795, "distance_to_ubs": 1043.5527396053176, "building_id": 644, "index_right": 511, "closest_ugbs_type": "L", "distance_to_ugbs": 33.245206252585795, "within_300m": true }, "geometry": { "type": "Point", "coordinates": [ 3838.992034908364985, 337472.901181916531641 ] } },
{ "type": "Feature", "properties": { "Hofname": "Steudelgasse 18", "clean_address": "1100 Wien, Steudelgasse", "Wohnungen": 35, "Lokale": 0, "addr_key": "1100 wien, steudelgasse", "distance_to_ugs": 125.01938573984249, "distance_to_ubs": 1087.7256561598647, "building_id": 645, "index_right": 510, "closest_ugbs_type": "L", "distance_to_ugbs": 125.01938573984249, "within_300m": true }, "geometry": { "type": "Point", "coordinates": [ 3891.248982862647608, 337341.644672610796988 ] } },
{ "type": "Feature", "properties": { "Hofname": "Kennergasse 10", "clean_address": "1100 Wien, Kennergasse", "Wohnungen": 162, "Lokale": 8, "addr_key": "1100 wien, kennergasse", "distance_to_ugs": 95.742309315367095, "distance_to_ubs": 845.06483642640774, "building_id": 646, "index_right": 174, "closest_ugbs_type": "L", "distance_to_ugbs": 95.742309315367095, "within_300m": true }, "geometry": { "type": "Point", "coordinates": [ 3566.257118086751689, 336901.042704300954938 ] } },
{ "type": "Feature", "properties": { "Hofname": "Troststraße 64-66", "clean_address": "1100 Wien, Troststraße", "Wohnungen": 121, "Lokale": 5, "addr_key": "1100 wien, troststraße", "distance_to_ugs": 192.07488986194011, "distance_to_ubs": 1197.9233658169767, "building_id": 647, "index_right": 190, "closest_ugbs_type": "L", "distance_to_ugbs": 192.07488986194011, "within_300m": true }, "geometry": { "type": "Point", "coordinates": [ 2527.58758421914581, 336800.268445513211191 ] } },
{ "type": "Feature", "properties": { "Hofname": "Van-der-Nüll-Gasse 82-86", "clean_address": "1100 Wien, Van-der-Nüll-Gasse", "Wohnungen": 135, "Lokale": 9, "addr_key": "1100 wien, van-der-nüll-gasse", "distance_to_ugs": 143.64376425189693, "distance_to_ubs": 1305.7422894865415, "building_id": 648, "index_right": 196, "closest_ugbs_type": "L", "distance_to_ugbs": 143.64376425189693, "within_300m": true }, "geometry": { "type": "Point", "coordinates": [ 2791.511301972334422, 337911.930743207223713 ] } },
{ "type": "Feature", "properties": { "Hofname": "Bürgergasse 22", "clean_address": "1100 Wien, Bürgergasse", "Wohnungen": 116, "Lokale": 8, "addr_key": "1100 wien, bürgergasse", "distance_to_ugs": 40.559113669365914, "distance_to_ubs": 1118.4752254076277, "building_id": 649, "index_right": 179, "closest_ugbs_type": "L", "distance_to_ugbs": 40.559113669365914, "within_300m": true }, "geometry": { "type": "Point", "coordinates": [ 3532.996274626870218, 337203.748888394096866 ] } },
{ "type": "Feature", "properties": { "Hofname": "Friesenplatz 1-2", "clean_address": "1100 Wien, Friesenplatz", "Wohnungen": 178, "Lokale": 13, "addr_key": "1100 wien, friesenplatz", "distance_to_ugs": 242.78125464726196, "distance_to_ubs": 1149.7445018475919, "building_id": 650, "index_right": 182, "closest_ugbs_type": "L", "distance_to_ugbs": 242.78125464726196, "within_300m": true }, "geometry": { "type": "Point", "coordinates": [ 2277.243625741595224, 337038.654421844519675 ] } },
{ "type": "Feature", "properties": { "Hofname": "Bürgergasse 17-19", "clean_address": "1100 Wien, Bürgergasse", "Wohnungen": 199, "Lokale": 12, "addr_key": "1100 wien, bürgergasse", "distance_to_ugs": 40.559113669365914, "distance_to_ubs": 1118.4752254076277, "building_id": 651, "index_right": 179, "closest_ugbs_type": "L", "distance_to_ugbs": 40.559113669365914, "within_300m": true }, "geometry": { "type": "Point", "coordinates": [ 3532.996274626870218, 337203.748888394096866 ] } },
{ "type": "Feature", "properties": { "Hofname": "Hasengasse 35-41", "clean_address": "1100 Wien, Hasengasse", "Wohnungen": 171, "Lokale": 5, "addr_key": "1100 wien, hasengasse", "distance_to_ugs": 128.32778804459798, "distance_to_ubs": 1109.2507184420576, "building_id": 652, "index_right": 197, "closest_ugbs_type": "L", "distance_to_ugbs": 128.32778804459798, "within_300m": true }, "geometry": { "type": "Point", "coordinates": [ 3072.362424447108424, 337882.51582901366055 ] } },
{ "type": "Feature", "properties": { "Hofname": "Friedrich-Knauer-Gasse 2-4", "clean_address": "1100 Wien, Friedrich-Knauer-Gasse", "Wohnungen": 56, "Lokale": 1, "addr_key": "1100 wien, friedrich-knauer-gasse", "distance_to_ugs": 72.06138567300826, "distance_to_ubs": 807.20713783826091, "building_id": 653, "index_right": 174, "closest_ugbs_type": "L", "distance_to_ugbs": 72.06138567300826, "within_300m": true }, "geometry": { "type": "Point", "coordinates": [ 3599.525203834374679, 336878.467159152030945 ] } },
{ "type": "Feature", "properties": { "Hofname": "Friedrich-Knauer-Gasse 6-8", "clean_address": "1100 Wien, Friedrich-Knauer-Gasse", "Wohnungen": 89, "Lokale": 0, "addr_key": "1100 wien, friedrich-knauer-gasse", "distance_to_ugs": 72.06138567300826, "distance_to_ubs": 807.20713783826091, "building_id": 654, "index_right": 174, "closest_ugbs_type": "L", "distance_to_ugbs": 72.06138567300826, "within_300m": true }, "geometry": { "type": "Point", "coordinates": [ 3599.525203834374679, 336878.467159152030945 ] } },
{ "type": "Feature", "properties": { "Hofname": "Puchsbaumgasse 11-13", "clean_address": "1100 Wien, Puchsbaumgasse", "Wohnungen": 29, "Lokale": 0, "addr_key": "1100 wien, puchsbaumgasse", "distance_to_ugs": 228.32910595162696, "distance_to_ubs": 575.44188973169776, "building_id": 655, "index_right": 156, "closest_ugbs_type": "L", "distance_to_ugbs": 228.32910595162696, "within_300m": true }, "geometry": { "type": "Point", "coordinates": [ 4337.163011447031749, 337058.941825222223997 ] } },
{ "type": "Feature", "properties": { "Hofname": "Alxingergasse 97-103", "clean_address": "1100 Wien, Alxingergasse", "Wohnungen": 92, "Lokale": 2, "addr_key": "1100 wien, alxingergasse", "distance_to_ugs": 59.366346809567858, "distance_to_ubs": 1530.9008186136871, "building_id": 656, "index_right": 194, "closest_ugbs_type": "L", "distance_to_ugbs": 59.366346809567858, "within_300m": true }, "geometry": { "type": "Point", "coordinates": [ 2678.91109717030713, 337488.755038888193667 ] } },
{ "type": "Feature", "properties": { "Hofname": "Puchsbaumplatz 14", "clean_address": "1100 Wien, Puchsbaumplatz", "Wohnungen": 11, "Lokale": 0, "addr_key": "1100 wien, puchsbaumplatz", "distance_to_ugs": 17.456143389402282, "distance_to_ubs": 882.26171724355822, "building_id": 657, "index_right": 176, "closest_ugbs_type": "L", "distance_to_ugbs": 17.456143389402282, "within_300m": true }, "geometry": { "type": "Point", "coordinates": [ 4046.56294856482873, 337161.187167922966182 ] } },
{ "type": "Feature", "properties": { "Hofname": "Triester Straße 75-77", "clean_address": "1100 Wien, Triester Straße", "Wohnungen": 44, "Lokale": 3, "addr_key": "1100 wien, triester straße", "distance_to_ugs": 32.187261457780288, "distance_to_ubs": 853.64826142783988, "building_id": 658, "index_right": 186, "closest_ugbs_type": "L", "distance_to_ugbs": 32.187261457780288, "within_300m": true }, "geometry": { "type": "Point", "coordinates": [ 1944.998563562247682, 337763.58227250323398 ] } },
{ "type": "Feature", "properties": { "Hofname": "Angeligasse 78-80", "clean_address": "1100 Wien, Angeligasse", "Wohnungen": 90, "Lokale": 6, "addr_key": "1100 wien, angeligasse", "distance_to_ugs": 36.526048998734765, "distance_to_ubs": 1232.7794566329108, "building_id": 659, "index_right": 149, "closest_ugbs_type": "L", "distance_to_ugbs": 36.526048998734765, "within_300m": true }, "geometry": { "type": "Point", "coordinates": [ 3028.309746223467755, 336881.412736346013844 ] } },
{ "type": "Feature", "properties": { "Hofname": "Margarethe-Hilferding-Hof", "clean_address": "1100 Wien, Leebgasse", "Wohnungen": 107, "Lokale": 3, "addr_key": "1100 wien, leebgasse", "distance_to_ugs": 120.4296901520481, "distance_to_ubs": 1557.2056131253241, "building_id": 660, "index_right": 194, "closest_ugbs_type": "L", "distance_to_ugbs": 120.4296901520481, "within_300m": true }, "geometry": { "type": "Point", "coordinates": [ 2798.61180005925462, 337524.332718942314386 ] } },
{ "type": "Feature", "properties": { "Hofname": "Bernhardtstalgasse 38", "clean_address": "1100 Wien, Bernhardtstalgasse", "Wohnungen": 102, "Lokale": 11, "addr_key": "1100 wien, bernhardtstalgasse", "distance_to_ugs": 23.669480969882013, "distance_to_ubs": 1232.1145746250047, "building_id": 661, "index_right": 195, "closest_ugbs_type": "L", "distance_to_ugbs": 23.669480969882013, "within_300m": true }, "geometry": { "type": "Point", "coordinates": [ 2220.452373460846502, 337492.629934647120535 ] } },
{ "type": "Feature", "properties": { "Hofname": "Schrankenberggasse 22", "clean_address": "1100 Wien, Schrankenberggasse", "Wohnungen": 12, "Lokale": 1, "addr_key": "1100 wien, schrankenberggasse", "distance_to_ugs": 193.37181918848117, "distance_to_ubs": 759.21746461918588, "building_id": 662, "index_right": 176, "closest_ugbs_type": "L", "distance_to_ugbs": 193.37181918848117, "within_300m": true }, "geometry": { "type": "Point", "coordinates": [ 4213.760229403908852, 337259.127931038849056 ] } },
{ "type": "Feature", "properties": { "Hofname": "Triester Straße 51-53", "clean_address": "1100 Wien, Triester Straße", "Wohnungen": 37, "Lokale": 1, "addr_key": "1100 wien, triester straße", "distance_to_ugs": 32.187261457780288, "distance_to_ubs": 853.64826142783988, "building_id": 663, "index_right": 186, "closest_ugbs_type": "L", "distance_to_ugbs": 32.187261457780288, "within_300m": true }, "geometry": { "type": "Point", "coordinates": [ 1944.998563562247682, 337763.58227250323398 ] } },
{ "type": "Feature", "properties": { "Hofname": "Kudlichgasse 26-28", "clean_address": "1100 Wien, Kudlichgasse", "Wohnungen": 32, "Lokale": 1, "addr_key": "1100 wien, kudlichgasse", "distance_to_ugs": 176.79144987569697, "distance_to_ubs": 697.51435214013827, "building_id": 664, "index_right": 176, "closest_ugbs_type": "L", "distance_to_ugbs": 176.79144987569697, "within_300m": true }, "geometry": { "type": "Point", "coordinates": [ 4203.394445590552095, 336994.767666362226009 ] } },
{ "type": "Feature", "properties": { "Hofname": "Eschenallee 1-9", "clean_address": "1100 Wien, Eschenallee", "Wohnungen": 108, "Lokale": 1, "addr_key": "1100 wien, eschenallee", "distance_to_ugs": 130.78370205131006, "distance_to_ubs": 547.30384288515017, "building_id": 665, "index_right": 180, "closest_ugbs_type": "L", "distance_to_ugbs": 130.78370205131006, "within_300m": true }, "geometry": { "type": "Point", "coordinates": [ 1207.742060830481705, 336965.107664819399361 ] } },
{ "type": "Feature", "properties": { "Hofname": "Laxenburger Straße 92", "clean_address": "1100 Wien, Laxenburger Straße", "Wohnungen": 67, "Lokale": 0, "addr_key": "1100 wien, laxenburger straße", "distance_to_ugs": 28.423995982943989, "distance_to_ubs": 925.70730719528126, "building_id": 666, "index_right": 199, "closest_ugbs_type": "L", "distance_to_ugbs": 28.423995982943989, "within_300m": true }, "geometry": { "type": "Point", "coordinates": [ 3080.212864507507675, 338163.007438377477229 ] } },
{ "type": "Feature", "properties": { "Hofname": "Grenzackerstraße 7-11", "clean_address": "1100 Wien, Grenzackerstraße", "Wohnungen": 246, "Lokale": 53, "addr_key": "1100 wien, grenzackerstraße", "distance_to_ugs": 294.26453524359607, "distance_to_ubs": 948.29539760163709, "building_id": 667, "index_right": 168, "closest_ugbs_type": "L", "distance_to_ugbs": 294.26453524359607, "within_300m": true }, "geometry": { "type": "Point", "coordinates": [ 3121.242262353432125, 336282.56574551895028 ] } },
{ "type": "Feature", "properties": { "Hofname": "Leebgasse 94-96", "clean_address": "1100 Wien, Leebgasse", "Wohnungen": 72, "Lokale": 3, "addr_key": "1100 wien, leebgasse", "distance_to_ugs": 120.4296901520481, "distance_to_ubs": 1557.2056131253241, "building_id": 668, "index_right": 194, "closest_ugbs_type": "L", "distance_to_ugbs": 120.4296901520481, "within_300m": true }, "geometry": { "type": "Point", "coordinates": [ 2798.61180005925462, 337524.332718942314386 ] } },
{ "type": "Feature", "properties": { "Hofname": "Dieselgasse 22", "clean_address": "1100 Wien, Dieselgasse", "Wohnungen": 19, "Lokale": 1, "addr_key": "1100 wien, dieselgasse", "distance_to_ugs": 291.29463085380769, "distance_to_ubs": 1171.4776039567055, "building_id": 669, "index_right": 149, "closest_ugbs_type": "L", "distance_to_ugbs": 291.29463085380769, "within_300m": true }, "geometry": { "type": "Point", "coordinates": [ 2945.009400778281361, 336549.459065163508058 ] } },
{ "type": "Feature", "properties": { "Hofname": "Kudlichgasse 35", "clean_address": "1100 Wien, Kudlichgasse", "Wohnungen": 41, "Lokale": 2, "addr_key": "1100 wien, kudlichgasse", "distance_to_ugs": 176.79144987569697, "distance_to_ubs": 697.51435214013827, "building_id": 670, "index_right": 176, "closest_ugbs_type": "L", "distance_to_ugbs": 176.79144987569697, "within_300m": true }, "geometry": { "type": "Point", "coordinates": [ 4203.394445590552095, 336994.767666362226009 ] } },
{ "type": "Feature", "properties": { "Hofname": "Mundygasse 1", "clean_address": "1100 Wien, Mundygasse", "Wohnungen": 161, "Lokale": 4, "addr_key": "1100 wien, mundygasse", "distance_to_ugs": 33.245206252585795, "distance_to_ubs": 1043.5527396053176, "building_id": 671, "index_right": 511, "closest_ugbs_type": "L", "distance_to_ugbs": 33.245206252585795, "within_300m": true }, "geometry": { "type": "Point", "coordinates": [ 3838.992034908364985, 337472.901181916531641 ] } },
{ "type": "Feature", "properties": { "Hofname": "Triester Straße 85", "clean_address": "1100 Wien, Triester Straße", "Wohnungen": 149, "Lokale": 4, "addr_key": "1100 wien, triester straße", "distance_to_ugs": 32.187261457780288, "distance_to_ubs": 853.64826142783988, "building_id": 672, "index_right": 186, "closest_ugbs_type": "L", "distance_to_ugbs": 32.187261457780288, "within_300m": true }, "geometry": { "type": "Point", "coordinates": [ 1944.998563562247682, 337763.58227250323398 ] } },
{ "type": "Feature", "properties": { "Hofname": "Raxstraße 21-27", "clean_address": "1100 Wien, Raxstraße", "Wohnungen": 250, "Lokale": 14, "addr_key": "1100 wien, raxstraße", "distance_to_ugs": 20.537169680921568, "distance_to_ubs": 853.6515201386552, "building_id": 673, "index_right": 147, "closest_ugbs_type": "L", "distance_to_ugbs": 20.537169680921568, "within_300m": true }, "geometry": { "type": "Point", "coordinates": [ 2515.262855465074608, 336339.486399553716183 ] } },
{ "type": "Feature", "properties": { "Hofname": "Bürgergasse 21-23", "clean_address": "1100 Wien, Bürgergasse", "Wohnungen": 362, "Lokale": 14, "addr_key": "1100 wien, bürgergasse", "distance_to_ugs": 40.559113669365914, "distance_to_ubs": 1118.4752254076277, "building_id": 674, "index_right": 179, "closest_ugbs_type": "L", "distance_to_ugbs": 40.559113669365914, "within_300m": true }, "geometry": { "type": "Point", "coordinates": [ 3532.996274626870218, 337203.748888394096866 ] } },
{ "type": "Feature", "properties": { "Hofname": "Buchengasse 25-37", "clean_address": "1100 Wien, Buchengasse", "Wohnungen": 172, "Lokale": 11, "addr_key": "1100 wien, buchengasse", "distance_to_ugs": 224.15746032525249, "distance_to_ubs": 1467.0610390010499, "building_id": 675, "index_right": 192, "closest_ugbs_type": "L", "distance_to_ugbs": 224.15746032525249, "within_300m": true }, "geometry": { "type": "Point", "coordinates": [ 3155.225365618715841, 337369.43943237606436 ] } },
{ "type": "Feature", "properties": { "Hofname": "Sibeliusstraße 5-11", "clean_address": "1100 Wien, Sibeliusstraße", "Wohnungen": 309, "Lokale": 10, "addr_key": "1100 wien, sibeliusstraße", "distance_to_ugs": 91.219304330730921, "distance_to_ubs": 378.10090948562498, "building_id": 676, "index_right": 247, "closest_ugbs_type": "R", "distance_to_ugbs": 91.219304330730921, "within_300m": true }, "geometry": { "type": "Point", "coordinates": [ 2195.814278963068318, 335647.714081819343846 ] } },
{ "type": "Feature", "properties": { "Hofname": "Erlachgasse 53-57", "clean_address": "1100 Wien, Erlachgasse", "Wohnungen": 93, "Lokale": 8, "addr_key": "1100 wien, erlachgasse", "distance_to_ugs": 180.77019172369805, "distance_to_ubs": 1296.6064182909936, "building_id": 677, "index_right": 197, "closest_ugbs_type": "L", "distance_to_ugbs": 180.77019172369805, "within_300m": true }, "geometry": { "type": "Point", "coordinates": [ 3061.725077686702207, 337642.442133885808289 ] } },
{ "type": "Feature", "properties": { "Hofname": "Troststraße 21-37", "clean_address": "1100 Wien, Troststraße", "Wohnungen": 145, "Lokale": 19, "addr_key": "1100 wien, troststraße", "distance_to_ugs": 192.07488986194011, "distance_to_ubs": 1197.9233658169767, "building_id": 678, "index_right": 190, "closest_ugbs_type": "L", "distance_to_ugbs": 192.07488986194011, "within_300m": true }, "geometry": { "type": "Point", "coordinates": [ 2527.58758421914581, 336800.268445513211191 ] } },
{ "type": "Feature", "properties": { "Hofname": "Ettenreichgasse 42-44", "clean_address": "1100 Wien, Ettenreichgasse", "Wohnungen": 94, "Lokale": 5, "addr_key": "1100 wien, ettenreichgasse", "distance_to_ugs": 104.92972055192077, "distance_to_ubs": 1049.2486800313204, "building_id": 679, "index_right": 149, "closest_ugbs_type": "L", "distance_to_ugbs": 104.92972055192077, "within_300m": true }, "geometry": { "type": "Point", "coordinates": [ 3188.621146071896419, 336791.457621606066823 ] } },
{ "type": "Feature", "properties": { "Hofname": "Franz-Schuh-Gasse 26", "clean_address": "1100 Wien, Franz-Schuh-Gasse", "Wohnungen": 34, "Lokale": 0, "addr_key": "1100 wien, franz-schuh-gasse", "distance_to_ugs": 130.0934816619787, "distance_to_ubs": 692.82264769015023, "building_id": 680, "index_right": 181, "closest_ugbs_type": "L", "distance_to_ugbs": 130.0934816619787, "within_300m": true }, "geometry": { "type": "Point", "coordinates": [ 1520.954020302402569, 336983.079009898938239 ] } },
{ "type": "Feature", "properties": { "Hofname": "Raxstraße 6-8", "clean_address": "1100 Wien, Raxstraße", "Wohnungen": 277, "Lokale": 11, "addr_key": "1100 wien, raxstraße", "distance_to_ugs": 20.537169680921568, "distance_to_ubs": 853.6515201386552, "building_id": 681, "index_right": 147, "closest_ugbs_type": "L", "distance_to_ugbs": 20.537169680921568, "within_300m": true }, "geometry": { "type": "Point", "coordinates": [ 2515.262855465074608, 336339.486399553716183 ] } },
{ "type": "Feature", "properties": { "Hofname": "Antonie-Alt-Hof", "clean_address": "1100 Wien, Leebgasse", "Wohnungen": 120, "Lokale": 5, "addr_key": "1100 wien, leebgasse", "distance_to_ugs": 120.4296901520481, "distance_to_ubs": 1557.2056131253241, "building_id": 682, "index_right": 194, "closest_ugbs_type": "L", "distance_to_ugbs": 120.4296901520481, "within_300m": true }, "geometry": { "type": "Point", "coordinates": [ 2798.61180005925462, 337524.332718942314386 ] } },
{ "type": "Feature", "properties": { "Hofname": "Dampfgasse 18-20", "clean_address": "1100 Wien, Dampfgasse", "Wohnungen": 103, "Lokale": 2, "addr_key": "1100 wien, dampfgasse", "distance_to_ugs": 32.959230356460552, "distance_to_ubs": 1170.9327447864268, "building_id": 683, "index_right": 198, "closest_ugbs_type": "L", "distance_to_ugbs": 32.959230356460552, "within_300m": true }, "geometry": { "type": "Point", "coordinates": [ 2572.662615057911353, 337939.638041405007243 ] } },
{ "type": "Feature", "properties": { "Hofname": "Hofherrgasse 5-13", "clean_address": "1100 Wien, Hofherrgasse", "Wohnungen": 157, "Lokale": 3, "addr_key": "1100 wien, hofherrgasse", "distance_to_ugs": 291.80105003618957, "distance_to_ubs": 696.66422944354406, "building_id": 684, "index_right": 500, "closest_ugbs_type": "L", "distance_to_ugbs": 291.80105003618957, "within_300m": true }, "geometry": { "type": "Point", "coordinates": [ 4431.949710975902235, 337449.657254625111818 ] } },
{ "type": "Feature", "properties": { "Hofname": "Troststraße 20-30", "clean_address": "1100 Wien, Troststraße", "Wohnungen": 233, "Lokale": 3, "addr_key": "1100 wien, troststraße", "distance_to_ugs": 192.07488986194011, "distance_to_ubs": 1197.9233658169767, "building_id": 685, "index_right": 190, "closest_ugbs_type": "L", "distance_to_ugbs": 192.07488986194011, "within_300m": true }, "geometry": { "type": "Point", "coordinates": [ 2527.58758421914581, 336800.268445513211191 ] } },
{ "type": "Feature", "properties": { "Hofname": "Oberlaaer Straße 193", "clean_address": "1100 Wien, Ober-Laaer Straße", "Wohnungen": 57, "Lokale": 5, "addr_key": "1100 wien, ober-laaer straße", "distance_to_ugs": 114.3972548187179, "distance_to_ubs": 719.77171096744598, "building_id": 686, "index_right": 1876, "closest_ugbs_type": "L", "distance_to_ugbs": 114.3972548187179, "within_300m": true }, "geometry": { "type": "Point", "coordinates": [ 7244.41693933305578, 352544.354051625181455 ] } },
{ "type": "Feature", "properties": { "Hofname": "Randhartingergasse 17", "clean_address": "1100 Wien, Randhartingergasse", "Wohnungen": 26, "Lokale": 0, "addr_key": "1100 wien, randhartingergasse", "distance_to_ugs": 210.68791217056483, "distance_to_ubs": 625.35918817289337, "building_id": 687, "index_right": 500, "closest_ugbs_type": "L", "distance_to_ugbs": 210.68791217056483, "within_300m": true }, "geometry": { "type": "Point", "coordinates": [ 4515.278466799777561, 337426.78985071927309 ] } },
{ "type": "Feature", "properties": { "Hofname": "Pernerstorfergasse 60", "clean_address": "1100 Wien, Pernerstorfergasse", "Wohnungen": 124, "Lokale": 5, "addr_key": "1100 wien, pernerstorfergasse", "distance_to_ugs": 97.051754122601665, "distance_to_ubs": 1084.2773381580639, "building_id": 688, "index_right": 512, "closest_ugbs_type": "L", "distance_to_ugbs": 97.051754122601665, "within_300m": true }, "geometry": { "type": "Point", "coordinates": [ 3661.989871566280726, 337509.553087261505425 ] } },
{ "type": "Feature", "properties": { "Hofname": "Neilreichgasse 85-89", "clean_address": "1100 Wien, Neilreichgasse", "Wohnungen": 157, "Lokale": 2, "addr_key": "1100 wien, neilreichgasse", "distance_to_ugs": 289.92407729557505, "distance_to_ubs": 1159.8771394798291, "building_id": 689, "index_right": 190, "closest_ugbs_type": "L", "distance_to_ugbs": 289.92407729557505, "within_300m": true }, "geometry": { "type": "Point", "coordinates": [ 2391.07356777097948, 336897.184671220253222 ] } },
{ "type": "Feature", "properties": { "Hofname": "Herzgasse 99-101", "clean_address": "1100 Wien, Herzgasse", "Wohnungen": 219, "Lokale": 6, "addr_key": "1100 wien, herzgasse", "distance_to_ugs": 96.947881742568185, "distance_to_ubs": 1481.4214611670948, "building_id": 690, "index_right": 194, "closest_ugbs_type": "L", "distance_to_ugbs": 96.947881742568185, "within_300m": true }, "geometry": { "type": "Point", "coordinates": [ 2578.818460383750789, 337459.214386744424701 ] } },
{ "type": "Feature", "properties": { "Hofname": "Kudlichgasse 12", "clean_address": "1100 Wien, Kudlichgasse", "Wohnungen": 19, "Lokale": 0, "addr_key": "1100 wien, kudlichgasse", "distance_to_ugs": 176.79144987569697, "distance_to_ubs": 697.51435214013827, "building_id": 691, "index_right": 176, "closest_ugbs_type": "L", "distance_to_ugbs": 176.79144987569697, "within_300m": true }, "geometry": { "type": "Point", "coordinates": [ 4203.394445590552095, 336994.767666362226009 ] } },
{ "type": "Feature", "properties": { "Hofname": "Jagdgasse 1d", "clean_address": "1100 Wien, Jagdgasse", "Wohnungen": 278, "Lokale": 9, "addr_key": "1100 wien, jagdgasse", "distance_to_ugs": 253.30793241316189, "distance_to_ubs": 1438.2927806374516, "building_id": 692, "index_right": 196, "closest_ugbs_type": "L", "distance_to_ugbs": 253.30793241316189, "within_300m": true }, "geometry": { "type": "Point", "coordinates": [ 2964.996281570689916, 337538.240493252873421 ] } },
{ "type": "Feature", "properties": { "Hofname": "Anna-Boschek-Hof", "clean_address": "1100 Wien, Davidgasse", "Wohnungen": 419, "Lokale": 21, "addr_key": "1100 wien, davidgasse", "distance_to_ugs": 131.27724115934657, "distance_to_ubs": 1149.9915489472444, "building_id": 693, "index_right": 193, "closest_ugbs_type": "L", "distance_to_ugbs": 131.27724115934657, "within_300m": true }, "geometry": { "type": "Point", "coordinates": [ 1962.854289142340349, 337328.204002452082932 ] } },
{ "type": "Feature", "properties": { "Hofname": "Wirerstraße 6-14", "clean_address": "1100 Wien, Wirerstraße", "Wohnungen": 104, "Lokale": 3, "addr_key": "1100 wien, wirerstraße", "distance_to_ugs": 39.965106429832765, "distance_to_ubs": 830.9929500094737, "building_id": 694, "index_right": 172, "closest_ugbs_type": "L", "distance_to_ugbs": 39.965106429832765, "within_300m": true }, "geometry": { "type": "Point", "coordinates": [ 3366.023912128267511, 336663.694441343366634 ] } },
{ "type": "Feature", "properties": { "Hofname": "Troststraße 8-16", "clean_address": "1100 Wien, Troststraße", "Wohnungen": 201, "Lokale": 5, "addr_key": "1100 wien, troststraße", "distance_to_ugs": 192.07488986194011, "distance_to_ubs": 1197.9233658169767, "building_id": 695, "index_right": 190, "closest_ugbs_type": "L", "distance_to_ugbs": 192.07488986194011, "within_300m": true }, "geometry": { "type": "Point", "coordinates": [ 2527.58758421914581, 336800.268445513211191 ] } },
{ "type": "Feature", "properties": { "Hofname": "Puchsbaumgasse 5-7", "clean_address": "1100 Wien, Puchsbaumgasse", "Wohnungen": 178, "Lokale": 1, "addr_key": "1100 wien, puchsbaumgasse", "distance_to_ugs": 228.32910595162696, "distance_to_ubs": 575.44188973169776, "building_id": 696, "index_right": 156, "closest_ugbs_type": "L", "distance_to_ugbs": 228.32910595162696, "within_300m": true }, "geometry": { "type": "Point", "coordinates": [ 4337.163011447031749, 337058.941825222223997 ] } },
{ "type": "Feature", "properties": { "Hofname": "Rechberggasse 16-20", "clean_address": "1100 Wien, Rechberggasse", "Wohnungen": 201, "Lokale": 9, "addr_key": "1100 wien, rechberggasse", "distance_to_ugs": 95.456878642381795, "distance_to_ubs": 759.74438127473911, "building_id": 697, "index_right": 172, "closest_ugbs_type": "L", "distance_to_ugbs": 95.456878642381795, "within_300m": true }, "geometry": { "type": "Point", "coordinates": [ 3530.286753007510924, 336757.125884402543306 ] } },
{ "type": "Feature", "properties": { "Hofname": "Antonsplatz 14-15", "clean_address": "1100 Wien, Antonsplatz", "Wohnungen": 110, "Lokale": 6, "addr_key": "1100 wien, antonsplatz", "distance_to_ugs": 18.561433281304112, "distance_to_ubs": 1110.8271129076795, "building_id": 698, "index_right": 175, "closest_ugbs_type": "L", "distance_to_ugbs": 18.561433281304112, "within_300m": true }, "geometry": { "type": "Point", "coordinates": [ 3369.91558288371607, 337084.949119786731899 ] } },
{ "type": "Feature", "properties": { "Hofname": "Migerkastraße 1-3", "clean_address": "1100 Wien, Migerkastraße", "Wohnungen": 129, "Lokale": 8, "addr_key": "1100 wien, migerkastraße", "distance_to_ugs": 236.15245232269521, "distance_to_ubs": 802.62115723599675, "building_id": 699, "index_right": 147, "closest_ugbs_type": "L", "distance_to_ugbs": 236.15245232269521, "within_300m": true }, "geometry": { "type": "Point", "coordinates": [ 2251.005484132846959, 336509.372423003427684 ] } },
{ "type": "Feature", "properties": { "Hofname": "Hausergasse 3-7", "clean_address": "1100 Wien, Hausergasse", "Wohnungen": 110, "Lokale": 2, "addr_key": "1100 wien, hausergasse", "distance_to_ugs": 150.17847567577422, "distance_to_ubs": 958.28591654533693, "building_id": 700, "index_right": 176, "closest_ugbs_type": "L", "distance_to_ugbs": 150.17847567577422, "within_300m": true }, "geometry": { "type": "Point", "coordinates": [ 4016.881541289333654, 337306.632102346979082 ] } },
{ "type": "Feature", "properties": { "Hofname": "Oberlaaer Straße 87", "clean_address": "1100 Wien, Ober-Laaer Straße", "Wohnungen": 42, "Lokale": 4, "addr_key": "1100 wien, ober-laaer straße", "distance_to_ugs": 114.3972548187179, "distance_to_ubs": 719.77171096744598, "building_id": 701, "index_right": 1876, "closest_ugbs_type": "L", "distance_to_ugbs": 114.3972548187179, "within_300m": true }, "geometry": { "type": "Point", "coordinates": [ 7244.41693933305578, 352544.354051625181455 ] } },
{ "type": "Feature", "properties": { "Hofname": "Rotenhofgasse 80-84", "clean_address": "1100 Wien, Rotenhofgasse", "Wohnungen": 261, "Lokale": 18, "addr_key": "1100 wien, rotenhofgasse", "distance_to_ugs": 188.9057311321607, "distance_to_ubs": 1414.5615708807277, "building_id": 702, "index_right": 193, "closest_ugbs_type": "L", "distance_to_ugbs": 188.9057311321607, "within_300m": true }, "geometry": { "type": "Point", "coordinates": [ 2372.844081298617766, 337379.076050399802625 ] } },
{ "type": "Feature", "properties": { "Hofname": "Gußriegelstraße 51-59", "clean_address": "1100 Wien, Gußriegelstraße", "Wohnungen": 451, "Lokale": 23, "addr_key": "1100 wien, gußriegelstraße", "distance_to_ugs": 87.616249431926946, "distance_to_ubs": 1141.9446451584897, "building_id": 703, "index_right": 193, "closest_ugbs_type": "L", "distance_to_ugbs": 87.616249431926946, "within_300m": true }, "geometry": { "type": "Point", "coordinates": [ 2018.980038428997887, 337391.579102064482868 ] } },
{ "type": "Feature", "properties": { "Hofname": "Oberlaaer Straße 39", "clean_address": "1100 Wien, Ober-Laaer Straße", "Wohnungen": 96, "Lokale": 11, "addr_key": "1100 wien, ober-laaer straße", "distance_to_ugs": 114.3972548187179, "distance_to_ubs": 719.77171096744598, "building_id": 704, "index_right": 1876, "closest_ugbs_type": "L", "distance_to_ugbs": 114.3972548187179, "within_300m": true }, "geometry": { "type": "Point", "coordinates": [ 7244.41693933305578, 352544.354051625181455 ] } },
{ "type": "Feature", "properties": { "Hofname": "Troststraße 13-19", "clean_address": "1100 Wien, Troststraße", "Wohnungen": 197, "Lokale": 8, "addr_key": "1100 wien, troststraße", "distance_to_ugs": 192.07488986194011, "distance_to_ubs": 1197.9233658169767, "building_id": 705, "index_right": 190, "closest_ugbs_type": "L", "distance_to_ugbs": 192.07488986194011, "within_300m": true }, "geometry": { "type": "Point", "coordinates": [ 2527.58758421914581, 336800.268445513211191 ] } },
{ "type": "Feature", "properties": { "Hofname": "Dieselgasse 11-17", "clean_address": "1100 Wien, Dieselgasse", "Wohnungen": 255, "Lokale": 5, "addr_key": "1100 wien, dieselgasse", "distance_to_ugs": 291.29463085380769, "distance_to_ubs": 1171.4776039567055, "building_id": 706, "index_right": 149, "closest_ugbs_type": "L", "distance_to_ugbs": 291.29463085380769, "within_300m": true }, "geometry": { "type": "Point", "coordinates": [ 2945.009400778281361, 336549.459065163508058 ] } },
{ "type": "Feature", "properties": { "Hofname": "Laaer-Berg-Straße 34-38", "clean_address": "1100 Wien, Laaer-Berg-Straße", "Wohnungen": 256, "Lokale": 8, "addr_key": "1100 wien, laaer-berg-straße", "distance_to_ugs": 76.766607288552706, "distance_to_ubs": 1093.5359327505616, "building_id": 707, "index_right": 179, "closest_ugbs_type": "L", "distance_to_ugbs": 76.766607288552706, "within_300m": true }, "geometry": { "type": "Point", "coordinates": [ 3573.29844948259688, 337196.859012596949469 ] } },
{ "type": "Feature", "properties": { "Hofname": "Schrankenberggasse 29", "clean_address": "1100 Wien, Schrankenberggasse", "Wohnungen": 54, "Lokale": 2, "addr_key": "1100 wien, schrankenberggasse", "distance_to_ugs": 193.37181918848117, "distance_to_ubs": 759.21746461918588, "building_id": 708, "index_right": 176, "closest_ugbs_type": "L", "distance_to_ugbs": 193.37181918848117, "within_300m": true }, "geometry": { "type": "Point", "coordinates": [ 4213.760229403908852, 337259.127931038849056 ] } },
{ "type": "Feature", "properties": { "Hofname": "Brunnweg 4", "clean_address": "1100 Wien, Brunnweg", "Wohnungen": 172, "Lokale": 0, "addr_key": "1100 wien, brunnweg", "distance_to_ugs": 268.05636377933274, "distance_to_ubs": 919.17279621089506, "building_id": 709, "index_right": 147, "closest_ugbs_type": "L", "distance_to_ugbs": 268.05636377933274, "within_300m": true }, "geometry": { "type": "Point", "coordinates": [ 2278.73212360689422, 336628.014948152936995 ] } },
{ "type": "Feature", "properties": { "Hofname": "Holbeingasse 11", "clean_address": "1100 Wien, Holbeingasse", "Wohnungen": 120, "Lokale": 4, "addr_key": "1100 wien, holbeingasse", "distance_to_ugs": 179.8710951610299, "distance_to_ubs": 1070.6817190043969, "building_id": 710, "index_right": 182, "closest_ugbs_type": "L", "distance_to_ugbs": 179.8710951610299, "within_300m": true }, "geometry": { "type": "Point", "coordinates": [ 2203.688610801726554, 337002.947216473519802 ] } },
{ "type": "Feature", "properties": { "Hofname": "Neilreichgasse 95-99", "clean_address": "1100 Wien, Neilreichgasse", "Wohnungen": 162, "Lokale": 7, "addr_key": "1100 wien, neilreichgasse", "distance_to_ugs": 289.92407729557505, "distance_to_ubs": 1159.8771394798291, "building_id": 711, "index_right": 190, "closest_ugbs_type": "L", "distance_to_ugbs": 289.92407729557505, "within_300m": true }, "geometry": { "type": "Point", "coordinates": [ 2391.07356777097948, 336897.184671220253222 ] } },
{ "type": "Feature", "properties": { "Hofname": "Quaringasse 22", "clean_address": "1100 Wien, Quaringasse", "Wohnungen": 60, "Lokale": 1, "addr_key": "1100 wien, quaringasse", "distance_to_ugs": 170.06018298424758, "distance_to_ubs": 689.44122126982461, "building_id": 712, "index_right": 181, "closest_ugbs_type": "L", "distance_to_ugbs": 170.06018298424758, "within_300m": true }, "geometry": { "type": "Point", "coordinates": [ 1614.085375182993857, 336954.373424044169951 ] } },
{ "type": "Feature", "properties": { "Hofname": "Feuchterslebengasse 67", "clean_address": "1100 Wien, Feuchterslebengasse", "Wohnungen": 428, "Lokale": 7, "addr_key": "1100 wien, feuchterslebengasse", "distance_to_ugs": 85.718632770722252, "distance_to_ubs": 805.76932877040008, "building_id": 713, "index_right": 176, "closest_ugbs_type": "L", "distance_to_ugbs": 85.718632770722252, "within_300m": true }, "geometry": { "type": "Point", "coordinates": [ 3921.927035719714695, 337014.830813617445529 ] } },
{ "type": "Feature", "properties": { "Hofname": "Eisenstadtplatz 4-8", "clean_address": "1100 Wien, Eisenstadtplatz", "Wohnungen": 174, "Lokale": 5, "addr_key": "1100 wien, eisenstadtplatz", "distance_to_ugs": 37.501951797460357, "distance_to_ubs": 507.72394935027899, "building_id": 714, "index_right": 169, "closest_ugbs_type": "L", "distance_to_ugbs": 37.501951797460357, "within_300m": true }, "geometry": { "type": "Point", "coordinates": [ 3773.709268213585347, 336634.846993571612984 ] } },
{ "type": "Feature", "properties": { "Hofname": "Patrubangasse 9", "clean_address": "1100 Wien, Patrubangasse", "Wohnungen": 118, "Lokale": 6, "addr_key": "1100 wien, patrubangasse", "distance_to_ugs": 127.46503359809104, "distance_to_ubs": 502.17303005451231, "building_id": 715, "index_right": 173, "closest_ugbs_type": "L", "distance_to_ugbs": 127.46503359809104, "within_300m": true }, "geometry": { "type": "Point", "coordinates": [ 3691.718885012602641, 336552.622195494361222 ] } },
{ "type": "Feature", "properties": { "Hofname": "Laaer-Berg-Straße 32", "clean_address": "1100 Wien, Laaer-Berg-Straße", "Wohnungen": 149, "Lokale": 47, "addr_key": "1100 wien, laaer-berg-straße", "distance_to_ugs": 76.766607288552706, "distance_to_ubs": 1093.5359327505616, "building_id": 716, "index_right": 179, "closest_ugbs_type": "L", "distance_to_ugbs": 76.766607288552706, "within_300m": true }, "geometry": { "type": "Point", "coordinates": [ 3573.29844948259688, 337196.859012596949469 ] } },
{ "type": "Feature", "properties": { "Hofname": "Neilreichgasse 56", "clean_address": "1100 Wien, Neilreichgasse", "Wohnungen": 92, "Lokale": 5, "addr_key": "1100 wien, neilreichgasse", "distance_to_ugs": 289.92407729557505, "distance_to_ubs": 1159.8771394798291, "building_id": 717, "index_right": 190, "closest_ugbs_type": "L", "distance_to_ugbs": 289.92407729557505, "within_300m": true }, "geometry": { "type": "Point", "coordinates": [ 2391.07356777097948, 336897.184671220253222 ] } },
{ "type": "Feature", "properties": { "Hofname": "Graffgasse 12", "clean_address": "1100 Wien, Graffgasse", "Wohnungen": 50, "Lokale": 0, "addr_key": "1100 wien, graffgasse", "distance_to_ugs": 261.71439833899922, "distance_to_ubs": 1073.8837855912191, "building_id": 718, "index_right": 147, "closest_ugbs_type": "L", "distance_to_ugbs": 261.71439833899922, "within_300m": true }, "geometry": { "type": "Point", "coordinates": [ 2440.915977701391967, 336709.500888201408088 ] } },
{ "type": "Feature", "properties": { "Hofname": "Raxstraße 38", "clean_address": "1100 Wien, Raxstraße", "Wohnungen": 35, "Lokale": 4, "addr_key": "1100 wien, raxstraße", "distance_to_ugs": 20.537169680921568, "distance_to_ubs": 853.6515201386552, "building_id": 719, "index_right": 147, "closest_ugbs_type": "L", "distance_to_ugbs": 20.537169680921568, "within_300m": true }, "geometry": { "type": "Point", "coordinates": [ 2515.262855465074608, 336339.486399553716183 ] } },
{ "type": "Feature", "properties": { "Hofname": "Raxstraße 27a", "clean_address": "1100 Wien, Raxstraße", "Wohnungen": 71, "Lokale": 2, "addr_key": "1100 wien, raxstraße", "distance_to_ugs": 20.537169680921568, "distance_to_ubs": 853.6515201386552, "building_id": 720, "index_right": 147, "closest_ugbs_type": "L", "distance_to_ugbs": 20.537169680921568, "within_300m": true }, "geometry": { "type": "Point", "coordinates": [ 2515.262855465074608, 336339.486399553716183 ] } },
{ "type": "Feature", "properties": { "Hofname": "Braunspergengasse 27", "clean_address": "1100 Wien, Braunspergengasse", "Wohnungen": 197, "Lokale": 1, "addr_key": "1100 wien, braunspergengasse", "distance_to_ugs": 107.97572426154214, "distance_to_ubs": 1039.607420716656, "building_id": 721, "index_right": 182, "closest_ugbs_type": "L", "distance_to_ugbs": 107.97572426154214, "within_300m": true }, "geometry": { "type": "Point", "coordinates": [ 1849.556001817700917, 337235.480620970018208 ] } },
{ "type": "Feature", "properties": { "Hofname": "Fernkorngasse 100", "clean_address": "1100 Wien, Fernkorngasse", "Wohnungen": 135, "Lokale": 0, "addr_key": "1100 wien, fernkorngasse", "distance_to_ugs": 152.29357443275242, "distance_to_ubs": 1290.206196425723, "building_id": 722, "index_right": 195, "closest_ugbs_type": "L", "distance_to_ugbs": 152.29357443275242, "within_300m": true }, "geometry": { "type": "Point", "coordinates": [ 2347.635135985369288, 337514.301410163752735 ] } },
{ "type": "Feature", "properties": { "Hofname": "Raxstraße 22", "clean_address": "1100 Wien, Raxstraße", "Wohnungen": 135, "Lokale": 12, "addr_key": "1100 wien, raxstraße", "distance_to_ugs": 20.537169680921568, "distance_to_ubs": 853.6515201386552, "building_id": 723, "index_right": 147, "closest_ugbs_type": "L", "distance_to_ugbs": 20.537169680921568, "within_300m": true }, "geometry": { "type": "Point", "coordinates": [ 2515.262855465074608, 336339.486399553716183 ] } },
{ "type": "Feature", "properties": { "Hofname": "Klausenburger Straße 33", "clean_address": "1100 Wien, Klausenburger Straße", "Wohnungen": 97, "Lokale": 0, "addr_key": "1100 wien, klausenburger straße", "distance_to_ugs": 15.560392151408317, "distance_to_ubs": 616.28085221105232, "building_id": 724, "index_right": 171, "closest_ugbs_type": "L", "distance_to_ugbs": 15.560392151408317, "within_300m": true }, "geometry": { "type": "Point", "coordinates": [ 3649.216138167817462, 336672.713844608399086 ] } },
{ "type": "Feature", "properties": { "Hofname": "Laxenburger Straße 203-217", "clean_address": "1100 Wien, Laxenburger Straße", "Wohnungen": 272, "Lokale": 19, "addr_key": "1100 wien, laxenburger straße", "distance_to_ugs": 28.423995982943989, "distance_to_ubs": 925.70730719528126, "building_id": 725, "index_right": 199, "closest_ugbs_type": "L", "distance_to_ugbs": 28.423995982943989, "within_300m": true }, "geometry": { "type": "Point", "coordinates": [ 3080.212864507507675, 338163.007438377477229 ] } },
{ "type": "Feature", "properties": { "Hofname": "Laxenburger Straße 140-142", "clean_address": "1100 Wien, Laxenburger Straße", "Wohnungen": 10, "Lokale": 5, "addr_key": "1100 wien, laxenburger straße", "distance_to_ugs": 28.423995982943989, "distance_to_ubs": 925.70730719528126, "building_id": 726, "index_right": 199, "closest_ugbs_type": "L", "distance_to_ugbs": 28.423995982943989, "within_300m": true }, "geometry": { "type": "Point", "coordinates": [ 3080.212864507507675, 338163.007438377477229 ] } },
{ "type": "Feature", "properties": { "Hofname": "Laaer-Berg-Straße 166", "clean_address": "1100 Wien, Laaer-Berg-Straße", "Wohnungen": 19, "Lokale": 7, "addr_key": "1100 wien, laaer-berg-straße", "distance_to_ugs": 76.766607288552706, "distance_to_ubs": 1093.5359327505616, "building_id": 727, "index_right": 179, "closest_ugbs_type": "L", "distance_to_ugbs": 76.766607288552706, "within_300m": true }, "geometry": { "type": "Point", "coordinates": [ 3573.29844948259688, 337196.859012596949469 ] } },
{ "type": "Feature", "properties": { "Hofname": "Laaer-Berg-Straße 168", "clean_address": "1100 Wien, Laaer-Berg-Straße", "Wohnungen": 20, "Lokale": 8, "addr_key": "1100 wien, laaer-berg-straße", "distance_to_ugs": 76.766607288552706, "distance_to_ubs": 1093.5359327505616, "building_id": 728, "index_right": 179, "closest_ugbs_type": "L", "distance_to_ugbs": 76.766607288552706, "within_300m": true }, "geometry": { "type": "Point", "coordinates": [ 3573.29844948259688, 337196.859012596949469 ] } },
{ "type": "Feature", "properties": { "Hofname": "Laaer-Berg-Straße 172", "clean_address": "1100 Wien, Laaer-Berg-Straße", "Wohnungen": 26, "Lokale": 4, "addr_key": "1100 wien, laaer-berg-straße", "distance_to_ugs": 76.766607288552706, "distance_to_ubs": 1093.5359327505616, "building_id": 729, "index_right": 179, "closest_ugbs_type": "L", "distance_to_ugbs": 76.766607288552706, "within_300m": true }, "geometry": { "type": "Point", "coordinates": [ 3573.29844948259688, 337196.859012596949469 ] } },
{ "type": "Feature", "properties": { "Hofname": "Laaer-Berg-Straße 202", "clean_address": "1100 Wien, Laaer-Berg-Straße", "Wohnungen": 35, "Lokale": 2, "addr_key": "1100 wien, laaer-berg-straße", "distance_to_ugs": 76.766607288552706, "distance_to_ubs": 1093.5359327505616, "building_id": 730, "index_right": 179, "closest_ugbs_type": "L", "distance_to_ugbs": 76.766607288552706, "within_300m": true }, "geometry": { "type": "Point", "coordinates": [ 3573.29844948259688, 337196.859012596949469 ] } },
{ "type": "Feature", "properties": { "Hofname": "Kempelengasse 5", "clean_address": "1100 Wien, Kempelengasse", "Wohnungen": 373, "Lokale": 2, "addr_key": "1100 wien, kempelengasse", "distance_to_ugs": 170.09474244777434, "distance_to_ubs": 520.88161359296498, "building_id": 731, "index_right": 500, "closest_ugbs_type": "L", "distance_to_ugbs": 170.09474244777434, "within_300m": true }, "geometry": { "type": "Point", "coordinates": [ 4588.740784325251298, 337351.465901832096279 ] } },
{ "type": "Feature", "properties": { "Hofname": "Quellenplatz 4", "clean_address": "1100 Wien, Quellenplatz", "Wohnungen": 35, "Lokale": 10, "addr_key": "1100 wien, quellenplatz", "distance_to_ugs": 232.50112948694292, "distance_to_ubs": 1468.8352311271535, "building_id": 732, "index_right": 192, "closest_ugbs_type": "L", "distance_to_ugbs": 232.50112948694292, "within_300m": true }, "geometry": { "type": "Point", "coordinates": [ 3041.524411567886546, 337444.806802419014275 ] } },
{ "type": "Feature", "properties": { "Hofname": "Hebbelplatz 3", "clean_address": "1100 Wien, Hebbelplatz", "Wohnungen": 160, "Lokale": 11, "addr_key": "1100 wien, hebbelplatz", "distance_to_ugs": 32.644004165097058, "distance_to_ubs": 630.20701887780172, "building_id": 733, "index_right": 166, "closest_ugbs_type": "L", "distance_to_ugbs": 32.644004165097058, "within_300m": true }, "geometry": { "type": "Point", "coordinates": [ 3461.175648014683247, 336386.052453882235568 ] } },
{ "type": "Feature", "properties": { "Hofname": "Steudelgasse 42", "clean_address": "1100 Wien, Steudelgasse", "Wohnungen": 35, "Lokale": 2, "addr_key": "1100 wien, steudelgasse", "distance_to_ugs": 125.01938573984249, "distance_to_ubs": 1087.7256561598647, "building_id": 734, "index_right": 510, "closest_ugbs_type": "L", "distance_to_ugbs": 125.01938573984249, "within_300m": true }, "geometry": { "type": "Point", "coordinates": [ 3891.248982862647608, 337341.644672610796988 ] } },
{ "type": "Feature", "properties": { "Hofname": "Puchsbaumplatz 13", "clean_address": "1100 Wien, Puchsbaumplatz", "Wohnungen": 14, "Lokale": 0, "addr_key": "1100 wien, puchsbaumplatz", "distance_to_ugs": 17.456143389402282, "distance_to_ubs": 882.26171724355822, "building_id": 735, "index_right": 176, "closest_ugbs_type": "L", "distance_to_ugbs": 17.456143389402282, "within_300m": true }, "geometry": { "type": "Point", "coordinates": [ 4046.56294856482873, 337161.187167922966182 ] } },
{ "type": "Feature", "properties": { "Hofname": "Johann-Pölzer-Gasse 4", "clean_address": "1100 Wien, Johann-Pölzer-Gasse", "Wohnungen": 26, "Lokale": 0, "addr_key": "1100 wien, johann-pölzer-gasse", "distance_to_ugs": 42.359667862787603, "distance_to_ubs": 270.79471622235394, "building_id": 736, "index_right": 1010, "closest_ugbs_type": "L", "distance_to_ugbs": 42.359667862787603, "within_300m": true }, "geometry": { "type": "Point", "coordinates": [ 4737.414096856568904, 334177.92442137748003 ] } },
{ "type": "Feature", "properties": { "Hofname": "Herzgasse 15-19", "clean_address": "1100 Wien, Herzgasse", "Wohnungen": 68, "Lokale": 5, "addr_key": "1100 wien, herzgasse", "distance_to_ugs": 96.947881742568185, "distance_to_ubs": 1481.4214611670948, "building_id": 737, "index_right": 194, "closest_ugbs_type": "L", "distance_to_ugbs": 96.947881742568185, "within_300m": true }, "geometry": { "type": "Point", "coordinates": [ 2578.818460383750789, 337459.214386744424701 ] } },
{ "type": "Feature", "properties": { "Hofname": "Simmeringer Hauptstraße 240", "clean_address": "1110 Wien, Simmeringer Hauptstraße", "Wohnungen": 32, "Lokale": 8, "addr_key": "1110 wien, simmeringer hauptstraße", "distance_to_ugs": 119.81660834227907, "distance_to_ubs": 309.31155880145275, "building_id": 738, "index_right": 1210, "closest_ugbs_type": "L", "distance_to_ugbs": 119.81660834227907, "within_300m": true }, "geometry": { "type": "Point", "coordinates": [ 5503.551468268244207, 338388.435128855518997 ] } },
{ "type": "Feature", "properties": { "Hofname": "Gratian-Marx-Straße 4", "clean_address": "1110 Wien, Gratian-Marx-Straße", "Wohnungen": 12, "Lokale": 3, "addr_key": "1110 wien, gratian-marx-straße", "distance_to_ugs": 78.49512042172384, "distance_to_ubs": 372.98257970700416, "building_id": 739, "index_right": 1210, "closest_ugbs_type": "L", "distance_to_ugbs": 78.49512042172384, "within_300m": true }, "geometry": { "type": "Point", "coordinates": [ 5639.103265759201349, 338375.12808748986572 ] } },
{ "type": "Feature", "properties": { "Hofname": "Schneidergasse 9", "clean_address": "1110 Wien, Schneidergasse", "Wohnungen": 9, "Lokale": 0, "addr_key": "1110 wien, schneidergasse", "distance_to_ugs": 79.267260738303492, "distance_to_ubs": 402.4308810898055, "building_id": 740, "index_right": 1210, "closest_ugbs_type": "L", "distance_to_ugbs": 79.267260738303492, "within_300m": true }, "geometry": { "type": "Point", "coordinates": [ 5706.169874073169012, 338344.08382260723738 ] } },
{ "type": "Feature", "properties": { "Hofname": "Herbortgasse 43", "clean_address": "1110 Wien, Herbortgasse", "Wohnungen": 50, "Lokale": 0, "addr_key": "1110 wien, herbortgasse", "distance_to_ugs": 51.554700053775264, "distance_to_ubs": 752.28115340148815, "building_id": 741, "index_right": 1176, "closest_ugbs_type": "L", "distance_to_ugbs": 51.554700053775264, "within_300m": true }, "geometry": { "type": "Point", "coordinates": [ 5713.054122400086271, 337257.515851374715567 ] } },
{ "type": "Feature", "properties": { "Hofname": "Fuchsröhrenstraße 22-30", "clean_address": "1110 Wien, Fuchsröhrenstraße", "Wohnungen": 86, "Lokale": 3, "addr_key": "1110 wien, fuchsröhrenstraße", "distance_to_ugs": 20.4394875023225, "distance_to_ubs": 714.53463108008521, "building_id": 742, "index_right": 1205, "closest_ugbs_type": "L", "distance_to_ugbs": 20.4394875023225, "within_300m": true }, "geometry": { "type": "Point", "coordinates": [ 6098.248104715035879, 338072.11451964918524 ] } },
{ "type": "Feature", "properties": { "Hofname": "Rosa-Jochmann-Hof", "clean_address": "1110 Wien, Simmeringer Hauptstraße", "Wohnungen": 276, "Lokale": 16, "addr_key": "1110 wien, simmeringer hauptstraße", "distance_to_ugs": 119.81660834227907, "distance_to_ubs": 309.31155880145275, "building_id": 743, "index_right": 1210, "closest_ugbs_type": "L", "distance_to_ugbs": 119.81660834227907, "within_300m": true }, "geometry": { "type": "Point", "coordinates": [ 5503.551468268244207, 338388.435128855518997 ] } },
{ "type": "Feature", "properties": { "Hofname": "Eisteichstraße 11", "clean_address": "1110 Wien, Eisteichstraße", "Wohnungen": 32, "Lokale": 5, "addr_key": "1110 wien, eisteichstraße", "distance_to_ugs": 59.34817922459802, "distance_to_ubs": 751.41550271202857, "building_id": 744, "index_right": 1183, "closest_ugbs_type": "L", "distance_to_ugbs": 59.34817922459802, "within_300m": true }, "geometry": { "type": "Point", "coordinates": [ 6124.186766253304995, 337969.575137624517083 ] } },
{ "type": "Feature", "properties": { "Hofname": "Zippererstraße 14", "clean_address": "1110 Wien, Zippererstraße", "Wohnungen": 162, "Lokale": 9, "addr_key": "1110 wien, zippererstraße", "distance_to_ugs": 96.015108020317285, "distance_to_ubs": 558.15686080395187, "building_id": 745, "index_right": 1206, "closest_ugbs_type": "L", "distance_to_ugbs": 96.015108020317285, "within_300m": true }, "geometry": { "type": "Point", "coordinates": [ 5916.972266259009302, 337933.918918907642365 ] } },
{ "type": "Feature", "properties": { "Hofname": "Delsenbachgasse 7-11", "clean_address": "1110 Wien, Delsenbachgasse", "Wohnungen": 81, "Lokale": 3, "addr_key": "1110 wien, delsenbachgasse", "distance_to_ugs": 92.168714745268815, "distance_to_ubs": 700.14874936059277, "building_id": 746, "index_right": 1183, "closest_ugbs_type": "L", "distance_to_ugbs": 92.168714745268815, "within_300m": true }, "geometry": { "type": "Point", "coordinates": [ 6069.355736347976745, 337956.087229655124247 ] } },
{ "type": "Feature", "properties": { "Hofname": "Wilhelm-Otto-Straße 3-5", "clean_address": "1110 Wien, Wilhelm-Otto-Straße", "Wohnungen": 27, "Lokale": 3, "addr_key": "1110 wien, wilhelm-otto-straße", "distance_to_ugs": 48.874092795790446, "distance_to_ubs": 744.92186278234135, "building_id": 747, "index_right": 1183, "closest_ugbs_type": "L", "distance_to_ugbs": 48.874092795790446, "within_300m": true }, "geometry": { "type": "Point", "coordinates": [ 6111.367925640963222, 337938.561078091152012 ] } },
{ "type": "Feature", "properties": { "Hofname": "Gratian-Marx-Straße 5", "clean_address": "1110 Wien, Gratian-Marx-Straße", "Wohnungen": 17, "Lokale": 1, "addr_key": "1110 wien, gratian-marx-straße", "distance_to_ugs": 78.49512042172384, "distance_to_ubs": 372.98257970700416, "building_id": 748, "index_right": 1210, "closest_ugbs_type": "L", "distance_to_ugbs": 78.49512042172384, "within_300m": true }, "geometry": { "type": "Point", "coordinates": [ 5639.103265759201349, 338375.12808748986572 ] } },
{ "type": "Feature", "properties": { "Hofname": "Gratian-Marx-Straße 12-14", "clean_address": "1110 Wien, Gratian-Marx-Straße", "Wohnungen": 52, "Lokale": 1, "addr_key": "1110 wien, gratian-marx-straße", "distance_to_ugs": 78.49512042172384, "distance_to_ubs": 372.98257970700416, "building_id": 749, "index_right": 1210, "closest_ugbs_type": "L", "distance_to_ugbs": 78.49512042172384, "within_300m": true }, "geometry": { "type": "Point", "coordinates": [ 5639.103265759201349, 338375.12808748986572 ] } },
{ "type": "Feature", "properties": { "Hofname": "Ehamgasse 49", "clean_address": "1110 Wien, Ehamgasse", "Wohnungen": 15, "Lokale": 2, "addr_key": "1110 wien, ehamgasse", "distance_to_ugs": 81.39498428600794, "distance_to_ubs": 809.95868788422797, "building_id": 750, "index_right": 1176, "closest_ugbs_type": "L", "distance_to_ugbs": 81.39498428600794, "within_300m": true }, "geometry": { "type": "Point", "coordinates": [ 5760.801135461463673, 337290.385829043574631 ] } },
{ "type": "Feature", "properties": { "Hofname": "Krausegasse 14", "clean_address": "1110 Wien, Krausegasse", "Wohnungen": 33, "Lokale": 2, "addr_key": "1110 wien, krausegasse", "distance_to_ugs": 164.85494205015448, "distance_to_ubs": 1214.8686219429346, "building_id": 751, "index_right": 1195, "closest_ugbs_type": "L", "distance_to_ugbs": 164.85494205015448, "within_300m": true }, "geometry": { "type": "Point", "coordinates": [ 6312.867554868966181, 337311.866703263483942 ] } },
{ "type": "Feature", "properties": { "Hofname": "Molitorgasse 5-9", "clean_address": "1110 Wien, Molitorgasse", "Wohnungen": 47, "Lokale": 0, "addr_key": "1110 wien, molitorgasse", "distance_to_ugs": 173.05592193984086, "distance_to_ubs": 298.44303410402011, "building_id": 752, "index_right": 1206, "closest_ugbs_type": "L", "distance_to_ugbs": 173.05592193984086, "within_300m": true }, "geometry": { "type": "Point", "coordinates": [ 5668.551574235761109, 338192.445846345392056 ] } },
{ "type": "Feature", "properties": { "Hofname": "Dommesgasse 1-7", "clean_address": "1110 Wien, Dommesgasse", "Wohnungen": 125, "Lokale": 11, "addr_key": "1110 wien, dommesgasse", "distance_to_ugs": 36.703870448749733, "distance_to_ubs": 992.69686058269735, "building_id": 753, "index_right": 1063, "closest_ugbs_type": "L", "distance_to_ugbs": 36.703870448749733, "within_300m": true }, "geometry": { "type": "Point", "coordinates": [ 6043.258769461831434, 336973.725580467842519 ] } },
{ "type": "Feature", "properties": { "Hofname": "Herbortgasse 42", "clean_address": "1110 Wien, Herbortgasse", "Wohnungen": 64, "Lokale": 0, "addr_key": "1110 wien, herbortgasse", "distance_to_ugs": 51.554700053775264, "distance_to_ubs": 752.28115340148815, "building_id": 754, "index_right": 1176, "closest_ugbs_type": "L", "distance_to_ugbs": 51.554700053775264, "within_300m": true }, "geometry": { "type": "Point", "coordinates": [ 5713.054122400086271, 337257.515851374715567 ] } },
{ "type": "Feature", "properties": { "Hofname": "Rinnböckstraße 14-18", "clean_address": "1110 Wien, Rinnböckstraße", "Wohnungen": 39, "Lokale": 7, "addr_key": "1110 wien, rinnböckstraße", "distance_to_ugs": 38.158228304940003, "distance_to_ubs": 392.32595818310722, "building_id": 755, "index_right": 1210, "closest_ugbs_type": "L", "distance_to_ugbs": 38.158228304940003, "within_300m": true }, "geometry": { "type": "Point", "coordinates": [ 5509.6296930169201, 338474.849913999438286 ] } },
{ "type": "Feature", "properties": { "Hofname": "Geystraße 5-7", "clean_address": "1110 Wien, Geystraße", "Wohnungen": 29, "Lokale": 0, "addr_key": "1110 wien, geystraße", "distance_to_ugs": 259.25894560322649, "distance_to_ubs": 430.58148679754555, "building_id": 756, "index_right": 1206, "closest_ugbs_type": "L", "distance_to_ugbs": 259.25894560322649, "within_300m": true }, "geometry": { "type": "Point", "coordinates": [ 5722.395853824759797, 337829.47509525809437 ] } },
{ "type": "Feature", "properties": { "Hofname": "Simmeringer Hauptstraße 136-140", "clean_address": "1110 Wien, Simmeringer Hauptstraße", "Wohnungen": 46, "Lokale": 6, "addr_key": "1110 wien, simmeringer hauptstraße", "distance_to_ugs": 119.81660834227907, "distance_to_ubs": 309.31155880145275, "building_id": 757, "index_right": 1210, "closest_ugbs_type": "L", "distance_to_ugbs": 119.81660834227907, "within_300m": true }, "geometry": { "type": "Point", "coordinates": [ 5503.551468268244207, 338388.435128855518997 ] } },
{ "type": "Feature", "properties": { "Hofname": "Römersthalgasse 9-17", "clean_address": "1110 Wien, Römersthalgasse", "Wohnungen": 118, "Lokale": 1, "addr_key": "1110 wien, römersthalgasse", "distance_to_ugs": 127.78700607311178, "distance_to_ubs": 1017.2390394705928, "building_id": 758, "index_right": 1061, "closest_ugbs_type": "L", "distance_to_ugbs": 127.78700607311178, "within_300m": true }, "geometry": { "type": "Point", "coordinates": [ 6046.568757663825636, 336670.213116781786084 ] } },
{ "type": "Feature", "properties": { "Hofname": "Mautner-Markhof-Gasse 10", "clean_address": "1110 Wien, Mautner-Markhof-Gasse", "Wohnungen": 641, "Lokale": 7, "addr_key": "1110 wien, mautner-markhof-gasse", "distance_to_ugs": 69.883440303867943, "distance_to_ubs": 1088.6339561882053, "building_id": 759, "index_right": 1202, "closest_ugbs_type": "L", "distance_to_ugbs": 69.883440303867943, "within_300m": true }, "geometry": { "type": "Point", "coordinates": [ 6609.31125555197832, 337807.657305144704878 ] } },
{ "type": "Feature", "properties": { "Hofname": "Karl-Lory-Hof", "clean_address": "1110 Wien, Lorystraße", "Wohnungen": 95, "Lokale": 3, "addr_key": "1110 wien, lorystraße", "distance_to_ugs": 137.00942036803355, "distance_to_ubs": 1012.5422380264461, "building_id": 760, "index_right": 1176, "closest_ugbs_type": "L", "distance_to_ugbs": 137.00942036803355, "within_300m": true }, "geometry": { "type": "Point", "coordinates": [ 6030.520933953115673, 337161.472894051636104 ] } },
{ "type": "Feature", "properties": { "Hofname": "Thürnlhofstraße 21-23", "clean_address": "1110 Wien, Thürnlhofstraße", "Wohnungen": 364, "Lokale": 3, "addr_key": "1110 wien, thürnlhofstraße", "distance_to_ugs": 48.113959502921368, "distance_to_ubs": 420.13604147551678, "building_id": 761, "index_right": 1050, "closest_ugbs_type": "L", "distance_to_ugbs": 48.113959502921368, "within_300m": true }, "geometry": { "type": "Point", "coordinates": [ 9075.666089903430475, 335520.444922052731272 ] } },
{ "type": "Feature", "properties": { "Hofname": "Thürnlhofstraße 20-24", "clean_address": "1110 Wien, Thürnlhofstraße", "Wohnungen": 621, "Lokale": 2, "addr_key": "1110 wien, thürnlhofstraße", "distance_to_ugs": 48.113959502921368, "distance_to_ubs": 420.13604147551678, "building_id": 762, "index_right": 1050, "closest_ugbs_type": "L", "distance_to_ugbs": 48.113959502921368, "within_300m": true }, "geometry": { "type": "Point", "coordinates": [ 9075.666089903430475, 335520.444922052731272 ] } },
{ "type": "Feature", "properties": { "Hofname": "Muhrhoferweg 13-19", "clean_address": "1110 Wien, Muhrhoferweg", "Wohnungen": 419, "Lokale": 17, "addr_key": "1110 wien, muhrhoferweg", "distance_to_ugs": 12.943654056053512, "distance_to_ubs": 622.95388557306831, "building_id": 763, "index_right": 1095, "closest_ugbs_type": "L", "distance_to_ugbs": 12.943654056053512, "within_300m": true }, "geometry": { "type": "Point", "coordinates": [ 10423.829433812510615, 335506.67321850702865 ] } },
{ "type": "Feature", "properties": { "Hofname": "Muhrhoferweg 7-11", "clean_address": "1110 Wien, Muhrhoferweg", "Wohnungen": 460, "Lokale": 3, "addr_key": "1110 wien, muhrhoferweg", "distance_to_ugs": 12.943654056053512, "distance_to_ubs": 622.95388557306831, "building_id": 764, "index_right": 1095, "closest_ugbs_type": "L", "distance_to_ugbs": 12.943654056053512, "within_300m": true }, "geometry": { "type": "Point", "coordinates": [ 10423.829433812510615, 335506.67321850702865 ] } },
{ "type": "Feature", "properties": { "Hofname": "Pantucekgasse 33", "clean_address": "1110 Wien, Pantucekgasse", "Wohnungen": 446, "Lokale": 6, "addr_key": "1110 wien, pantucekgasse", "distance_to_ugs": 163.2113731756281, "distance_to_ubs": 584.36007978758323, "building_id": 765, "index_right": 1089, "closest_ugbs_type": "L", "distance_to_ugbs": 163.2113731756281, "within_300m": true }, "geometry": { "type": "Point", "coordinates": [ 9059.620771889653042, 334931.644635745324194 ] } },
{ "type": "Feature", "properties": { "Hofname": "Muhrhoferweg 1-5", "clean_address": "1110 Wien, Muhrhoferweg", "Wohnungen": 497, "Lokale": 3, "addr_key": "1110 wien, muhrhoferweg", "distance_to_ugs": 12.943654056053512, "distance_to_ubs": 622.95388557306831, "building_id": 766, "index_right": 1095, "closest_ugbs_type": "L", "distance_to_ugbs": 12.943654056053512, "within_300m": true }, "geometry": { "type": "Point", "coordinates": [ 10423.829433812510615, 335506.67321850702865 ] } },
{ "type": "Feature", "properties": { "Hofname": "Pantucekgasse 9-11", "clean_address": "1110 Wien, Pantucekgasse", "Wohnungen": 472, "Lokale": 4, "addr_key": "1110 wien, pantucekgasse", "distance_to_ugs": 163.2113731756281, "distance_to_ubs": 584.36007978758323, "building_id": 767, "index_right": 1089, "closest_ugbs_type": "L", "distance_to_ugbs": 163.2113731756281, "within_300m": true }, "geometry": { "type": "Point", "coordinates": [ 9059.620771889653042, 334931.644635745324194 ] } },
{ "type": "Feature", "properties": { "Hofname": "Lorystraße 57", "clean_address": "1110 Wien, Lorystraße", "Wohnungen": 35, "Lokale": 1, "addr_key": "1110 wien, lorystraße", "distance_to_ugs": 137.00942036803355, "distance_to_ubs": 1012.5422380264461, "building_id": 768, "index_right": 1176, "closest_ugbs_type": "L", "distance_to_ugbs": 137.00942036803355, "within_300m": true }, "geometry": { "type": "Point", "coordinates": [ 6030.520933953115673, 337161.472894051636104 ] } },
{ "type": "Feature", "properties": { "Hofname": "Luzegasse 2-4", "clean_address": "1110 Wien, Luzegasse", "Wohnungen": 98, "Lokale": 8, "addr_key": "1110 wien, luzegasse", "distance_to_ugs": 138.32017010147285, "distance_to_ubs": 197.52111392195258, "building_id": 769, "index_right": 1049, "closest_ugbs_type": "L", "distance_to_ugbs": 138.32017010147285, "within_300m": true }, "geometry": { "type": "Point", "coordinates": [ 8892.456845550521393, 335706.777491304499563 ] } },
{ "type": "Feature", "properties": { "Hofname": "Eisteichstraße 17-27", "clean_address": "1110 Wien, Eisteichstraße", "Wohnungen": 150, "Lokale": 20, "addr_key": "1110 wien, eisteichstraße", "distance_to_ugs": 59.34817922459802, "distance_to_ubs": 751.41550271202857, "building_id": 770, "index_right": 1183, "closest_ugbs_type": "L", "distance_to_ugbs": 59.34817922459802, "within_300m": true }, "geometry": { "type": "Point", "coordinates": [ 6124.186766253304995, 337969.575137624517083 ] } },
{ "type": "Feature", "properties": { "Hofname": "Kaiser-Ebersdorfer Straße 290-292", "clean_address": "1110 Wien, Kaiser-Ebersdorfer Straße", "Wohnungen": 26, "Lokale": 4, "addr_key": "1110 wien, kaiser-ebersdorfer straße", "distance_to_ugs": 95.659547138232668, "distance_to_ubs": 677.62848583912103, "building_id": 771, "index_right": 1044, "closest_ugbs_type": "L", "distance_to_ugbs": 95.659547138232668, "within_300m": true }, "geometry": { "type": "Point", "coordinates": [ 6962.838540123977509, 336668.794230672880076 ] } },
{ "type": "Feature", "properties": { "Hofname": "Wilhelm-Otto-Straße 1", "clean_address": "1110 Wien, Wilhelm-Otto-Straße", "Wohnungen": 28, "Lokale": 0, "addr_key": "1110 wien, wilhelm-otto-straße", "distance_to_ugs": 48.874092795790446, "distance_to_ubs": 744.92186278234135, "building_id": 772, "index_right": 1183, "closest_ugbs_type": "L", "distance_to_ugbs": 48.874092795790446, "within_300m": true }, "geometry": { "type": "Point", "coordinates": [ 6111.367925640963222, 337938.561078091152012 ] } },
{ "type": "Feature", "properties": { "Hofname": "Richard-Wadani-Hof", "clean_address": "1110 Wien, Kaiser-Ebersdorfer Straße", "Wohnungen": 45, "Lokale": 4, "addr_key": "1110 wien, kaiser-ebersdorfer straße", "distance_to_ugs": 95.659547138232668, "distance_to_ubs": 677.62848583912103, "building_id": 773, "index_right": 1044, "closest_ugbs_type": "L", "distance_to_ugbs": 95.659547138232668, "within_300m": true }, "geometry": { "type": "Point", "coordinates": [ 6962.838540123977509, 336668.794230672880076 ] } },
{ "type": "Feature", "properties": { "Hofname": "Oberleitengasse 19-23", "clean_address": "1110 Wien, Oberleitengasse", "Wohnungen": 52, "Lokale": 2, "addr_key": "1110 wien, oberleitengasse", "distance_to_ugs": 19.04768207882281, "distance_to_ubs": 1064.6316409928575, "building_id": 774, "index_right": 1201, "closest_ugbs_type": "L", "distance_to_ugbs": 19.04768207882281, "within_300m": true }, "geometry": { "type": "Point", "coordinates": [ 6488.680491305264695, 337886.193309461232275 ] } },
{ "type": "Feature", "properties": { "Hofname": "Johann-Hatzl-Hof", "clean_address": "1110 Wien, Simmeringer Hauptstraße", "Wohnungen": 423, "Lokale": 44, "addr_key": "1110 wien, simmeringer hauptstraße", "distance_to_ugs": 119.81660834227907, "distance_to_ubs": 309.31155880145275, "building_id": 775, "index_right": 1210, "closest_ugbs_type": "L", "distance_to_ugbs": 119.81660834227907, "within_300m": true }, "geometry": { "type": "Point", "coordinates": [ 5503.551468268244207, 338388.435128855518997 ] } },
{ "type": "Feature", "properties": { "Hofname": "Lorystraße 46-48", "clean_address": "1110 Wien, Lorystraße", "Wohnungen": 90, "Lokale": 2, "addr_key": "1110 wien, lorystraße", "distance_to_ugs": 137.00942036803355, "distance_to_ubs": 1012.5422380264461, "building_id": 776, "index_right": 1176, "closest_ugbs_type": "L", "distance_to_ugbs": 137.00942036803355, "within_300m": true }, "geometry": { "type": "Point", "coordinates": [ 6030.520933953115673, 337161.472894051636104 ] } },
{ "type": "Feature", "properties": { "Hofname": "Oberleitengasse 1", "clean_address": "1110 Wien, Oberleitengasse", "Wohnungen": 91, "Lokale": 2, "addr_key": "1110 wien, oberleitengasse", "distance_to_ugs": 19.04768207882281, "distance_to_ubs": 1064.6316409928575, "building_id": 777, "index_right": 1201, "closest_ugbs_type": "L", "distance_to_ugbs": 19.04768207882281, "within_300m": true }, "geometry": { "type": "Point", "coordinates": [ 6488.680491305264695, 337886.193309461232275 ] } },
{ "type": "Feature", "properties": { "Hofname": "Dreherstraße 2", "clean_address": "1110 Wien, Muhrhoferweg", "Wohnungen": 40, "Lokale": 0, "addr_key": "1110 wien, muhrhoferweg", "distance_to_ugs": 12.943654056053512, "distance_to_ubs": 622.95388557306831, "building_id": 778, "index_right": 1095, "closest_ugbs_type": "L", "distance_to_ugbs": 12.943654056053512, "within_300m": true }, "geometry": { "type": "Point", "coordinates": [ 10423.829433812510615, 335506.67321850702865 ] } },
{ "type": "Feature", "properties": { "Hofname": "Franz-Haas-Hof", "clean_address": "1110 Wien, Simmeringer Hauptstraße", "Wohnungen": 158, "Lokale": 13, "addr_key": "1110 wien, simmeringer hauptstraße", "distance_to_ugs": 119.81660834227907, "distance_to_ubs": 309.31155880145275, "building_id": 779, "index_right": 1210, "closest_ugbs_type": "L", "distance_to_ugbs": 119.81660834227907, "within_300m": true }, "geometry": { "type": "Point", "coordinates": [ 5503.551468268244207, 338388.435128855518997 ] } },
{ "type": "Feature", "properties": { "Hofname": "Schönbrunner Straße 195", "clean_address": "1120 Wien, Schönbrunner Straße", "Wohnungen": 116, "Lokale": 9, "addr_key": "1120 wien, schönbrunner straße", "distance_to_ugs": 191.87642735106158, "distance_to_ubs": 246.27217118472174, "building_id": 780, "index_right": 536, "closest_ugbs_type": "L", "distance_to_ugbs": 191.87642735106158, "within_300m": true }, "geometry": { "type": "Point", "coordinates": [ 2148.891275522440992, 339629.296594545245171 ] } },
{ "type": "Feature", "properties": { "Hofname": "Klährgasse 4", "clean_address": "1120 Wien, Klährgasse", "Wohnungen": 11, "Lokale": 0, "addr_key": "1120 wien, klährgasse", "distance_to_ugs": 116.91421065719976, "distance_to_ubs": 157.47526020062153, "building_id": 781, "index_right": 269, "closest_ugbs_type": "L", "distance_to_ugbs": 116.91421065719976, "within_300m": true }, "geometry": { "type": "Point", "coordinates": [ 413.450617008204631, 338198.169179318472743 ] } },
{ "type": "Feature", "properties": { "Hofname": "Theresienbadgasse 1", "clean_address": "1120 Wien, Theresienbadgasse", "Wohnungen": 5, "Lokale": 11, "addr_key": "1120 wien, theresienbadgasse", "distance_to_ugs": 68.712871561216005, "distance_to_ubs": 90.03306063999014, "building_id": 782, "index_right": 402, "closest_ugbs_type": "L", "distance_to_ugbs": 68.712871561216005, "within_300m": true }, "geometry": { "type": "Point", "coordinates": [ -271.805808661118135, 338291.177055764943361 ] } },
{ "type": "Feature", "properties": { "Hofname": "Moosbruggergasse 1", "clean_address": "1120 Wien, Moosbruggergasse", "Wohnungen": 61, "Lokale": 4, "addr_key": "1120 wien, moosbruggergasse", "distance_to_ugs": 289.2912441309403, "distance_to_ubs": 410.39008702871422, "building_id": 783, "index_right": 262, "closest_ugbs_type": "R", "distance_to_ugbs": 289.2912441309403, "within_300m": true }, "geometry": { "type": "Point", "coordinates": [ 554.197774352453052, 337013.654570711776614 ] } },
{ "type": "Feature", "properties": { "Hofname": "Rauchgasse 37", "clean_address": "1120 Wien, Rauchgasse", "Wohnungen": 22, "Lokale": 0, "addr_key": "1120 wien, rauchgasse", "distance_to_ugs": 57.37936884437385, "distance_to_ubs": 527.685601573643, "building_id": 784, "index_right": 266, "closest_ugbs_type": "L", "distance_to_ugbs": 57.37936884437385, "within_300m": true }, "geometry": { "type": "Point", "coordinates": [ 164.043488865308859, 337767.04686935711652 ] } },
{ "type": "Feature", "properties": { "Hofname": "Am Wienerberg", "clean_address": "1120 Wien, Wienerbergstraße", "Wohnungen": 778, "Lokale": 17, "addr_key": "1120 wien, wienerbergstraße", "distance_to_ugs": 239.3839150412615, "distance_to_ubs": 449.87498841730053, "building_id": 785, "index_right": 262, "closest_ugbs_type": "R", "distance_to_ugbs": 239.3839150412615, "within_300m": true }, "geometry": { "type": "Point", "coordinates": [ 351.838478314329336, 336931.58776880800724 ] } },
{ "type": "Feature", "properties": { "Hofname": "Lichtensterngasse 3-21", "clean_address": "1120 Wien, Lichtensterngasse", "Wohnungen": 400, "Lokale": 4, "addr_key": "1120 wien, lichtensterngasse", "distance_to_ugs": 169.43006331595501, "distance_to_ubs": 270.71052766452777, "building_id": 786, "index_right": 250, "closest_ugbs_type": "L", "distance_to_ugbs": 169.43006331595501, "within_300m": true }, "geometry": { "type": "Point", "coordinates": [ -154.222987198909607, 335686.943677795119584 ] } },
{ "type": "Feature", "properties": { "Hofname": "Karl-Löwe-Gasse 7-9", "clean_address": "1120 Wien, Karl-Löwe-Gasse", "Wohnungen": 39, "Lokale": 2, "addr_key": "1120 wien, karl-löwe-gasse", "distance_to_ugs": 24.78181436142588, "distance_to_ubs": 379.34427873069296, "building_id": 787, "index_right": 265, "closest_ugbs_type": "L", "distance_to_ugbs": 24.78181436142588, "within_300m": true }, "geometry": { "type": "Point", "coordinates": [ 598.161260038256955, 337745.314754118211567 ] } },
{ "type": "Feature", "properties": { "Hofname": "Sagedergasse 7-11", "clean_address": "1120 Wien, Sagedergasse", "Wohnungen": 446, "Lokale": 5, "addr_key": "1120 wien, sagedergasse", "distance_to_ugs": 27.247791432270873, "distance_to_ubs": 229.35106042373073, "building_id": 788, "index_right": 251, "closest_ugbs_type": "L", "distance_to_ugbs": 27.247791432270873, "within_300m": true }, "geometry": { "type": "Point", "coordinates": [ -681.777451338901983, 335755.093682133592665 ] } },
{ "type": "Feature", "properties": { "Hofname": "Korbergasse 8", "clean_address": "1120 Wien, Korbergasse", "Wohnungen": 16, "Lokale": 0, "addr_key": "1120 wien, korbergasse", "distance_to_ugs": 41.025337577603246, "distance_to_ubs": 236.7489440526636, "building_id": 789, "index_right": 296, "closest_ugbs_type": "L", "distance_to_ugbs": 41.025337577603246, "within_300m": true }, "geometry": { "type": "Point", "coordinates": [ 554.645970096222982, 338622.491665926761925 ] } },
{ "type": "Feature", "properties": { "Hofname": "Schlöglgasse 71", "clean_address": "1120 Wien, Schlöglgasse", "Wohnungen": 19, "Lokale": 2, "addr_key": "1120 wien, schlöglgasse", "distance_to_ugs": 97.753924728401927, "distance_to_ubs": 193.4978821714945, "building_id": 790, "index_right": 326, "closest_ugbs_type": "L", "distance_to_ugbs": 97.753924728401927, "within_300m": true }, "geometry": { "type": "Point", "coordinates": [ -1426.668518552556861, 336610.57602344523184 ] } },
{ "type": "Feature", "properties": { "Hofname": "Karl-Löwe-Gasse 4", "clean_address": "1120 Wien, Karl-Löwe-Gasse", "Wohnungen": 16, "Lokale": 0, "addr_key": "1120 wien, karl-löwe-gasse", "distance_to_ugs": 24.78181436142588, "distance_to_ubs": 379.34427873069296, "building_id": 791, "index_right": 265, "closest_ugbs_type": "L", "distance_to_ugbs": 24.78181436142588, "within_300m": true }, "geometry": { "type": "Point", "coordinates": [ 598.161260038256955, 337745.314754118211567 ] } },
{ "type": "Feature", "properties": { "Hofname": "Koppreitergasse 24-26", "clean_address": "1120 Wien, Koppreitergasse", "Wohnungen": 34, "Lokale": 2, "addr_key": "1120 wien, koppreitergasse", "distance_to_ugs": 94.762200308010364, "distance_to_ubs": 532.0471908669582, "building_id": 792, "index_right": 273, "closest_ugbs_type": "L", "distance_to_ugbs": 94.762200308010364, "within_300m": true }, "geometry": { "type": "Point", "coordinates": [ -386.805011585725595, 337363.71792162861675 ] } },
{ "type": "Feature", "properties": { "Hofname": "Liebenstraße 48", "clean_address": "1120 Wien, Liebenstraße", "Wohnungen": 32, "Lokale": 1, "addr_key": "1120 wien, liebenstraße", "distance_to_ugs": 68.089904178920207, "distance_to_ubs": 632.24708813514019, "building_id": 793, "index_right": 257, "closest_ugbs_type": "L", "distance_to_ugbs": 68.089904178920207, "within_300m": true }, "geometry": { "type": "Point", "coordinates": [ -384.612019801431927, 336731.289679002016783 ] } },
{ "type": "Feature", "properties": { "Hofname": "Karl-Löwe-Gasse 12", "clean_address": "1120 Wien, Karl-Löwe-Gasse", "Wohnungen": 12, "Lokale": 0, "addr_key": "1120 wien, karl-löwe-gasse", "distance_to_ugs": 24.78181436142588, "distance_to_ubs": 379.34427873069296, "building_id": 794, "index_right": 265, "closest_ugbs_type": "L", "distance_to_ugbs": 24.78181436142588, "within_300m": true }, "geometry": { "type": "Point", "coordinates": [ 598.161260038256955, 337745.314754118211567 ] } },
{ "type": "Feature", "properties": { "Hofname": "Oswaldgasse 14-22", "clean_address": "1120 Wien, Oswaldgasse", "Wohnungen": 151, "Lokale": 6, "addr_key": "1120 wien, oswaldgasse", "distance_to_ugs": 14.022620548296958, "distance_to_ubs": 162.1266351156037, "building_id": 795, "index_right": 256, "closest_ugbs_type": "L", "distance_to_ugbs": 14.022620548296958, "within_300m": true }, "geometry": { "type": "Point", "coordinates": [ -645.916634465050265, 336223.036443990655243 ] } },
{ "type": "Feature", "properties": { "Hofname": "Schönbrunner Straße 181-183", "clean_address": "1120 Wien, Schönbrunner Straße", "Wohnungen": 19, "Lokale": 5, "addr_key": "1120 wien, schönbrunner straße", "distance_to_ugs": 191.87642735106158, "distance_to_ubs": 246.27217118472174, "building_id": 796, "index_right": 536, "closest_ugbs_type": "L", "distance_to_ugbs": 191.87642735106158, "within_300m": true }, "geometry": { "type": "Point", "coordinates": [ 2148.891275522440992, 339629.296594545245171 ] } },
{ "type": "Feature", "properties": { "Hofname": "Fockygasse 53", "clean_address": "1120 Wien, Fockygasse", "Wohnungen": 47, "Lokale": 2, "addr_key": "1120 wien, fockygasse", "distance_to_ugs": 86.377427487548843, "distance_to_ubs": 313.19756091745569, "building_id": 797, "index_right": 296, "closest_ugbs_type": "L", "distance_to_ugbs": 86.377427487548843, "within_300m": true }, "geometry": { "type": "Point", "coordinates": [ 597.299167176829087, 338442.581154831685126 ] } },
{ "type": "Feature", "properties": { "Hofname": "Münchenstraße 24", "clean_address": "1120 Wien, Münchenstraße", "Wohnungen": 29, "Lokale": 1, "addr_key": "1120 wien, münchenstraße", "distance_to_ugs": 148.82942656672381, "distance_to_ubs": 219.59301956005567, "building_id": 798, "index_right": 324, "closest_ugbs_type": "L", "distance_to_ugbs": 148.82942656672381, "within_300m": true }, "geometry": { "type": "Point", "coordinates": [ -2432.501401605692081, 336654.387012569233775 ] } },
{ "type": "Feature", "properties": { "Hofname": "Malfattigasse 39", "clean_address": "1120 Wien, Malfattigasse", "Wohnungen": 42, "Lokale": 3, "addr_key": "1120 wien, malfattigasse", "distance_to_ugs": 82.350668882234459, "distance_to_ubs": 133.17893774805185, "building_id": 799, "index_right": 269, "closest_ugbs_type": "L", "distance_to_ugbs": 82.350668882234459, "within_300m": true }, "geometry": { "type": "Point", "coordinates": [ 595.219141871001511, 338260.878275858238339 ] } },
{ "type": "Feature", "properties": { "Hofname": "Rosenhügelstraße 35a", "clean_address": "1120 Wien, Rosenhügelstraße", "Wohnungen": 40, "Lokale": 6, "addr_key": "1120 wien, rosenhügelstraße", "distance_to_ugs": 110.26686496943529, "distance_to_ubs": 39.496125344255816, "building_id": 800, "index_right": 2479, "closest_ugbs_type": "B", "distance_to_ugbs": 39.496125344255816, "within_300m": true }, "geometry": { "type": "Point", "coordinates": [ -2248.582274990835231, 336672.471313127316535 ] } },
{ "type": "Feature", "properties": { "Hofname": "Wolfganggasse 54", "clean_address": "1120 Wien, Wolfganggasse", "Wohnungen": 32, "Lokale": 0, "addr_key": "1120 wien, wolfganggasse", "distance_to_ugs": 116.13014839852177, "distance_to_ubs": 284.58507425662555, "building_id": 801, "index_right": 268, "closest_ugbs_type": "L", "distance_to_ugbs": 116.13014839852177, "within_300m": true }, "geometry": { "type": "Point", "coordinates": [ 846.535038341627228, 338074.779766055755317 ] } },
{ "type": "Feature", "properties": { "Hofname": "Arndtstraße 30-34", "clean_address": "1120 Wien, Arndtstraße", "Wohnungen": 52, "Lokale": 0, "addr_key": "1120 wien, arndtstraße", "distance_to_ugs": 16.682812443417255, "distance_to_ubs": 253.43400530744901, "building_id": 802, "index_right": 295, "closest_ugbs_type": "L", "distance_to_ugbs": 16.682812443417255, "within_300m": true }, "geometry": { "type": "Point", "coordinates": [ 472.813999328412194, 338447.824351295828819 ] } },
{ "type": "Feature", "properties": { "Hofname": "Malfattigasse 13", "clean_address": "1120 Wien, Malfattigasse", "Wohnungen": 26, "Lokale": 1, "addr_key": "1120 wien, malfattigasse", "distance_to_ugs": 82.350668882234459, "distance_to_ubs": 133.17893774805185, "building_id": 803, "index_right": 269, "closest_ugbs_type": "L", "distance_to_ugbs": 82.350668882234459, "within_300m": true }, "geometry": { "type": "Point", "coordinates": [ 595.219141871001511, 338260.878275858238339 ] } },
{ "type": "Feature", "properties": { "Hofname": "Zeleborgasse 7", "clean_address": "1120 Wien, Zeleborgasse", "Wohnungen": 17, "Lokale": 1, "addr_key": "1120 wien, zeleborgasse", "distance_to_ugs": 66.286909679672576, "distance_to_ubs": 684.5641214597556, "building_id": 804, "index_right": 263, "closest_ugbs_type": "L", "distance_to_ugbs": 66.286909679672576, "within_300m": true }, "geometry": { "type": "Point", "coordinates": [ 58.116067724143981, 337650.629898121580482 ] } },
{ "type": "Feature", "properties": { "Hofname": "Malfattigasse 7", "clean_address": "1120 Wien, Malfattigasse", "Wohnungen": 49, "Lokale": 3, "addr_key": "1120 wien, malfattigasse", "distance_to_ugs": 82.350668882234459, "distance_to_ubs": 133.17893774805185, "building_id": 805, "index_right": 269, "closest_ugbs_type": "L", "distance_to_ugbs": 82.350668882234459, "within_300m": true }, "geometry": { "type": "Point", "coordinates": [ 595.219141871001511, 338260.878275858238339 ] } },
{ "type": "Feature", "properties": { "Hofname": "Wienerbergstraße 10", "clean_address": "1120 Wien, Wienerbergstraße", "Wohnungen": 158, "Lokale": 4, "addr_key": "1120 wien, wienerbergstraße", "distance_to_ugs": 239.3839150412615, "distance_to_ubs": 449.87498841730053, "building_id": 806, "index_right": 262, "closest_ugbs_type": "R", "distance_to_ugbs": 239.3839150412615, "within_300m": true }, "geometry": { "type": "Point", "coordinates": [ 351.838478314329336, 336931.58776880800724 ] } },
{ "type": "Feature", "properties": { "Hofname": "Fockygasse 40-44", "clean_address": "1120 Wien, Fockygasse", "Wohnungen": 63, "Lokale": 0, "addr_key": "1120 wien, fockygasse", "distance_to_ugs": 86.377427487548843, "distance_to_ubs": 313.19756091745569, "building_id": 807, "index_right": 296, "closest_ugbs_type": "L", "distance_to_ugbs": 86.377427487548843, "within_300m": true }, "geometry": { "type": "Point", "coordinates": [ 597.299167176829087, 338442.581154831685126 ] } },
{ "type": "Feature", "properties": { "Hofname": "Wolfganggasse 50-52", "clean_address": "1120 Wien, Wolfganggasse", "Wohnungen": 61, "Lokale": 1, "addr_key": "1120 wien, wolfganggasse", "distance_to_ugs": 116.13014839852177, "distance_to_ubs": 284.58507425662555, "building_id": 808, "index_right": 268, "closest_ugbs_type": "L", "distance_to_ugbs": 116.13014839852177, "within_300m": true }, "geometry": { "type": "Point", "coordinates": [ 846.535038341627228, 338074.779766055755317 ] } },
{ "type": "Feature", "properties": { "Hofname": "Malfattigasse 27-31", "clean_address": "1120 Wien, Malfattigasse", "Wohnungen": 45, "Lokale": 8, "addr_key": "1120 wien, malfattigasse", "distance_to_ugs": 82.350668882234459, "distance_to_ubs": 133.17893774805185, "building_id": 809, "index_right": 269, "closest_ugbs_type": "L", "distance_to_ugbs": 82.350668882234459, "within_300m": true }, "geometry": { "type": "Point", "coordinates": [ 595.219141871001511, 338260.878275858238339 ] } },
{ "type": "Feature", "properties": { "Hofname": "Schwenkgasse 54-60", "clean_address": "1120 Wien, Schwenkgasse", "Wohnungen": 42, "Lokale": 7, "addr_key": "1120 wien, schwenkgasse", "distance_to_ugs": 220.71082880010624, "distance_to_ubs": 369.79596766535548, "building_id": 810, "index_right": 401, "closest_ugbs_type": "L", "distance_to_ugbs": 220.71082880010624, "within_300m": true }, "geometry": { "type": "Point", "coordinates": [ -820.627274759746911, 337998.928033640608191 ] } },
{ "type": "Feature", "properties": { "Hofname": "Vierthalergasse 11-17", "clean_address": "1120 Wien, Vierthalergasse", "Wohnungen": 172, "Lokale": 7, "addr_key": "1120 wien, vierthalergasse", "distance_to_ugs": 42.631954407275799, "distance_to_ubs": 511.80660232794952, "building_id": 811, "index_right": 266, "closest_ugbs_type": "L", "distance_to_ugbs": 42.631954407275799, "within_300m": true }, "geometry": { "type": "Point", "coordinates": [ 174.232191783302966, 337779.444805494509637 ] } },
{ "type": "Feature", "properties": { "Hofname": "Hohenbergstraße 24-32", "clean_address": "1120 Wien, Hohenbergstraße", "Wohnungen": 79, "Lokale": 4, "addr_key": "1120 wien, hohenbergstraße", "distance_to_ugs": 192.67918436979531, "distance_to_ubs": 133.65423410358349, "building_id": 812, "index_right": 2586, "closest_ugbs_type": "B", "distance_to_ugbs": 133.65423410358349, "within_300m": true }, "geometry": { "type": "Point", "coordinates": [ -1102.55879702842094, 337519.35348669718951 ] } },
{ "type": "Feature", "properties": { "Hofname": "Pachmüllergasse 21", "clean_address": "1120 Wien, Pachmüllergasse", "Wohnungen": 20, "Lokale": 1, "addr_key": "1120 wien, pachmüllergasse", "distance_to_ugs": 160.88660005775603, "distance_to_ubs": 655.07364176893952, "building_id": 813, "index_right": 263, "closest_ugbs_type": "L", "distance_to_ugbs": 160.88660005775603, "within_300m": true }, "geometry": { "type": "Point", "coordinates": [ 19.470357055330648, 337737.151918163523078 ] } },
{ "type": "Feature", "properties": { "Hofname": "Steinhagegasse 9", "clean_address": "1120 Wien, Steinhagegasse", "Wohnungen": 20, "Lokale": 0, "addr_key": "1120 wien, steinhagegasse", "distance_to_ugs": 28.287985984552567, "distance_to_ubs": 371.15747141516169, "building_id": 814, "index_right": 296, "closest_ugbs_type": "L", "distance_to_ugbs": 28.287985984552567, "within_300m": true }, "geometry": { "type": "Point", "coordinates": [ 649.628655250045654, 338517.684855098836124 ] } },
{ "type": "Feature", "properties": { "Hofname": "Kollmayergasse 2-8", "clean_address": "1120 Wien, Kollmayergasse", "Wohnungen": 44, "Lokale": 3, "addr_key": "1120 wien, kollmayergasse", "distance_to_ugs": 63.552118048021349, "distance_to_ubs": 376.5978144283888, "building_id": 815, "index_right": 296, "closest_ugbs_type": "L", "distance_to_ugbs": 63.552118048021349, "within_300m": true }, "geometry": { "type": "Point", "coordinates": [ 692.547763265899903, 338525.660303106531501 ] } },
{ "type": "Feature", "properties": { "Hofname": "Hohenbergstraße 14-16", "clean_address": "1120 Wien, Hohenbergstraße", "Wohnungen": 59, "Lokale": 5, "addr_key": "1120 wien, hohenbergstraße", "distance_to_ugs": 192.67918436979531, "distance_to_ubs": 133.65423410358349, "building_id": 816, "index_right": 2586, "closest_ugbs_type": "B", "distance_to_ugbs": 133.65423410358349, "within_300m": true }, "geometry": { "type": "Point", "coordinates": [ -1102.55879702842094, 337519.35348669718951 ] } },
{ "type": "Feature", "properties": { "Hofname": "Arndtstraße 31-33", "clean_address": "1120 Wien, Arndtstraße", "Wohnungen": 124, "Lokale": 1, "addr_key": "1120 wien, arndtstraße", "distance_to_ugs": 16.682812443417255, "distance_to_ubs": 253.43400530744901, "building_id": 817, "index_right": 295, "closest_ugbs_type": "L", "distance_to_ugbs": 16.682812443417255, "within_300m": true }, "geometry": { "type": "Point", "coordinates": [ 472.813999328412194, 338447.824351295828819 ] } },
{ "type": "Feature", "properties": { "Hofname": "Hoffingergasse 5", "clean_address": "1120 Wien, Hoffingergasse", "Wohnungen": 69, "Lokale": 2, "addr_key": "1120 wien, hoffingergasse", "distance_to_ugs": 21.807448967400866, "distance_to_ubs": 118.98258967535943, "building_id": 818, "index_right": 256, "closest_ugbs_type": "L", "distance_to_ugbs": 21.807448967400866, "within_300m": true }, "geometry": { "type": "Point", "coordinates": [ -667.389398696636704, 336153.299132457002997 ] } },
{ "type": "Feature", "properties": { "Hofname": "Pirkebnerstraße 1-3", "clean_address": "1120 Wien, Pirkebnerstraße", "Wohnungen": 227, "Lokale": 4, "addr_key": "1120 wien, pirkebnerstraße", "distance_to_ugs": 318.68608940098937, "distance_to_ubs": 555.03939016511151, "building_id": 819, "index_right": 262, "closest_ugbs_type": "R", "distance_to_ugbs": 318.68608940098937, "within_300m": false }, "geometry": { "type": "Point", "coordinates": [ 282.725714214803304, 337016.584342120215297 ] } },
{ "type": "Feature", "properties": { "Hofname": "Stachegasse 1-3", "clean_address": "1120 Wien, Stachegasse", "Wohnungen": 99, "Lokale": 1, "addr_key": "1120 wien, stachegasse", "distance_to_ugs": 364.83832102042038, "distance_to_ubs": 139.31222211206159, "building_id": 820, "index_right": 2451, "closest_ugbs_type": "B", "distance_to_ugbs": 139.31222211206159, "within_300m": true }, "geometry": { "type": "Point", "coordinates": [ -1497.621322393623359, 335925.629503740929067 ] } },
{ "type": "Feature", "properties": { "Hofname": "Spittelbreitengasse 23", "clean_address": "1120 Wien, Spittelbreitengasse", "Wohnungen": 577, "Lokale": 15, "addr_key": "1120 wien, spittelbreitengasse", "distance_to_ugs": 218.20489149675254, "distance_to_ubs": 552.95668658576756, "building_id": 821, "index_right": 276, "closest_ugbs_type": "L", "distance_to_ugbs": 218.20489149675254, "within_300m": true }, "geometry": { "type": "Point", "coordinates": [ -367.640055536407033, 337546.430043909698725 ] } },
{ "type": "Feature", "properties": { "Hofname": "Migazziplatz 8-9", "clean_address": "1120 Wien, Migazziplatz", "Wohnungen": 119, "Lokale": 3, "addr_key": "1120 wien, migazziplatz", "distance_to_ugs": 10.677095919124284, "distance_to_ubs": 290.85124553277291, "building_id": 822, "index_right": 291, "closest_ugbs_type": "L", "distance_to_ugbs": 10.677095919124284, "within_300m": true }, "geometry": { "type": "Point", "coordinates": [ 263.691640166265643, 338154.3241554973647 ] } },
{ "type": "Feature", "properties": { "Hofname": "Schlöglgasse 17", "clean_address": "1120 Wien, Schlöglgasse", "Wohnungen": 88, "Lokale": 3, "addr_key": "1120 wien, schlöglgasse", "distance_to_ugs": 97.753924728401927, "distance_to_ubs": 193.4978821714945, "building_id": 823, "index_right": 326, "closest_ugbs_type": "L", "distance_to_ugbs": 97.753924728401927, "within_300m": true }, "geometry": { "type": "Point", "coordinates": [ -1426.668518552556861, 336610.57602344523184 ] } },
{ "type": "Feature", "properties": { "Hofname": "Josef-Mikl-Hof", "clean_address": "1120 Wien, Schönbrunner Straße", "Wohnungen": 41, "Lokale": 8, "addr_key": "1120 wien, schönbrunner straße", "distance_to_ugs": 191.87642735106158, "distance_to_ubs": 246.27217118472174, "building_id": 824, "index_right": 536, "closest_ugbs_type": "L", "distance_to_ugbs": 191.87642735106158, "within_300m": true }, "geometry": { "type": "Point", "coordinates": [ 2148.891275522440992, 339629.296594545245171 ] } },
{ "type": "Feature", "properties": { "Hofname": "Rothenburgstraße 3", "clean_address": "1120 Wien, Rothenburgstraße", "Wohnungen": 97, "Lokale": 1, "addr_key": "1120 wien, rothenburgstraße", "distance_to_ugs": 95.431029480491162, "distance_to_ubs": 122.11227727878817, "building_id": 825, "index_right": 253, "closest_ugbs_type": "L", "distance_to_ugbs": 95.431029480491162, "within_300m": true }, "geometry": { "type": "Point", "coordinates": [ -872.149609682447135, 336024.029812841676176 ] } },
{ "type": "Feature", "properties": { "Hofname": "Eichenstraße 50-52", "clean_address": "1120 Wien, Eichenstraße", "Wohnungen": 23, "Lokale": 5, "addr_key": "1120 wien, eichenstraße", "distance_to_ugs": 192.33890259517713, "distance_to_ubs": 401.91518989117515, "building_id": 826, "index_right": 268, "closest_ugbs_type": "L", "distance_to_ugbs": 192.33890259517713, "within_300m": true }, "geometry": { "type": "Point", "coordinates": [ 926.781808138909014, 337733.299152580089867 ] } },
{ "type": "Feature", "properties": { "Hofname": "Hetzendorfer Straße 96", "clean_address": "1120 Wien, Hetzendorfer Straße", "Wohnungen": 48, "Lokale": 3, "addr_key": "1120 wien, hetzendorfer straße", "distance_to_ugs": 37.547068534383619, "distance_to_ubs": 267.37820418560472, "building_id": 827, "index_right": 251, "closest_ugbs_type": "L", "distance_to_ugbs": 37.547068534383619, "within_300m": true }, "geometry": { "type": "Point", "coordinates": [ -624.565276504323037, 335911.889903600327671 ] } },
{ "type": "Feature", "properties": { "Hofname": "Gaßmannstraße 1-19", "clean_address": "1120 Wien, Gaßmannstraße", "Wohnungen": 111, "Lokale": 8, "addr_key": "1120 wien, gaßmannstraße", "distance_to_ugs": 316.14375779317669, "distance_to_ubs": 337.07907117616423, "building_id": 828, "index_right": 328, "closest_ugbs_type": "L", "distance_to_ugbs": 316.14375779317669, "within_300m": false }, "geometry": { "type": "Point", "coordinates": [ -1657.956487618676647, 337041.725959225557745 ] } },
{ "type": "Feature", "properties": { "Hofname": "Hetzendorfer Straße 43-45", "clean_address": "1120 Wien, Hetzendorfer Straße", "Wohnungen": 33, "Lokale": 6, "addr_key": "1120 wien, hetzendorfer straße", "distance_to_ugs": 37.547068534383619, "distance_to_ubs": 267.37820418560472, "building_id": 829, "index_right": 251, "closest_ugbs_type": "L", "distance_to_ugbs": 37.547068534383619, "within_300m": true }, "geometry": { "type": "Point", "coordinates": [ -624.565276504323037, 335911.889903600327671 ] } },
{ "type": "Feature", "properties": { "Hofname": "Unter-Meidlinger Straße 16-22", "clean_address": "1120 Wien, Unter-Meidlinger Straße", "Wohnungen": 414, "Lokale": 12, "addr_key": "1120 wien, unter-meidlinger straße", "distance_to_ugs": 14.923020691741442, "distance_to_ubs": 593.68587300538672, "building_id": 830, "index_right": 180, "closest_ugbs_type": "L", "distance_to_ugbs": 14.923020691741442, "within_300m": true }, "geometry": { "type": "Point", "coordinates": [ 1310.050004439284521, 336892.014011877123266 ] } },
{ "type": "Feature", "properties": { "Hofname": "Jägerhausgasse 52-56", "clean_address": "1120 Wien, Jägerhausgasse", "Wohnungen": 80, "Lokale": 2, "addr_key": "1120 wien, jägerhausgasse", "distance_to_ugs": 1.9789381267173176, "distance_to_ubs": 234.14089508792796, "building_id": 831, "index_right": 323, "closest_ugbs_type": "L", "distance_to_ugbs": 1.9789381267173176, "within_300m": true }, "geometry": { "type": "Point", "coordinates": [ -1829.259923810765713, 336509.745380586013198 ] } },
{ "type": "Feature", "properties": { "Hofname": "Wienerbergstraße 14", "clean_address": "1120 Wien, Wienerbergstraße", "Wohnungen": 109, "Lokale": 7, "addr_key": "1120 wien, wienerbergstraße", "distance_to_ugs": 239.3839150412615, "distance_to_ubs": 449.87498841730053, "building_id": 832, "index_right": 262, "closest_ugbs_type": "R", "distance_to_ugbs": 239.3839150412615, "within_300m": true }, "geometry": { "type": "Point", "coordinates": [ 351.838478314329336, 336931.58776880800724 ] } },
{ "type": "Feature", "properties": { "Hofname": "Tivoligasse 13", "clean_address": "1120 Wien, Tivoligasse", "Wohnungen": 125, "Lokale": 4, "addr_key": "1120 wien, tivoligasse", "distance_to_ugs": 165.15018129207854, "distance_to_ubs": 431.66918654333546, "building_id": 833, "index_right": 401, "closest_ugbs_type": "L", "distance_to_ugbs": 165.15018129207854, "within_300m": true }, "geometry": { "type": "Point", "coordinates": [ -760.729658803028542, 338020.199233626015484 ] } },
{ "type": "Feature", "properties": { "Hofname": "Jägerhausgasse 58-66", "clean_address": "1120 Wien, Jägerhausgasse", "Wohnungen": 89, "Lokale": 11, "addr_key": "1120 wien, jägerhausgasse", "distance_to_ugs": 1.9789381267173176, "distance_to_ubs": 234.14089508792796, "building_id": 834, "index_right": 323, "closest_ugbs_type": "L", "distance_to_ugbs": 1.9789381267173176, "within_300m": true }, "geometry": { "type": "Point", "coordinates": [ -1829.259923810765713, 336509.745380586013198 ] } },
{ "type": "Feature", "properties": { "Hofname": "Tivoligasse 4-6", "clean_address": "1120 Wien, Tivoligasse", "Wohnungen": 49, "Lokale": 4, "addr_key": "1120 wien, tivoligasse", "distance_to_ugs": 165.15018129207854, "distance_to_ubs": 431.66918654333546, "building_id": 835, "index_right": 401, "closest_ugbs_type": "L", "distance_to_ugbs": 165.15018129207854, "within_300m": true }, "geometry": { "type": "Point", "coordinates": [ -760.729658803028542, 338020.199233626015484 ] } },
{ "type": "Feature", "properties": { "Hofname": "Liebenstraße 36-40", "clean_address": "1120 Wien, Liebenstraße", "Wohnungen": 89, "Lokale": 1, "addr_key": "1120 wien, liebenstraße", "distance_to_ugs": 68.089904178920207, "distance_to_ubs": 632.24708813514019, "building_id": 836, "index_right": 257, "closest_ugbs_type": "L", "distance_to_ugbs": 68.089904178920207, "within_300m": true }, "geometry": { "type": "Point", "coordinates": [ -384.612019801431927, 336731.289679002016783 ] } },
{ "type": "Feature", "properties": { "Hofname": "Hohenbergstraße 34", "clean_address": "1120 Wien, Hohenbergstraße", "Wohnungen": 37, "Lokale": 0, "addr_key": "1120 wien, hohenbergstraße", "distance_to_ugs": 192.67918436979531, "distance_to_ubs": 133.65423410358349, "building_id": 837, "index_right": 2586, "closest_ugbs_type": "B", "distance_to_ugbs": 133.65423410358349, "within_300m": true }, "geometry": { "type": "Point", "coordinates": [ -1102.55879702842094, 337519.35348669718951 ] } },
{ "type": "Feature", "properties": { "Hofname": "Hohenbergstraße 36-38", "clean_address": "1120 Wien, Hohenbergstraße", "Wohnungen": 40, "Lokale": 5, "addr_key": "1120 wien, hohenbergstraße", "distance_to_ugs": 192.67918436979531, "distance_to_ubs": 133.65423410358349, "building_id": 838, "index_right": 2586, "closest_ugbs_type": "B", "distance_to_ugbs": 133.65423410358349, "within_300m": true }, "geometry": { "type": "Point", "coordinates": [ -1102.55879702842094, 337519.35348669718951 ] } },
{ "type": "Feature", "properties": { "Hofname": "Hohenbergstraße 40", "clean_address": "1120 Wien, Hohenbergstraße", "Wohnungen": 24, "Lokale": 1, "addr_key": "1120 wien, hohenbergstraße", "distance_to_ugs": 192.67918436979531, "distance_to_ubs": 133.65423410358349, "building_id": 839, "index_right": 2586, "closest_ugbs_type": "B", "distance_to_ugbs": 133.65423410358349, "within_300m": true }, "geometry": { "type": "Point", "coordinates": [ -1102.55879702842094, 337519.35348669718951 ] } },
{ "type": "Feature", "properties": { "Hofname": "Rotenmühlgasse 64", "clean_address": "1120 Wien, Rotenmühlgasse", "Wohnungen": 212, "Lokale": 2, "addr_key": "1120 wien, rotenmühlgasse", "distance_to_ugs": 30.275068839186478, "distance_to_ubs": 354.21957064646517, "building_id": 840, "index_right": 401, "closest_ugbs_type": "L", "distance_to_ugbs": 30.275068839186478, "within_300m": true }, "geometry": { "type": "Point", "coordinates": [ -683.995753515687966, 338131.591173184104264 ] } },
{ "type": "Feature", "properties": { "Hofname": "Ratschkygasse 41-43", "clean_address": "1120 Wien, Ratschkygasse", "Wohnungen": 90, "Lokale": 0, "addr_key": "1120 wien, ratschkygasse", "distance_to_ugs": 49.01189361491052, "distance_to_ubs": 307.94025169113581, "building_id": 841, "index_right": 275, "closest_ugbs_type": "L", "distance_to_ugbs": 49.01189361491052, "within_300m": true }, "geometry": { "type": "Point", "coordinates": [ -756.472610954471065, 337715.703925766050816 ] } },
{ "type": "Feature", "properties": { "Hofname": "Egger-Lienz-Gasse 2-6", "clean_address": "1120 Wien, Egger-Lienz-Gasse", "Wohnungen": 80, "Lokale": 3, "addr_key": "1120 wien, egger-lienz-gasse", "distance_to_ugs": 157.20662258051888, "distance_to_ubs": 234.19730152488671, "building_id": 842, "index_right": 275, "closest_ugbs_type": "L", "distance_to_ugbs": 157.20662258051888, "within_300m": true }, "geometry": { "type": "Point", "coordinates": [ -680.678023813593541, 337485.918618158437312 ] } },
{ "type": "Feature", "properties": { "Hofname": "Theergasse 3-5", "clean_address": "1120 Wien, Theergasse", "Wohnungen": 138, "Lokale": 10, "addr_key": "1120 wien, theergasse", "distance_to_ugs": 204.08977316075624, "distance_to_ubs": 83.862481579640885, "building_id": 843, "index_right": 2584, "closest_ugbs_type": "B", "distance_to_ugbs": 83.862481579640885, "within_300m": true }, "geometry": { "type": "Point", "coordinates": [ -829.760297244572598, 337465.697583859786391 ] } },
{ "type": "Feature", "properties": { "Hofname": "Spittelbreitengasse 46-48", "clean_address": "1120 Wien, Spittelbreitengasse", "Wohnungen": 71, "Lokale": 2, "addr_key": "1120 wien, spittelbreitengasse", "distance_to_ugs": 218.20489149675254, "distance_to_ubs": 552.95668658576756, "building_id": 844, "index_right": 276, "closest_ugbs_type": "L", "distance_to_ugbs": 218.20489149675254, "within_300m": true }, "geometry": { "type": "Point", "coordinates": [ -367.640055536407033, 337546.430043909698725 ] } },
{ "type": "Feature", "properties": { "Hofname": "Oswaldgasse 15-19", "clean_address": "1120 Wien, Oswaldgasse", "Wohnungen": 45, "Lokale": 0, "addr_key": "1120 wien, oswaldgasse", "distance_to_ugs": 14.022620548296958, "distance_to_ubs": 162.1266351156037, "building_id": 845, "index_right": 256, "closest_ugbs_type": "L", "distance_to_ugbs": 14.022620548296958, "within_300m": true }, "geometry": { "type": "Point", "coordinates": [ -645.916634465050265, 336223.036443990655243 ] } },
{ "type": "Feature", "properties": { "Hofname": "Pohlgasse 52", "clean_address": "1120 Wien, Pohlgasse", "Wohnungen": 21, "Lokale": 3, "addr_key": "1120 wien, pohlgasse", "distance_to_ugs": 153.82516581431128, "distance_to_ubs": 445.68130420182706, "building_id": 846, "index_right": 275, "closest_ugbs_type": "L", "distance_to_ugbs": 153.82516581431128, "within_300m": true }, "geometry": { "type": "Point", "coordinates": [ -630.017919435945828, 337794.796763875521719 ] } },
{ "type": "Feature", "properties": { "Hofname": "Hetzendorfer Straße 100", "clean_address": "1120 Wien, Hetzendorfer Straße", "Wohnungen": 34, "Lokale": 8, "addr_key": "1120 wien, hetzendorfer straße", "distance_to_ugs": 37.547068534383619, "distance_to_ubs": 267.37820418560472, "building_id": 847, "index_right": 251, "closest_ugbs_type": "L", "distance_to_ugbs": 37.547068534383619, "within_300m": true }, "geometry": { "type": "Point", "coordinates": [ -624.565276504323037, 335911.889903600327671 ] } },
{ "type": "Feature", "properties": { "Hofname": "Ignazgasse 21-25", "clean_address": "1120 Wien, Ignazgasse", "Wohnungen": 85, "Lokale": 0, "addr_key": "1120 wien, ignazgasse", "distance_to_ugs": 143.62959560013383, "distance_to_ubs": 559.04688822511787, "building_id": 848, "index_right": 266, "closest_ugbs_type": "L", "distance_to_ugbs": 143.62959560013383, "within_300m": true }, "geometry": { "type": "Point", "coordinates": [ 74.834077261447106, 337834.377794047817588 ] } },
{ "type": "Feature", "properties": { "Hofname": "Zanaschkagasse 14", "clean_address": "1120 Wien, Zanaschkagasse", "Wohnungen": 232, "Lokale": 1, "addr_key": "1120 wien, zanaschkagasse", "distance_to_ugs": 83.339824186022412, "distance_to_ubs": 86.409586889132498, "building_id": 849, "index_right": 250, "closest_ugbs_type": "L", "distance_to_ugbs": 83.339824186022412, "within_300m": true }, "geometry": { "type": "Point", "coordinates": [ -559.308828379635202, 335561.007267179898918 ] } },
{ "type": "Feature", "properties": { "Hofname": "Migazziplatz 6", "clean_address": "1120 Wien, Migazziplatz", "Wohnungen": 16, "Lokale": 0, "addr_key": "1120 wien, migazziplatz", "distance_to_ugs": 10.677095919124284, "distance_to_ubs": 290.85124553277291, "building_id": 850, "index_right": 291, "closest_ugbs_type": "L", "distance_to_ugbs": 10.677095919124284, "within_300m": true }, "geometry": { "type": "Point", "coordinates": [ 263.691640166265643, 338154.3241554973647 ] } },
{ "type": "Feature", "properties": { "Hofname": "Am Schöpfwerk 31", "clean_address": "1120 Wien, Am Schöpfwerk", "Wohnungen": 258, "Lokale": 6, "addr_key": "1120 wien, am schöpfwerk", "distance_to_ugs": 45.536019320943382, "distance_to_ubs": 636.76637981669546, "building_id": 851, "index_right": 1416, "closest_ugbs_type": "L", "distance_to_ugbs": 45.536019320943382, "within_300m": true }, "geometry": { "type": "Point", "coordinates": [ 4079.436060080062362, 342944.461228037951514 ] } },
{ "type": "Feature", "properties": { "Hofname": "Sechtergasse 8-10", "clean_address": "1120 Wien, Sechtergasse", "Wohnungen": 18, "Lokale": 2, "addr_key": "1120 wien, sechtergasse", "distance_to_ugs": 47.162794640719902, "distance_to_ubs": 806.57353142464149, "building_id": 852, "index_right": 263, "closest_ugbs_type": "L", "distance_to_ugbs": 47.162794640719902, "within_300m": true }, "geometry": { "type": "Point", "coordinates": [ -32.396530430982878, 337568.762057779356837 ] } },
{ "type": "Feature", "properties": { "Hofname": "Am Schöpfwerk 29", "clean_address": "1120 Wien, Am Schöpfwerk", "Wohnungen": 611, "Lokale": 41, "addr_key": "1120 wien, am schöpfwerk", "distance_to_ugs": 45.536019320943382, "distance_to_ubs": 636.76637981669546, "building_id": 853, "index_right": 1416, "closest_ugbs_type": "L", "distance_to_ugbs": 45.536019320943382, "within_300m": true }, "geometry": { "type": "Point", "coordinates": [ 4079.436060080062362, 342944.461228037951514 ] } },
{ "type": "Feature", "properties": { "Hofname": "Zanaschkagasse 12 und 16", "clean_address": "1120 Wien, Zanaschkagasse", "Wohnungen": 606, "Lokale": 11, "addr_key": "1120 wien, zanaschkagasse", "distance_to_ugs": 83.339824186022412, "distance_to_ubs": 86.409586889132498, "building_id": 854, "index_right": 250, "closest_ugbs_type": "L", "distance_to_ugbs": 83.339824186022412, "within_300m": true }, "geometry": { "type": "Point", "coordinates": [ -559.308828379635202, 335561.007267179898918 ] } },
{ "type": "Feature", "properties": { "Hofname": "Wilhelmstraße 39", "clean_address": "1120 Wien, Wilhelmstraße", "Wohnungen": 15, "Lokale": 0, "addr_key": "1120 wien, wilhelmstraße", "distance_to_ugs": 48.956733990809099, "distance_to_ubs": 852.05993790498576, "building_id": 855, "index_right": 274, "closest_ugbs_type": "L", "distance_to_ugbs": 48.956733990809099, "within_300m": true }, "geometry": { "type": "Point", "coordinates": [ -51.512310697689152, 337405.763541465625167 ] } },
{ "type": "Feature", "properties": { "Hofname": "Wilhelmstraße 40-44", "clean_address": "1120 Wien, Wilhelmstraße", "Wohnungen": 69, "Lokale": 3, "addr_key": "1120 wien, wilhelmstraße", "distance_to_ugs": 48.956733990809099, "distance_to_ubs": 852.05993790498576, "building_id": 856, "index_right": 274, "closest_ugbs_type": "L", "distance_to_ugbs": 48.956733990809099, "within_300m": true }, "geometry": { "type": "Point", "coordinates": [ -51.512310697689152, 337405.763541465625167 ] } },
{ "type": "Feature", "properties": { "Hofname": "Altmannsdorfer Straße 10-14", "clean_address": "1120 Wien, Altmannsdorfer Straße", "Wohnungen": 27, "Lokale": 0, "addr_key": "1120 wien, altmannsdorfer straße", "distance_to_ugs": 188.08128040037076, "distance_to_ubs": 273.22557652476803, "building_id": 857, "index_right": 377, "closest_ugbs_type": "R", "distance_to_ugbs": 188.08128040037076, "within_300m": true }, "geometry": { "type": "Point", "coordinates": [ -1327.843717780108591, 337365.331203429028392 ] } },
{ "type": "Feature", "properties": { "Hofname": "Flurschützstraße 26", "clean_address": "1120 Wien, Flurschützstraße", "Wohnungen": 19, "Lokale": 3, "addr_key": "1120 wien, flurschützstraße", "distance_to_ugs": 41.49351924140344, "distance_to_ubs": 342.76011429186184, "building_id": 858, "index_right": 268, "closest_ugbs_type": "L", "distance_to_ugbs": 41.49351924140344, "within_300m": true }, "geometry": { "type": "Point", "coordinates": [ 910.426427118263405, 338026.761422741226852 ] } },
{ "type": "Feature", "properties": { "Hofname": "Rollingergasse 6-8", "clean_address": "1120 Wien, Rollingergasse", "Wohnungen": 165, "Lokale": 3, "addr_key": "1120 wien, rollingergasse", "distance_to_ugs": 155.7246731275427, "distance_to_ubs": 534.89901138047071, "building_id": 859, "index_right": 273, "closest_ugbs_type": "L", "distance_to_ugbs": 155.7246731275427, "within_300m": true }, "geometry": { "type": "Point", "coordinates": [ -377.590319853412495, 337425.285074175335467 ] } },
{ "type": "Feature", "properties": { "Hofname": "Hetzendorfer Straße 23", "clean_address": "1120 Wien, Hetzendorfer Straße", "Wohnungen": 24, "Lokale": 0, "addr_key": "1120 wien, hetzendorfer straße", "distance_to_ugs": 37.547068534383619, "distance_to_ubs": 267.37820418560472, "building_id": 860, "index_right": 251, "closest_ugbs_type": "L", "distance_to_ugbs": 37.547068534383619, "within_300m": true }, "geometry": { "type": "Point", "coordinates": [ -624.565276504323037, 335911.889903600327671 ] } },
{ "type": "Feature", "properties": { "Hofname": "Schönbrunner Schloßstraße 34", "clean_address": "1120 Wien, Schönbrunner Schloßstraße", "Wohnungen": 71, "Lokale": 1, "addr_key": "1120 wien, schönbrunner schloßstraße", "distance_to_ugs": 85.113173857062066, "distance_to_ubs": 61.132577269846138, "building_id": 861, "index_right": 2691, "closest_ugbs_type": "B", "distance_to_ugbs": 61.132577269846138, "within_300m": true }, "geometry": { "type": "Point", "coordinates": [ -1369.487845364730447, 338657.832935661077499 ] } },
{ "type": "Feature", "properties": { "Hofname": "Sechtergasse 7", "clean_address": "1120 Wien, Sechtergasse", "Wohnungen": 26, "Lokale": 0, "addr_key": "1120 wien, sechtergasse", "distance_to_ugs": 47.162794640719902, "distance_to_ubs": 806.57353142464149, "building_id": 862, "index_right": 263, "closest_ugbs_type": "L", "distance_to_ugbs": 47.162794640719902, "within_300m": true }, "geometry": { "type": "Point", "coordinates": [ -32.396530430982878, 337568.762057779356837 ] } },
{ "type": "Feature", "properties": { "Hofname": "Wanda-Lanzer-Hof", "clean_address": "1130 Wien, Speisinger Straße", "Wohnungen": 101, "Lokale": 5, "addr_key": "1130 wien, speisinger straße", "distance_to_ugs": 154.9826769326265, "distance_to_ubs": 441.74850087056626, "building_id": 863, "index_right": 348, "closest_ugbs_type": "L", "distance_to_ugbs": 154.9826769326265, "within_300m": true }, "geometry": { "type": "Point", "coordinates": [ -3527.729869694614081, 337194.217456717044115 ] } },
{ "type": "Feature", "properties": { "Hofname": "Eduard-Popp-Hof", "clean_address": "1130 Wien, Biraghigasse", "Wohnungen": 146, "Lokale": 23, "addr_key": "1130 wien, biraghigasse", "distance_to_ugs": 22.007528472049742, "distance_to_ubs": 521.38001918771545, "building_id": 864, "index_right": 343, "closest_ugbs_type": "L", "distance_to_ugbs": 22.007528472049742, "within_300m": true }, "geometry": { "type": "Point", "coordinates": [ -3867.373373227429511, 336724.814858580939472 ] } },
{ "type": "Feature", "properties": { "Hofname": "Hetzendorfer Straße 164-182", "clean_address": "1130 Wien, Hetzendorfer Straße", "Wohnungen": 82, "Lokale": 5, "addr_key": "1130 wien, hetzendorfer straße", "distance_to_ugs": 37.547068534383619, "distance_to_ubs": 267.37820418560472, "building_id": 865, "index_right": 251, "closest_ugbs_type": "L", "distance_to_ugbs": 37.547068534383619, "within_300m": true }, "geometry": { "type": "Point", "coordinates": [ -624.565276504323037, 335911.889903600327671 ] } },
{ "type": "Feature", "properties": { "Hofname": "Wolkersbergenstraße 10", "clean_address": "1130 Wien, Wolkersbergenstraße", "Wohnungen": 7, "Lokale": 0, "addr_key": "1130 wien, wolkersbergenstraße", "distance_to_ugs": 171.46434450806873, "distance_to_ubs": 459.22005537509312, "building_id": 866, "index_right": 346, "closest_ugbs_type": "L", "distance_to_ugbs": 171.46434450806873, "within_300m": true }, "geometry": { "type": "Point", "coordinates": [ -4275.746491488836909, 336971.870426085020881 ] } },
{ "type": "Feature", "properties": { "Hofname": "Hetzendorfer Straße 165-187", "clean_address": "1130 Wien, Hetzendorfer Straße", "Wohnungen": 209, "Lokale": 28, "addr_key": "1130 wien, hetzendorfer straße", "distance_to_ugs": 37.547068534383619, "distance_to_ubs": 267.37820418560472, "building_id": 867, "index_right": 251, "closest_ugbs_type": "L", "distance_to_ugbs": 37.547068534383619, "within_300m": true }, "geometry": { "type": "Point", "coordinates": [ -624.565276504323037, 335911.889903600327671 ] } },
{ "type": "Feature", "properties": { "Hofname": "Fasangartengasse 65", "clean_address": "1130 Wien, Fasangartengasse", "Wohnungen": 59, "Lokale": 7, "addr_key": "1130 wien, fasangartengasse", "distance_to_ugs": 35.976380992656047, "distance_to_ubs": 319.34684657560342, "building_id": 868, "index_right": 361, "closest_ugbs_type": "L", "distance_to_ugbs": 35.976380992656047, "within_300m": true }, "geometry": { "type": "Point", "coordinates": [ -3296.045436508991315, 337353.258671660441905 ] } },
{ "type": "Feature", "properties": { "Hofname": "Waldvogelstraße 18-24", "clean_address": "1130 Wien, Waldvogelstraße", "Wohnungen": 203, "Lokale": 8, "addr_key": "1130 wien, waldvogelstraße", "distance_to_ugs": 328.24621239829236, "distance_to_ubs": 737.7707701638609, "building_id": 869, "index_right": 349, "closest_ugbs_type": "L", "distance_to_ugbs": 328.24621239829236, "within_300m": false }, "geometry": { "type": "Point", "coordinates": [ -3799.461850819304345, 337313.487995775591116 ] } },
{ "type": "Feature", "properties": { "Hofname": "Speisinger Straße 102", "clean_address": "1130 Wien, Speisinger Straße", "Wohnungen": 39, "Lokale": 2, "addr_key": "1130 wien, speisinger straße", "distance_to_ugs": 154.9826769326265, "distance_to_ubs": 441.74850087056626, "building_id": 870, "index_right": 348, "closest_ugbs_type": "L", "distance_to_ugbs": 154.9826769326265, "within_300m": true }, "geometry": { "type": "Point", "coordinates": [ -3527.729869694614081, 337194.217456717044115 ] } },
{ "type": "Feature", "properties": { "Hofname": "Veitingergasse 129-135", "clean_address": "1130 Wien, Veitingergasse", "Wohnungen": 128, "Lokale": 6, "addr_key": "1130 wien, veitingergasse", "distance_to_ugs": 92.827392135408047, "distance_to_ubs": 673.59870600382158, "building_id": 871, "index_right": 367, "closest_ugbs_type": "L", "distance_to_ugbs": 92.827392135408047, "within_300m": true }, "geometry": { "type": "Point", "coordinates": [ -3775.338962221990187, 337876.19855501037091 ] } },
{ "type": "Feature", "properties": { "Hofname": "Ebner-Rofenstein-Gasse 2-14", "clean_address": "1130 Wien, Ebner-Rofenstein-Gasse", "Wohnungen": 43, "Lokale": 7, "addr_key": "1130 wien, ebner-rofenstein-gasse", "distance_to_ugs": 165.57715847507856, "distance_to_ubs": 382.83287946546091, "building_id": 872, "index_right": 391, "closest_ugbs_type": "R", "distance_to_ugbs": 165.57715847507856, "within_300m": true }, "geometry": { "type": "Point", "coordinates": [ -4830.436278217495783, 337888.82293756864965 ] } },
{ "type": "Feature", "properties": { "Hofname": "Elisabeth-Barbara-Parma-Hof", "clean_address": "1130 Wien, Waldvogelstraße", "Wohnungen": 41, "Lokale": 2, "addr_key": "1130 wien, waldvogelstraße", "distance_to_ugs": 328.24621239829236, "distance_to_ubs": 737.7707701638609, "building_id": 873, "index_right": 349, "closest_ugbs_type": "L", "distance_to_ugbs": 328.24621239829236, "within_300m": false }, "geometry": { "type": "Point", "coordinates": [ -3799.461850819304345, 337313.487995775591116 ] } },
{ "type": "Feature", "properties": { "Hofname": "Speisinger Straße 47-53", "clean_address": "1130 Wien, Speisinger Straße", "Wohnungen": 81, "Lokale": 10, "addr_key": "1130 wien, speisinger straße", "distance_to_ugs": 154.9826769326265, "distance_to_ubs": 441.74850087056626, "building_id": 874, "index_right": 348, "closest_ugbs_type": "L", "distance_to_ugbs": 154.9826769326265, "within_300m": true }, "geometry": { "type": "Point", "coordinates": [ -3527.729869694614081, 337194.217456717044115 ] } },
{ "type": "Feature", "properties": { "Hofname": "Montecuccoliplatz 1-3", "clean_address": "1130 Wien, Montecuccoliplatz", "Wohnungen": 109, "Lokale": 3, "addr_key": "1130 wien, montecuccoliplatz", "distance_to_ugs": 18.258341207068209, "distance_to_ubs": 331.51882205468848, "building_id": 875, "index_right": 374, "closest_ugbs_type": "L", "distance_to_ugbs": 18.258341207068209, "within_300m": true }, "geometry": { "type": "Point", "coordinates": [ -2611.343185547254052, 337495.525861072354019 ] } },
{ "type": "Feature", "properties": { "Hofname": "Dommayergasse 5", "clean_address": "1130 Wien, Dommayergasse", "Wohnungen": 5, "Lokale": 2, "addr_key": "1130 wien, dommayergasse", "distance_to_ugs": 190.85047568568297, "distance_to_ubs": 194.8015624034602, "building_id": 876, "index_right": 602, "closest_ugbs_type": "L", "distance_to_ugbs": 190.85047568568297, "within_300m": true }, "geometry": { "type": "Point", "coordinates": [ -2466.91238409043217, 338743.333163952454925 ] } },
{ "type": "Feature", "properties": { "Hofname": "Vier-Jahreszeiten-Hof", "clean_address": "1130 Wien, Bossigasse", "Wohnungen": 188, "Lokale": 10, "addr_key": "1130 wien, bossigasse", "distance_to_ugs": 486.25839861659836, "distance_to_ubs": 269.63046032972483, "building_id": 877, "index_right": 2621, "closest_ugbs_type": "B", "distance_to_ugbs": 269.63046032972483, "within_300m": true }, "geometry": { "type": "Point", "coordinates": [ -3735.226952978521695, 338991.561769896186888 ] } },
{ "type": "Feature", "properties": { "Hofname": "Gallgasse 2-4", "clean_address": "1130 Wien, Gallgasse", "Wohnungen": 42, "Lokale": 5, "addr_key": "1130 wien, gallgasse", "distance_to_ugs": 131.34084818170587, "distance_to_ubs": 448.24029288306605, "building_id": 878, "index_right": 340, "closest_ugbs_type": "L", "distance_to_ugbs": 131.34084818170587, "within_300m": true }, "geometry": { "type": "Point", "coordinates": [ -3461.011857632673127, 336632.931667916476727 ] } },
{ "type": "Feature", "properties": { "Hofname": "Spohrstraße 19-31", "clean_address": "1130 Wien, Spohrstraße", "Wohnungen": 168, "Lokale": 9, "addr_key": "1130 wien, spohrstraße", "distance_to_ugs": 432.94834737816308, "distance_to_ubs": 553.09527867907809, "building_id": 879, "index_right": 392, "closest_ugbs_type": "L", "distance_to_ugbs": 432.94834737816308, "within_300m": false }, "geometry": { "type": "Point", "coordinates": [ -3796.050921244436722, 338612.453906275331974 ] } },
{ "type": "Feature", "properties": { "Hofname": "Anton-Langer-Gasse 39-45", "clean_address": "1130 Wien, Anton-Langer-Gasse", "Wohnungen": 33, "Lokale": 1, "addr_key": "1130 wien, anton-langer-gasse", "distance_to_ugs": 294.07064753649303, "distance_to_ubs": 579.77604035243223, "building_id": 880, "index_right": 348, "closest_ugbs_type": "L", "distance_to_ugbs": 294.07064753649303, "within_300m": true }, "geometry": { "type": "Point", "coordinates": [ -3665.45022996335365, 337227.891891678795218 ] } },
{ "type": "Feature", "properties": { "Hofname": "Trazerberggasse 66-88", "clean_address": "1130 Wien, Trazerberggasse", "Wohnungen": 45, "Lokale": 2, "addr_key": "1130 wien, trazerberggasse", "distance_to_ugs": 273.98463242308009, "distance_to_ubs": 310.89273685222054, "building_id": 881, "index_right": 391, "closest_ugbs_type": "R", "distance_to_ugbs": 273.98463242308009, "within_300m": true }, "geometry": { "type": "Point", "coordinates": [ -4004.581749675263836, 338489.258988601155579 ] } },
{ "type": "Feature", "properties": { "Hofname": "Gemeindeberggasse 10-24", "clean_address": "1130 Wien, Gemeindeberggasse", "Wohnungen": 68, "Lokale": 11, "addr_key": "1130 wien, gemeindeberggasse", "distance_to_ugs": 100.24476442988525, "distance_to_ubs": 634.40827052769282, "building_id": 882, "index_right": 381, "closest_ugbs_type": "L", "distance_to_ugbs": 100.24476442988525, "within_300m": true }, "geometry": { "type": "Point", "coordinates": [ -5026.259793756499676, 338047.209331560879946 ] } },
{ "type": "Feature", "properties": { "Hofname": "Wattmanngasse 58-60", "clean_address": "1130 Wien, Wattmanngasse", "Wohnungen": 112, "Lokale": 14, "addr_key": "1130 wien, wattmanngasse", "distance_to_ugs": 183.75942565261062, "distance_to_ubs": 262.27726287834622, "building_id": 883, "index_right": 377, "closest_ugbs_type": "R", "distance_to_ugbs": 183.75942565261062, "within_300m": true }, "geometry": { "type": "Point", "coordinates": [ -2527.932796257007794, 338448.753261306323111 ] } },
{ "type": "Feature", "properties": { "Hofname": "Himmelhofgasse 9-13", "clean_address": "1130 Wien, Himmelhofgasse", "Wohnungen": 25, "Lokale": 3, "addr_key": "1130 wien, himmelhofgasse", "distance_to_ugs": 27.346579018438366, "distance_to_ubs": 136.34464893273545, "building_id": 884, "index_right": 356, "closest_ugbs_type": "U", "distance_to_ugbs": 27.346579018438366, "within_300m": true }, "geometry": { "type": "Point", "coordinates": [ -5850.490025851926475, 339998.409079663688317 ] } },
{ "type": "Feature", "properties": { "Hofname": "Hanselmayergasse 9-15", "clean_address": "1130 Wien, Hanselmayergasse", "Wohnungen": 45, "Lokale": 1, "addr_key": "1130 wien, hanselmayergasse", "distance_to_ugs": 216.61897702136449, "distance_to_ubs": 354.33077710228832, "building_id": 885, "index_right": 375, "closest_ugbs_type": "L", "distance_to_ugbs": 216.61897702136449, "within_300m": true }, "geometry": { "type": "Point", "coordinates": [ -2673.070324524497209, 337755.87456419877708 ] } },
{ "type": "Feature", "properties": { "Hofname": "Waldvogelstraße 2-8", "clean_address": "1130 Wien, Waldvogelstraße", "Wohnungen": 43, "Lokale": 6, "addr_key": "1130 wien, waldvogelstraße", "distance_to_ugs": 328.24621239829236, "distance_to_ubs": 737.7707701638609, "building_id": 886, "index_right": 349, "closest_ugbs_type": "L", "distance_to_ugbs": 328.24621239829236, "within_300m": false }, "geometry": { "type": "Point", "coordinates": [ -3799.461850819304345, 337313.487995775591116 ] } },
{ "type": "Feature", "properties": { "Hofname": "Fasangartengasse 109-115", "clean_address": "1130 Wien, Fasangartengasse", "Wohnungen": 134, "Lokale": 5, "addr_key": "1130 wien, fasangartengasse", "distance_to_ugs": 35.976380992656047, "distance_to_ubs": 319.34684657560342, "building_id": 887, "index_right": 361, "closest_ugbs_type": "L", "distance_to_ugbs": 35.976380992656047, "within_300m": true }, "geometry": { "type": "Point", "coordinates": [ -3296.045436508991315, 337353.258671660441905 ] } },
{ "type": "Feature", "properties": { "Hofname": "Gobergasse 62-72", "clean_address": "1130 Wien, Gobergasse", "Wohnungen": 56, "Lokale": 4, "addr_key": "1130 wien, gobergasse", "distance_to_ugs": 133.92132662395124, "distance_to_ubs": 230.46356043055522, "building_id": 888, "index_right": 391, "closest_ugbs_type": "R", "distance_to_ugbs": 133.92132662395124, "within_300m": true }, "geometry": { "type": "Point", "coordinates": [ -4333.532450199599225, 337807.204755085520446 ] } },
{ "type": "Feature", "properties": { "Hofname": "Trauttmansdorffgasse 22-24", "clean_address": "1130 Wien, Trauttmansdorffgasse", "Wohnungen": 32, "Lokale": 4, "addr_key": "1130 wien, trauttmansdorffgasse", "distance_to_ugs": 29.866037830304997, "distance_to_ubs": 125.78852398636563, "building_id": 889, "index_right": 377, "closest_ugbs_type": "R", "distance_to_ugbs": 29.866037830304997, "within_300m": true }, "geometry": { "type": "Point", "coordinates": [ -2371.782187222864195, 338440.338640230707824 ] } },
{ "type": "Feature", "properties": { "Hofname": "Hummelgasse 56-64", "clean_address": "1130 Wien, Hummelgasse", "Wohnungen": 59, "Lokale": 6, "addr_key": "1130 wien, hummelgasse", "distance_to_ugs": 100.93828892061417, "distance_to_ubs": 666.60385630519727, "building_id": 890, "index_right": 367, "closest_ugbs_type": "L", "distance_to_ugbs": 100.93828892061417, "within_300m": true }, "geometry": { "type": "Point", "coordinates": [ -3777.728031730976909, 337883.972743425518274 ] } },
{ "type": "Feature", "properties": { "Hofname": "Hochheimgasse 26", "clean_address": "1130 Wien, Hochheimgasse", "Wohnungen": 32, "Lokale": 1, "addr_key": "1130 wien, hochheimgasse", "distance_to_ugs": 94.217222804086262, "distance_to_ubs": 358.57175153591606, "building_id": 891, "index_right": 374, "closest_ugbs_type": "L", "distance_to_ugbs": 94.217222804086262, "within_300m": true }, "geometry": { "type": "Point", "coordinates": [ -2723.547418555632248, 337460.730247598083224 ] } },
{ "type": "Feature", "properties": { "Hofname": "Speisinger Straße 100", "clean_address": "1130 Wien, Speisinger Straße", "Wohnungen": 18, "Lokale": 5, "addr_key": "1130 wien, speisinger straße", "distance_to_ugs": 154.9826769326265, "distance_to_ubs": 441.74850087056626, "building_id": 892, "index_right": 348, "closest_ugbs_type": "L", "distance_to_ugbs": 154.9826769326265, "within_300m": true }, "geometry": { "type": "Point", "coordinates": [ -3527.729869694614081, 337194.217456717044115 ] } },
{ "type": "Feature", "properties": { "Hofname": "Heinrich-Hies-Hof", "clean_address": "1130 Wien, Schluckergasse", "Wohnungen": 84, "Lokale": 1, "addr_key": "1130 wien, schluckergasse", "distance_to_ugs": 79.739982943966794, "distance_to_ubs": 10.522371511550496, "building_id": 893, "index_right": 2457, "closest_ugbs_type": "B", "distance_to_ugbs": 10.522371511550496, "within_300m": true }, "geometry": { "type": "Point", "coordinates": [ -3234.660521858435459, 335603.037642644601874 ] } },
{ "type": "Feature", "properties": { "Hofname": "Speisinger Straße 68", "clean_address": "1130 Wien, Speisinger Straße", "Wohnungen": 14, "Lokale": 0, "addr_key": "1130 wien, speisinger straße", "distance_to_ugs": 154.9826769326265, "distance_to_ubs": 441.74850087056626, "building_id": 894, "index_right": 348, "closest_ugbs_type": "L", "distance_to_ugbs": 154.9826769326265, "within_300m": true }, "geometry": { "type": "Point", "coordinates": [ -3527.729869694614081, 337194.217456717044115 ] } },
{ "type": "Feature", "properties": { "Hofname": "Jagdschloßgasse 40", "clean_address": "1130 Wien, Jagdschloßgasse", "Wohnungen": 25, "Lokale": 0, "addr_key": "1130 wien, jagdschloßgasse", "distance_to_ugs": 45.637780209367548, "distance_to_ubs": 153.36473860816474, "building_id": 895, "index_right": 363, "closest_ugbs_type": "L", "distance_to_ugbs": 45.637780209367548, "within_300m": true }, "geometry": { "type": "Point", "coordinates": [ -4362.520014436130623, 337671.504474084824324 ] } },
{ "type": "Feature", "properties": { "Hofname": "Schrutkagasse 1-7", "clean_address": "1130 Wien, Schrutkagasse", "Wohnungen": 28, "Lokale": 3, "addr_key": "1130 wien, schrutkagasse", "distance_to_ugs": 295.61884511583219, "distance_to_ubs": 402.73608199260769, "building_id": 896, "index_right": 391, "closest_ugbs_type": "R", "distance_to_ugbs": 295.61884511583219, "within_300m": true }, "geometry": { "type": "Point", "coordinates": [ -3885.556642991205081, 338219.275511391286273 ] } },
{ "type": "Feature", "properties": { "Hofname": "Versorgungsheimstraße 19", "clean_address": "1130 Wien, Versorgungsheimstraße", "Wohnungen": 22, "Lokale": 1, "addr_key": "1130 wien, versorgungsheimstraße", "distance_to_ugs": 352.42101079726251, "distance_to_ubs": 646.78497938506064, "building_id": 897, "index_right": 348, "closest_ugbs_type": "L", "distance_to_ugbs": 352.42101079726251, "within_300m": false }, "geometry": { "type": "Point", "coordinates": [ -3716.877255800273815, 337275.163078144192696 ] } },
{ "type": "Feature", "properties": { "Hofname": "Friedrich-Engels-Platz 9", "clean_address": "1200 Wien, Friedrich-Engels-Platz", "Wohnungen": 326, "Lokale": 4, "addr_key": "1200 wien, friedrich-engels-platz", "distance_to_ugs": 55.441294846165007, "distance_to_ubs": 364.89446982614612, "building_id": 898, "index_right": 1461, "closest_ugbs_type": "L", "distance_to_ugbs": 55.441294846165007, "within_300m": true }, "geometry": { "type": "Point", "coordinates": [ 3377.731483759329876, 345244.681359863840044 ] } },
{ "type": "Feature", "properties": { "Hofname": "Aignerstraße 8-14", "clean_address": "1200 Wien, Aignerstraße", "Wohnungen": 55, "Lokale": 0, "addr_key": "1200 wien, aignerstraße", "distance_to_ugs": 70.258062961705861, "distance_to_ubs": 404.12735852381115, "building_id": 899, "index_right": 1461, "closest_ugbs_type": "L", "distance_to_ugbs": 70.258062961705861, "within_300m": true }, "geometry": { "type": "Point", "coordinates": [ 3240.005468019113778, 345327.40491199772805 ] } },
{ "type": "Feature", "properties": { "Hofname": "Hauptstraße 105", "clean_address": "1140 Wien, Hauptstraße", "Wohnungen": 13, "Lokale": 1, "addr_key": "1140 wien, hauptstraße", "distance_to_ugs": 57.081256860465579, "distance_to_ubs": 71.454363202098335, "building_id": 900, "index_right": 651, "closest_ugbs_type": "L", "distance_to_ugbs": 57.081256860465579, "within_300m": true }, "geometry": { "type": "Point", "coordinates": [ -8390.655587645052947, 341259.208958493662067 ] } },
{ "type": "Feature", "properties": { "Hofname": "Pevetzgasse 4", "clean_address": "1140 Wien, Pevetzgasse", "Wohnungen": 0, "Lokale": 0, "addr_key": "1140 wien, pevetzgasse", "distance_to_ugs": 129.73109328450789, "distance_to_ubs": 145.37994516441864, "building_id": 901, "index_right": 651, "closest_ugbs_type": "L", "distance_to_ugbs": 129.73109328450789, "within_300m": true }, "geometry": { "type": "Point", "coordinates": [ -8164.741036103216175, 341253.382304462604225 ] } },
{ "type": "Feature", "properties": { "Hofname": "Hüttelbergstraße 26 a", "clean_address": "1140 Wien, Hüttelbergstraße", "Wohnungen": 3, "Lokale": 0, "addr_key": "1140 wien, hüttelbergstraße", "distance_to_ugs": 40.606914917290489, "distance_to_ubs": 112.40044369845791, "building_id": 902, "index_right": 657, "closest_ugbs_type": "L", "distance_to_ugbs": 40.606914917290489, "within_300m": true }, "geometry": { "type": "Point", "coordinates": [ -5664.855578901314402, 341280.225558550213464 ] } },
{ "type": "Feature", "properties": { "Hofname": "Hütteldorfer Straße 265-267", "clean_address": "1140 Wien, Hütteldorfer Straße", "Wohnungen": 51, "Lokale": 8, "addr_key": "1140 wien, hütteldorfer straße", "distance_to_ugs": 34.717994313901059, "distance_to_ubs": 971.16068076122531, "building_id": 903, "index_right": 487, "closest_ugbs_type": "L", "distance_to_ugbs": 34.717994313901059, "within_300m": true }, "geometry": { "type": "Point", "coordinates": [ 355.106498839219682, 340325.898421204648912 ] } },
{ "type": "Feature", "properties": { "Hofname": "Phillipsgasse 8", "clean_address": "1140 Wien, Phillipsgasse", "Wohnungen": 164, "Lokale": 28, "addr_key": "1140 wien, phillipsgasse", "distance_to_ugs": 25.516962163931414, "distance_to_ubs": 58.884592291187552, "building_id": 904, "index_right": 601, "closest_ugbs_type": "L", "distance_to_ugbs": 25.516962163931414, "within_300m": true }, "geometry": { "type": "Point", "coordinates": [ -1764.841564991950008, 338864.416681122034788 ] } },
{ "type": "Feature", "properties": { "Hofname": "Goldschlagstraße 193-195", "clean_address": "1140 Wien, Goldschlagstraße", "Wohnungen": 47, "Lokale": 7, "addr_key": "1140 wien, goldschlagstraße", "distance_to_ugs": 67.764996724326679, "distance_to_ubs": 683.74748174225613, "building_id": 905, "index_right": 483, "closest_ugbs_type": "L", "distance_to_ugbs": 67.764996724326679, "within_300m": true }, "geometry": { "type": "Point", "coordinates": [ 155.071365065851694, 340025.874302812851965 ] } },
{ "type": "Feature", "properties": { "Hofname": "Lenneisgasse 11-13", "clean_address": "1140 Wien, Lenneisgasse", "Wohnungen": 133, "Lokale": 9, "addr_key": "1140 wien, lenneisgasse", "distance_to_ugs": 308.62258331746943, "distance_to_ubs": 690.86152300352103, "building_id": 906, "index_right": 608, "closest_ugbs_type": "L", "distance_to_ugbs": 308.62258331746943, "within_300m": false }, "geometry": { "type": "Point", "coordinates": [ -1831.084957014907104, 339499.250693446956575 ] } },
{ "type": "Feature", "properties": { "Hofname": "Meiselstraße 67-69", "clean_address": "1140 Wien, Meiselstraße", "Wohnungen": 257, "Lokale": 7, "addr_key": "1140 wien, meiselstraße", "distance_to_ugs": 41.664260100947068, "distance_to_ubs": 261.97252235301806, "building_id": 907, "index_right": 468, "closest_ugbs_type": "L", "distance_to_ugbs": 41.664260100947068, "within_300m": true }, "geometry": { "type": "Point", "coordinates": [ -867.871069760725049, 339897.550329166464508 ] } },
{ "type": "Feature", "properties": { "Hofname": "Linzer Straße 254", "clean_address": "1140 Wien, Linzer Straße", "Wohnungen": 101, "Lokale": 14, "addr_key": "1140 wien, linzer straße", "distance_to_ugs": 11.662816853545118, "distance_to_ubs": 62.418311716142256, "building_id": 908, "index_right": 765, "closest_ugbs_type": "L", "distance_to_ugbs": 11.662816853545118, "within_300m": true }, "geometry": { "type": "Point", "coordinates": [ 1557.911354078396016, 342009.850461553782225 ] } },
{ "type": "Feature", "properties": { "Hofname": "Hüttelbergstraße 7", "clean_address": "1140 Wien, Hüttelbergstraße", "Wohnungen": 20, "Lokale": 3, "addr_key": "1140 wien, hüttelbergstraße", "distance_to_ugs": 40.606914917290489, "distance_to_ubs": 112.40044369845791, "building_id": 909, "index_right": 657, "closest_ugbs_type": "L", "distance_to_ugbs": 40.606914917290489, "within_300m": true }, "geometry": { "type": "Point", "coordinates": [ -5664.855578901314402, 341280.225558550213464 ] } },
{ "type": "Feature", "properties": { "Hofname": "Meiselstraße 76", "clean_address": "1140 Wien, Meiselstraße", "Wohnungen": 14, "Lokale": 1, "addr_key": "1140 wien, meiselstraße", "distance_to_ugs": 41.664260100947068, "distance_to_ubs": 261.97252235301806, "building_id": 910, "index_right": 468, "closest_ugbs_type": "L", "distance_to_ugbs": 41.664260100947068, "within_300m": true }, "geometry": { "type": "Point", "coordinates": [ -867.871069760725049, 339897.550329166464508 ] } },
{ "type": "Feature", "properties": { "Hofname": "Cervantesgasse 9", "clean_address": "1140 Wien, Cervantesgasse", "Wohnungen": 12, "Lokale": 0, "addr_key": "1140 wien, cervantesgasse", "distance_to_ugs": 162.09211242548739, "distance_to_ubs": 646.49407187349641, "building_id": 911, "index_right": 609, "closest_ugbs_type": "L", "distance_to_ugbs": 162.09211242548739, "within_300m": true }, "geometry": { "type": "Point", "coordinates": [ -1699.525633939300633, 339895.767798294313252 ] } },
{ "type": "Feature", "properties": { "Hofname": "Neubeckgasse 4", "clean_address": "1140 Wien, Neubeckgasse", "Wohnungen": 15, "Lokale": 1, "addr_key": "1140 wien, neubeckgasse", "distance_to_ugs": 179.99442758595768, "distance_to_ubs": 701.0335735519792, "building_id": 912, "index_right": 622, "closest_ugbs_type": "L", "distance_to_ugbs": 179.99442758595768, "within_300m": true }, "geometry": { "type": "Point", "coordinates": [ -1744.019717129554692, 339850.471688671037555 ] } },
{ "type": "Feature", "properties": { "Hofname": "Meiselstraße 73", "clean_address": "1140 Wien, Meiselstraße", "Wohnungen": 11, "Lokale": 0, "addr_key": "1140 wien, meiselstraße", "distance_to_ugs": 41.664260100947068, "distance_to_ubs": 261.97252235301806, "building_id": 913, "index_right": 468, "closest_ugbs_type": "L", "distance_to_ugbs": 41.664260100947068, "within_300m": true }, "geometry": { "type": "Point", "coordinates": [ -867.871069760725049, 339897.550329166464508 ] } },
{ "type": "Feature", "properties": { "Hofname": "Gründorfgasse 4", "clean_address": "1140 Wien, Gründorfgasse", "Wohnungen": 13, "Lokale": 0, "addr_key": "1140 wien, gründorfgasse", "distance_to_ugs": 93.064151644070321, "distance_to_ubs": 531.19324656901892, "building_id": 914, "index_right": 622, "closest_ugbs_type": "L", "distance_to_ugbs": 93.064151644070321, "within_300m": true }, "geometry": { "type": "Point", "coordinates": [ -1781.811246874817243, 340043.875120078213513 ] } },
{ "type": "Feature", "properties": { "Hofname": "Cervantesgasse 3", "clean_address": "1140 Wien, Cervantesgasse", "Wohnungen": 25, "Lokale": 0, "addr_key": "1140 wien, cervantesgasse", "distance_to_ugs": 162.09211242548739, "distance_to_ubs": 646.49407187349641, "building_id": 915, "index_right": 609, "closest_ugbs_type": "L", "distance_to_ugbs": 162.09211242548739, "within_300m": true }, "geometry": { "type": "Point", "coordinates": [ -1699.525633939300633, 339895.767798294313252 ] } },
{ "type": "Feature", "properties": { "Hofname": "Hickelgasse 12", "clean_address": "1140 Wien, Hickelgasse", "Wohnungen": 13, "Lokale": 4, "addr_key": "1140 wien, hickelgasse", "distance_to_ugs": 225.72494259707847, "distance_to_ubs": 519.92523211585626, "building_id": 916, "index_right": 609, "closest_ugbs_type": "L", "distance_to_ugbs": 225.72494259707847, "within_300m": true }, "geometry": { "type": "Point", "coordinates": [ -1641.730508338666596, 340013.69210266135633 ] } },
{ "type": "Feature", "properties": { "Hofname": "Mitisgasse 36-38", "clean_address": "1140 Wien, Mitisgasse", "Wohnungen": 42, "Lokale": 1, "addr_key": "1140 wien, mitisgasse", "distance_to_ugs": 189.84232963501242, "distance_to_ubs": 745.00435118285077, "building_id": 917, "index_right": 644, "closest_ugbs_type": "L", "distance_to_ugbs": 189.84232963501242, "within_300m": true }, "geometry": { "type": "Point", "coordinates": [ -2870.404602724140204, 339839.254045391455293 ] } },
{ "type": "Feature", "properties": { "Hofname": "Sebastian-Kelch-Gasse 4-6", "clean_address": "1140 Wien, Sebastian-Kelch-Gasse", "Wohnungen": 23, "Lokale": 1, "addr_key": "1140 wien, sebastian-kelch-gasse", "distance_to_ugs": 153.36468054833608, "distance_to_ubs": 661.68313461508762, "building_id": 918, "index_right": 622, "closest_ugbs_type": "L", "distance_to_ugbs": 153.36468054833608, "within_300m": true }, "geometry": { "type": "Point", "coordinates": [ -1758.514844091420628, 339895.633043674752116 ] } },
{ "type": "Feature", "properties": { "Hofname": "Sebastian-Kelch-Gasse 5-7", "clean_address": "1140 Wien, Sebastian-Kelch-Gasse", "Wohnungen": 36, "Lokale": 3, "addr_key": "1140 wien, sebastian-kelch-gasse", "distance_to_ugs": 153.36468054833608, "distance_to_ubs": 661.68313461508762, "building_id": 919, "index_right": 622, "closest_ugbs_type": "L", "distance_to_ugbs": 153.36468054833608, "within_300m": true }, "geometry": { "type": "Point", "coordinates": [ -1758.514844091420628, 339895.633043674752116 ] } },
{ "type": "Feature", "properties": { "Hofname": "Gründorfgasse 1-3", "clean_address": "1140 Wien, Gründorfgasse", "Wohnungen": 34, "Lokale": 3, "addr_key": "1140 wien, gründorfgasse", "distance_to_ugs": 93.064151644070321, "distance_to_ubs": 531.19324656901892, "building_id": 920, "index_right": 622, "closest_ugbs_type": "L", "distance_to_ugbs": 93.064151644070321, "within_300m": true }, "geometry": { "type": "Point", "coordinates": [ -1781.811246874817243, 340043.875120078213513 ] } },
{ "type": "Feature", "properties": { "Hofname": "Fenzlgasse 31", "clean_address": "1140 Wien, Fenzlgasse", "Wohnungen": 24, "Lokale": 3, "addr_key": "1140 wien, fenzlgasse", "distance_to_ugs": 147.31657535165013, "distance_to_ubs": 782.30097754749318, "building_id": 921, "index_right": 609, "closest_ugbs_type": "L", "distance_to_ugbs": 147.31657535165013, "within_300m": true }, "geometry": { "type": "Point", "coordinates": [ -1453.884301442144988, 339574.279104293324053 ] } },
{ "type": "Feature", "properties": { "Hofname": "Sebastian-Kelch-Gasse 1-3", "clean_address": "1140 Wien, Sebastian-Kelch-Gasse", "Wohnungen": 49, "Lokale": 6, "addr_key": "1140 wien, sebastian-kelch-gasse", "distance_to_ugs": 153.36468054833608, "distance_to_ubs": 661.68313461508762, "building_id": 922, "index_right": 622, "closest_ugbs_type": "L", "distance_to_ugbs": 153.36468054833608, "within_300m": true }, "geometry": { "type": "Point", "coordinates": [ -1758.514844091420628, 339895.633043674752116 ] } },
{ "type": "Feature", "properties": { "Hofname": "Goldschlagstraße 148-158", "clean_address": "1140 Wien, Goldschlagstraße", "Wohnungen": 254, "Lokale": 8, "addr_key": "1140 wien, goldschlagstraße", "distance_to_ugs": 67.764996724326679, "distance_to_ubs": 683.74748174225613, "building_id": 923, "index_right": 483, "closest_ugbs_type": "L", "distance_to_ugbs": 67.764996724326679, "within_300m": true }, "geometry": { "type": "Point", "coordinates": [ 155.071365065851694, 340025.874302812851965 ] } },
{ "type": "Feature", "properties": { "Hofname": "Hickelgasse 16", "clean_address": "1140 Wien, Hickelgasse", "Wohnungen": 15, "Lokale": 0, "addr_key": "1140 wien, hickelgasse", "distance_to_ugs": 225.72494259707847, "distance_to_ubs": 519.92523211585626, "building_id": 924, "index_right": 609, "closest_ugbs_type": "L", "distance_to_ugbs": 225.72494259707847, "within_300m": true }, "geometry": { "type": "Point", "coordinates": [ -1641.730508338666596, 340013.69210266135633 ] } },
{ "type": "Feature", "properties": { "Hofname": "Johanna-Dohnal-Hof", "clean_address": "1140 Wien, Jenullgasse", "Wohnungen": 92, "Lokale": 0, "addr_key": "1140 wien, jenullgasse", "distance_to_ugs": 370.36195837677587, "distance_to_ubs": 162.27011343017369, "building_id": 925, "index_right": 2621, "closest_ugbs_type": "B", "distance_to_ugbs": 162.27011343017369, "within_300m": true }, "geometry": { "type": "Point", "coordinates": [ -2570.104009646218856, 339141.315849483013153 ] } },
{ "type": "Feature", "properties": { "Hofname": "Onno-Klopp-Gasse 12-16", "clean_address": "1140 Wien, Onno-Klopp-Gasse", "Wohnungen": 140, "Lokale": 13, "addr_key": "1140 wien, onno-klopp-gasse", "distance_to_ugs": 379.24071009441593, "distance_to_ubs": 156.91304335945421, "building_id": 926, "index_right": 2621, "closest_ugbs_type": "B", "distance_to_ugbs": 156.91304335945421, "within_300m": true }, "geometry": { "type": "Point", "coordinates": [ -2718.441795594628729, 339180.732832405716181 ] } },
{ "type": "Feature", "properties": { "Hofname": "Goldschlagstraße 144-146", "clean_address": "1140 Wien, Goldschlagstraße", "Wohnungen": 119, "Lokale": 9, "addr_key": "1140 wien, goldschlagstraße", "distance_to_ugs": 67.764996724326679, "distance_to_ubs": 683.74748174225613, "building_id": 927, "index_right": 483, "closest_ugbs_type": "L", "distance_to_ugbs": 67.764996724326679, "within_300m": true }, "geometry": { "type": "Point", "coordinates": [ 155.071365065851694, 340025.874302812851965 ] } },
{ "type": "Feature", "properties": { "Hofname": "Linzer Straße 374", "clean_address": "1140 Wien, Linzer Straße", "Wohnungen": 21, "Lokale": 0, "addr_key": "1140 wien, linzer straße", "distance_to_ugs": 11.662816853545118, "distance_to_ubs": 62.418311716142256, "building_id": 928, "index_right": 765, "closest_ugbs_type": "L", "distance_to_ugbs": 11.662816853545118, "within_300m": true }, "geometry": { "type": "Point", "coordinates": [ 1557.911354078396016, 342009.850461553782225 ] } },
{ "type": "Feature", "properties": { "Hofname": "Dreyhausenstraße 28-30", "clean_address": "1140 Wien, Dreyhausenstraße", "Wohnungen": 25, "Lokale": 1, "addr_key": "1140 wien, dreyhausenstraße", "distance_to_ugs": 114.41211703362582, "distance_to_ubs": 838.51181812698758, "building_id": 929, "index_right": 608, "closest_ugbs_type": "L", "distance_to_ugbs": 114.41211703362582, "within_300m": true }, "geometry": { "type": "Point", "coordinates": [ -2120.40168480857119, 339901.734734282828867 ] } },
{ "type": "Feature", "properties": { "Hofname": "Breitenseer Straße 106-108", "clean_address": "1140 Wien, Breitenseer Straße", "Wohnungen": 146, "Lokale": 5, "addr_key": "1140 wien, breitenseer straße", "distance_to_ugs": 98.112283018327545, "distance_to_ubs": 448.42258677060067, "building_id": 930, "index_right": 623, "closest_ugbs_type": "L", "distance_to_ugbs": 98.112283018327545, "within_300m": true }, "geometry": { "type": "Point", "coordinates": [ -1429.548913859565573, 340098.788065838627517 ] } },
{ "type": "Feature", "properties": { "Hofname": "Rupertgasse 6-16", "clean_address": "1140 Wien, Rupertgasse", "Wohnungen": 120, "Lokale": 5, "addr_key": "1140 wien, rupertgasse", "distance_to_ugs": 386.64369044442697, "distance_to_ubs": 153.92728326787392, "building_id": 931, "index_right": 2621, "closest_ugbs_type": "B", "distance_to_ugbs": 153.92728326787392, "within_300m": true }, "geometry": { "type": "Point", "coordinates": [ -2668.361849611174421, 339162.415120461955667 ] } },
{ "type": "Feature", "properties": { "Hofname": "Penzinger Straße 138-140", "clean_address": "1140 Wien, Penzinger Straße", "Wohnungen": 123, "Lokale": 7, "addr_key": "1140 wien, penzinger straße", "distance_to_ugs": 299.89300069873258, "distance_to_ubs": 112.79048890853926, "building_id": 932, "index_right": 2621, "closest_ugbs_type": "B", "distance_to_ugbs": 112.79048890853926, "within_300m": true }, "geometry": { "type": "Point", "coordinates": [ -2495.864343141475274, 339067.078960484825075 ] } },
{ "type": "Feature", "properties": { "Hofname": "Hickelgasse 11", "clean_address": "1140 Wien, Hickelgasse", "Wohnungen": 13, "Lokale": 0, "addr_key": "1140 wien, hickelgasse", "distance_to_ugs": 225.72494259707847, "distance_to_ubs": 519.92523211585626, "building_id": 933, "index_right": 609, "closest_ugbs_type": "L", "distance_to_ugbs": 225.72494259707847, "within_300m": true }, "geometry": { "type": "Point", "coordinates": [ -1641.730508338666596, 340013.69210266135633 ] } },
{ "type": "Feature", "properties": { "Hofname": "Breitenseer Straße 110-112", "clean_address": "1140 Wien, Breitenseer Straße", "Wohnungen": 425, "Lokale": 14, "addr_key": "1140 wien, breitenseer straße", "distance_to_ugs": 98.112283018327545, "distance_to_ubs": 448.42258677060067, "building_id": 934, "index_right": 623, "closest_ugbs_type": "L", "distance_to_ugbs": 98.112283018327545, "within_300m": true }, "geometry": { "type": "Point", "coordinates": [ -1429.548913859565573, 340098.788065838627517 ] } },
{ "type": "Feature", "properties": { "Hofname": "Linzer Straße 60-62", "clean_address": "1140 Wien, Linzer Straße", "Wohnungen": 52, "Lokale": 6, "addr_key": "1140 wien, linzer straße", "distance_to_ugs": 11.662816853545118, "distance_to_ubs": 62.418311716142256, "building_id": 935, "index_right": 765, "closest_ugbs_type": "L", "distance_to_ugbs": 11.662816853545118, "within_300m": true }, "geometry": { "type": "Point", "coordinates": [ 1557.911354078396016, 342009.850461553782225 ] } },
{ "type": "Feature", "properties": { "Hofname": "Hochsatzengasse 6", "clean_address": "1140 Wien, Hochsatzengasse", "Wohnungen": 21, "Lokale": 0, "addr_key": "1140 wien, hochsatzengasse", "distance_to_ugs": 167.2208369481171, "distance_to_ubs": 74.376984097460834, "building_id": 936, "index_right": 2636, "closest_ugbs_type": "B", "distance_to_ugbs": 74.376984097460834, "within_300m": true }, "geometry": { "type": "Point", "coordinates": [ -4056.019340145852766, 339968.186223273165524 ] } },
{ "type": "Feature", "properties": { "Hofname": "Hickelgasse 8", "clean_address": "1140 Wien, Hickelgasse", "Wohnungen": 33, "Lokale": 1, "addr_key": "1140 wien, hickelgasse", "distance_to_ugs": 225.72494259707847, "distance_to_ubs": 519.92523211585626, "building_id": 937, "index_right": 609, "closest_ugbs_type": "L", "distance_to_ugbs": 225.72494259707847, "within_300m": true }, "geometry": { "type": "Point", "coordinates": [ -1641.730508338666596, 340013.69210266135633 ] } },
{ "type": "Feature", "properties": { "Hofname": "Goldschlagstraße 142", "clean_address": "1140 Wien, Goldschlagstraße", "Wohnungen": 29, "Lokale": 1, "addr_key": "1140 wien, goldschlagstraße", "distance_to_ugs": 67.764996724326679, "distance_to_ubs": 683.74748174225613, "building_id": 938, "index_right": 483, "closest_ugbs_type": "L", "distance_to_ugbs": 67.764996724326679, "within_300m": true }, "geometry": { "type": "Point", "coordinates": [ 155.071365065851694, 340025.874302812851965 ] } },
{ "type": "Feature", "properties": { "Hofname": "Lenneisgasse 4-8", "clean_address": "1140 Wien, Lenneisgasse", "Wohnungen": 252, "Lokale": 4, "addr_key": "1140 wien, lenneisgasse", "distance_to_ugs": 308.62258331746943, "distance_to_ubs": 690.86152300352103, "building_id": 939, "index_right": 608, "closest_ugbs_type": "L", "distance_to_ugbs": 308.62258331746943, "within_300m": false }, "geometry": { "type": "Point", "coordinates": [ -1831.084957014907104, 339499.250693446956575 ] } },
{ "type": "Feature", "properties": { "Hofname": "Niederpointenstraße 7", "clean_address": "1140 Wien, Niederpointenstraße", "Wohnungen": 165, "Lokale": 9, "addr_key": "1140 wien, niederpointenstraße", "distance_to_ugs": 180.8795762624797, "distance_to_ubs": 474.50319088159773, "building_id": 940, "index_right": 649, "closest_ugbs_type": "L", "distance_to_ugbs": 180.8795762624797, "within_300m": true }, "geometry": { "type": "Point", "coordinates": [ -4170.975635226853228, 340637.771060444414616 ] } },
{ "type": "Feature", "properties": { "Hofname": "Baumgartenstraße 25-33", "clean_address": "1140 Wien, Baumgartenstraße", "Wohnungen": 48, "Lokale": 2, "addr_key": "1140 wien, baumgartenstraße", "distance_to_ugs": 154.97208889079414, "distance_to_ubs": 262.01616908424018, "building_id": 941, "index_right": 398, "closest_ugbs_type": "L", "distance_to_ugbs": 154.97208889079414, "within_300m": true }, "geometry": { "type": "Point", "coordinates": [ -3633.146671155489912, 339513.471483197063208 ] } },
{ "type": "Feature", "properties": { "Hofname": "Gustav-Klimt-Hof", "clean_address": "1140 Wien, Linzer Straße", "Wohnungen": 118, "Lokale": 13, "addr_key": "1140 wien, linzer straße", "distance_to_ugs": 11.662816853545118, "distance_to_ubs": 62.418311716142256, "building_id": 942, "index_right": 765, "closest_ugbs_type": "L", "distance_to_ugbs": 11.662816853545118, "within_300m": true }, "geometry": { "type": "Point", "coordinates": [ 1557.911354078396016, 342009.850461553782225 ] } },
{ "type": "Feature", "properties": { "Hofname": "Hadikgasse 268-272", "clean_address": "1140 Wien, Hadikgasse", "Wohnungen": 240, "Lokale": 8, "addr_key": "1140 wien, hadikgasse", "distance_to_ugs": 478.25288301565524, "distance_to_ubs": 58.57825531660675, "building_id": 943, "index_right": 2621, "closest_ugbs_type": "B", "distance_to_ugbs": 58.57825531660675, "within_300m": true }, "geometry": { "type": "Point", "coordinates": [ -2778.703151825573514, 339096.257078063674271 ] } },
{ "type": "Feature", "properties": { "Hofname": "Deutschordenstraße 27-35", "clean_address": "1140 Wien, Deutschordenstraße", "Wohnungen": 137, "Lokale": 3, "addr_key": "1140 wien, deutschordenstraße", "distance_to_ugs": 203.50109420163045, "distance_to_ubs": 65.350390694030025, "building_id": 944, "index_right": 2634, "closest_ugbs_type": "B", "distance_to_ugbs": 65.350390694030025, "within_300m": true }, "geometry": { "type": "Point", "coordinates": [ -4923.977353458388279, 339579.020231122151017 ] } },
{ "type": "Feature", "properties": { "Hofname": "Amortgasse 1-17", "clean_address": "1140 Wien, Amortgasse", "Wohnungen": 226, "Lokale": 10, "addr_key": "1140 wien, amortgasse", "distance_to_ugs": 70.586881719042339, "distance_to_ubs": 748.90043436053929, "building_id": 945, "index_right": 622, "closest_ugbs_type": "L", "distance_to_ugbs": 70.586881719042339, "within_300m": true }, "geometry": { "type": "Point", "coordinates": [ -1888.106482360850123, 339853.28260491322726 ] } },
{ "type": "Feature", "properties": { "Hofname": "Hütteldorfer Straße 252", "clean_address": "1140 Wien, Hütteldorfer Straße", "Wohnungen": 55, "Lokale": 3, "addr_key": "1140 wien, hütteldorfer straße", "distance_to_ugs": 34.717994313901059, "distance_to_ubs": 971.16068076122531, "building_id": 946, "index_right": 487, "closest_ugbs_type": "L", "distance_to_ugbs": 34.717994313901059, "within_300m": true }, "geometry": { "type": "Point", "coordinates": [ 355.106498839219682, 340325.898421204648912 ] } },
{ "type": "Feature", "properties": { "Hofname": "Prochstraße 21-23", "clean_address": "1140 Wien, Prochstraße", "Wohnungen": 163, "Lokale": 6, "addr_key": "1140 wien, prochstraße", "distance_to_ugs": 23.374314292106739, "distance_to_ubs": 862.21282406426235, "building_id": 947, "index_right": 620, "closest_ugbs_type": "L", "distance_to_ugbs": 23.374314292106739, "within_300m": true }, "geometry": { "type": "Point", "coordinates": [ -2491.55702501736414, 339848.941796123981476 ] } },
{ "type": "Feature", "properties": { "Hofname": "Hickelgasse 4-6", "clean_address": "1140 Wien, Hickelgasse", "Wohnungen": 45, "Lokale": 3, "addr_key": "1140 wien, hickelgasse", "distance_to_ugs": 225.72494259707847, "distance_to_ubs": 519.92523211585626, "building_id": 948, "index_right": 609, "closest_ugbs_type": "L", "distance_to_ugbs": 225.72494259707847, "within_300m": true }, "geometry": { "type": "Point", "coordinates": [ -1641.730508338666596, 340013.69210266135633 ] } },
{ "type": "Feature", "properties": { "Hofname": "Wolfersberggasse 13-17", "clean_address": "1140 Wien, Wolfersberggasse", "Wohnungen": 81, "Lokale": 6, "addr_key": "1140 wien, wolfersberggasse", "distance_to_ugs": 138.87605305178559, "distance_to_ubs": 84.820762407179558, "building_id": 949, "index_right": 2650, "closest_ugbs_type": "B", "distance_to_ugbs": 84.820762407179558, "within_300m": true }, "geometry": { "type": "Point", "coordinates": [ -5869.272042144836632, 341016.477293830364943 ] } },
{ "type": "Feature", "properties": { "Hofname": "Hadikgasse 288-294", "clean_address": "1140 Wien, Hadikgasse", "Wohnungen": 75, "Lokale": 5, "addr_key": "1140 wien, hadikgasse", "distance_to_ugs": 478.25288301565524, "distance_to_ubs": 58.57825531660675, "building_id": 950, "index_right": 2621, "closest_ugbs_type": "B", "distance_to_ugbs": 58.57825531660675, "within_300m": true }, "geometry": { "type": "Point", "coordinates": [ -2778.703151825573514, 339096.257078063674271 ] } },
{ "type": "Feature", "properties": { "Hofname": "Marcusgasse 4-12", "clean_address": "1140 Wien, Marcusgasse", "Wohnungen": 128, "Lokale": 8, "addr_key": "1140 wien, marcusgasse", "distance_to_ugs": 115.92932497109221, "distance_to_ubs": 791.9980144105391, "building_id": 951, "index_right": 620, "closest_ugbs_type": "L", "distance_to_ugbs": 115.92932497109221, "within_300m": true }, "geometry": { "type": "Point", "coordinates": [ -2610.432541164396753, 339811.639636982232332 ] } },
{ "type": "Feature", "properties": { "Hofname": "Cumberlandstraße 20", "clean_address": "1140 Wien, Cumberlandstraße", "Wohnungen": 23, "Lokale": 0, "addr_key": "1140 wien, cumberlandstraße", "distance_to_ugs": 42.980074914637058, "distance_to_ubs": 389.38156270972019, "building_id": 952, "index_right": 605, "closest_ugbs_type": "L", "distance_to_ugbs": 42.980074914637058, "within_300m": true }, "geometry": { "type": "Point", "coordinates": [ -2281.509833411723321, 339297.39560260809958 ] } },
{ "type": "Feature", "properties": { "Hofname": "Linzer Straße 253-255", "clean_address": "1140 Wien, Linzer Straße", "Wohnungen": 24, "Lokale": 8, "addr_key": "1140 wien, linzer straße", "distance_to_ugs": 11.662816853545118, "distance_to_ubs": 62.418311716142256, "building_id": 953, "index_right": 765, "closest_ugbs_type": "L", "distance_to_ugbs": 11.662816853545118, "within_300m": true }, "geometry": { "type": "Point", "coordinates": [ 1557.911354078396016, 342009.850461553782225 ] } },
{ "type": "Feature", "properties": { "Hofname": "Rudolf-Edlinger-Hof", "clean_address": "1140 Wien, Deutschordenstraße", "Wohnungen": 133, "Lokale": 5, "addr_key": "1140 wien, deutschordenstraße", "distance_to_ugs": 203.50109420163045, "distance_to_ubs": 65.350390694030025, "building_id": 954, "index_right": 2634, "closest_ugbs_type": "B", "distance_to_ugbs": 65.350390694030025, "within_300m": true }, "geometry": { "type": "Point", "coordinates": [ -4923.977353458388279, 339579.020231122151017 ] } },
{ "type": "Feature", "properties": { "Hofname": "Dreyhausenstraße 46", "clean_address": "1140 Wien, Dreyhausenstraße", "Wohnungen": 26, "Lokale": 1, "addr_key": "1140 wien, dreyhausenstraße", "distance_to_ugs": 114.41211703362582, "distance_to_ubs": 838.51181812698758, "building_id": 955, "index_right": 608, "closest_ugbs_type": "L", "distance_to_ugbs": 114.41211703362582, "within_300m": true }, "geometry": { "type": "Point", "coordinates": [ -2120.40168480857119, 339901.734734282828867 ] } },
{ "type": "Feature", "properties": { "Hofname": "Sanatoriumstraße 19-25", "clean_address": "1140 Wien, Sanatoriumstraße", "Wohnungen": 145, "Lokale": 9, "addr_key": "1140 wien, sanatoriumstraße", "distance_to_ugs": 129.84736814464009, "distance_to_ubs": 634.53296014247746, "building_id": 956, "index_right": 649, "closest_ugbs_type": "L", "distance_to_ugbs": 129.84736814464009, "within_300m": true }, "geometry": { "type": "Point", "coordinates": [ -4273.707536131123561, 340769.332517934963107 ] } },
{ "type": "Feature", "properties": { "Hofname": "Hauptstraße 89", "clean_address": "1140 Wien, Hauptstraße", "Wohnungen": 14, "Lokale": 2, "addr_key": "1140 wien, hauptstraße", "distance_to_ugs": 57.081256860465579, "distance_to_ubs": 71.454363202098335, "building_id": 957, "index_right": 651, "closest_ugbs_type": "L", "distance_to_ugbs": 57.081256860465579, "within_300m": true }, "geometry": { "type": "Point", "coordinates": [ -8390.655587645052947, 341259.208958493662067 ] } },
{ "type": "Feature", "properties": { "Hofname": "Mühlbergstraße 4-6", "clean_address": "1140 Wien, Mühlbergstraße", "Wohnungen": 18, "Lokale": 1, "addr_key": "1140 wien, mühlbergstraße", "distance_to_ugs": 41.798048443689247, "distance_to_ubs": 219.81343312828872, "building_id": 958, "index_right": 653, "closest_ugbs_type": "L", "distance_to_ugbs": 41.798048443689247, "within_300m": true }, "geometry": { "type": "Point", "coordinates": [ -8970.816193088705404, 341058.876782479987014 ] } },
{ "type": "Feature", "properties": { "Hofname": "Hütteldorfer Straße 268-276", "clean_address": "1140 Wien, Hütteldorfer Straße", "Wohnungen": 123, "Lokale": 10, "addr_key": "1140 wien, hütteldorfer straße", "distance_to_ugs": 34.717994313901059, "distance_to_ubs": 971.16068076122531, "building_id": 959, "index_right": 487, "closest_ugbs_type": "L", "distance_to_ugbs": 34.717994313901059, "within_300m": true }, "geometry": { "type": "Point", "coordinates": [ 355.106498839219682, 340325.898421204648912 ] } },
{ "type": "Feature", "properties": { "Hofname": "Breitenseer Straße 68-74", "clean_address": "1140 Wien, Breitenseer Straße", "Wohnungen": 94, "Lokale": 3, "addr_key": "1140 wien, breitenseer straße", "distance_to_ugs": 98.112283018327545, "distance_to_ubs": 448.42258677060067, "building_id": 960, "index_right": 623, "closest_ugbs_type": "L", "distance_to_ugbs": 98.112283018327545, "within_300m": true }, "geometry": { "type": "Point", "coordinates": [ -1429.548913859565573, 340098.788065838627517 ] } },
{ "type": "Feature", "properties": { "Hofname": "Käthe-Jonas-Hof", "clean_address": "1140 Wien, Waidhausenstraße", "Wohnungen": 103, "Lokale": 7, "addr_key": "1140 wien, waidhausenstraße", "distance_to_ugs": 239.19252611740848, "distance_to_ubs": 286.57067580423148, "building_id": 961, "index_right": 643, "closest_ugbs_type": "L", "distance_to_ugbs": 239.19252611740848, "within_300m": true }, "geometry": { "type": "Point", "coordinates": [ -3834.995433514291108, 339820.811415676027536 ] } },
{ "type": "Feature", "properties": { "Hofname": "Rosentalgasse 15", "clean_address": "1140 Wien, Rosentalgasse", "Wohnungen": 103, "Lokale": 12, "addr_key": "1140 wien, rosentalgasse", "distance_to_ugs": 93.352187375029601, "distance_to_ubs": 93.054928774757002, "building_id": 962, "index_right": 2643, "closest_ugbs_type": "B", "distance_to_ugbs": 93.054928774757002, "within_300m": true }, "geometry": { "type": "Point", "coordinates": [ -5271.743451124695639, 340398.60944121517241 ] } },
{ "type": "Feature", "properties": { "Hofname": "Anzbachgasse 31", "clean_address": "1140 Wien, Anzbachgasse", "Wohnungen": 219, "Lokale": 29, "addr_key": "1140 wien, anzbachgasse", "distance_to_ugs": 216.27400831595057, "distance_to_ubs": 377.74917449490152, "building_id": 963, "index_right": 659, "closest_ugbs_type": "L", "distance_to_ugbs": 216.27400831595057, "within_300m": true }, "geometry": { "type": "Point", "coordinates": [ -6214.384406586284058, 341034.384627816267312 ] } },
{ "type": "Feature", "properties": { "Hofname": "Linzer Straße 474-478", "clean_address": "1140 Wien, Linzer Straße", "Wohnungen": 43, "Lokale": 8, "addr_key": "1140 wien, linzer straße", "distance_to_ugs": 11.662816853545118, "distance_to_ubs": 62.418311716142256, "building_id": 964, "index_right": 765, "closest_ugbs_type": "L", "distance_to_ugbs": 11.662816853545118, "within_300m": true }, "geometry": { "type": "Point", "coordinates": [ 1557.911354078396016, 342009.850461553782225 ] } },
{ "type": "Feature", "properties": { "Hofname": "Salisstraße 5-15", "clean_address": "1140 Wien, Salisstraße", "Wohnungen": 112, "Lokale": 5, "addr_key": "1140 wien, salisstraße", "distance_to_ugs": 89.643005580016393, "distance_to_ubs": 472.50581477986026, "building_id": 965, "index_right": 399, "closest_ugbs_type": "L", "distance_to_ugbs": 89.643005580016393, "within_300m": true }, "geometry": { "type": "Point", "coordinates": [ -3514.553484744252273, 339896.302894930529874 ] } },
{ "type": "Feature", "properties": { "Hofname": "Linzer Straße 20-26", "clean_address": "1140 Wien, Linzer Straße", "Wohnungen": 48, "Lokale": 8, "addr_key": "1140 wien, linzer straße", "distance_to_ugs": 11.662816853545118, "distance_to_ubs": 62.418311716142256, "building_id": 966, "index_right": 765, "closest_ugbs_type": "L", "distance_to_ugbs": 11.662816853545118, "within_300m": true }, "geometry": { "type": "Point", "coordinates": [ 1557.911354078396016, 342009.850461553782225 ] } },
{ "type": "Feature", "properties": { "Hofname": "Linzer Straße 397-399", "clean_address": "1140 Wien, Linzer Straße", "Wohnungen": 24, "Lokale": 3, "addr_key": "1140 wien, linzer straße", "distance_to_ugs": 11.662816853545118, "distance_to_ubs": 62.418311716142256, "building_id": 967, "index_right": 765, "closest_ugbs_type": "L", "distance_to_ugbs": 11.662816853545118, "within_300m": true }, "geometry": { "type": "Point", "coordinates": [ 1557.911354078396016, 342009.850461553782225 ] } },
{ "type": "Feature", "properties": { "Hofname": "Huttengasse 2-4", "clean_address": "1140 Wien, Huttengasse", "Wohnungen": 25, "Lokale": 2, "addr_key": "1140 wien, huttengasse", "distance_to_ugs": 180.45208457649906, "distance_to_ubs": 264.92991160968239, "building_id": 968, "index_right": 713, "closest_ugbs_type": "L", "distance_to_ugbs": 180.45208457649906, "within_300m": true }, "geometry": { "type": "Point", "coordinates": [ -1776.145381419355999, 340743.788533399812877 ] } },
{ "type": "Feature", "properties": { "Hofname": "Schwendergasse 15", "clean_address": "1150 Wien, Schwendergasse", "Wohnungen": 19, "Lokale": 2, "addr_key": "1150 wien, schwendergasse", "distance_to_ugs": 37.086911990402143, "distance_to_ubs": 423.88689396369938, "building_id": 969, "index_right": 410, "closest_ugbs_type": "L", "distance_to_ugbs": 37.086911990402143, "within_300m": true }, "geometry": { "type": "Point", "coordinates": [ -850.280840153436657, 339052.323258707299829 ] } },
{ "type": "Feature", "properties": { "Hofname": "Braunhirschengasse 33-37", "clean_address": "1150 Wien, Braunhirschengasse", "Wohnungen": 25, "Lokale": 2, "addr_key": "1150 wien, braunhirschengasse", "distance_to_ugs": 51.261086509294771, "distance_to_ubs": 316.99112001466591, "building_id": 970, "index_right": 409, "closest_ugbs_type": "L", "distance_to_ugbs": 51.261086509294771, "within_300m": true }, "geometry": { "type": "Point", "coordinates": [ -402.842214598794328, 338741.795908306725323 ] } },
{ "type": "Feature", "properties": { "Hofname": "Wohnsiedlung Schmelz", "clean_address": "1150 Wien, Wohnsiedlung Schmelz", "Wohnungen": 719, "Lokale": 61, "addr_key": "1150 wien, wohnsiedlung schmelz", "distance_to_ugs": 95.812714825963965, "distance_to_ubs": 386.71603293388767, "building_id": 971, "index_right": 715, "closest_ugbs_type": "L", "distance_to_ugbs": 95.812714825963965, "within_300m": true }, "geometry": { "type": "Point", "coordinates": [ -1155.192067639231709, 340793.645703089423478 ] } },
{ "type": "Feature", "properties": { "Hofname": "Hütteldorfer Straße 3-5", "clean_address": "1150 Wien, Hütteldorfer Straße", "Wohnungen": 68, "Lokale": 5, "addr_key": "1150 wien, hütteldorfer straße", "distance_to_ugs": 34.717994313901059, "distance_to_ubs": 971.16068076122531, "building_id": 972, "index_right": 487, "closest_ugbs_type": "L", "distance_to_ugbs": 34.717994313901059, "within_300m": true }, "geometry": { "type": "Point", "coordinates": [ 355.106498839219682, 340325.898421204648912 ] } },
{ "type": "Feature", "properties": { "Hofname": "Chrobakgasse 3-5", "clean_address": "1150 Wien, Chrobakgasse", "Wohnungen": 60, "Lokale": 2, "addr_key": "1150 wien, chrobakgasse", "distance_to_ugs": 143.58427022901088, "distance_to_ubs": 273.9615649482742, "building_id": 973, "index_right": 468, "closest_ugbs_type": "L", "distance_to_ugbs": 143.58427022901088, "within_300m": true }, "geometry": { "type": "Point", "coordinates": [ -781.430060158375454, 340083.595432015135884 ] } },
{ "type": "Feature", "properties": { "Hofname": "Oeverseestraße 25-29", "clean_address": "1150 Wien, Oeverseestraße", "Wohnungen": 114, "Lokale": 2, "addr_key": "1150 wien, oeverseestraße", "distance_to_ugs": 115.81072278646263, "distance_to_ubs": 509.27741716414408, "building_id": 974, "index_right": 491, "closest_ugbs_type": "L", "distance_to_ugbs": 115.81072278646263, "within_300m": true }, "geometry": { "type": "Point", "coordinates": [ -1072.853269232968614, 340379.769452897831798 ] } },
{ "type": "Feature", "properties": { "Hofname": "Giselhergasse 6-12", "clean_address": "1150 Wien, Giselhergasse", "Wohnungen": 119, "Lokale": 17, "addr_key": "1150 wien, giselhergasse", "distance_to_ugs": 112.19555462214855, "distance_to_ubs": 703.63608952881748, "building_id": 975, "index_right": 493, "closest_ugbs_type": "L", "distance_to_ugbs": 112.19555462214855, "within_300m": true }, "geometry": { "type": "Point", "coordinates": [ -287.256065910508141, 340564.696537357755005 ] } },
{ "type": "Feature", "properties": { "Hofname": "Neusserplatz 1", "clean_address": "1150 Wien, Neusserplatz", "Wohnungen": 84, "Lokale": 1, "addr_key": "1150 wien, neusserplatz", "distance_to_ugs": 15.510553115588021, "distance_to_ubs": 534.39580018806464, "building_id": 976, "index_right": 491, "closest_ugbs_type": "L", "distance_to_ugbs": 15.510553115588021, "within_300m": true }, "geometry": { "type": "Point", "coordinates": [ -1110.45637082078315, 340239.272911147214472 ] } },
{ "type": "Feature", "properties": { "Hofname": "Geyschlägergasse 2-12", "clean_address": "1150 Wien, Geyschlägergasse", "Wohnungen": 57, "Lokale": 4, "addr_key": "1150 wien, geyschlägergasse", "distance_to_ugs": 85.101194280336074, "distance_to_ubs": 980.4008928597666, "building_id": 977, "index_right": 488, "closest_ugbs_type": "L", "distance_to_ugbs": 85.101194280336074, "within_300m": true }, "geometry": { "type": "Point", "coordinates": [ 223.603468152304998, 340541.104946003295481 ] } },
{ "type": "Feature", "properties": { "Hofname": "Pilgerimgasse 4-6", "clean_address": "1150 Wien, Pilgerimgasse", "Wohnungen": 64, "Lokale": 3, "addr_key": "1150 wien, pilgerimgasse", "distance_to_ugs": 89.344090308395678, "distance_to_ubs": 258.95388322260868, "building_id": 978, "index_right": 490, "closest_ugbs_type": "L", "distance_to_ugbs": 89.344090308395678, "within_300m": true }, "geometry": { "type": "Point", "coordinates": [ -620.494075086201406, 340139.943035727366805 ] } },
{ "type": "Feature", "properties": { "Hofname": "Gablenzgasse 35-37", "clean_address": "1150 Wien, Gablenzgasse", "Wohnungen": 116, "Lokale": 3, "addr_key": "1150 wien, gablenzgasse", "distance_to_ugs": 20.64655089408496, "distance_to_ubs": 892.15005009167714, "building_id": 979, "index_right": 495, "closest_ugbs_type": "L", "distance_to_ugbs": 20.64655089408496, "within_300m": true }, "geometry": { "type": "Point", "coordinates": [ -562.710228043723532, 340791.802274145185947 ] } },
{ "type": "Feature", "properties": { "Hofname": "Loeschenkohlgasse 30-32", "clean_address": "1150 Wien, Loeschenkohlgasse", "Wohnungen": 77, "Lokale": 4, "addr_key": "1150 wien, loeschenkohlgasse", "distance_to_ugs": 171.80474168341431, "distance_to_ubs": 501.86649541500236, "building_id": 980, "index_right": 494, "closest_ugbs_type": "L", "distance_to_ugbs": 171.80474168341431, "within_300m": true }, "geometry": { "type": "Point", "coordinates": [ -163.592997351152007, 340255.074535690248013 ] } },
{ "type": "Feature", "properties": { "Hofname": "Costagasse 15", "clean_address": "1150 Wien, Costagasse", "Wohnungen": 19, "Lokale": 1, "addr_key": "1150 wien, costagasse", "distance_to_ugs": 203.06287627754034, "distance_to_ubs": 357.56788045940976, "building_id": 981, "index_right": 490, "closest_ugbs_type": "L", "distance_to_ugbs": 203.06287627754034, "within_300m": true }, "geometry": { "type": "Point", "coordinates": [ -324.156817191177879, 340200.226260987110436 ] } },
{ "type": "Feature", "properties": { "Hofname": "Rauchfangkehrergasse 26", "clean_address": "1150 Wien, Rauchfangkehrergasse", "Wohnungen": 33, "Lokale": 3, "addr_key": "1150 wien, rauchfangkehrergasse", "distance_to_ugs": 20.201941414005329, "distance_to_ubs": 272.53325916989417, "building_id": 982, "index_right": 407, "closest_ugbs_type": "L", "distance_to_ugbs": 20.201941414005329, "within_300m": true }, "geometry": { "type": "Point", "coordinates": [ -97.395763644940047, 338657.514618684537709 ] } },
{ "type": "Feature", "properties": { "Hofname": "Graumanngasse 31-33", "clean_address": "1150 Wien, Graumanngasse", "Wohnungen": 42, "Lokale": 4, "addr_key": "1150 wien, graumanngasse", "distance_to_ugs": 53.308145499470939, "distance_to_ubs": 70.494812289797849, "building_id": 983, "index_right": 421, "closest_ugbs_type": "L", "distance_to_ugbs": 53.308145499470939, "within_300m": true }, "geometry": { "type": "Point", "coordinates": [ 434.076318085723074, 338922.189972161315382 ] } },
{ "type": "Feature", "properties": { "Hofname": "Braunhirschengasse 12-20", "clean_address": "1150 Wien, Braunhirschengasse", "Wohnungen": 42, "Lokale": 7, "addr_key": "1150 wien, braunhirschengasse", "distance_to_ugs": 51.261086509294771, "distance_to_ubs": 316.99112001466591, "building_id": 984, "index_right": 409, "closest_ugbs_type": "L", "distance_to_ugbs": 51.261086509294771, "within_300m": true }, "geometry": { "type": "Point", "coordinates": [ -402.842214598794328, 338741.795908306725323 ] } },
{ "type": "Feature", "properties": { "Hofname": "Tautenhayngasse 28", "clean_address": "1150 Wien, Tautenhayngasse", "Wohnungen": 150, "Lokale": 7, "addr_key": "1150 wien, tautenhayngasse", "distance_to_ugs": 25.307896905879296, "distance_to_ubs": 483.11009635823103, "building_id": 985, "index_right": 491, "closest_ugbs_type": "L", "distance_to_ugbs": 25.307896905879296, "within_300m": true }, "geometry": { "type": "Point", "coordinates": [ -1146.610991404418883, 340278.211211152374744 ] } },
{ "type": "Feature", "properties": { "Hofname": "Camillo-Sitte-Gasse 11-13", "clean_address": "1150 Wien, Camillo-Sitte-Gasse", "Wohnungen": 49, "Lokale": 0, "addr_key": "1150 wien, camillo-sitte-gasse", "distance_to_ugs": 11.443675069114855, "distance_to_ubs": 586.63806408212952, "building_id": 986, "index_right": 492, "closest_ugbs_type": "L", "distance_to_ugbs": 11.443675069114855, "within_300m": true }, "geometry": { "type": "Point", "coordinates": [ -395.917798800186972, 340473.951507065445185 ] } },
{ "type": "Feature", "properties": { "Hofname": "Matthias-Schönerer-Gasse 14-18", "clean_address": "1150 Wien, Matthias-Schönerer-Gasse", "Wohnungen": 67, "Lokale": 0, "addr_key": "1150 wien, matthias-schönerer-gasse", "distance_to_ugs": 141.0281987654285, "distance_to_ubs": 528.32182138969154, "building_id": 987, "index_right": 623, "closest_ugbs_type": "L", "distance_to_ugbs": 141.0281987654285, "within_300m": true }, "geometry": { "type": "Point", "coordinates": [ -1246.795779390507732, 340102.605334299616516 ] } },
{ "type": "Feature", "properties": { "Hofname": "Jheringgasse 3-5", "clean_address": "1150 Wien, Jheringgasse", "Wohnungen": 35, "Lokale": 0, "addr_key": "1150 wien, jheringgasse", "distance_to_ugs": 31.103506834233631, "distance_to_ubs": 87.449036503281064, "building_id": 988, "index_right": 406, "closest_ugbs_type": "L", "distance_to_ugbs": 31.103506834233631, "within_300m": true }, "geometry": { "type": "Point", "coordinates": [ -777.520130029145662, 338658.991959996521473 ] } },
{ "type": "Feature", "properties": { "Hofname": "Alliogasse 8-10", "clean_address": "1150 Wien, Alliogasse", "Wohnungen": 118, "Lokale": 0, "addr_key": "1150 wien, alliogasse", "distance_to_ugs": 24.181168809528771, "distance_to_ubs": 565.25685573603948, "building_id": 989, "index_right": 493, "closest_ugbs_type": "L", "distance_to_ugbs": 24.181168809528771, "within_300m": true }, "geometry": { "type": "Point", "coordinates": [ -293.046748569075191, 340418.476003932766616 ] } },
{ "type": "Feature", "properties": { "Hofname": "Tellgasse 18", "clean_address": "1150 Wien, Tellgasse", "Wohnungen": 14, "Lokale": 0, "addr_key": "1150 wien, tellgasse", "distance_to_ugs": 134.94996738340785, "distance_to_ubs": 459.62753521385326, "building_id": 990, "index_right": 493, "closest_ugbs_type": "L", "distance_to_ugbs": 134.94996738340785, "within_300m": true }, "geometry": { "type": "Point", "coordinates": [ -306.847309927302945, 340308.105535112321377 ] } },
{ "type": "Feature", "properties": { "Hofname": "Nobilegasse 36", "clean_address": "1150 Wien, Nobilegasse", "Wohnungen": 15, "Lokale": 0, "addr_key": "1150 wien, nobilegasse", "distance_to_ugs": 215.34823347497894, "distance_to_ubs": 573.56946906173118, "building_id": 991, "index_right": 491, "closest_ugbs_type": "L", "distance_to_ugbs": 215.34823347497894, "within_300m": true }, "geometry": { "type": "Point", "coordinates": [ -1155.130568006208705, 340041.379732916131616 ] } },
{ "type": "Feature", "properties": { "Hofname": "Sturzgasse 29", "clean_address": "1150 Wien, Sturzgasse", "Wohnungen": 14, "Lokale": 0, "addr_key": "1150 wien, sturzgasse", "distance_to_ugs": 195.48715975974375, "distance_to_ubs": 486.08502862849491, "building_id": 992, "index_right": 491, "closest_ugbs_type": "L", "distance_to_ugbs": 195.48715975974375, "within_300m": true }, "geometry": { "type": "Point", "coordinates": [ -1059.172120451525188, 340050.752100385725498 ] } },
{ "type": "Feature", "properties": { "Hofname": "Plunkergasse 4-12", "clean_address": "1150 Wien, Plunkergasse", "Wohnungen": 155, "Lokale": 10, "addr_key": "1150 wien, plunkergasse", "distance_to_ugs": 22.230367437310505, "distance_to_ubs": 210.48076664759773, "building_id": 993, "index_right": 490, "closest_ugbs_type": "L", "distance_to_ugbs": 22.230367437310505, "within_300m": true }, "geometry": { "type": "Point", "coordinates": [ -556.680284589724579, 340108.053619195707142 ] } },
{ "type": "Feature", "properties": { "Hofname": "Fünfhausgasse 16-18", "clean_address": "1150 Wien, Fünfhausgasse", "Wohnungen": 42, "Lokale": 3, "addr_key": "1150 wien, fünfhausgasse", "distance_to_ugs": 119.66892997422939, "distance_to_ubs": 235.56816103319025, "building_id": 994, "index_right": 420, "closest_ugbs_type": "L", "distance_to_ugbs": 119.66892997422939, "within_300m": true }, "geometry": { "type": "Point", "coordinates": [ 237.412898096038248, 338978.430825438350439 ] } },
{ "type": "Feature", "properties": { "Hofname": "Grimmgasse 17", "clean_address": "1150 Wien, Grimmgasse", "Wohnungen": 13, "Lokale": 0, "addr_key": "1150 wien, grimmgasse", "distance_to_ugs": 134.21972647788917, "distance_to_ubs": 350.78347217751389, "building_id": 995, "index_right": 409, "closest_ugbs_type": "L", "distance_to_ugbs": 134.21972647788917, "within_300m": true }, "geometry": { "type": "Point", "coordinates": [ -319.600995927302108, 338744.299315012060106 ] } },
{ "type": "Feature", "properties": { "Hofname": "Gablenzgasse 41", "clean_address": "1150 Wien, Gablenzgasse", "Wohnungen": 190, "Lokale": 7, "addr_key": "1150 wien, gablenzgasse", "distance_to_ugs": 20.64655089408496, "distance_to_ubs": 892.15005009167714, "building_id": 996, "index_right": 495, "closest_ugbs_type": "L", "distance_to_ugbs": 20.64655089408496, "within_300m": true }, "geometry": { "type": "Point", "coordinates": [ -562.710228043723532, 340791.802274145185947 ] } },
{ "type": "Feature", "properties": { "Hofname": "Loeschenkohlgasse 3", "clean_address": "1150 Wien, Loeschenkohlgasse", "Wohnungen": 26, "Lokale": 0, "addr_key": "1150 wien, loeschenkohlgasse", "distance_to_ugs": 171.80474168341431, "distance_to_ubs": 501.86649541500236, "building_id": 997, "index_right": 494, "closest_ugbs_type": "L", "distance_to_ugbs": 171.80474168341431, "within_300m": true }, "geometry": { "type": "Point", "coordinates": [ -163.592997351152007, 340255.074535690248013 ] } },
{ "type": "Feature", "properties": { "Hofname": "Graumanngasse 12", "clean_address": "1150 Wien, Graumanngasse", "Wohnungen": 34, "Lokale": 4, "addr_key": "1150 wien, graumanngasse", "distance_to_ugs": 53.308145499470939, "distance_to_ubs": 70.494812289797849, "building_id": 998, "index_right": 421, "closest_ugbs_type": "L", "distance_to_ugbs": 53.308145499470939, "within_300m": true }, "geometry": { "type": "Point", "coordinates": [ 434.076318085723074, 338922.189972161315382 ] } },
{ "type": "Feature", "properties": { "Hofname": "Kellinggasse 7", "clean_address": "1150 Wien, Kellinggasse", "Wohnungen": 10, "Lokale": 1, "addr_key": "1150 wien, kellinggasse", "distance_to_ugs": 60.702430443511858, "distance_to_ubs": 119.21067262462434, "building_id": 999, "index_right": 404, "closest_ugbs_type": "L", "distance_to_ugbs": 60.702430443511858, "within_300m": true }, "geometry": { "type": "Point", "coordinates": [ -197.225635698534489, 338500.059934650547802 ] } },
{ "type": "Feature", "properties": { "Hofname": "Gablenzgasse 27", "clean_address": "1150 Wien, Gablenzgasse", "Wohnungen": 44, "Lokale": 3, "addr_key": "1150 wien, gablenzgasse", "distance_to_ugs": 20.64655089408496, "distance_to_ubs": 892.15005009167714, "building_id": 1000, "index_right": 495, "closest_ugbs_type": "L", "distance_to_ugbs": 20.64655089408496, "within_300m": true }, "geometry": { "type": "Point", "coordinates": [ -562.710228043723532, 340791.802274145185947 ] } },
{ "type": "Feature", "properties": { "Hofname": "Witzelsbergergasse 16-18", "clean_address": "1150 Wien, Witzelsbergergasse", "Wohnungen": 25, "Lokale": 0, "addr_key": "1150 wien, witzelsbergergasse", "distance_to_ugs": 67.487119881853161, "distance_to_ubs": 576.7701468578324, "building_id": 1001, "index_right": 494, "closest_ugbs_type": "L", "distance_to_ugbs": 67.487119881853161, "within_300m": true }, "geometry": { "type": "Point", "coordinates": [ -191.287686752386492, 340375.04484502505511 ] } },
{ "type": "Feature", "properties": { "Hofname": "Turnergasse 7", "clean_address": "1150 Wien, Turnergasse", "Wohnungen": 19, "Lokale": 2, "addr_key": "1150 wien, turnergasse", "distance_to_ugs": 74.258333764642742, "distance_to_ubs": 249.58232030733606, "building_id": 1002, "index_right": 429, "closest_ugbs_type": "L", "distance_to_ugbs": 74.258333764642742, "within_300m": true }, "geometry": { "type": "Point", "coordinates": [ 319.876799898639206, 339062.604807573370636 ] } },
{ "type": "Feature", "properties": { "Hofname": "Meiselstraße 11", "clean_address": "1150 Wien, Meiselstraße", "Wohnungen": 57, "Lokale": 6, "addr_key": "1150 wien, meiselstraße", "distance_to_ugs": 41.664260100947068, "distance_to_ubs": 261.97252235301806, "building_id": 1003, "index_right": 468, "closest_ugbs_type": "L", "distance_to_ugbs": 41.664260100947068, "within_300m": true }, "geometry": { "type": "Point", "coordinates": [ -867.871069760725049, 339897.550329166464508 ] } },
{ "type": "Feature", "properties": { "Hofname": "Johnstraße 81", "clean_address": "1150 Wien, Johnstraße", "Wohnungen": 15, "Lokale": 0, "addr_key": "1150 wien, johnstraße", "distance_to_ugs": 179.79529864447522, "distance_to_ubs": 423.76184898604765, "building_id": 1004, "index_right": 465, "closest_ugbs_type": "L", "distance_to_ugbs": 179.79529864447522, "within_300m": true }, "geometry": { "type": "Point", "coordinates": [ -999.892877619259366, 340031.140370261855423 ] } },
{ "type": "Feature", "properties": { "Hofname": "Oelweingasse 7", "clean_address": "1150 Wien, Oelweingasse", "Wohnungen": 16, "Lokale": 1, "addr_key": "1150 wien, oelweingasse", "distance_to_ugs": 42.447800513124321, "distance_to_ubs": 561.49097604500309, "building_id": 1005, "index_right": 416, "closest_ugbs_type": "L", "distance_to_ugbs": 42.447800513124321, "within_300m": true }, "geometry": { "type": "Point", "coordinates": [ -321.041116011531813, 338972.492801981978118 ] } },
{ "type": "Feature", "properties": { "Hofname": "Alliogasse 21", "clean_address": "1150 Wien, Alliogasse", "Wohnungen": 49, "Lokale": 3, "addr_key": "1150 wien, alliogasse", "distance_to_ugs": 24.181168809528771, "distance_to_ubs": 565.25685573603948, "building_id": 1006, "index_right": 493, "closest_ugbs_type": "L", "distance_to_ugbs": 24.181168809528771, "within_300m": true }, "geometry": { "type": "Point", "coordinates": [ -293.046748569075191, 340418.476003932766616 ] } },
{ "type": "Feature", "properties": { "Hofname": "Braunhirschengasse 43", "clean_address": "1150 Wien, Braunhirschengasse", "Wohnungen": 10, "Lokale": 0, "addr_key": "1150 wien, braunhirschengasse", "distance_to_ugs": 51.261086509294771, "distance_to_ubs": 316.99112001466591, "building_id": 1007, "index_right": 409, "closest_ugbs_type": "L", "distance_to_ugbs": 51.261086509294771, "within_300m": true }, "geometry": { "type": "Point", "coordinates": [ -402.842214598794328, 338741.795908306725323 ] } },
{ "type": "Feature", "properties": { "Hofname": "Schwendergasse 21-23", "clean_address": "1150 Wien, Schwendergasse", "Wohnungen": 19, "Lokale": 3, "addr_key": "1150 wien, schwendergasse", "distance_to_ugs": 37.086911990402143, "distance_to_ubs": 423.88689396369938, "building_id": 1008, "index_right": 410, "closest_ugbs_type": "L", "distance_to_ugbs": 37.086911990402143, "within_300m": true }, "geometry": { "type": "Point", "coordinates": [ -850.280840153436657, 339052.323258707299829 ] } },
{ "type": "Feature", "properties": { "Hofname": "Braunhirschengasse 17-21", "clean_address": "1150 Wien, Braunhirschengasse", "Wohnungen": 29, "Lokale": 1, "addr_key": "1150 wien, braunhirschengasse", "distance_to_ugs": 51.261086509294771, "distance_to_ubs": 316.99112001466591, "building_id": 1009, "index_right": 409, "closest_ugbs_type": "L", "distance_to_ugbs": 51.261086509294771, "within_300m": true }, "geometry": { "type": "Point", "coordinates": [ -402.842214598794328, 338741.795908306725323 ] } },
{ "type": "Feature", "properties": { "Hofname": "Oelweingasse 22-26", "clean_address": "1150 Wien, Oelweingasse", "Wohnungen": 41, "Lokale": 4, "addr_key": "1150 wien, oelweingasse", "distance_to_ugs": 42.447800513124321, "distance_to_ubs": 561.49097604500309, "building_id": 1010, "index_right": 416, "closest_ugbs_type": "L", "distance_to_ugbs": 42.447800513124321, "within_300m": true }, "geometry": { "type": "Point", "coordinates": [ -321.041116011531813, 338972.492801981978118 ] } },
{ "type": "Feature", "properties": { "Hofname": "Braunhirschengasse 9", "clean_address": "1150 Wien, Braunhirschengasse", "Wohnungen": 10, "Lokale": 1, "addr_key": "1150 wien, braunhirschengasse", "distance_to_ugs": 51.261086509294771, "distance_to_ubs": 316.99112001466591, "building_id": 1011, "index_right": 409, "closest_ugbs_type": "L", "distance_to_ugbs": 51.261086509294771, "within_300m": true }, "geometry": { "type": "Point", "coordinates": [ -402.842214598794328, 338741.795908306725323 ] } },
{ "type": "Feature", "properties": { "Hofname": "Braunhirschengasse 13", "clean_address": "1150 Wien, Braunhirschengasse", "Wohnungen": 10, "Lokale": 1, "addr_key": "1150 wien, braunhirschengasse", "distance_to_ugs": 51.261086509294771, "distance_to_ubs": 316.99112001466591, "building_id": 1012, "index_right": 409, "closest_ugbs_type": "L", "distance_to_ugbs": 51.261086509294771, "within_300m": true }, "geometry": { "type": "Point", "coordinates": [ -402.842214598794328, 338741.795908306725323 ] } },
{ "type": "Feature", "properties": { "Hofname": "Goldschlagstraße 107", "clean_address": "1150 Wien, Goldschlagstraße", "Wohnungen": 30, "Lokale": 3, "addr_key": "1150 wien, goldschlagstraße", "distance_to_ugs": 67.764996724326679, "distance_to_ubs": 683.74748174225613, "building_id": 1013, "index_right": 483, "closest_ugbs_type": "L", "distance_to_ugbs": 67.764996724326679, "within_300m": true }, "geometry": { "type": "Point", "coordinates": [ 155.071365065851694, 340025.874302812851965 ] } },
{ "type": "Feature", "properties": { "Hofname": "Jurekgasse 5", "clean_address": "1150 Wien, Jurekgasse", "Wohnungen": 29, "Lokale": 5, "addr_key": "1150 wien, jurekgasse", "distance_to_ugs": 56.343637761170982, "distance_to_ubs": 620.6181578687092, "building_id": 1014, "index_right": 462, "closest_ugbs_type": "L", "distance_to_ugbs": 56.343637761170982, "within_300m": true }, "geometry": { "type": "Point", "coordinates": [ -341.466887432354326, 339294.903609794564545 ] } },
{ "type": "Feature", "properties": { "Hofname": "Sechshauser Straße 94-96", "clean_address": "1150 Wien, Sechshauser Straße", "Wohnungen": 18, "Lokale": 3, "addr_key": "1150 wien, sechshauser straße", "distance_to_ugs": 85.55236055468383, "distance_to_ubs": 212.09385620222133, "building_id": 1015, "index_right": 429, "closest_ugbs_type": "L", "distance_to_ugbs": 85.55236055468383, "within_300m": true }, "geometry": { "type": "Point", "coordinates": [ 321.520148164019247, 339019.272309649735689 ] } },
{ "type": "Feature", "properties": { "Hofname": "Oelweingasse 6-8", "clean_address": "1150 Wien, Oelweingasse", "Wohnungen": 26, "Lokale": 1, "addr_key": "1150 wien, oelweingasse", "distance_to_ugs": 42.447800513124321, "distance_to_ubs": 561.49097604500309, "building_id": 1016, "index_right": 416, "closest_ugbs_type": "L", "distance_to_ugbs": 42.447800513124321, "within_300m": true }, "geometry": { "type": "Point", "coordinates": [ -321.041116011531813, 338972.492801981978118 ] } },
{ "type": "Feature", "properties": { "Hofname": "Fünfhausgasse 14", "clean_address": "1150 Wien, Fünfhausgasse", "Wohnungen": 9, "Lokale": 1, "addr_key": "1150 wien, fünfhausgasse", "distance_to_ugs": 119.66892997422939, "distance_to_ubs": 235.56816103319025, "building_id": 1017, "index_right": 420, "closest_ugbs_type": "L", "distance_to_ugbs": 119.66892997422939, "within_300m": true }, "geometry": { "type": "Point", "coordinates": [ 237.412898096038248, 338978.430825438350439 ] } },
{ "type": "Feature", "properties": { "Hofname": "Jurekgasse 29", "clean_address": "1150 Wien, Jurekgasse", "Wohnungen": 32, "Lokale": 0, "addr_key": "1150 wien, jurekgasse", "distance_to_ugs": 56.343637761170982, "distance_to_ubs": 620.6181578687092, "building_id": 1018, "index_right": 462, "closest_ugbs_type": "L", "distance_to_ugbs": 56.343637761170982, "within_300m": true }, "geometry": { "type": "Point", "coordinates": [ -341.466887432354326, 339294.903609794564545 ] } },
{ "type": "Feature", "properties": { "Hofname": "Braunhirschengasse 36-38", "clean_address": "1150 Wien, Braunhirschengasse", "Wohnungen": 34, "Lokale": 1, "addr_key": "1150 wien, braunhirschengasse", "distance_to_ugs": 51.261086509294771, "distance_to_ubs": 316.99112001466591, "building_id": 1019, "index_right": 409, "closest_ugbs_type": "L", "distance_to_ugbs": 51.261086509294771, "within_300m": true }, "geometry": { "type": "Point", "coordinates": [ -402.842214598794328, 338741.795908306725323 ] } },
{ "type": "Feature", "properties": { "Hofname": "Meiselstraße 36-42", "clean_address": "1150 Wien, Meiselstraße", "Wohnungen": 67, "Lokale": 1, "addr_key": "1150 wien, meiselstraße", "distance_to_ugs": 41.664260100947068, "distance_to_ubs": 261.97252235301806, "building_id": 1020, "index_right": 468, "closest_ugbs_type": "L", "distance_to_ugbs": 41.664260100947068, "within_300m": true }, "geometry": { "type": "Point", "coordinates": [ -867.871069760725049, 339897.550329166464508 ] } },
{ "type": "Feature", "properties": { "Hofname": "Robert-Hamerling-Gasse 15", "clean_address": "1150 Wien, Robert-Hamerling-Gasse", "Wohnungen": 42, "Lokale": 1, "addr_key": "1150 wien, robert-hamerling-gasse", "distance_to_ugs": 101.44827836908651, "distance_to_ubs": 704.75875504470002, "building_id": 1021, "index_right": 471, "closest_ugbs_type": "L", "distance_to_ugbs": 101.44827836908651, "within_300m": true }, "geometry": { "type": "Point", "coordinates": [ 415.087853108560807, 339578.726693130098283 ] } },
{ "type": "Feature", "properties": { "Hofname": "Clementinengasse 6", "clean_address": "1150 Wien, Clementinengasse", "Wohnungen": 12, "Lokale": 0, "addr_key": "1150 wien, clementinengasse", "distance_to_ugs": 91.377814449054156, "distance_to_ubs": 570.24008154491219, "building_id": 1022, "index_right": 443, "closest_ugbs_type": "L", "distance_to_ugbs": 91.377814449054156, "within_300m": true }, "geometry": { "type": "Point", "coordinates": [ 64.087140515897175, 339271.944361225701869 ] } },
{ "type": "Feature", "properties": { "Hofname": "Talgasse 2", "clean_address": "1150 Wien, Talgasse", "Wohnungen": 21, "Lokale": 0, "addr_key": "1150 wien, talgasse", "distance_to_ugs": 20.282752933550146, "distance_to_ubs": 490.73208945543695, "building_id": 1023, "index_right": 444, "closest_ugbs_type": "L", "distance_to_ugbs": 20.282752933550146, "within_300m": true }, "geometry": { "type": "Point", "coordinates": [ 166.040846035775161, 339250.52504058368504 ] } },
{ "type": "Feature", "properties": { "Hofname": "Anschützgasse 8a", "clean_address": "1150 Wien, Anschützgasse", "Wohnungen": 36, "Lokale": 0, "addr_key": "1150 wien, anschützgasse", "distance_to_ugs": 190.02178200215454, "distance_to_ubs": 38.306935577809689, "building_id": 1024, "index_right": 2690, "closest_ugbs_type": "B", "distance_to_ugbs": 38.306935577809689, "within_300m": true }, "geometry": { "type": "Point", "coordinates": [ -601.331076750487114, 338524.78321369830519 ] } },
{ "type": "Feature", "properties": { "Hofname": "Turnergasse 22", "clean_address": "1150 Wien, Turnergasse", "Wohnungen": 21, "Lokale": 0, "addr_key": "1150 wien, turnergasse", "distance_to_ugs": 74.258333764642742, "distance_to_ubs": 249.58232030733606, "building_id": 1025, "index_right": 429, "closest_ugbs_type": "L", "distance_to_ugbs": 74.258333764642742, "within_300m": true }, "geometry": { "type": "Point", "coordinates": [ 319.876799898639206, 339062.604807573370636 ] } },
{ "type": "Feature", "properties": { "Hofname": "Maria-Jonas-Hof", "clean_address": "1150 Wien, Turnergasse", "Wohnungen": 15, "Lokale": 0, "addr_key": "1150 wien, turnergasse", "distance_to_ugs": 74.258333764642742, "distance_to_ubs": 249.58232030733606, "building_id": 1026, "index_right": 429, "closest_ugbs_type": "L", "distance_to_ugbs": 74.258333764642742, "within_300m": true }, "geometry": { "type": "Point", "coordinates": [ 319.876799898639206, 339062.604807573370636 ] } },
{ "type": "Feature", "properties": { "Hofname": "Sturzgasse 14", "clean_address": "1150 Wien, Sturzgasse", "Wohnungen": 12, "Lokale": 1, "addr_key": "1150 wien, sturzgasse", "distance_to_ugs": 195.48715975974375, "distance_to_ubs": 486.08502862849491, "building_id": 1027, "index_right": 491, "closest_ugbs_type": "L", "distance_to_ugbs": 195.48715975974375, "within_300m": true }, "geometry": { "type": "Point", "coordinates": [ -1059.172120451525188, 340050.752100385725498 ] } },
{ "type": "Feature", "properties": { "Hofname": "Anschützgasse 4a", "clean_address": "1150 Wien, Anschützgasse", "Wohnungen": 47, "Lokale": 1, "addr_key": "1150 wien, anschützgasse", "distance_to_ugs": 190.02178200215454, "distance_to_ubs": 38.306935577809689, "building_id": 1028, "index_right": 2690, "closest_ugbs_type": "B", "distance_to_ugbs": 38.306935577809689, "within_300m": true }, "geometry": { "type": "Point", "coordinates": [ -601.331076750487114, 338524.78321369830519 ] } },
{ "type": "Feature", "properties": { "Hofname": "Storchengasse 16-20", "clean_address": "1150 Wien, Storchengasse", "Wohnungen": 37, "Lokale": 2, "addr_key": "1150 wien, storchengasse", "distance_to_ugs": 56.723326791444279, "distance_to_ubs": 38.169227293754986, "building_id": 1029, "index_right": 2699, "closest_ugbs_type": "B", "distance_to_ugbs": 38.169227293754986, "within_300m": true }, "geometry": { "type": "Point", "coordinates": [ 91.128887468277526, 338479.404582408256829 ] } },
{ "type": "Feature", "properties": { "Hofname": "Sturzgasse 37", "clean_address": "1150 Wien, Sturzgasse", "Wohnungen": 25, "Lokale": 0, "addr_key": "1150 wien, sturzgasse", "distance_to_ugs": 195.48715975974375, "distance_to_ubs": 486.08502862849491, "building_id": 1030, "index_right": 491, "closest_ugbs_type": "L", "distance_to_ugbs": 195.48715975974375, "within_300m": true }, "geometry": { "type": "Point", "coordinates": [ -1059.172120451525188, 340050.752100385725498 ] } },
{ "type": "Feature", "properties": { "Hofname": "Jurekgasse 6", "clean_address": "1150 Wien, Jurekgasse", "Wohnungen": 14, "Lokale": 2, "addr_key": "1150 wien, jurekgasse", "distance_to_ugs": 56.343637761170982, "distance_to_ubs": 620.6181578687092, "building_id": 1031, "index_right": 462, "closest_ugbs_type": "L", "distance_to_ugbs": 56.343637761170982, "within_300m": true }, "geometry": { "type": "Point", "coordinates": [ -341.466887432354326, 339294.903609794564545 ] } },
{ "type": "Feature", "properties": { "Hofname": "Kranzgasse 5", "clean_address": "1150 Wien, Kranzgasse", "Wohnungen": 21, "Lokale": 1, "addr_key": "1150 wien, kranzgasse", "distance_to_ugs": 76.231811024794155, "distance_to_ubs": 270.21856335038342, "building_id": 1032, "index_right": 420, "closest_ugbs_type": "L", "distance_to_ugbs": 76.231811024794155, "within_300m": true }, "geometry": { "type": "Point", "coordinates": [ 126.156911432057967, 338894.714730650186539 ] } },
{ "type": "Feature", "properties": { "Hofname": "Lehnergasse 4", "clean_address": "1150 Wien, Lehnergasse", "Wohnungen": 10, "Lokale": 0, "addr_key": "1150 wien, lehnergasse", "distance_to_ugs": 37.627956485760542, "distance_to_ubs": 663.02115257802109, "building_id": 1033, "index_right": 461, "closest_ugbs_type": "L", "distance_to_ugbs": 37.627956485760542, "within_300m": true }, "geometry": { "type": "Point", "coordinates": [ -412.790633242208173, 339223.413923124782741 ] } },
{ "type": "Feature", "properties": { "Hofname": "Weiglgasse 6-10", "clean_address": "1150 Wien, Weiglgasse", "Wohnungen": 291, "Lokale": 14, "addr_key": "1150 wien, weiglgasse", "distance_to_ugs": 107.31640460567607, "distance_to_ubs": 242.97848723137415, "building_id": 1034, "index_right": 409, "closest_ugbs_type": "L", "distance_to_ugbs": 107.31640460567607, "within_300m": true }, "geometry": { "type": "Point", "coordinates": [ -593.927625026915507, 338746.370358115062118 ] } },
{ "type": "Feature", "properties": { "Hofname": "Anschützgasse 9-13", "clean_address": "1150 Wien, Anschützgasse", "Wohnungen": 79, "Lokale": 1, "addr_key": "1150 wien, anschützgasse", "distance_to_ugs": 190.02178200215454, "distance_to_ubs": 38.306935577809689, "building_id": 1035, "index_right": 2690, "closest_ugbs_type": "B", "distance_to_ugbs": 38.306935577809689, "within_300m": true }, "geometry": { "type": "Point", "coordinates": [ -601.331076750487114, 338524.78321369830519 ] } },
{ "type": "Feature", "properties": { "Hofname": "Kranzgasse 20", "clean_address": "1150 Wien, Kranzgasse", "Wohnungen": 18, "Lokale": 0, "addr_key": "1150 wien, kranzgasse", "distance_to_ugs": 76.231811024794155, "distance_to_ubs": 270.21856335038342, "building_id": 1036, "index_right": 420, "closest_ugbs_type": "L", "distance_to_ugbs": 76.231811024794155, "within_300m": true }, "geometry": { "type": "Point", "coordinates": [ 126.156911432057967, 338894.714730650186539 ] } },
{ "type": "Feature", "properties": { "Hofname": "Geibelgasse 10", "clean_address": "1150 Wien, Geibelgasse", "Wohnungen": 19, "Lokale": 0, "addr_key": "1150 wien, geibelgasse", "distance_to_ugs": 37.272171274416166, "distance_to_ubs": 425.5800845120653, "building_id": 1037, "index_right": 425, "closest_ugbs_type": "L", "distance_to_ugbs": 37.272171274416166, "within_300m": true }, "geometry": { "type": "Point", "coordinates": [ -2.722857252416539, 338981.485110334120691 ] } },
{ "type": "Feature", "properties": { "Hofname": "Grimmgasse 19", "clean_address": "1150 Wien, Grimmgasse", "Wohnungen": 15, "Lokale": 0, "addr_key": "1150 wien, grimmgasse", "distance_to_ugs": 134.21972647788917, "distance_to_ubs": 350.78347217751389, "building_id": 1038, "index_right": 409, "closest_ugbs_type": "L", "distance_to_ugbs": 134.21972647788917, "within_300m": true }, "geometry": { "type": "Point", "coordinates": [ -319.600995927302108, 338744.299315012060106 ] } },
{ "type": "Feature", "properties": { "Hofname": "Reindorfgasse 9", "clean_address": "1150 Wien, Reindorfgasse", "Wohnungen": 29, "Lokale": 4, "addr_key": "1150 wien, reindorfgasse", "distance_to_ugs": 41.118255530508399, "distance_to_ubs": 502.93764508557399, "building_id": 1039, "index_right": 414, "closest_ugbs_type": "L", "distance_to_ugbs": 41.118255530508399, "within_300m": true }, "geometry": { "type": "Point", "coordinates": [ -105.687569350670486, 338959.119105254299939 ] } },
{ "type": "Feature", "properties": { "Hofname": "Grimmgasse 4", "clean_address": "1150 Wien, Grimmgasse", "Wohnungen": 16, "Lokale": 1, "addr_key": "1150 wien, grimmgasse", "distance_to_ugs": 134.21972647788917, "distance_to_ubs": 350.78347217751389, "building_id": 1040, "index_right": 409, "closest_ugbs_type": "L", "distance_to_ugbs": 134.21972647788917, "within_300m": true }, "geometry": { "type": "Point", "coordinates": [ -319.600995927302108, 338744.299315012060106 ] } },
{ "type": "Feature", "properties": { "Hofname": "Hagengasse 21", "clean_address": "1150 Wien, Hagengasse", "Wohnungen": 15, "Lokale": 1, "addr_key": "1150 wien, hagengasse", "distance_to_ugs": 211.2589887569068, "distance_to_ubs": 787.34152737338775, "building_id": 1041, "index_right": 492, "closest_ugbs_type": "L", "distance_to_ugbs": 211.2589887569068, "within_300m": true }, "geometry": { "type": "Point", "coordinates": [ -323.965251274603304, 340663.11892456188798 ] } },
{ "type": "Feature", "properties": { "Hofname": "Dankwartgasse 6", "clean_address": "1150 Wien, Dankwartgasse", "Wohnungen": 16, "Lokale": 1, "addr_key": "1150 wien, dankwartgasse", "distance_to_ugs": 70.421691617627673, "distance_to_ubs": 756.41091163413171, "building_id": 1042, "index_right": 494, "closest_ugbs_type": "L", "distance_to_ugbs": 70.421691617627673, "within_300m": true }, "geometry": { "type": "Point", "coordinates": [ -135.516157382979372, 340552.384886990301311 ] } },
{ "type": "Feature", "properties": { "Hofname": "Clementinengasse 3", "clean_address": "1150 Wien, Clementinengasse", "Wohnungen": 26, "Lokale": 1, "addr_key": "1150 wien, clementinengasse", "distance_to_ugs": 91.377814449054156, "distance_to_ubs": 570.24008154491219, "building_id": 1043, "index_right": 443, "closest_ugbs_type": "L", "distance_to_ugbs": 91.377814449054156, "within_300m": true }, "geometry": { "type": "Point", "coordinates": [ 64.087140515897175, 339271.944361225701869 ] } },
{ "type": "Feature", "properties": { "Hofname": "Grimmgasse 8", "clean_address": "1150 Wien, Grimmgasse", "Wohnungen": 13, "Lokale": 0, "addr_key": "1150 wien, grimmgasse", "distance_to_ugs": 134.21972647788917, "distance_to_ubs": 350.78347217751389, "building_id": 1044, "index_right": 409, "closest_ugbs_type": "L", "distance_to_ugbs": 134.21972647788917, "within_300m": true }, "geometry": { "type": "Point", "coordinates": [ -319.600995927302108, 338744.299315012060106 ] } },
{ "type": "Feature", "properties": { "Hofname": "Reindorfgasse 38", "clean_address": "1150 Wien, Reindorfgasse", "Wohnungen": 25, "Lokale": 5, "addr_key": "1150 wien, reindorfgasse", "distance_to_ugs": 41.118255530508399, "distance_to_ubs": 502.93764508557399, "building_id": 1045, "index_right": 414, "closest_ugbs_type": "L", "distance_to_ugbs": 41.118255530508399, "within_300m": true }, "geometry": { "type": "Point", "coordinates": [ -105.687569350670486, 338959.119105254299939 ] } },
{ "type": "Feature", "properties": { "Hofname": "Dreihausgasse 8-10", "clean_address": "1150 Wien, Dreihausgasse", "Wohnungen": 33, "Lokale": 0, "addr_key": "1150 wien, dreihausgasse", "distance_to_ugs": 19.393754412352234, "distance_to_ubs": 260.89075493215927, "building_id": 1046, "index_right": 409, "closest_ugbs_type": "L", "distance_to_ugbs": 19.393754412352234, "within_300m": true }, "geometry": { "type": "Point", "coordinates": [ -454.331125284582697, 338702.37288826610893 ] } },
{ "type": "Feature", "properties": { "Hofname": "Grimmgasse 15", "clean_address": "1150 Wien, Grimmgasse", "Wohnungen": 17, "Lokale": 0, "addr_key": "1150 wien, grimmgasse", "distance_to_ugs": 134.21972647788917, "distance_to_ubs": 350.78347217751389, "building_id": 1047, "index_right": 409, "closest_ugbs_type": "L", "distance_to_ugbs": 134.21972647788917, "within_300m": true }, "geometry": { "type": "Point", "coordinates": [ -319.600995927302108, 338744.299315012060106 ] } },
{ "type": "Feature", "properties": { "Hofname": "Herklotzgasse 17-19", "clean_address": "1150 Wien, Herklotzgasse", "Wohnungen": 32, "Lokale": 0, "addr_key": "1150 wien, herklotzgasse", "distance_to_ugs": 54.069192807021132, "distance_to_ubs": 274.92302642849091, "building_id": 1048, "index_right": 429, "closest_ugbs_type": "L", "distance_to_ugbs": 54.069192807021132, "within_300m": true }, "geometry": { "type": "Point", "coordinates": [ 346.806444586278928, 339108.027942872606218 ] } },
{ "type": "Feature", "properties": { "Hofname": "Grimmgasse 44", "clean_address": "1150 Wien, Grimmgasse", "Wohnungen": 21, "Lokale": 1, "addr_key": "1150 wien, grimmgasse", "distance_to_ugs": 134.21972647788917, "distance_to_ubs": 350.78347217751389, "building_id": 1049, "index_right": 409, "closest_ugbs_type": "L", "distance_to_ugbs": 134.21972647788917, "within_300m": true }, "geometry": { "type": "Point", "coordinates": [ -319.600995927302108, 338744.299315012060106 ] } },
{ "type": "Feature", "properties": { "Hofname": "Dadlergasse 17", "clean_address": "1150 Wien, Dadlergasse", "Wohnungen": 50, "Lokale": 4, "addr_key": "1150 wien, dadlergasse", "distance_to_ugs": 42.611565409226444, "distance_to_ubs": 573.99434284313543, "building_id": 1050, "index_right": 416, "closest_ugbs_type": "L", "distance_to_ugbs": 42.611565409226444, "within_300m": true }, "geometry": { "type": "Point", "coordinates": [ -329.455945269603092, 338989.550956341437995 ] } },
{ "type": "Feature", "properties": { "Hofname": "Hollergasse 12", "clean_address": "1150 Wien, Hollergasse", "Wohnungen": 15, "Lokale": 3, "addr_key": "1150 wien, hollergasse", "distance_to_ugs": 171.60702426156138, "distance_to_ubs": 91.61112639261755, "building_id": 1051, "index_right": 2690, "closest_ugbs_type": "B", "distance_to_ugbs": 91.61112639261755, "within_300m": true }, "geometry": { "type": "Point", "coordinates": [ -534.694507434838215, 338552.972036457620561 ] } },
{ "type": "Feature", "properties": { "Hofname": "Braunhirschengasse 8-10", "clean_address": "1150 Wien, Braunhirschengasse", "Wohnungen": 15, "Lokale": 0, "addr_key": "1150 wien, braunhirschengasse", "distance_to_ugs": 51.261086509294771, "distance_to_ubs": 316.99112001466591, "building_id": 1052, "index_right": 409, "closest_ugbs_type": "L", "distance_to_ugbs": 51.261086509294771, "within_300m": true }, "geometry": { "type": "Point", "coordinates": [ -402.842214598794328, 338741.795908306725323 ] } },
{ "type": "Feature", "properties": { "Hofname": "Hollergasse 21", "clean_address": "1150 Wien, Hollergasse", "Wohnungen": 14, "Lokale": 1, "addr_key": "1150 wien, hollergasse", "distance_to_ugs": 171.60702426156138, "distance_to_ubs": 91.61112639261755, "building_id": 1053, "index_right": 2690, "closest_ugbs_type": "B", "distance_to_ugbs": 91.61112639261755, "within_300m": true }, "geometry": { "type": "Point", "coordinates": [ -534.694507434838215, 338552.972036457620561 ] } },
{ "type": "Feature", "properties": { "Hofname": "Reichsapfelgasse 9", "clean_address": "1150 Wien, Reichsapfelgasse", "Wohnungen": 37, "Lokale": 1, "addr_key": "1150 wien, reichsapfelgasse", "distance_to_ugs": 12.309135540796181, "distance_to_ubs": 386.84381221890908, "building_id": 1054, "index_right": 412, "closest_ugbs_type": "L", "distance_to_ugbs": 12.309135540796181, "within_300m": true }, "geometry": { "type": "Point", "coordinates": [ -543.799611994116617, 338881.630851125344634 ] } },
{ "type": "Feature", "properties": { "Hofname": "Beckmanngasse 64", "clean_address": "1150 Wien, Beckmanngasse", "Wohnungen": 10, "Lokale": 1, "addr_key": "1150 wien, beckmanngasse", "distance_to_ugs": 226.35185559897553, "distance_to_ubs": 458.21846397451401, "building_id": 1055, "index_right": 604, "closest_ugbs_type": "L", "distance_to_ugbs": 226.35185559897553, "within_300m": true }, "geometry": { "type": "Point", "coordinates": [ -1496.168636384182946, 339251.839013552293181 ] } },
{ "type": "Feature", "properties": { "Hofname": "Goldschlagstraße 91", "clean_address": "1150 Wien, Goldschlagstraße", "Wohnungen": 12, "Lokale": 2, "addr_key": "1150 wien, goldschlagstraße", "distance_to_ugs": 67.764996724326679, "distance_to_ubs": 683.74748174225613, "building_id": 1056, "index_right": 483, "closest_ugbs_type": "L", "distance_to_ugbs": 67.764996724326679, "within_300m": true }, "geometry": { "type": "Point", "coordinates": [ 155.071365065851694, 340025.874302812851965 ] } },
{ "type": "Feature", "properties": { "Hofname": "Heinickegasse 3", "clean_address": "1150 Wien, Heinickegasse", "Wohnungen": 13, "Lokale": 0, "addr_key": "1150 wien, heinickegasse", "distance_to_ugs": 165.88545168538903, "distance_to_ubs": 204.63209049760084, "building_id": 1057, "index_right": 409, "closest_ugbs_type": "L", "distance_to_ugbs": 165.88545168538903, "within_300m": true }, "geometry": { "type": "Point", "coordinates": [ -350.259334731946979, 338598.949311254546046 ] } },
{ "type": "Feature", "properties": { "Hofname": "Zinckgasse 5-7", "clean_address": "1150 Wien, Zinckgasse", "Wohnungen": 32, "Lokale": 3, "addr_key": "1150 wien, zinckgasse", "distance_to_ugs": 85.984242214048805, "distance_to_ubs": 741.89427053125564, "building_id": 1058, "index_right": 483, "closest_ugbs_type": "L", "distance_to_ugbs": 85.984242214048805, "within_300m": true }, "geometry": { "type": "Point", "coordinates": [ 187.812161504916418, 340130.663469483144581 ] } },
{ "type": "Feature", "properties": { "Hofname": "Fünfhausgasse 6-8", "clean_address": "1150 Wien, Fünfhausgasse", "Wohnungen": 23, "Lokale": 1, "addr_key": "1150 wien, fünfhausgasse", "distance_to_ugs": 119.66892997422939, "distance_to_ubs": 235.56816103319025, "building_id": 1059, "index_right": 420, "closest_ugbs_type": "L", "distance_to_ugbs": 119.66892997422939, "within_300m": true }, "geometry": { "type": "Point", "coordinates": [ 237.412898096038248, 338978.430825438350439 ] } },
{ "type": "Feature", "properties": { "Hofname": "Storchengasse 22", "clean_address": "1150 Wien, Storchengasse", "Wohnungen": 21, "Lokale": 0, "addr_key": "1150 wien, storchengasse", "distance_to_ugs": 56.723326791444279, "distance_to_ubs": 38.169227293754986, "building_id": 1060, "index_right": 2699, "closest_ugbs_type": "B", "distance_to_ugbs": 38.169227293754986, "within_300m": true }, "geometry": { "type": "Point", "coordinates": [ 91.128887468277526, 338479.404582408256829 ] } },
{ "type": "Feature", "properties": { "Hofname": "Anschützgasse 10", "clean_address": "1150 Wien, Anschützgasse", "Wohnungen": 19, "Lokale": 0, "addr_key": "1150 wien, anschützgasse", "distance_to_ugs": 190.02178200215454, "distance_to_ubs": 38.306935577809689, "building_id": 1061, "index_right": 2690, "closest_ugbs_type": "B", "distance_to_ugbs": 38.306935577809689, "within_300m": true }, "geometry": { "type": "Point", "coordinates": [ -601.331076750487114, 338524.78321369830519 ] } },
{ "type": "Feature", "properties": { "Hofname": "Ortnergasse 5", "clean_address": "1150 Wien, Ortnergasse", "Wohnungen": 11, "Lokale": 0, "addr_key": "1150 wien, ortnergasse", "distance_to_ugs": 128.02329857411186, "distance_to_ubs": 146.09512230483213, "building_id": 1062, "index_right": 407, "closest_ugbs_type": "L", "distance_to_ugbs": 128.02329857411186, "within_300m": true }, "geometry": { "type": "Point", "coordinates": [ -41.53132615943742, 338537.932531024329364 ] } },
{ "type": "Feature", "properties": { "Hofname": "Kellinggasse 13", "clean_address": "1150 Wien, Kellinggasse", "Wohnungen": 14, "Lokale": 0, "addr_key": "1150 wien, kellinggasse", "distance_to_ugs": 60.702430443511858, "distance_to_ubs": 119.21067262462434, "building_id": 1063, "index_right": 404, "closest_ugbs_type": "L", "distance_to_ugbs": 60.702430443511858, "within_300m": true }, "geometry": { "type": "Point", "coordinates": [ -197.225635698534489, 338500.059934650547802 ] } },
{ "type": "Feature", "properties": { "Hofname": "Diefenbachgasse 30", "clean_address": "1150 Wien, Diefenbachgasse", "Wohnungen": 16, "Lokale": 0, "addr_key": "1150 wien, diefenbachgasse", "distance_to_ugs": 70.286185370785461, "distance_to_ubs": 98.579910067893408, "building_id": 1064, "index_right": 404, "closest_ugbs_type": "L", "distance_to_ugbs": 70.286185370785461, "within_300m": true }, "geometry": { "type": "Point", "coordinates": [ -147.11694167197399, 338479.785076723434031 ] } },
{ "type": "Feature", "properties": { "Hofname": "Sturzgasse 31-33", "clean_address": "1150 Wien, Sturzgasse", "Wohnungen": 22, "Lokale": 0, "addr_key": "1150 wien, sturzgasse", "distance_to_ugs": 195.48715975974375, "distance_to_ubs": 486.08502862849491, "building_id": 1065, "index_right": 491, "closest_ugbs_type": "L", "distance_to_ugbs": 195.48715975974375, "within_300m": true }, "geometry": { "type": "Point", "coordinates": [ -1059.172120451525188, 340050.752100385725498 ] } },
{ "type": "Feature", "properties": { "Hofname": "Rustengasse 10", "clean_address": "1150 Wien, Rustengasse", "Wohnungen": 21, "Lokale": 1, "addr_key": "1150 wien, rustengasse", "distance_to_ugs": 82.191524250576094, "distance_to_ubs": 664.23674349065584, "building_id": 1066, "index_right": 461, "closest_ugbs_type": "L", "distance_to_ugbs": 82.191524250576094, "within_300m": true }, "geometry": { "type": "Point", "coordinates": [ -353.844397132106849, 339242.610204170458019 ] } },
{ "type": "Feature", "properties": { "Hofname": "Beckmanngasse 66", "clean_address": "1150 Wien, Beckmanngasse", "Wohnungen": 10, "Lokale": 0, "addr_key": "1150 wien, beckmanngasse", "distance_to_ugs": 226.35185559897553, "distance_to_ubs": 458.21846397451401, "building_id": 1067, "index_right": 604, "closest_ugbs_type": "L", "distance_to_ugbs": 226.35185559897553, "within_300m": true }, "geometry": { "type": "Point", "coordinates": [ -1496.168636384182946, 339251.839013552293181 ] } },
{ "type": "Feature", "properties": { "Hofname": "Karmeliterhofgasse 7-9", "clean_address": "1150 Wien, Karmeliterhofgasse", "Wohnungen": 35, "Lokale": 0, "addr_key": "1150 wien, karmeliterhofgasse", "distance_to_ugs": 152.25144475756062, "distance_to_ubs": 635.62150292735544, "building_id": 1068, "index_right": 443, "closest_ugbs_type": "L", "distance_to_ugbs": 152.25144475756062, "within_300m": true }, "geometry": { "type": "Point", "coordinates": [ 36.120029129562027, 339333.714151878841221 ] } },
{ "type": "Feature", "properties": { "Hofname": "Oelweingasse 3-5", "clean_address": "1150 Wien, Oelweingasse", "Wohnungen": 24, "Lokale": 1, "addr_key": "1150 wien, oelweingasse", "distance_to_ugs": 42.447800513124321, "distance_to_ubs": 561.49097604500309, "building_id": 1069, "index_right": 416, "closest_ugbs_type": "L", "distance_to_ugbs": 42.447800513124321, "within_300m": true }, "geometry": { "type": "Point", "coordinates": [ -321.041116011531813, 338972.492801981978118 ] } },
{ "type": "Feature", "properties": { "Hofname": "Rauchfangkehrergasse 17-27", "clean_address": "1150 Wien, Rauchfangkehrergasse", "Wohnungen": 82, "Lokale": 1, "addr_key": "1150 wien, rauchfangkehrergasse", "distance_to_ugs": 20.201941414005329, "distance_to_ubs": 272.53325916989417, "building_id": 1070, "index_right": 407, "closest_ugbs_type": "L", "distance_to_ugbs": 20.201941414005329, "within_300m": true }, "geometry": { "type": "Point", "coordinates": [ -97.395763644940047, 338657.514618684537709 ] } },
{ "type": "Feature", "properties": { "Hofname": "Kirchstetterngasse 60", "clean_address": "1160 Wien, Kirchstetterngasse", "Wohnungen": 20, "Lokale": 2, "addr_key": "1160 wien, kirchstetterngasse", "distance_to_ugs": 33.221664582288682, "distance_to_ubs": 916.54035086561726, "building_id": 1071, "index_right": 701, "closest_ugbs_type": "L", "distance_to_ugbs": 33.221664582288682, "within_300m": true }, "geometry": { "type": "Point", "coordinates": [ -47.28354066667778, 340686.224062725901604 ] } },
{ "type": "Feature", "properties": { "Hofname": "Neulerchenfelder Straße 52", "clean_address": "1160 Wien, Neulerchenfelder Straße", "Wohnungen": 12, "Lokale": 2, "addr_key": "1160 wien, neulerchenfelder straße", "distance_to_ugs": 81.065919044407963, "distance_to_ubs": 1188.9067482912158, "building_id": 1072, "index_right": 733, "closest_ugbs_type": "L", "distance_to_ugbs": 81.065919044407963, "within_300m": true }, "geometry": { "type": "Point", "coordinates": [ 436.676911082202821, 341404.898084811924491 ] } },
{ "type": "Feature", "properties": { "Hofname": "Enenkelstraße 35", "clean_address": "1160 Wien, Enenkelstraße", "Wohnungen": 48, "Lokale": 4, "addr_key": "1160 wien, enenkelstraße", "distance_to_ugs": 55.956217992402316, "distance_to_ubs": 1010.4837470836308, "building_id": 1073, "index_right": 755, "closest_ugbs_type": "L", "distance_to_ugbs": 55.956217992402316, "within_300m": true }, "geometry": { "type": "Point", "coordinates": [ -1642.003589153273424, 341661.644272327423096 ] } },
{ "type": "Feature", "properties": { "Hofname": "Josef-Srp-Hof", "clean_address": "1160 Wien, Thaliastraße", "Wohnungen": 19, "Lokale": 7, "addr_key": "1160 wien, thaliastraße", "distance_to_ugs": 111.97532563697597, "distance_to_ubs": 1476.7054000745516, "building_id": 1074, "index_right": 731, "closest_ugbs_type": "L", "distance_to_ugbs": 111.97532563697597, "within_300m": true }, "geometry": { "type": "Point", "coordinates": [ 229.735885918744373, 341173.203045382164419 ] } },
{ "type": "Feature", "properties": { "Hofname": "Brüßlgasse 34", "clean_address": "1160 Wien, Brüßlgasse", "Wohnungen": 18, "Lokale": 1, "addr_key": "1160 wien, brüßlgasse", "distance_to_ugs": 187.24483342774292, "distance_to_ubs": 782.39217226796256, "building_id": 1075, "index_right": 495, "closest_ugbs_type": "L", "distance_to_ugbs": 187.24483342774292, "within_300m": true }, "geometry": { "type": "Point", "coordinates": [ -824.584944603954114, 341021.509537669830024 ] } },
{ "type": "Feature", "properties": { "Hofname": "Thalhaimergasse 44", "clean_address": "1160 Wien, Thalhaimergasse", "Wohnungen": 17, "Lokale": 1, "addr_key": "1160 wien, thalhaimergasse", "distance_to_ugs": 95.997295803326935, "distance_to_ubs": 933.82377616107465, "building_id": 1076, "index_right": 499, "closest_ugbs_type": "L", "distance_to_ugbs": 95.997295803326935, "within_300m": true }, "geometry": { "type": "Point", "coordinates": [ -843.778796009598636, 341304.526584811508656 ] } },
{ "type": "Feature", "properties": { "Hofname": "Hella-Hanzlik-Hof", "clean_address": "1160 Wien, Brüßlgasse", "Wohnungen": 49, "Lokale": 0, "addr_key": "1160 wien, brüßlgasse", "distance_to_ugs": 187.24483342774292, "distance_to_ubs": 782.39217226796256, "building_id": 1077, "index_right": 495, "closest_ugbs_type": "L", "distance_to_ugbs": 187.24483342774292, "within_300m": true }, "geometry": { "type": "Point", "coordinates": [ -824.584944603954114, 341021.509537669830024 ] } },
{ "type": "Feature", "properties": { "Hofname": "Mildeplatz 7", "clean_address": "1160 Wien, Mildeplatz", "Wohnungen": 22, "Lokale": 2, "addr_key": "1160 wien, mildeplatz", "distance_to_ugs": 21.539782254340505, "distance_to_ubs": 1188.0425596926673, "building_id": 1078, "index_right": 758, "closest_ugbs_type": "L", "distance_to_ugbs": 21.539782254340505, "within_300m": true }, "geometry": { "type": "Point", "coordinates": [ -1423.918839201916171, 341933.157077039591968 ] } },
{ "type": "Feature", "properties": { "Hofname": "Sulmgasse 22-24", "clean_address": "1160 Wien, Sulmgasse", "Wohnungen": 20, "Lokale": 1, "addr_key": "1160 wien, sulmgasse", "distance_to_ugs": 24.694395723308858, "distance_to_ubs": 639.64814806846687, "building_id": 1079, "index_right": 497, "closest_ugbs_type": "L", "distance_to_ugbs": 24.694395723308858, "within_300m": true }, "geometry": { "type": "Point", "coordinates": [ -1265.981709922544042, 341245.882253752090037 ] } },
{ "type": "Feature", "properties": { "Hofname": "Redtenbachergasse 40-44", "clean_address": "1160 Wien, Redtenbachergasse", "Wohnungen": 30, "Lokale": 0, "addr_key": "1160 wien, redtenbachergasse", "distance_to_ugs": 171.61149151024441, "distance_to_ubs": 1060.7777291445507, "building_id": 1080, "index_right": 752, "closest_ugbs_type": "L", "distance_to_ugbs": 171.61149151024441, "within_300m": true }, "geometry": { "type": "Point", "coordinates": [ -1303.105914396972366, 341697.088291118852794 ] } },
{ "type": "Feature", "properties": { "Hofname": "Paletzgasse 17", "clean_address": "1160 Wien, Paletzgasse", "Wohnungen": 82, "Lokale": 2, "addr_key": "1160 wien, paletzgasse", "distance_to_ugs": 206.32497979964614, "distance_to_ubs": 947.95715180884827, "building_id": 1081, "index_right": 788, "closest_ugbs_type": "L", "distance_to_ugbs": 206.32497979964614, "within_300m": true }, "geometry": { "type": "Point", "coordinates": [ -934.014144546476132, 342438.089583972468972 ] } },
{ "type": "Feature", "properties": { "Hofname": "Ganglbauergasse 4-12", "clean_address": "1160 Wien, Ganglbauergasse", "Wohnungen": 122, "Lokale": 4, "addr_key": "1160 wien, ganglbauergasse", "distance_to_ugs": 91.634814414073603, "distance_to_ubs": 1248.9378287205827, "building_id": 1082, "index_right": 498, "closest_ugbs_type": "L", "distance_to_ugbs": 91.634814414073603, "within_300m": true }, "geometry": { "type": "Point", "coordinates": [ -458.981237219489969, 341320.941768306307495 ] } },
{ "type": "Feature", "properties": { "Hofname": "Lorenz-Mandl-Gasse 36-38", "clean_address": "1160 Wien, Lorenz-Mandl-Gasse", "Wohnungen": 59, "Lokale": 1, "addr_key": "1160 wien, lorenz-mandl-gasse", "distance_to_ugs": 63.758012690015128, "distance_to_ubs": 496.31081740528543, "building_id": 1083, "index_right": 714, "closest_ugbs_type": "L", "distance_to_ugbs": 63.758012690015128, "within_300m": true }, "geometry": { "type": "Point", "coordinates": [ -1924.322202398514037, 340951.222630466334522 ] } },
{ "type": "Feature", "properties": { "Hofname": "Heindlgasse 7-9", "clean_address": "1160 Wien, Heindlgasse", "Wohnungen": 25, "Lokale": 0, "addr_key": "1160 wien, heindlgasse", "distance_to_ugs": 148.81339980116195, "distance_to_ubs": 800.08155587653243, "building_id": 1084, "index_right": 497, "closest_ugbs_type": "L", "distance_to_ugbs": 148.81339980116195, "within_300m": true }, "geometry": { "type": "Point", "coordinates": [ -1172.664614280942033, 341379.669447817839682 ] } },
{ "type": "Feature", "properties": { "Hofname": "Arltgasse 2-16", "clean_address": "1160 Wien, Arltgasse", "Wohnungen": 226, "Lokale": 8, "addr_key": "1160 wien, arltgasse", "distance_to_ugs": 220.18987353731714, "distance_to_ubs": 687.05616242978749, "building_id": 1085, "index_right": 499, "closest_ugbs_type": "L", "distance_to_ugbs": 220.18987353731714, "within_300m": true }, "geometry": { "type": "Point", "coordinates": [ -991.85968425518729, 341100.382004951126873 ] } },
{ "type": "Feature", "properties": { "Hofname": "Pfenninggeldgasse 3-7", "clean_address": "1160 Wien, Pfenninggeldgasse", "Wohnungen": 33, "Lokale": 3, "addr_key": "1160 wien, pfenninggeldgasse", "distance_to_ugs": 136.10183912908525, "distance_to_ubs": 396.29076350347322, "building_id": 1086, "index_right": 715, "closest_ugbs_type": "L", "distance_to_ugbs": 136.10183912908525, "within_300m": true }, "geometry": { "type": "Point", "coordinates": [ -1420.111215116090762, 341042.242425413045567 ] } },
{ "type": "Feature", "properties": { "Hofname": "Hasnerstraße 111-115", "clean_address": "1160 Wien, Hasnerstraße", "Wohnungen": 37, "Lokale": 2, "addr_key": "1160 wien, hasnerstraße", "distance_to_ugs": 118.64593206736001, "distance_to_ubs": 1363.8604278091227, "building_id": 1087, "index_right": 707, "closest_ugbs_type": "L", "distance_to_ugbs": 118.64593206736001, "within_300m": true }, "geometry": { "type": "Point", "coordinates": [ 270.226755842686202, 341012.737381435930729 ] } },
{ "type": "Feature", "properties": { "Hofname": "Lorenz-Mandl-Gasse 7-9", "clean_address": "1160 Wien, Lorenz-Mandl-Gasse", "Wohnungen": 31, "Lokale": 0, "addr_key": "1160 wien, lorenz-mandl-gasse", "distance_to_ugs": 63.758012690015128, "distance_to_ubs": 496.31081740528543, "building_id": 1088, "index_right": 714, "closest_ugbs_type": "L", "distance_to_ugbs": 63.758012690015128, "within_300m": true }, "geometry": { "type": "Point", "coordinates": [ -1924.322202398514037, 340951.222630466334522 ] } },
{ "type": "Feature", "properties": { "Hofname": "Odoakergasse 10-18", "clean_address": "1160 Wien, Odoakergasse", "Wohnungen": 103, "Lokale": 5, "addr_key": "1160 wien, odoakergasse", "distance_to_ugs": 150.69958355223048, "distance_to_ubs": 782.79725212491667, "building_id": 1089, "index_right": 813, "closest_ugbs_type": "L", "distance_to_ugbs": 150.69958355223048, "within_300m": true }, "geometry": { "type": "Point", "coordinates": [ -1660.68949633626039, 342326.285682193003595 ] } },
{ "type": "Feature", "properties": { "Hofname": "Haberlgasse 74", "clean_address": "1160 Wien, Haberlgasse", "Wohnungen": 28, "Lokale": 1, "addr_key": "1160 wien, haberlgasse", "distance_to_ugs": 37.313759541561353, "distance_to_ubs": 1566.1934925471603, "building_id": 1090, "index_right": 741, "closest_ugbs_type": "L", "distance_to_ugbs": 37.313759541561353, "within_300m": true }, "geometry": { "type": "Point", "coordinates": [ -88.941528985947954, 341406.291352857835591 ] } },
{ "type": "Feature", "properties": { "Hofname": "Wiesberggasse 6b", "clean_address": "1160 Wien, Wiesberggasse", "Wohnungen": 67, "Lokale": 6, "addr_key": "1160 wien, wiesberggasse", "distance_to_ugs": 115.09722912706397, "distance_to_ubs": 717.41261808166337, "building_id": 1091, "index_right": 751, "closest_ugbs_type": "L", "distance_to_ugbs": 115.09722912706397, "within_300m": true }, "geometry": { "type": "Point", "coordinates": [ -1926.189983991357167, 341251.127106335014105 ] } },
{ "type": "Feature", "properties": { "Hofname": "Fröbelgasse 55-57", "clean_address": "1160 Wien, Fröbelgasse", "Wohnungen": 30, "Lokale": 4, "addr_key": "1160 wien, fröbelgasse", "distance_to_ugs": 226.12524958729497, "distance_to_ubs": 1102.9052986998365, "building_id": 1092, "index_right": 703, "closest_ugbs_type": "L", "distance_to_ugbs": 226.12524958729497, "within_300m": true }, "geometry": { "type": "Point", "coordinates": [ -92.349029114644964, 340917.378766743466258 ] } },
{ "type": "Feature", "properties": { "Hofname": "Arltgasse 34-36", "clean_address": "1160 Wien, Arltgasse", "Wohnungen": 27, "Lokale": 2, "addr_key": "1160 wien, arltgasse", "distance_to_ugs": 220.18987353731714, "distance_to_ubs": 687.05616242978749, "building_id": 1093, "index_right": 499, "closest_ugbs_type": "L", "distance_to_ugbs": 220.18987353731714, "within_300m": true }, "geometry": { "type": "Point", "coordinates": [ -991.85968425518729, 341100.382004951126873 ] } },
{ "type": "Feature", "properties": { "Hofname": "Degengasse 7", "clean_address": "1160 Wien, Degengasse", "Wohnungen": 16, "Lokale": 0, "addr_key": "1160 wien, degengasse", "distance_to_ugs": 41.447077547870471, "distance_to_ubs": 1133.5672981214159, "building_id": 1094, "index_right": 759, "closest_ugbs_type": "L", "distance_to_ugbs": 41.447077547870471, "within_300m": true }, "geometry": { "type": "Point", "coordinates": [ -1762.928017270811551, 341984.48575128801167 ] } },
{ "type": "Feature", "properties": { "Hofname": "Haberlgasse 76", "clean_address": "1160 Wien, Haberlgasse", "Wohnungen": 20, "Lokale": 3, "addr_key": "1160 wien, haberlgasse", "distance_to_ugs": 37.313759541561353, "distance_to_ubs": 1566.1934925471603, "building_id": 1095, "index_right": 741, "closest_ugbs_type": "L", "distance_to_ugbs": 37.313759541561353, "within_300m": true }, "geometry": { "type": "Point", "coordinates": [ -88.941528985947954, 341406.291352857835591 ] } },
{ "type": "Feature", "properties": { "Hofname": "Panikengasse 6-8", "clean_address": "1160 Wien, Panikengasse", "Wohnungen": 55, "Lokale": 0, "addr_key": "1160 wien, panikengasse", "distance_to_ugs": 79.218221337594201, "distance_to_ubs": 949.35504782123962, "building_id": 1096, "index_right": 495, "closest_ugbs_type": "L", "distance_to_ugbs": 79.218221337594201, "within_300m": true }, "geometry": { "type": "Point", "coordinates": [ -551.843027241325785, 340849.491182772268075 ] } },
{ "type": "Feature", "properties": { "Hofname": "Koppstraße 6", "clean_address": "1160 Wien, Koppstraße", "Wohnungen": 30, "Lokale": 1, "addr_key": "1160 wien, koppstraße", "distance_to_ugs": 253.93670315784163, "distance_to_ubs": 1145.7252936136088, "building_id": 1097, "index_right": 731, "closest_ugbs_type": "L", "distance_to_ugbs": 253.93670315784163, "within_300m": true }, "geometry": { "type": "Point", "coordinates": [ -161.341204285700485, 340988.782103830948472 ] } },
{ "type": "Feature", "properties": { "Hofname": "Payergasse 18", "clean_address": "1160 Wien, Payergasse", "Wohnungen": 21, "Lokale": 0, "addr_key": "1160 wien, payergasse", "distance_to_ugs": 76.719411539375812, "distance_to_ubs": 1179.6102190157885, "building_id": 1098, "index_right": 772, "closest_ugbs_type": "L", "distance_to_ugbs": 76.719411539375812, "within_300m": true }, "geometry": { "type": "Point", "coordinates": [ 332.507351374402106, 341742.865569340996444 ] } },
{ "type": "Feature", "properties": { "Hofname": "Wernhardtstraße 12-16", "clean_address": "1160 Wien, Wernhardtstraße", "Wohnungen": 128, "Lokale": 2, "addr_key": "1160 wien, wernhardtstraße", "distance_to_ugs": 37.411217842339177, "distance_to_ubs": 668.2254671676277, "building_id": 1099, "index_right": 719, "closest_ugbs_type": "L", "distance_to_ugbs": 37.411217842339177, "within_300m": true }, "geometry": { "type": "Point", "coordinates": [ -2003.336749888377653, 341122.794254127889872 ] } },
{ "type": "Feature", "properties": { "Hofname": "Karl-Metschl-Gasse 13-23", "clean_address": "1160 Wien, Karl-Metschl-Gasse", "Wohnungen": 69, "Lokale": 2, "addr_key": "1160 wien, karl-metschl-gasse", "distance_to_ugs": 71.73226172484334, "distance_to_ubs": 652.65073611201592, "building_id": 1100, "index_right": 819, "closest_ugbs_type": "L", "distance_to_ugbs": 71.73226172484334, "within_300m": true }, "geometry": { "type": "Point", "coordinates": [ -2135.314139294699544, 342723.778285781678278 ] } },
{ "type": "Feature", "properties": { "Hofname": "Klausgasse 1-11", "clean_address": "1160 Wien, Klausgasse", "Wohnungen": 277, "Lokale": 9, "addr_key": "1160 wien, klausgasse", "distance_to_ugs": 191.12967639712664, "distance_to_ubs": 823.38710835437166, "building_id": 1101, "index_right": 495, "closest_ugbs_type": "L", "distance_to_ugbs": 191.12967639712664, "within_300m": true }, "geometry": { "type": "Point", "coordinates": [ -770.337757501447527, 341004.263937634415925 ] } },
{ "type": "Feature", "properties": { "Hofname": "Winterburgergasse 3-11", "clean_address": "1160 Wien, Winterburgergasse", "Wohnungen": 259, "Lokale": 9, "addr_key": "1160 wien, winterburgergasse", "distance_to_ugs": 177.42612378991012, "distance_to_ubs": 908.51056671769697, "building_id": 1102, "index_right": 812, "closest_ugbs_type": "L", "distance_to_ugbs": 177.42612378991012, "within_300m": true }, "geometry": { "type": "Point", "coordinates": [ -2062.528804165291604, 342321.328904768684879 ] } },
{ "type": "Feature", "properties": { "Hofname": "Heindlgasse 4", "clean_address": "1160 Wien, Heindlgasse", "Wohnungen": 38, "Lokale": 2, "addr_key": "1160 wien, heindlgasse", "distance_to_ugs": 148.81339980116195, "distance_to_ubs": 800.08155587653243, "building_id": 1103, "index_right": 497, "closest_ugbs_type": "L", "distance_to_ugbs": 148.81339980116195, "within_300m": true }, "geometry": { "type": "Point", "coordinates": [ -1172.664614280942033, 341379.669447817839682 ] } },
{ "type": "Feature", "properties": { "Hofname": "Hofferplatz 3", "clean_address": "1160 Wien, Hofferplatz", "Wohnungen": 52, "Lokale": 4, "addr_key": "1160 wien, hofferplatz", "distance_to_ugs": 22.721805967237199, "distance_to_ubs": 1463.0898416224209, "building_id": 1104, "index_right": 731, "closest_ugbs_type": "L", "distance_to_ugbs": 22.721805967237199, "within_300m": true }, "geometry": { "type": "Point", "coordinates": [ 87.853827264968871, 341231.650519563816488 ] } },
{ "type": "Feature", "properties": { "Hofname": "Weinheimergasse 7-9", "clean_address": "1160 Wien, Weinheimergasse", "Wohnungen": 102, "Lokale": 5, "addr_key": "1160 wien, weinheimergasse", "distance_to_ugs": 142.87620661285243, "distance_to_ubs": 1064.7651901586942, "building_id": 1105, "index_right": 756, "closest_ugbs_type": "L", "distance_to_ugbs": 142.87620661285243, "within_300m": true }, "geometry": { "type": "Point", "coordinates": [ -1561.185791606388193, 341722.563377707265317 ] } },
{ "type": "Feature", "properties": { "Hofname": "Abelegasse 12", "clean_address": "1160 Wien, Abelegasse", "Wohnungen": 17, "Lokale": 2, "addr_key": "1160 wien, abelegasse", "distance_to_ugs": 18.598374412792456, "distance_to_ubs": 1538.3714952184046, "building_id": 1106, "index_right": 741, "closest_ugbs_type": "L", "distance_to_ugbs": 18.598374412792456, "within_300m": true }, "geometry": { "type": "Point", "coordinates": [ -190.394304318820218, 341436.177191053517163 ] } },
{ "type": "Feature", "properties": { "Hofname": "Maroltingergasse 19-25", "clean_address": "1160 Wien, Maroltingergasse", "Wohnungen": 99, "Lokale": 6, "addr_key": "1160 wien, maroltingergasse", "distance_to_ugs": 235.05265356580901, "distance_to_ubs": 882.95254458136606, "building_id": 1107, "index_right": 751, "closest_ugbs_type": "L", "distance_to_ugbs": 235.05265356580901, "within_300m": true }, "geometry": { "type": "Point", "coordinates": [ -1972.887769920758046, 341417.537576948292553 ] } },
{ "type": "Feature", "properties": { "Hofname": "Ottakringer Straße 217-221", "clean_address": "1160 Wien, Ottakringer Straße", "Wohnungen": 42, "Lokale": 3, "addr_key": "1160 wien, ottakringer straße", "distance_to_ugs": 85.397441881990972, "distance_to_ubs": 939.64696130372749, "building_id": 1108, "index_right": 776, "closest_ugbs_type": "L", "distance_to_ugbs": 85.397441881990972, "within_300m": true }, "geometry": { "type": "Point", "coordinates": [ 560.557620833272381, 341841.101201912388206 ] } },
{ "type": "Feature", "properties": { "Hofname": "Karoline-Pluskal-Hof", "clean_address": "1160 Wien, Sandleitengasse", "Wohnungen": 193, "Lokale": 4, "addr_key": "1160 wien, sandleitengasse", "distance_to_ugs": 194.67016414827481, "distance_to_ubs": 932.14297474156047, "building_id": 1109, "index_right": 759, "closest_ugbs_type": "L", "distance_to_ugbs": 194.67016414827481, "within_300m": true }, "geometry": { "type": "Point", "coordinates": [ -1806.583166950487566, 342196.795286565087736 ] } },
{ "type": "Feature", "properties": { "Hofname": "Ottakringer Straße 147", "clean_address": "1160 Wien, Ottakringer Straße", "Wohnungen": 25, "Lokale": 2, "addr_key": "1160 wien, ottakringer straße", "distance_to_ugs": 85.397441881990972, "distance_to_ubs": 939.64696130372749, "building_id": 1110, "index_right": 776, "closest_ugbs_type": "L", "distance_to_ugbs": 85.397441881990972, "within_300m": true }, "geometry": { "type": "Point", "coordinates": [ 560.557620833272381, 341841.101201912388206 ] } },
{ "type": "Feature", "properties": { "Hofname": "Mildeplatz 3", "clean_address": "1160 Wien, Mildeplatz", "Wohnungen": 32, "Lokale": 1, "addr_key": "1160 wien, mildeplatz", "distance_to_ugs": 21.539782254340505, "distance_to_ubs": 1188.0425596926673, "building_id": 1111, "index_right": 758, "closest_ugbs_type": "L", "distance_to_ugbs": 21.539782254340505, "within_300m": true }, "geometry": { "type": "Point", "coordinates": [ -1423.918839201916171, 341933.157077039591968 ] } },
{ "type": "Feature", "properties": { "Hofname": "Winterburgergasse 1", "clean_address": "1160 Wien, Winterburgergasse", "Wohnungen": 34, "Lokale": 5, "addr_key": "1160 wien, winterburgergasse", "distance_to_ugs": 177.42612378991012, "distance_to_ubs": 908.51056671769697, "building_id": 1112, "index_right": 812, "closest_ugbs_type": "L", "distance_to_ugbs": 177.42612378991012, "within_300m": true }, "geometry": { "type": "Point", "coordinates": [ -2062.528804165291604, 342321.328904768684879 ] } },
{ "type": "Feature", "properties": { "Hofname": "Roseggergasse 44-46", "clean_address": "1160 Wien, Roseggergasse", "Wohnungen": 90, "Lokale": 10, "addr_key": "1160 wien, roseggergasse", "distance_to_ugs": 81.561010366886364, "distance_to_ubs": 720.73335604519104, "building_id": 1113, "index_right": 751, "closest_ugbs_type": "L", "distance_to_ugbs": 81.561010366886364, "within_300m": true }, "geometry": { "type": "Point", "coordinates": [ -1788.917421634457014, 341327.833176552318037 ] } },
{ "type": "Feature", "properties": { "Hofname": "Friedrich-Kaiser-Gasse 36-38", "clean_address": "1160 Wien, Friedrich-Kaiser-Gasse", "Wohnungen": 26, "Lokale": 4, "addr_key": "1160 wien, friedrich-kaiser-gasse", "distance_to_ugs": 11.886867505547519, "distance_to_ubs": 1533.2554331388183, "building_id": 1114, "index_right": 741, "closest_ugbs_type": "L", "distance_to_ugbs": 11.886867505547519, "within_300m": true }, "geometry": { "type": "Point", "coordinates": [ -172.716893774237576, 341394.655520493164659 ] } },
{ "type": "Feature", "properties": { "Hofname": "Abelegasse 29", "clean_address": "1160 Wien, Abelegasse", "Wohnungen": 71, "Lokale": 1, "addr_key": "1160 wien, abelegasse", "distance_to_ugs": 18.598374412792456, "distance_to_ubs": 1538.3714952184046, "building_id": 1115, "index_right": 741, "closest_ugbs_type": "L", "distance_to_ugbs": 18.598374412792456, "within_300m": true }, "geometry": { "type": "Point", "coordinates": [ -190.394304318820218, 341436.177191053517163 ] } },
{ "type": "Feature", "properties": { "Hofname": "Haberlgasse 86", "clean_address": "1160 Wien, Haberlgasse", "Wohnungen": 18, "Lokale": 0, "addr_key": "1160 wien, haberlgasse", "distance_to_ugs": 37.313759541561353, "distance_to_ubs": 1566.1934925471603, "building_id": 1116, "index_right": 741, "closest_ugbs_type": "L", "distance_to_ugbs": 37.313759541561353, "within_300m": true }, "geometry": { "type": "Point", "coordinates": [ -88.941528985947954, 341406.291352857835591 ] } },
{ "type": "Feature", "properties": { "Hofname": "Friedrich-Kaiser-Gasse 18-24", "clean_address": "1160 Wien, Friedrich-Kaiser-Gasse", "Wohnungen": 41, "Lokale": 5, "addr_key": "1160 wien, friedrich-kaiser-gasse", "distance_to_ugs": 11.886867505547519, "distance_to_ubs": 1533.2554331388183, "building_id": 1117, "index_right": 741, "closest_ugbs_type": "L", "distance_to_ugbs": 11.886867505547519, "within_300m": true }, "geometry": { "type": "Point", "coordinates": [ -172.716893774237576, 341394.655520493164659 ] } },
{ "type": "Feature", "properties": { "Hofname": "Degengasse 34-38", "clean_address": "1160 Wien, Degengasse", "Wohnungen": 54, "Lokale": 1, "addr_key": "1160 wien, degengasse", "distance_to_ugs": 41.447077547870471, "distance_to_ubs": 1133.5672981214159, "building_id": 1118, "index_right": 759, "closest_ugbs_type": "L", "distance_to_ugbs": 41.447077547870471, "within_300m": true }, "geometry": { "type": "Point", "coordinates": [ -1762.928017270811551, 341984.48575128801167 ] } },
{ "type": "Feature", "properties": { "Hofname": "Ameisbachzeile 119-123", "clean_address": "1160 Wien, Ameisbachzeile", "Wohnungen": 163, "Lokale": 9, "addr_key": "1160 wien, ameisbachzeile", "distance_to_ugs": 276.55301983702714, "distance_to_ubs": 421.07970862778427, "building_id": 1119, "index_right": 646, "closest_ugbs_type": "L", "distance_to_ugbs": 276.55301983702714, "within_300m": true }, "geometry": { "type": "Point", "coordinates": [ -2981.130694696275441, 340392.388012985698879 ] } },
{ "type": "Feature", "properties": { "Hofname": "Arnethgasse 105", "clean_address": "1160 Wien, Arnethgasse", "Wohnungen": 23, "Lokale": 3, "addr_key": "1160 wien, arnethgasse", "distance_to_ugs": 104.00295716318169, "distance_to_ubs": 1207.8275608667082, "building_id": 1120, "index_right": 756, "closest_ugbs_type": "L", "distance_to_ugbs": 104.00295716318169, "within_300m": true }, "geometry": { "type": "Point", "coordinates": [ -1702.817631759801316, 341852.509234768338501 ] } },
{ "type": "Feature", "properties": { "Hofname": "Bachgasse 14", "clean_address": "1160 Wien, Bachgasse", "Wohnungen": 11, "Lokale": 0, "addr_key": "1160 wien, bachgasse", "distance_to_ugs": 74.52504842552527, "distance_to_ubs": 1354.4876529738606, "building_id": 1121, "index_right": 498, "closest_ugbs_type": "L", "distance_to_ugbs": 74.52504842552527, "within_300m": true }, "geometry": { "type": "Point", "coordinates": [ -375.695785272561579, 341386.714267903007567 ] } },
{ "type": "Feature", "properties": { "Hofname": "Grundsteingasse 6", "clean_address": "1160 Wien, Grundsteingasse", "Wohnungen": 15, "Lokale": 0, "addr_key": "1160 wien, grundsteingasse", "distance_to_ugs": 105.02044771844733, "distance_to_ubs": 1306.4534513716337, "building_id": 1122, "index_right": 733, "closest_ugbs_type": "L", "distance_to_ugbs": 105.02044771844733, "within_300m": true }, "geometry": { "type": "Point", "coordinates": [ 384.491668312284162, 341258.534283361397684 ] } },
{ "type": "Feature", "properties": { "Hofname": "Feßtgasse 12-14", "clean_address": "1160 Wien, Feßtgasse", "Wohnungen": 39, "Lokale": 3, "addr_key": "1160 wien, feßtgasse", "distance_to_ugs": 67.293543483746504, "distance_to_ubs": 1331.7970719684588, "building_id": 1123, "index_right": 746, "closest_ugbs_type": "L", "distance_to_ugbs": 67.293543483746504, "within_300m": true }, "geometry": { "type": "Point", "coordinates": [ -500.982686260073592, 341518.396333643235266 ] } },
{ "type": "Feature", "properties": { "Hofname": "Ganglbauergasse 7", "clean_address": "1160 Wien, Ganglbauergasse", "Wohnungen": 15, "Lokale": 0, "addr_key": "1160 wien, ganglbauergasse", "distance_to_ugs": 91.634814414073603, "distance_to_ubs": 1248.9378287205827, "building_id": 1124, "index_right": 498, "closest_ugbs_type": "L", "distance_to_ugbs": 91.634814414073603, "within_300m": true }, "geometry": { "type": "Point", "coordinates": [ -458.981237219489969, 341320.941768306307495 ] } },
{ "type": "Feature", "properties": { "Hofname": "Grundsteingasse 66", "clean_address": "1160 Wien, Grundsteingasse", "Wohnungen": 16, "Lokale": 0, "addr_key": "1160 wien, grundsteingasse", "distance_to_ugs": 105.02044771844733, "distance_to_ubs": 1306.4534513716337, "building_id": 1125, "index_right": 733, "closest_ugbs_type": "L", "distance_to_ugbs": 105.02044771844733, "within_300m": true }, "geometry": { "type": "Point", "coordinates": [ 384.491668312284162, 341258.534283361397684 ] } },
{ "type": "Feature", "properties": { "Hofname": "Feßtgasse 16", "clean_address": "1160 Wien, Feßtgasse", "Wohnungen": 29, "Lokale": 2, "addr_key": "1160 wien, feßtgasse", "distance_to_ugs": 67.293543483746504, "distance_to_ubs": 1331.7970719684588, "building_id": 1126, "index_right": 746, "closest_ugbs_type": "L", "distance_to_ugbs": 67.293543483746504, "within_300m": true }, "geometry": { "type": "Point", "coordinates": [ -500.982686260073592, 341518.396333643235266 ] } },
{ "type": "Feature", "properties": { "Hofname": "Johann-Nepomuk-Berger-Platz 7", "clean_address": "1160 Wien, Johann-Nepomuk-Berger-Platz", "Wohnungen": 18, "Lokale": 0, "addr_key": "1160 wien, johann-nepomuk-berger-platz", "distance_to_ugs": 16.641102715704719, "distance_to_ubs": 1480.8214039582863, "building_id": 1127, "index_right": 748, "closest_ugbs_type": "L", "distance_to_ugbs": 16.641102715704719, "within_300m": true }, "geometry": { "type": "Point", "coordinates": [ -406.85000478416805, 341637.362567169591784 ] } },
{ "type": "Feature", "properties": { "Hofname": "Sulmgasse 2-6", "clean_address": "1160 Wien, Sulmgasse", "Wohnungen": 63, "Lokale": 6, "addr_key": "1160 wien, sulmgasse", "distance_to_ugs": 24.694395723308858, "distance_to_ubs": 639.64814806846687, "building_id": 1128, "index_right": 497, "closest_ugbs_type": "L", "distance_to_ugbs": 24.694395723308858, "within_300m": true }, "geometry": { "type": "Point", "coordinates": [ -1265.981709922544042, 341245.882253752090037 ] } },
{ "type": "Feature", "properties": { "Hofname": "Gerhard-Hanappi-Hof", "clean_address": "1160 Wien, Liebhartsgasse", "Wohnungen": 25, "Lokale": 1, "addr_key": "1160 wien, liebhartsgasse", "distance_to_ugs": 191.13544143756081, "distance_to_ubs": 956.21439915025474, "building_id": 1129, "index_right": 701, "closest_ugbs_type": "L", "distance_to_ugbs": 191.13544143756081, "within_300m": true }, "geometry": { "type": "Point", "coordinates": [ -178.838965022476742, 340793.992406943812966 ] } },
{ "type": "Feature", "properties": { "Hofname": "Eisnergasse 15-17", "clean_address": "1160 Wien, Eisnergasse", "Wohnungen": 24, "Lokale": 1, "addr_key": "1160 wien, eisnergasse", "distance_to_ugs": 116.04407262232334, "distance_to_ubs": 1087.2679947485199, "building_id": 1130, "index_right": 747, "closest_ugbs_type": "L", "distance_to_ugbs": 116.04407262232334, "within_300m": true }, "geometry": { "type": "Point", "coordinates": [ -756.114255356206741, 341434.051839424297214 ] } },
{ "type": "Feature", "properties": { "Hofname": "Ottakringer Straße 103", "clean_address": "1160 Wien, Ottakringer Straße", "Wohnungen": 14, "Lokale": 3, "addr_key": "1160 wien, ottakringer straße", "distance_to_ugs": 85.397441881990972, "distance_to_ubs": 939.64696130372749, "building_id": 1131, "index_right": 776, "closest_ugbs_type": "L", "distance_to_ugbs": 85.397441881990972, "within_300m": true }, "geometry": { "type": "Point", "coordinates": [ 560.557620833272381, 341841.101201912388206 ] } },
{ "type": "Feature", "properties": { "Hofname": "Ottakringer Straße 194-196", "clean_address": "1160 Wien, Ottakringer Straße", "Wohnungen": 192, "Lokale": 5, "addr_key": "1160 wien, ottakringer straße", "distance_to_ugs": 85.397441881990972, "distance_to_ubs": 939.64696130372749, "building_id": 1132, "index_right": 776, "closest_ugbs_type": "L", "distance_to_ugbs": 85.397441881990972, "within_300m": true }, "geometry": { "type": "Point", "coordinates": [ 560.557620833272381, 341841.101201912388206 ] } },
{ "type": "Feature", "properties": { "Hofname": "Neumayrgasse 7-9", "clean_address": "1160 Wien, Neumayrgasse", "Wohnungen": 104, "Lokale": 4, "addr_key": "1160 wien, neumayrgasse", "distance_to_ugs": 56.562446268015805, "distance_to_ubs": 991.59192554175479, "building_id": 1133, "index_right": 701, "closest_ugbs_type": "L", "distance_to_ugbs": 56.562446268015805, "within_300m": true }, "geometry": { "type": "Point", "coordinates": [ 96.396607074993909, 340677.973266334913205 ] } },
{ "type": "Feature", "properties": { "Hofname": "Ottakringer Straße 188", "clean_address": "1160 Wien, Ottakringer Straße", "Wohnungen": 67, "Lokale": 4, "addr_key": "1160 wien, ottakringer straße", "distance_to_ugs": 85.397441881990972, "distance_to_ubs": 939.64696130372749, "building_id": 1134, "index_right": 776, "closest_ugbs_type": "L", "distance_to_ugbs": 85.397441881990972, "within_300m": true }, "geometry": { "type": "Point", "coordinates": [ 560.557620833272381, 341841.101201912388206 ] } },
{ "type": "Feature", "properties": { "Hofname": "Ottakringer Straße 145", "clean_address": "1160 Wien, Ottakringer Straße", "Wohnungen": 13, "Lokale": 1, "addr_key": "1160 wien, ottakringer straße", "distance_to_ugs": 85.397441881990972, "distance_to_ubs": 939.64696130372749, "building_id": 1135, "index_right": 776, "closest_ugbs_type": "L", "distance_to_ugbs": 85.397441881990972, "within_300m": true }, "geometry": { "type": "Point", "coordinates": [ 560.557620833272381, 341841.101201912388206 ] } },
{ "type": "Feature", "properties": { "Hofname": "Brunnengasse 7", "clean_address": "1160 Wien, Brunnengasse", "Wohnungen": 15, "Lokale": 1, "addr_key": "1160 wien, brunnengasse", "distance_to_ugs": 64.179378174380673, "distance_to_ubs": 1239.6657063391729, "building_id": 1136, "index_right": 772, "closest_ugbs_type": "L", "distance_to_ugbs": 64.179378174380673, "within_300m": true }, "geometry": { "type": "Point", "coordinates": [ 306.913036342512498, 341591.540220574475825 ] } },
{ "type": "Feature", "properties": { "Hofname": "Eisnergasse 11-13", "clean_address": "1160 Wien, Eisnergasse", "Wohnungen": 28, "Lokale": 0, "addr_key": "1160 wien, eisnergasse", "distance_to_ugs": 116.04407262232334, "distance_to_ubs": 1087.2679947485199, "building_id": 1137, "index_right": 747, "closest_ugbs_type": "L", "distance_to_ugbs": 116.04407262232334, "within_300m": true }, "geometry": { "type": "Point", "coordinates": [ -756.114255356206741, 341434.051839424297214 ] } },
{ "type": "Feature", "properties": { "Hofname": "Bachgasse 22", "clean_address": "1160 Wien, Bachgasse", "Wohnungen": 18, "Lokale": 0, "addr_key": "1160 wien, bachgasse", "distance_to_ugs": 74.52504842552527, "distance_to_ubs": 1354.4876529738606, "building_id": 1138, "index_right": 498, "closest_ugbs_type": "L", "distance_to_ugbs": 74.52504842552527, "within_300m": true }, "geometry": { "type": "Point", "coordinates": [ -375.695785272561579, 341386.714267903007567 ] } },
{ "type": "Feature", "properties": { "Hofname": "Friedrich-Kaiser-Gasse 27", "clean_address": "1160 Wien, Friedrich-Kaiser-Gasse", "Wohnungen": 9, "Lokale": 0, "addr_key": "1160 wien, friedrich-kaiser-gasse", "distance_to_ugs": 11.886867505547519, "distance_to_ubs": 1533.2554331388183, "building_id": 1139, "index_right": 741, "closest_ugbs_type": "L", "distance_to_ugbs": 11.886867505547519, "within_300m": true }, "geometry": { "type": "Point", "coordinates": [ -172.716893774237576, 341394.655520493164659 ] } },
{ "type": "Feature", "properties": { "Hofname": "Roseggergasse 43", "clean_address": "1160 Wien, Roseggergasse", "Wohnungen": 18, "Lokale": 0, "addr_key": "1160 wien, roseggergasse", "distance_to_ugs": 81.561010366886364, "distance_to_ubs": 720.73335604519104, "building_id": 1140, "index_right": 751, "closest_ugbs_type": "L", "distance_to_ugbs": 81.561010366886364, "within_300m": true }, "geometry": { "type": "Point", "coordinates": [ -1788.917421634457014, 341327.833176552318037 ] } },
{ "type": "Feature", "properties": { "Hofname": "Arnethgasse 43-45", "clean_address": "1160 Wien, Arnethgasse", "Wohnungen": 19, "Lokale": 0, "addr_key": "1160 wien, arnethgasse", "distance_to_ugs": 104.00295716318169, "distance_to_ubs": 1207.8275608667082, "building_id": 1141, "index_right": 756, "closest_ugbs_type": "L", "distance_to_ugbs": 104.00295716318169, "within_300m": true }, "geometry": { "type": "Point", "coordinates": [ -1702.817631759801316, 341852.509234768338501 ] } },
{ "type": "Feature", "properties": { "Hofname": "Richard-Wagner-Platz 3", "clean_address": "1160 Wien, Richard-Wagner-Platz", "Wohnungen": 23, "Lokale": 3, "addr_key": "1160 wien, richard-wagner-platz", "distance_to_ugs": 17.712851886711519, "distance_to_ubs": 1367.9798138329802, "building_id": 1142, "index_right": 498, "closest_ugbs_type": "L", "distance_to_ugbs": 17.712851886711519, "within_300m": true }, "geometry": { "type": "Point", "coordinates": [ -297.967289947900213, 341277.968126414343715 ] } },
{ "type": "Feature", "properties": { "Hofname": "Hubert-Pfoch-Hof", "clean_address": "1160 Wien, Thaliastraße", "Wohnungen": 40, "Lokale": 5, "addr_key": "1160 wien, thaliastraße", "distance_to_ugs": 111.97532563697597, "distance_to_ubs": 1476.7054000745516, "building_id": 1143, "index_right": 731, "closest_ugbs_type": "L", "distance_to_ugbs": 111.97532563697597, "within_300m": true }, "geometry": { "type": "Point", "coordinates": [ 229.735885918744373, 341173.203045382164419 ] } },
{ "type": "Feature", "properties": { "Hofname": "Abelegasse 14-16", "clean_address": "1160 Wien, Abelegasse", "Wohnungen": 15, "Lokale": 1, "addr_key": "1160 wien, abelegasse", "distance_to_ugs": 18.598374412792456, "distance_to_ubs": 1538.3714952184046, "building_id": 1144, "index_right": 741, "closest_ugbs_type": "L", "distance_to_ugbs": 18.598374412792456, "within_300m": true }, "geometry": { "type": "Point", "coordinates": [ -190.394304318820218, 341436.177191053517163 ] } },
{ "type": "Feature", "properties": { "Hofname": "Arltgasse 38-40", "clean_address": "1160 Wien, Arltgasse", "Wohnungen": 28, "Lokale": 0, "addr_key": "1160 wien, arltgasse", "distance_to_ugs": 220.18987353731714, "distance_to_ubs": 687.05616242978749, "building_id": 1145, "index_right": 499, "closest_ugbs_type": "L", "distance_to_ugbs": 220.18987353731714, "within_300m": true }, "geometry": { "type": "Point", "coordinates": [ -991.85968425518729, 341100.382004951126873 ] } },
{ "type": "Feature", "properties": { "Hofname": "Sandleitengasse 55", "clean_address": "1160 Wien, Sandleitengasse", "Wohnungen": 34, "Lokale": 1, "addr_key": "1160 wien, sandleitengasse", "distance_to_ugs": 194.67016414827481, "distance_to_ubs": 932.14297474156047, "building_id": 1146, "index_right": 759, "closest_ugbs_type": "L", "distance_to_ugbs": 194.67016414827481, "within_300m": true }, "geometry": { "type": "Point", "coordinates": [ -1806.583166950487566, 342196.795286565087736 ] } },
{ "type": "Feature", "properties": { "Hofname": "Nattergasse 19", "clean_address": "1170 Wien, Nattergasse", "Wohnungen": 13, "Lokale": 0, "addr_key": "1170 wien, nattergasse", "distance_to_ugs": 19.350552303669158, "distance_to_ubs": 1696.390002488627, "building_id": 1147, "index_right": 782, "closest_ugbs_type": "L", "distance_to_ugbs": 19.350552303669158, "within_300m": true }, "geometry": { "type": "Point", "coordinates": [ -354.174176190832725, 341892.537716227583587 ] } },
{ "type": "Feature", "properties": { "Hofname": "Balderichgasse 23-29", "clean_address": "1170 Wien, Balderichgasse", "Wohnungen": 133, "Lokale": 26, "addr_key": "1170 wien, balderichgasse", "distance_to_ugs": 66.888084257159278, "distance_to_ubs": 376.912228056348, "building_id": 1148, "index_right": 813, "closest_ugbs_type": "L", "distance_to_ugbs": 66.888084257159278, "within_300m": true }, "geometry": { "type": "Point", "coordinates": [ -1463.764214088192603, 342758.092359540052712 ] } },
{ "type": "Feature", "properties": { "Hofname": "Bergsteiggasse 28", "clean_address": "1170 Wien, Bergsteiggasse", "Wohnungen": 26, "Lokale": 7, "addr_key": "1170 wien, bergsteiggasse", "distance_to_ugs": 106.74134041967241, "distance_to_ubs": 1285.7358205757209, "building_id": 1149, "index_right": 886, "closest_ugbs_type": "L", "distance_to_ugbs": 106.74134041967241, "within_300m": true }, "geometry": { "type": "Point", "coordinates": [ 287.331520004011168, 342399.939256669953465 ] } },
{ "type": "Feature", "properties": { "Hofname": "Kastnergasse 25-27", "clean_address": "1170 Wien, Kastnergasse", "Wohnungen": 41, "Lokale": 2, "addr_key": "1170 wien, kastnergasse", "distance_to_ugs": 50.079692030700116, "distance_to_ubs": 1593.3441638977515, "building_id": 1150, "index_right": 787, "closest_ugbs_type": "L", "distance_to_ugbs": 50.079692030700116, "within_300m": true }, "geometry": { "type": "Point", "coordinates": [ -149.056366102550498, 342399.178312234580517 ] } },
{ "type": "Feature", "properties": { "Hofname": "Richthausenstraße 3", "clean_address": "1170 Wien, Richthausenstraße", "Wohnungen": 46, "Lokale": 1, "addr_key": "1170 wien, richthausenstraße", "distance_to_ugs": 20.493084273477276, "distance_to_ubs": 926.520770283611, "building_id": 1151, "index_right": 896, "closest_ugbs_type": "L", "distance_to_ugbs": 20.493084273477276, "within_300m": true }, "geometry": { "type": "Point", "coordinates": [ -729.046090980618033, 342802.29101381264627 ] } },
{ "type": "Feature", "properties": { "Hofname": "Rötzergasse 29-31", "clean_address": "1170 Wien, Rötzergasse", "Wohnungen": 38, "Lokale": 3, "addr_key": "1170 wien, rötzergasse", "distance_to_ugs": 62.884926911902689, "distance_to_ubs": 1605.8407089974162, "building_id": 1152, "index_right": 787, "closest_ugbs_type": "L", "distance_to_ugbs": 62.884926911902689, "within_300m": true }, "geometry": { "type": "Point", "coordinates": [ -186.393203367367903, 342354.017476141394582 ] } },
{ "type": "Feature", "properties": { "Hofname": "Dornbacher Straße 84a", "clean_address": "1170 Wien, Dornbacher Straße", "Wohnungen": 21, "Lokale": 4, "addr_key": "1170 wien, dornbacher straße", "distance_to_ugs": 186.82058678756007, "distance_to_ubs": 237.05595233491755, "building_id": 1153, "index_right": 824, "closest_ugbs_type": "L", "distance_to_ugbs": 186.82058678756007, "within_300m": true }, "geometry": { "type": "Point", "coordinates": [ -1844.796297362290261, 343100.748335869982839 ] } },
{ "type": "Feature", "properties": { "Hofname": "Wattgasse 88", "clean_address": "1170 Wien, Wattgasse", "Wohnungen": 64, "Lokale": 5, "addr_key": "1170 wien, wattgasse", "distance_to_ugs": 10.783851883128548, "distance_to_ubs": 1158.1843754879415, "building_id": 1154, "index_right": 749, "closest_ugbs_type": "L", "distance_to_ugbs": 10.783851883128548, "within_300m": true }, "geometry": { "type": "Point", "coordinates": [ -1012.867502450600341, 341700.183394907973707 ] } },
{ "type": "Feature", "properties": { "Hofname": "Wattgasse 96-98", "clean_address": "1170 Wien, Wattgasse", "Wohnungen": 259, "Lokale": 15, "addr_key": "1170 wien, wattgasse", "distance_to_ugs": 10.783851883128548, "distance_to_ubs": 1158.1843754879415, "building_id": 1155, "index_right": 749, "closest_ugbs_type": "L", "distance_to_ugbs": 10.783851883128548, "within_300m": true }, "geometry": { "type": "Point", "coordinates": [ -1012.867502450600341, 341700.183394907973707 ] } },
{ "type": "Feature", "properties": { "Hofname": "Weidmanngasse 14", "clean_address": "1170 Wien, Weidmanngasse", "Wohnungen": 18, "Lokale": 0, "addr_key": "1170 wien, weidmanngasse", "distance_to_ugs": 111.59143394989395, "distance_to_ubs": 1341.4453722548478, "building_id": 1156, "index_right": 888, "closest_ugbs_type": "L", "distance_to_ugbs": 111.59143394989395, "within_300m": true }, "geometry": { "type": "Point", "coordinates": [ 88.723595083445332, 342662.452513057738543 ] } },
{ "type": "Feature", "properties": { "Hofname": "Taubergasse 1-3", "clean_address": "1170 Wien, Taubergasse", "Wohnungen": 73, "Lokale": 7, "addr_key": "1170 wien, taubergasse", "distance_to_ugs": 50.000224925940785, "distance_to_ubs": 1668.3961057440754, "building_id": 1157, "index_right": 782, "closest_ugbs_type": "L", "distance_to_ugbs": 50.000224925940785, "within_300m": true }, "geometry": { "type": "Point", "coordinates": [ -390.765501934719339, 341963.540030744858086 ] } },
{ "type": "Feature", "properties": { "Hofname": "Christine-Nöstlinger-Hof", "clean_address": "1170 Wien, Rosensteingasse", "Wohnungen": 264, "Lokale": 14, "addr_key": "1170 wien, rosensteingasse", "distance_to_ugs": 174.7608633504845, "distance_to_ubs": 1420.7449433137681, "building_id": 1158, "index_right": 789, "closest_ugbs_type": "L", "distance_to_ugbs": 174.7608633504845, "within_300m": true }, "geometry": { "type": "Point", "coordinates": [ -371.786551261612829, 342401.357245723716915 ] } },
{ "type": "Feature", "properties": { "Hofname": "Pretschgogasse 16", "clean_address": "1170 Wien, Pretschgogasse", "Wohnungen": 46, "Lokale": 2, "addr_key": "1170 wien, pretschgogasse", "distance_to_ugs": 28.528951828915748, "distance_to_ubs": 368.33556780085354, "building_id": 1159, "index_right": 813, "closest_ugbs_type": "L", "distance_to_ugbs": 28.528951828915748, "within_300m": true }, "geometry": { "type": "Point", "coordinates": [ -1578.04854111683585, 342739.892744790762663 ] } },
{ "type": "Feature", "properties": { "Hofname": "Pezzlgasse 71-81", "clean_address": "1170 Wien, Pezzlgasse", "Wohnungen": 71, "Lokale": 1, "addr_key": "1170 wien, pezzlgasse", "distance_to_ugs": 186.44663144413769, "distance_to_ubs": 1138.1815274323101, "building_id": 1160, "index_right": 886, "closest_ugbs_type": "L", "distance_to_ugbs": 186.44663144413769, "within_300m": true }, "geometry": { "type": "Point", "coordinates": [ 403.172373495875888, 342275.34612877573818 ] } },
{ "type": "Feature", "properties": { "Hofname": "Neuwaldegger Straße 19-21", "clean_address": "1170 Wien, Neuwaldegger Straße", "Wohnungen": 48, "Lokale": 3, "addr_key": "1170 wien, neuwaldegger straße", "distance_to_ugs": 216.06226913580485, "distance_to_ubs": 215.60902034745385, "building_id": 1161, "index_right": 2808, "closest_ugbs_type": "B", "distance_to_ugbs": 215.60902034745385, "within_300m": true }, "geometry": { "type": "Point", "coordinates": [ -3084.176334924534331, 344137.788708116859198 ] } },
{ "type": "Feature", "properties": { "Hofname": "Kastnergasse 28-30", "clean_address": "1170 Wien, Kastnergasse", "Wohnungen": 37, "Lokale": 1, "addr_key": "1170 wien, kastnergasse", "distance_to_ugs": 50.079692030700116, "distance_to_ubs": 1593.3441638977515, "building_id": 1162, "index_right": 787, "closest_ugbs_type": "L", "distance_to_ugbs": 50.079692030700116, "within_300m": true }, "geometry": { "type": "Point", "coordinates": [ -149.056366102550498, 342399.178312234580517 ] } },
{ "type": "Feature", "properties": { "Hofname": "Dürauergasse 9-13", "clean_address": "1170 Wien, Dürauergasse", "Wohnungen": 175, "Lokale": 4, "addr_key": "1170 wien, dürauergasse", "distance_to_ugs": 103.46462633997675, "distance_to_ubs": 389.20406690164691, "building_id": 1163, "index_right": 818, "closest_ugbs_type": "L", "distance_to_ugbs": 103.46462633997675, "within_300m": true }, "geometry": { "type": "Point", "coordinates": [ -1859.460841405724295, 342811.112555280327797 ] } },
{ "type": "Feature", "properties": { "Hofname": "Vollbadgasse 5", "clean_address": "1170 Wien, Vollbadgasse", "Wohnungen": 184, "Lokale": 15, "addr_key": "1170 wien, vollbadgasse", "distance_to_ugs": 81.664224391216749, "distance_to_ubs": 648.91889637136853, "building_id": 1164, "index_right": 825, "closest_ugbs_type": "L", "distance_to_ugbs": 81.664224391216749, "within_300m": true }, "geometry": { "type": "Point", "coordinates": [ -2227.134422843159882, 343360.256453992798924 ] } },
{ "type": "Feature", "properties": { "Hofname": "Hernalser Hauptstraße 100", "clean_address": "1170 Wien, Hernalser Hauptstraße", "Wohnungen": 47, "Lokale": 7, "addr_key": "1170 wien, hernalser hauptstraße", "distance_to_ugs": 104.04035207867261, "distance_to_ubs": 893.42580722303035, "building_id": 1165, "index_right": 777, "closest_ugbs_type": "L", "distance_to_ugbs": 104.04035207867261, "within_300m": true }, "geometry": { "type": "Point", "coordinates": [ 602.195436247251337, 342005.417531204759143 ] } },
{ "type": "Feature", "properties": { "Hofname": "Ortliebgasse 35-37", "clean_address": "1170 Wien, Ortliebgasse", "Wohnungen": 55, "Lokale": 5, "addr_key": "1170 wien, ortliebgasse", "distance_to_ugs": 19.501842176272916, "distance_to_ubs": 1657.3025063042726, "building_id": 1166, "index_right": 783, "closest_ugbs_type": "L", "distance_to_ugbs": 19.501842176272916, "within_300m": true }, "geometry": { "type": "Point", "coordinates": [ -161.659246884186359, 342025.919683419167995 ] } },
{ "type": "Feature", "properties": { "Hofname": "Promenadegasse 19", "clean_address": "1170 Wien, Promenadegasse", "Wohnungen": 95, "Lokale": 4, "addr_key": "1170 wien, promenadegasse", "distance_to_ugs": 66.561522349850975, "distance_to_ubs": 374.02093934615033, "building_id": 1167, "index_right": 831, "closest_ugbs_type": "L", "distance_to_ugbs": 66.561522349850975, "within_300m": true }, "geometry": { "type": "Point", "coordinates": [ -2808.314672809695367, 343502.139182892628014 ] } },
{ "type": "Feature", "properties": { "Hofname": "Jörgerstraße 38", "clean_address": "1170 Wien, Jörgerstraße", "Wohnungen": 25, "Lokale": 3, "addr_key": "1170 wien, jörgerstraße", "distance_to_ugs": 128.60513246863962, "distance_to_ubs": 918.53620124702184, "building_id": 1168, "index_right": 885, "closest_ugbs_type": "L", "distance_to_ugbs": 128.60513246863962, "within_300m": true }, "geometry": { "type": "Point", "coordinates": [ 589.073545058575064, 342108.204178692772985 ] } },
{ "type": "Feature", "properties": { "Hofname": "Gschwandnergasse 53-57", "clean_address": "1170 Wien, Gschwandnergasse", "Wohnungen": 58, "Lokale": 6, "addr_key": "1170 wien, gschwandnergasse", "distance_to_ugs": 177.25875935505971, "distance_to_ubs": 1356.2786919293048, "building_id": 1169, "index_right": 786, "closest_ugbs_type": "L", "distance_to_ugbs": 177.25875935505971, "within_300m": true }, "geometry": { "type": "Point", "coordinates": [ -535.810087759294788, 342273.3376619592309 ] } },
{ "type": "Feature", "properties": { "Hofname": "Zeillergasse 39-43", "clean_address": "1170 Wien, Zeillergasse", "Wohnungen": 97, "Lokale": 9, "addr_key": "1170 wien, zeillergasse", "distance_to_ugs": 62.968113516461045, "distance_to_ubs": 429.41349101898487, "building_id": 1170, "index_right": 820, "closest_ugbs_type": "L", "distance_to_ugbs": 62.968113516461045, "within_300m": true }, "geometry": { "type": "Point", "coordinates": [ -1386.62858334654743, 342737.853805597871542 ] } },
{ "type": "Feature", "properties": { "Hofname": "Alszeile 118", "clean_address": "1170 Wien, Alszeile", "Wohnungen": 122, "Lokale": 16, "addr_key": "1170 wien, alszeile", "distance_to_ugs": 105.58511059316015, "distance_to_ubs": 475.17859858581193, "building_id": 1171, "index_right": 831, "closest_ugbs_type": "L", "distance_to_ugbs": 105.58511059316015, "within_300m": true }, "geometry": { "type": "Point", "coordinates": [ -2645.885701101994982, 343547.265137761831284 ] } },
{ "type": "Feature", "properties": { "Hofname": "Vollbadgasse 1", "clean_address": "1170 Wien, Vollbadgasse", "Wohnungen": 18, "Lokale": 0, "addr_key": "1170 wien, vollbadgasse", "distance_to_ugs": 81.664224391216749, "distance_to_ubs": 648.91889637136853, "building_id": 1172, "index_right": 825, "closest_ugbs_type": "L", "distance_to_ugbs": 81.664224391216749, "within_300m": true }, "geometry": { "type": "Point", "coordinates": [ -2227.134422843159882, 343360.256453992798924 ] } },
{ "type": "Feature", "properties": { "Hofname": "Weißgasse 15", "clean_address": "1170 Wien, Weißgasse", "Wohnungen": 55, "Lokale": 4, "addr_key": "1170 wien, weißgasse", "distance_to_ugs": 80.063825132918936, "distance_to_ubs": 1692.6148327610779, "building_id": 1173, "index_right": 783, "closest_ugbs_type": "L", "distance_to_ugbs": 80.063825132918936, "within_300m": true }, "geometry": { "type": "Point", "coordinates": [ -302.37030422232732, 342026.989074636250734 ] } },
{ "type": "Feature", "properties": { "Hofname": "Comeniusgasse 2", "clean_address": "1170 Wien, Comeniusgasse", "Wohnungen": 112, "Lokale": 6, "addr_key": "1170 wien, comeniusgasse", "distance_to_ugs": 158.96720766948803, "distance_to_ubs": 1134.7270034359644, "building_id": 1174, "index_right": 789, "closest_ugbs_type": "L", "distance_to_ugbs": 158.96720766948803, "within_300m": true }, "geometry": { "type": "Point", "coordinates": [ -623.318935557138275, 342537.761950634419918 ] } },
{ "type": "Feature", "properties": { "Hofname": "Sautergasse 40-42", "clean_address": "1170 Wien, Sautergasse", "Wohnungen": 53, "Lokale": 4, "addr_key": "1170 wien, sautergasse", "distance_to_ugs": 35.079653872253708, "distance_to_ubs": 755.23529908445812, "building_id": 1175, "index_right": 788, "closest_ugbs_type": "L", "distance_to_ugbs": 35.079653872253708, "within_300m": true }, "geometry": { "type": "Point", "coordinates": [ -1055.322150014910903, 342589.820548679679632 ] } },
{ "type": "Feature", "properties": { "Hofname": "Neuwaldegger Straße 3", "clean_address": "1170 Wien, Neuwaldegger Straße", "Wohnungen": 27, "Lokale": 4, "addr_key": "1170 wien, neuwaldegger straße", "distance_to_ugs": 216.06226913580485, "distance_to_ubs": 215.60902034745385, "building_id": 1176, "index_right": 2808, "closest_ugbs_type": "B", "distance_to_ugbs": 215.60902034745385, "within_300m": true }, "geometry": { "type": "Point", "coordinates": [ -3084.176334924534331, 344137.788708116859198 ] } },
{ "type": "Feature", "properties": { "Hofname": "Taubergasse 5-7", "clean_address": "1170 Wien, Taubergasse", "Wohnungen": 48, "Lokale": 2, "addr_key": "1170 wien, taubergasse", "distance_to_ugs": 50.000224925940785, "distance_to_ubs": 1668.3961057440754, "building_id": 1177, "index_right": 782, "closest_ugbs_type": "L", "distance_to_ugbs": 50.000224925940785, "within_300m": true }, "geometry": { "type": "Point", "coordinates": [ -390.765501934719339, 341963.540030744858086 ] } },
{ "type": "Feature", "properties": { "Hofname": "Leopold-Ernst-Gasse 22", "clean_address": "1170 Wien, Leopold-Ernst-Gasse", "Wohnungen": 28, "Lokale": 1, "addr_key": "1170 wien, leopold-ernst-gasse", "distance_to_ugs": 115.01130158250751, "distance_to_ubs": 1253.1328439979573, "building_id": 1178, "index_right": 895, "closest_ugbs_type": "L", "distance_to_ugbs": 115.01130158250751, "within_300m": true }, "geometry": { "type": "Point", "coordinates": [ 15.337068037858252, 342743.12775157764554 ] } },
{ "type": "Feature", "properties": { "Hofname": "Weidmanngasse 28", "clean_address": "1170 Wien, Weidmanngasse", "Wohnungen": 17, "Lokale": 2, "addr_key": "1170 wien, weidmanngasse", "distance_to_ugs": 111.59143394989395, "distance_to_ubs": 1341.4453722548478, "building_id": 1179, "index_right": 888, "closest_ugbs_type": "L", "distance_to_ugbs": 111.59143394989395, "within_300m": true }, "geometry": { "type": "Point", "coordinates": [ 88.723595083445332, 342662.452513057738543 ] } },
{ "type": "Feature", "properties": { "Hofname": "Horneckgasse 16", "clean_address": "1170 Wien, Horneckgasse", "Wohnungen": 10, "Lokale": 0, "addr_key": "1170 wien, horneckgasse", "distance_to_ugs": 160.18713733171225, "distance_to_ubs": 1504.3326074252579, "building_id": 1180, "index_right": 781, "closest_ugbs_type": "L", "distance_to_ugbs": 160.18713733171225, "within_300m": true }, "geometry": { "type": "Point", "coordinates": [ -657.265870821858471, 341891.890918568708003 ] } },
{ "type": "Feature", "properties": { "Hofname": "Rosensteingasse 63", "clean_address": "1170 Wien, Rosensteingasse", "Wohnungen": 11, "Lokale": 0, "addr_key": "1170 wien, rosensteingasse", "distance_to_ugs": 174.7608633504845, "distance_to_ubs": 1420.7449433137681, "building_id": 1181, "index_right": 789, "closest_ugbs_type": "L", "distance_to_ugbs": 174.7608633504845, "within_300m": true }, "geometry": { "type": "Point", "coordinates": [ -371.786551261612829, 342401.357245723716915 ] } },
{ "type": "Feature", "properties": { "Hofname": "Dornbacher Straße 119", "clean_address": "1170 Wien, Dornbacher Straße", "Wohnungen": 20, "Lokale": 0, "addr_key": "1170 wien, dornbacher straße", "distance_to_ugs": 186.82058678756007, "distance_to_ubs": 237.05595233491755, "building_id": 1182, "index_right": 824, "closest_ugbs_type": "L", "distance_to_ugbs": 186.82058678756007, "within_300m": true }, "geometry": { "type": "Point", "coordinates": [ -1844.796297362290261, 343100.748335869982839 ] } },
{ "type": "Feature", "properties": { "Hofname": "Sautergasse 44", "clean_address": "1170 Wien, Sautergasse", "Wohnungen": 12, "Lokale": 0, "addr_key": "1170 wien, sautergasse", "distance_to_ugs": 35.079653872253708, "distance_to_ubs": 755.23529908445812, "building_id": 1183, "index_right": 788, "closest_ugbs_type": "L", "distance_to_ugbs": 35.079653872253708, "within_300m": true }, "geometry": { "type": "Point", "coordinates": [ -1055.322150014910903, 342589.820548679679632 ] } },
{ "type": "Feature", "properties": { "Hofname": "Ortliebgasse 1-3", "clean_address": "1170 Wien, Ortliebgasse", "Wohnungen": 43, "Lokale": 7, "addr_key": "1170 wien, ortliebgasse", "distance_to_ugs": 19.501842176272916, "distance_to_ubs": 1657.3025063042726, "building_id": 1184, "index_right": 783, "closest_ugbs_type": "L", "distance_to_ugbs": 19.501842176272916, "within_300m": true }, "geometry": { "type": "Point", "coordinates": [ -161.659246884186359, 342025.919683419167995 ] } },
{ "type": "Feature", "properties": { "Hofname": "Rosensteingasse 47-49", "clean_address": "1170 Wien, Rosensteingasse", "Wohnungen": 37, "Lokale": 1, "addr_key": "1170 wien, rosensteingasse", "distance_to_ugs": 174.7608633504845, "distance_to_ubs": 1420.7449433137681, "building_id": 1185, "index_right": 789, "closest_ugbs_type": "L", "distance_to_ugbs": 174.7608633504845, "within_300m": true }, "geometry": { "type": "Point", "coordinates": [ -371.786551261612829, 342401.357245723716915 ] } },
{ "type": "Feature", "properties": { "Hofname": "Weidmanngasse 33", "clean_address": "1170 Wien, Weidmanngasse", "Wohnungen": 20, "Lokale": 2, "addr_key": "1170 wien, weidmanngasse", "distance_to_ugs": 111.59143394989395, "distance_to_ubs": 1341.4453722548478, "building_id": 1186, "index_right": 888, "closest_ugbs_type": "L", "distance_to_ugbs": 111.59143394989395, "within_300m": true }, "geometry": { "type": "Point", "coordinates": [ 88.723595083445332, 342662.452513057738543 ] } },
{ "type": "Feature", "properties": { "Hofname": "Leopold-Ernst-Gasse 20", "clean_address": "1170 Wien, Leopold-Ernst-Gasse", "Wohnungen": 15, "Lokale": 1, "addr_key": "1170 wien, leopold-ernst-gasse", "distance_to_ugs": 115.01130158250751, "distance_to_ubs": 1253.1328439979573, "building_id": 1187, "index_right": 895, "closest_ugbs_type": "L", "distance_to_ugbs": 115.01130158250751, "within_300m": true }, "geometry": { "type": "Point", "coordinates": [ 15.337068037858252, 342743.12775157764554 ] } },
{ "type": "Feature", "properties": { "Hofname": "Rosensteingasse 61", "clean_address": "1170 Wien, Rosensteingasse", "Wohnungen": 11, "Lokale": 1, "addr_key": "1170 wien, rosensteingasse", "distance_to_ugs": 174.7608633504845, "distance_to_ubs": 1420.7449433137681, "building_id": 1188, "index_right": 789, "closest_ugbs_type": "L", "distance_to_ugbs": 174.7608633504845, "within_300m": true }, "geometry": { "type": "Point", "coordinates": [ -371.786551261612829, 342401.357245723716915 ] } },
{ "type": "Feature", "properties": { "Hofname": "Elterleinplatz 9-12", "clean_address": "1170 Wien, Elterleinplatz", "Wohnungen": 111, "Lokale": 10, "addr_key": "1170 wien, elterleinplatz", "distance_to_ugs": 55.572935056019318, "distance_to_ubs": 1561.4901758877706, "building_id": 1189, "index_right": 785, "closest_ugbs_type": "L", "distance_to_ugbs": 55.572935056019318, "within_300m": true }, "geometry": { "type": "Point", "coordinates": [ -33.414558347663771, 342275.010829487699084 ] } },
{ "type": "Feature", "properties": { "Hofname": "Weidmanngasse 34", "clean_address": "1170 Wien, Weidmanngasse", "Wohnungen": 25, "Lokale": 0, "addr_key": "1170 wien, weidmanngasse", "distance_to_ugs": 111.59143394989395, "distance_to_ubs": 1341.4453722548478, "building_id": 1190, "index_right": 888, "closest_ugbs_type": "L", "distance_to_ugbs": 111.59143394989395, "within_300m": true }, "geometry": { "type": "Point", "coordinates": [ 88.723595083445332, 342662.452513057738543 ] } },
{ "type": "Feature", "properties": { "Hofname": "Hernalser Hauptstraße 69", "clean_address": "1170 Wien, Hernalser Hauptstraße", "Wohnungen": 79, "Lokale": 3, "addr_key": "1170 wien, hernalser hauptstraße", "distance_to_ugs": 104.04035207867261, "distance_to_ubs": 893.42580722303035, "building_id": 1191, "index_right": 777, "closest_ugbs_type": "L", "distance_to_ugbs": 104.04035207867261, "within_300m": true }, "geometry": { "type": "Point", "coordinates": [ 602.195436247251337, 342005.417531204759143 ] } },
{ "type": "Feature", "properties": { "Hofname": "Taubergasse 19", "clean_address": "1170 Wien, Taubergasse", "Wohnungen": 50, "Lokale": 1, "addr_key": "1170 wien, taubergasse", "distance_to_ugs": 50.000224925940785, "distance_to_ubs": 1668.3961057440754, "building_id": 1192, "index_right": 782, "closest_ugbs_type": "L", "distance_to_ugbs": 50.000224925940785, "within_300m": true }, "geometry": { "type": "Point", "coordinates": [ -390.765501934719339, 341963.540030744858086 ] } },
{ "type": "Feature", "properties": { "Hofname": "Rötzergasse 17", "clean_address": "1170 Wien, Rötzergasse", "Wohnungen": 77, "Lokale": 5, "addr_key": "1170 wien, rötzergasse", "distance_to_ugs": 62.884926911902689, "distance_to_ubs": 1605.8407089974162, "building_id": 1193, "index_right": 787, "closest_ugbs_type": "L", "distance_to_ugbs": 62.884926911902689, "within_300m": true }, "geometry": { "type": "Point", "coordinates": [ -186.393203367367903, 342354.017476141394582 ] } },
{ "type": "Feature", "properties": { "Hofname": "Beheimgasse 59", "clean_address": "1170 Wien, Beheimgasse", "Wohnungen": 19, "Lokale": 1, "addr_key": "1170 wien, beheimgasse", "distance_to_ugs": 246.76980838522968, "distance_to_ubs": 1038.6395818374219, "building_id": 1194, "index_right": 885, "closest_ugbs_type": "L", "distance_to_ugbs": 246.76980838522968, "within_300m": true }, "geometry": { "type": "Point", "coordinates": [ 512.644540859180324, 342290.582939607091248 ] } },
{ "type": "Feature", "properties": { "Hofname": "Kalvarienberggasse 31", "clean_address": "1170 Wien, Kalvarienberggasse", "Wohnungen": 0, "Lokale": 1, "addr_key": "1170 wien, kalvarienberggasse", "distance_to_ugs": 149.08827433784893, "distance_to_ubs": 1531.620098786512, "building_id": 1195, "index_right": 773, "closest_ugbs_type": "L", "distance_to_ugbs": 149.08827433784893, "within_300m": true }, "geometry": { "type": "Point", "coordinates": [ -35.166214839423844, 341861.931614759378135 ] } },
{ "type": "Feature", "properties": { "Hofname": "Scheibenbergstraße 71", "clean_address": "1180 Wien, Scheibenbergstraße", "Wohnungen": 1, "Lokale": 5, "addr_key": "1180 wien, scheibenbergstraße", "distance_to_ugs": 126.00022050105147, "distance_to_ubs": 432.73197677926925, "building_id": 1196, "index_right": 902, "closest_ugbs_type": "L", "distance_to_ugbs": 126.00022050105147, "within_300m": true }, "geometry": { "type": "Point", "coordinates": [ -1065.221209520889033, 343828.426830393262208 ] } },
{ "type": "Feature", "properties": { "Hofname": "Lacknergasse 96", "clean_address": "1180 Wien, Lacknergasse", "Wohnungen": 31, "Lokale": 8, "addr_key": "1180 wien, lacknergasse", "distance_to_ugs": 123.8599470124573, "distance_to_ubs": 886.23457884565278, "building_id": 1197, "index_right": 893, "closest_ugbs_type": "L", "distance_to_ugbs": 123.8599470124573, "within_300m": true }, "geometry": { "type": "Point", "coordinates": [ 53.931337600525303, 343117.453498552553356 ] } },
{ "type": "Feature", "properties": { "Hofname": "Schopenhauerstraße 86", "clean_address": "1180 Wien, Schopenhauerstraße", "Wohnungen": 13, "Lokale": 1, "addr_key": "1180 wien, schopenhauerstraße", "distance_to_ugs": 106.67943731660097, "distance_to_ubs": 664.69839338734926, "building_id": 1198, "index_right": 799, "closest_ugbs_type": "L", "distance_to_ugbs": 106.67943731660097, "within_300m": true }, "geometry": { "type": "Point", "coordinates": [ 1179.278162567549771, 342787.533605595119298 ] } },
{ "type": "Feature", "properties": { "Hofname": "Weimarer Straße 1", "clean_address": "1180 Wien, Weimarer Straße", "Wohnungen": 23, "Lokale": 3, "addr_key": "1180 wien, weimarer straße", "distance_to_ugs": 301.65237447198086, "distance_to_ubs": 730.58204916394925, "building_id": 1199, "index_right": 892, "closest_ugbs_type": "L", "distance_to_ugbs": 301.65237447198086, "within_300m": false }, "geometry": { "type": "Point", "coordinates": [ 723.046826026508256, 343445.823827356100082 ] } },
{ "type": "Feature", "properties": { "Hofname": "Gentzgasse 45", "clean_address": "1180 Wien, Gentzgasse", "Wohnungen": 27, "Lokale": 4, "addr_key": "1180 wien, gentzgasse", "distance_to_ugs": 349.19067666510711, "distance_to_ubs": 462.01716758282549, "building_id": 1200, "index_right": 894, "closest_ugbs_type": "L", "distance_to_ugbs": 349.19067666510711, "within_300m": false }, "geometry": { "type": "Point", "coordinates": [ -83.620858802681965, 343529.680500137037598 ] } },
{ "type": "Feature", "properties": { "Hofname": "Gentzgasse 79", "clean_address": "1180 Wien, Gentzgasse", "Wohnungen": 18, "Lokale": 4, "addr_key": "1180 wien, gentzgasse", "distance_to_ugs": 349.19067666510711, "distance_to_ubs": 462.01716758282549, "building_id": 1201, "index_right": 894, "closest_ugbs_type": "L", "distance_to_ugbs": 349.19067666510711, "within_300m": false }, "geometry": { "type": "Point", "coordinates": [ -83.620858802681965, 343529.680500137037598 ] } },
{ "type": "Feature", "properties": { "Hofname": "Antonigasse 100", "clean_address": "1180 Wien, Antonigasse", "Wohnungen": 13, "Lokale": 2, "addr_key": "1180 wien, antonigasse", "distance_to_ugs": 113.62456365017432, "distance_to_ubs": 1012.0955895657819, "building_id": 1202, "index_right": 887, "closest_ugbs_type": "L", "distance_to_ugbs": 113.62456365017432, "within_300m": true }, "geometry": { "type": "Point", "coordinates": [ 630.669942945831622, 342545.748037093318999 ] } },
{ "type": "Feature", "properties": { "Hofname": "Währinger Straße 188-190", "clean_address": "1180 Wien, Währinger Straße", "Wohnungen": 269, "Lokale": 14, "addr_key": "1180 wien, währinger straße", "distance_to_ugs": 140.40911382366826, "distance_to_ubs": 323.38802535088792, "building_id": 1203, "index_right": 763, "closest_ugbs_type": "L", "distance_to_ugbs": 140.40911382366826, "within_300m": true }, "geometry": { "type": "Point", "coordinates": [ 2009.701289052778293, 342119.295076690614223 ] } },
{ "type": "Feature", "properties": { "Hofname": "Mollgasse 3-5", "clean_address": "1180 Wien, Mollgasse", "Wohnungen": 51, "Lokale": 6, "addr_key": "1180 wien, mollgasse", "distance_to_ugs": 19.749643151904568, "distance_to_ubs": 402.70361121480033, "building_id": 1204, "index_right": 912, "closest_ugbs_type": "L", "distance_to_ugbs": 19.749643151904568, "within_300m": true }, "geometry": { "type": "Point", "coordinates": [ 1249.422503753937463, 343574.240130005404353 ] } },
{ "type": "Feature", "properties": { "Hofname": "Hockegasse 9", "clean_address": "1180 Wien, Hockegasse", "Wohnungen": 33, "Lokale": 4, "addr_key": "1180 wien, hockegasse", "distance_to_ugs": 113.90350360656925, "distance_to_ubs": 799.79780439940771, "building_id": 1205, "index_right": 846, "closest_ugbs_type": "L", "distance_to_ugbs": 113.90350360656925, "within_300m": true }, "geometry": { "type": "Point", "coordinates": [ -1371.510912626134996, 344455.272262015379965 ] } },
{ "type": "Feature", "properties": { "Hofname": "Weimarer Straße 8-10", "clean_address": "1180 Wien, Weimarer Straße", "Wohnungen": 66, "Lokale": 4, "addr_key": "1180 wien, weimarer straße", "distance_to_ugs": 301.65237447198086, "distance_to_ubs": 730.58204916394925, "building_id": 1206, "index_right": 892, "closest_ugbs_type": "L", "distance_to_ugbs": 301.65237447198086, "within_300m": false }, "geometry": { "type": "Point", "coordinates": [ 723.046826026508256, 343445.823827356100082 ] } },
{ "type": "Feature", "properties": { "Hofname": "Köhlergasse 1-3", "clean_address": "1180 Wien, Köhlergasse", "Wohnungen": 33, "Lokale": 5, "addr_key": "1180 wien, köhlergasse", "distance_to_ugs": 228.88665325921485, "distance_to_ubs": 469.14243042934299, "building_id": 1207, "index_right": 894, "closest_ugbs_type": "L", "distance_to_ugbs": 228.88665325921485, "within_300m": true }, "geometry": { "type": "Point", "coordinates": [ 138.733683520722963, 343581.21264208946377 ] } },
{ "type": "Feature", "properties": { "Hofname": "Rudolf-Sigmund-Hof", "clean_address": "1180 Wien, Gersthofer Straße", "Wohnungen": 273, "Lokale": 20, "addr_key": "1180 wien, gersthofer straße", "distance_to_ugs": 247.95488982876071, "distance_to_ubs": 289.19023158337222, "building_id": 1208, "index_right": 927, "closest_ugbs_type": "R", "distance_to_ugbs": 247.95488982876071, "within_300m": true }, "geometry": { "type": "Point", "coordinates": [ -254.124131442818708, 343744.327247724868357 ] } },
{ "type": "Feature", "properties": { "Hofname": "Währinger Straße 165", "clean_address": "1180 Wien, Währinger Straße", "Wohnungen": 9, "Lokale": 3, "addr_key": "1180 wien, währinger straße", "distance_to_ugs": 140.40911382366826, "distance_to_ubs": 323.38802535088792, "building_id": 1209, "index_right": 763, "closest_ugbs_type": "L", "distance_to_ugbs": 140.40911382366826, "within_300m": true }, "geometry": { "type": "Point", "coordinates": [ 2009.701289052778293, 342119.295076690614223 ] } },
{ "type": "Feature", "properties": { "Hofname": "Staudgasse 48-50", "clean_address": "1180 Wien, Staudgasse", "Wohnungen": 15, "Lokale": 1, "addr_key": "1180 wien, staudgasse", "distance_to_ugs": 12.787018535483389, "distance_to_ubs": 720.17308177947405, "building_id": 1210, "index_right": 799, "closest_ugbs_type": "L", "distance_to_ugbs": 12.787018535483389, "within_300m": true }, "geometry": { "type": "Point", "coordinates": [ 1075.504773668998268, 342802.641055678017437 ] } },
{ "type": "Feature", "properties": { "Hofname": "Albrecht-Konecny-Hof", "clean_address": "1180 Wien, Schöffelgasse", "Wohnungen": 64, "Lokale": 6, "addr_key": "1180 wien, schöffelgasse", "distance_to_ugs": 157.73804714324532, "distance_to_ubs": 313.76866448940865, "building_id": 1211, "index_right": 903, "closest_ugbs_type": "L", "distance_to_ugbs": 157.73804714324532, "within_300m": true }, "geometry": { "type": "Point", "coordinates": [ -402.217214758020702, 343843.907789372839034 ] } },
{ "type": "Feature", "properties": { "Hofname": "Pötzleinsdorfer Straße 100", "clean_address": "1180 Wien, Pötzleinsdorfer Straße", "Wohnungen": 27, "Lokale": 3, "addr_key": "1180 wien, pötzleinsdorfer straße", "distance_to_ugs": 89.195910530894096, "distance_to_ubs": 914.00697589399192, "building_id": 1212, "index_right": 847, "closest_ugbs_type": "L", "distance_to_ugbs": 89.195910530894096, "within_300m": true }, "geometry": { "type": "Point", "coordinates": [ -1124.513404137619773, 344506.555449040606618 ] } },
{ "type": "Feature", "properties": { "Hofname": "Gabriele-Proft-Hof", "clean_address": "1180 Wien, Messerschmidtgasse", "Wohnungen": 131, "Lokale": 4, "addr_key": "1180 wien, messerschmidtgasse", "distance_to_ugs": 169.16886188458258, "distance_to_ubs": 562.83753149237987, "building_id": 1213, "index_right": 902, "closest_ugbs_type": "L", "distance_to_ugbs": 169.16886188458258, "within_300m": true }, "geometry": { "type": "Point", "coordinates": [ -823.830828086534211, 343688.446088676340878 ] } },
{ "type": "Feature", "properties": { "Hofname": "Teschnergasse 20", "clean_address": "1180 Wien, Teschnergasse", "Wohnungen": 47, "Lokale": 0, "addr_key": "1180 wien, teschnergasse", "distance_to_ugs": 46.176849322756055, "distance_to_ubs": 1263.1331348890451, "building_id": 1214, "index_right": 889, "closest_ugbs_type": "L", "distance_to_ugbs": 46.176849322756055, "within_300m": true }, "geometry": { "type": "Point", "coordinates": [ 279.143997245165281, 342783.807141548022628 ] } },
{ "type": "Feature", "properties": { "Hofname": "Simonygasse 2b", "clean_address": "1180 Wien, Simonygasse", "Wohnungen": 125, "Lokale": 15, "addr_key": "1180 wien, simonygasse", "distance_to_ugs": 342.64676256704257, "distance_to_ubs": 376.96028005449642, "building_id": 1215, "index_right": 927, "closest_ugbs_type": "R", "distance_to_ugbs": 342.64676256704257, "within_300m": false }, "geometry": { "type": "Point", "coordinates": [ -212.026327109139402, 343632.460832608863711 ] } },
{ "type": "Feature", "properties": { "Hofname": "Sternwartestraße 29", "clean_address": "1180 Wien, Sternwartestraße", "Wohnungen": 16, "Lokale": 0, "addr_key": "1180 wien, sternwartestraße", "distance_to_ugs": 186.29904160738306, "distance_to_ubs": 540.62499148218342, "building_id": 1216, "index_right": 912, "closest_ugbs_type": "L", "distance_to_ugbs": 186.29904160738306, "within_300m": true }, "geometry": { "type": "Point", "coordinates": [ 1049.612138508819953, 343464.983136063441634 ] } },
{ "type": "Feature", "properties": { "Hofname": "Michaelerstraße 30", "clean_address": "1180 Wien, Michaelerstraße", "Wohnungen": 34, "Lokale": 3, "addr_key": "1180 wien, michaelerstraße", "distance_to_ugs": 266.77561376849445, "distance_to_ubs": 666.7407691925365, "building_id": 1217, "index_right": 912, "closest_ugbs_type": "L", "distance_to_ugbs": 266.77561376849445, "within_300m": true }, "geometry": { "type": "Point", "coordinates": [ 917.274174199480626, 343447.009180305525661 ] } },
{ "type": "Feature", "properties": { "Hofname": "Paulinengasse 13", "clean_address": "1180 Wien, Paulinengasse", "Wohnungen": 27, "Lokale": 6, "addr_key": "1180 wien, paulinengasse", "distance_to_ugs": 293.69543871736266, "distance_to_ubs": 898.32488322958864, "building_id": 1218, "index_right": 893, "closest_ugbs_type": "L", "distance_to_ugbs": 293.69543871736266, "within_300m": true }, "geometry": { "type": "Point", "coordinates": [ -114.505157891022833, 343093.511704850941896 ] } },
{ "type": "Feature", "properties": { "Hofname": "Czartoryskigasse 62-68", "clean_address": "1180 Wien, Czartoryskigasse", "Wohnungen": 186, "Lokale": 5, "addr_key": "1180 wien, czartoryskigasse", "distance_to_ugs": 162.70146168318564, "distance_to_ubs": 62.431248981248089, "building_id": 1219, "index_right": 2672, "closest_ugbs_type": "B", "distance_to_ugbs": 62.431248981248089, "within_300m": true }, "geometry": { "type": "Point", "coordinates": [ -1304.676474331615736, 343542.161016716621816 ] } },
{ "type": "Feature", "properties": { "Hofname": "Kreuzgasse 32", "clean_address": "1180 Wien, Kreuzgasse", "Wohnungen": 14, "Lokale": 2, "addr_key": "1180 wien, kreuzgasse", "distance_to_ugs": 235.5604777859366, "distance_to_ubs": 888.96455043624644, "building_id": 1220, "index_right": 893, "closest_ugbs_type": "L", "distance_to_ugbs": 235.5604777859366, "within_300m": true }, "geometry": { "type": "Point", "coordinates": [ -57.205280045829937, 343103.34863899089396 ] } },
{ "type": "Feature", "properties": { "Hofname": "Plenergasse 12-14", "clean_address": "1180 Wien, Plenergasse", "Wohnungen": 42, "Lokale": 3, "addr_key": "1180 wien, plenergasse", "distance_to_ugs": 26.783645853156479, "distance_to_ubs": 967.03020786712784, "building_id": 1221, "index_right": 892, "closest_ugbs_type": "L", "distance_to_ugbs": 26.783645853156479, "within_300m": true }, "geometry": { "type": "Point", "coordinates": [ 455.975407813734989, 343122.432080577127635 ] } },
{ "type": "Feature", "properties": { "Hofname": "Wielemansgasse 18-22", "clean_address": "1180 Wien, Wielemansgasse", "Wohnungen": 65, "Lokale": 6, "addr_key": "1180 wien, wielemansgasse", "distance_to_ugs": 154.03026881866873, "distance_to_ubs": 799.47865068070416, "building_id": 1222, "index_right": 901, "closest_ugbs_type": "L", "distance_to_ugbs": 154.03026881866873, "within_300m": true }, "geometry": { "type": "Point", "coordinates": [ -578.433163059688127, 343296.417497471906245 ] } },
{ "type": "Feature", "properties": { "Hofname": "Gymnasiumstraße 38", "clean_address": "1180 Wien, Gymnasiumstraße", "Wohnungen": 27, "Lokale": 4, "addr_key": "1180 wien, gymnasiumstraße", "distance_to_ugs": 214.38003339118615, "distance_to_ubs": 650.89716037797302, "building_id": 1223, "index_right": 912, "closest_ugbs_type": "L", "distance_to_ugbs": 214.38003339118615, "within_300m": true }, "geometry": { "type": "Point", "coordinates": [ 943.130707719424663, 343493.758551171049476 ] } },
{ "type": "Feature", "properties": { "Hofname": "Martinstraße 85", "clean_address": "1180 Wien, Martinstraße", "Wohnungen": 16, "Lokale": 0, "addr_key": "1180 wien, martinstraße", "distance_to_ugs": 80.846524064175526, "distance_to_ubs": 978.66444188229559, "building_id": 1224, "index_right": 887, "closest_ugbs_type": "L", "distance_to_ugbs": 80.846524064175526, "within_300m": true }, "geometry": { "type": "Point", "coordinates": [ 657.198549110592126, 342523.966522683389485 ] } },
{ "type": "Feature", "properties": { "Hofname": "Peter-Jordan-Straße 81", "clean_address": "1180 Wien, Peter-Jordan-Straße", "Wohnungen": 151, "Lokale": 13, "addr_key": "1180 wien, peter-jordan-straße", "distance_to_ugs": 308.20055370942464, "distance_to_ubs": 783.95994049342096, "building_id": 1225, "index_right": 912, "closest_ugbs_type": "L", "distance_to_ugbs": 308.20055370942464, "within_300m": false }, "geometry": { "type": "Point", "coordinates": [ 1201.924032292905395, 344235.289062173280399 ] } },
{ "type": "Feature", "properties": { "Hofname": "Theresiengasse 69-71", "clean_address": "1180 Wien, Theresiengasse", "Wohnungen": 29, "Lokale": 2, "addr_key": "1180 wien, theresiengasse", "distance_to_ugs": 29.713933071283517, "distance_to_ubs": 922.8328486156388, "building_id": 1226, "index_right": 887, "closest_ugbs_type": "L", "distance_to_ugbs": 29.713933071283517, "within_300m": true }, "geometry": { "type": "Point", "coordinates": [ 734.905919746083214, 342551.503868163563311 ] } },
{ "type": "Feature", "properties": { "Hofname": "Leitermayergasse 52", "clean_address": "1180 Wien, Leitermayergasse", "Wohnungen": 35, "Lokale": 0, "addr_key": "1180 wien, leitermayergasse", "distance_to_ugs": 43.106547958597325, "distance_to_ubs": 1338.0506775433034, "building_id": 1227, "index_right": 889, "closest_ugbs_type": "L", "distance_to_ugbs": 43.106547958597325, "within_300m": true }, "geometry": { "type": "Point", "coordinates": [ 358.11368648446404, 342728.143138182349503 ] } },
{ "type": "Feature", "properties": { "Hofname": "Karlweisgasse 41", "clean_address": "1180 Wien, Karlweisgasse", "Wohnungen": 53, "Lokale": 6, "addr_key": "1180 wien, karlweisgasse", "distance_to_ugs": 174.46980416531378, "distance_to_ubs": 713.50057599232377, "building_id": 1228, "index_right": 917, "closest_ugbs_type": "L", "distance_to_ugbs": 174.46980416531378, "within_300m": true }, "geometry": { "type": "Point", "coordinates": [ -886.306969660125674, 344561.075816729106009 ] } },
{ "type": "Feature", "properties": { "Hofname": "Billrothstraße 77", "clean_address": "1190 Wien, Billrothstraße", "Wohnungen": 22, "Lokale": 1, "addr_key": "1190 wien, billrothstraße", "distance_to_ugs": 105.85153672970188, "distance_to_ubs": 722.99660429341441, "building_id": 1229, "index_right": 912, "closest_ugbs_type": "L", "distance_to_ugbs": 105.85153672970188, "within_300m": true }, "geometry": { "type": "Point", "coordinates": [ 1373.50150941668312, 344031.472506693680771 ] } },
{ "type": "Feature", "properties": { "Hofname": "Krottenbachstraße 40", "clean_address": "1190 Wien, Krottenbachstraße", "Wohnungen": 55, "Lokale": 9, "addr_key": "1190 wien, krottenbachstraße", "distance_to_ugs": 35.011924901007511, "distance_to_ubs": 567.05475538888061, "building_id": 1230, "index_right": 937, "closest_ugbs_type": "L", "distance_to_ugbs": 35.011924901007511, "within_300m": true }, "geometry": { "type": "Point", "coordinates": [ 1209.947841832267159, 344707.3927888199687 ] } },
{ "type": "Feature", "properties": { "Hofname": "Krottenbachstraße 37", "clean_address": "1190 Wien, Krottenbachstraße", "Wohnungen": 13, "Lokale": 3, "addr_key": "1190 wien, krottenbachstraße", "distance_to_ugs": 35.011924901007511, "distance_to_ubs": 567.05475538888061, "building_id": 1231, "index_right": 937, "closest_ugbs_type": "L", "distance_to_ugbs": 35.011924901007511, "within_300m": true }, "geometry": { "type": "Point", "coordinates": [ 1209.947841832267159, 344707.3927888199687 ] } },
{ "type": "Feature", "properties": { "Hofname": "Ruthgasse 7", "clean_address": "1190 Wien, Ruthgasse", "Wohnungen": 51, "Lokale": 10, "addr_key": "1190 wien, ruthgasse", "distance_to_ugs": 18.03425565887586, "distance_to_ubs": 388.02909481955032, "building_id": 1232, "index_right": 944, "closest_ugbs_type": "L", "distance_to_ugbs": 18.03425565887586, "within_300m": true }, "geometry": { "type": "Point", "coordinates": [ 1307.740689934078546, 345218.063759262673557 ] } },
{ "type": "Feature", "properties": { "Hofname": "Schegargasse 17", "clean_address": "1190 Wien, Schegargasse", "Wohnungen": 58, "Lokale": 3, "addr_key": "1190 wien, schegargasse", "distance_to_ugs": 140.78349695706234, "distance_to_ubs": 807.11547586547681, "building_id": 1233, "index_right": 912, "closest_ugbs_type": "L", "distance_to_ugbs": 140.78349695706234, "within_300m": true }, "geometry": { "type": "Point", "coordinates": [ 1243.730645822840415, 344073.139401335269213 ] } },
{ "type": "Feature", "properties": { "Hofname": "Döblinger Gürtel 10", "clean_address": "1190 Wien, Döblinger Gürtel", "Wohnungen": 33, "Lokale": 2, "addr_key": "1190 wien, döblinger gürtel", "distance_to_ugs": 174.02235755144849, "distance_to_ubs": 481.93232053859259, "building_id": 1234, "index_right": 914, "closest_ugbs_type": "L", "distance_to_ugbs": 174.02235755144849, "within_300m": true }, "geometry": { "type": "Point", "coordinates": [ 1677.788695156418726, 344024.268587893806398 ] } },
{ "type": "Feature", "properties": { "Hofname": "Heiligenstädter Straße 146", "clean_address": "1190 Wien, Heiligenstädter Straße", "Wohnungen": 34, "Lokale": 2, "addr_key": "1190 wien, heiligenstädter straße", "distance_to_ugs": 24.819517170806559, "distance_to_ubs": 434.19575403232938, "building_id": 1235, "index_right": 913, "closest_ugbs_type": "L", "distance_to_ugbs": 24.819517170806559, "within_300m": true }, "geometry": { "type": "Point", "coordinates": [ 1730.519931850968987, 343807.250449839048088 ] } },
{ "type": "Feature", "properties": { "Hofname": "Budinskygasse 10", "clean_address": "1190 Wien, Budinskygasse", "Wohnungen": 70, "Lokale": 4, "addr_key": "1190 wien, budinskygasse", "distance_to_ugs": 25.471464460472514, "distance_to_ubs": 686.85582521891797, "building_id": 1236, "index_right": 930, "closest_ugbs_type": "L", "distance_to_ugbs": 25.471464460472514, "within_300m": true }, "geometry": { "type": "Point", "coordinates": [ 334.114221149896252, 344922.049548859708011 ] } },
{ "type": "Feature", "properties": { "Hofname": "Neustift am Walde 69-71", "clean_address": "1190 Wien, Neustift am Walde", "Wohnungen": 23, "Lokale": 1, "addr_key": "1190 wien, neustift am walde", "distance_to_ugs": 23.511100654889098, "distance_to_ubs": 471.70554596664192, "building_id": 1237, "index_right": 874, "closest_ugbs_type": "L", "distance_to_ugbs": 23.511100654889098, "within_300m": true }, "geometry": { "type": "Point", "coordinates": [ -1802.15669598589011, 345461.93447623681277 ] } },
{ "type": "Feature", "properties": { "Hofname": "Ella-Briggs-Hof", "clean_address": "1190 Wien, Philippovichgasse", "Wohnungen": 43, "Lokale": 2, "addr_key": "1190 wien, philippovichgasse", "distance_to_ugs": 46.278957894205753, "distance_to_ubs": 570.57528408537792, "building_id": 1238, "index_right": 912, "closest_ugbs_type": "L", "distance_to_ugbs": 46.278957894205753, "within_300m": true }, "geometry": { "type": "Point", "coordinates": [ 1432.083526401929475, 343889.505399917135946 ] } },
{ "type": "Feature", "properties": { "Hofname": "Sieveringer Straße 25", "clean_address": "1190 Wien, Sieveringer Straße", "Wohnungen": 23, "Lokale": 5, "addr_key": "1190 wien, sieveringer straße", "distance_to_ugs": 72.370615613368287, "distance_to_ubs": 935.54916034841233, "building_id": 1239, "index_right": 932, "closest_ugbs_type": "L", "distance_to_ugbs": 72.370615613368287, "within_300m": true }, "geometry": { "type": "Point", "coordinates": [ 746.000942270833661, 345254.884195219143294 ] } },
{ "type": "Feature", "properties": { "Hofname": "Scherpegasse 1a", "clean_address": "1190 Wien, Scherpegasse", "Wohnungen": 25, "Lokale": 1, "addr_key": "1190 wien, scherpegasse", "distance_to_ugs": 60.830949828681746, "distance_to_ubs": 655.84171039967623, "building_id": 1240, "index_right": 930, "closest_ugbs_type": "L", "distance_to_ugbs": 60.830949828681746, "within_300m": true }, "geometry": { "type": "Point", "coordinates": [ 423.163574706887402, 344876.371694020926952 ] } },
{ "type": "Feature", "properties": { "Hofname": "Heiligenstädter Straße 166-168", "clean_address": "1190 Wien, Heiligenstädter Straße", "Wohnungen": 91, "Lokale": 7, "addr_key": "1190 wien, heiligenstädter straße", "distance_to_ugs": 24.819517170806559, "distance_to_ubs": 434.19575403232938, "building_id": 1241, "index_right": 913, "closest_ugbs_type": "L", "distance_to_ugbs": 24.819517170806559, "within_300m": true }, "geometry": { "type": "Point", "coordinates": [ 1730.519931850968987, 343807.250449839048088 ] } },
{ "type": "Feature", "properties": { "Hofname": "Krottenbachstraße 183", "clean_address": "1190 Wien, Krottenbachstraße", "Wohnungen": 14, "Lokale": 1, "addr_key": "1190 wien, krottenbachstraße", "distance_to_ugs": 35.011924901007511, "distance_to_ubs": 567.05475538888061, "building_id": 1242, "index_right": 937, "closest_ugbs_type": "L", "distance_to_ugbs": 35.011924901007511, "within_300m": true }, "geometry": { "type": "Point", "coordinates": [ 1209.947841832267159, 344707.3927888199687 ] } },
{ "type": "Feature", "properties": { "Hofname": "Heiligenstädter Straße 163", "clean_address": "1190 Wien, Heiligenstädter Straße", "Wohnungen": 152, "Lokale": 9, "addr_key": "1190 wien, heiligenstädter straße", "distance_to_ugs": 24.819517170806559, "distance_to_ubs": 434.19575403232938, "building_id": 1243, "index_right": 913, "closest_ugbs_type": "L", "distance_to_ugbs": 24.819517170806559, "within_300m": true }, "geometry": { "type": "Point", "coordinates": [ 1730.519931850968987, 343807.250449839048088 ] } },
{ "type": "Feature", "properties": { "Hofname": "Kahlenberger Straße 7-9", "clean_address": "1190 Wien, Kahlenberger Straße", "Wohnungen": 42, "Lokale": 1, "addr_key": "1190 wien, kahlenberger straße", "distance_to_ugs": 203.33220097294966, "distance_to_ubs": 238.30644152713197, "building_id": 1244, "index_right": 1758, "closest_ugbs_type": "L", "distance_to_ugbs": 203.33220097294966, "within_300m": true }, "geometry": { "type": "Point", "coordinates": [ 2402.697603996837643, 346729.157236130908132 ] } },
{ "type": "Feature", "properties": { "Hofname": "Grinzinger Straße 123-131", "clean_address": "1190 Wien, Grinzinger Straße", "Wohnungen": 58, "Lokale": 1, "addr_key": "1190 wien, grinzinger straße", "distance_to_ugs": 195.37183483663131, "distance_to_ubs": 878.28771814884988, "building_id": 1245, "index_right": 1734, "closest_ugbs_type": "L", "distance_to_ugbs": 195.37183483663131, "within_300m": true }, "geometry": { "type": "Point", "coordinates": [ 988.391347221153637, 346182.483009361661971 ] } },
{ "type": "Feature", "properties": { "Hofname": "Probusgasse 14-16", "clean_address": "1190 Wien, Probusgasse", "Wohnungen": 21, "Lokale": 3, "addr_key": "1190 wien, probusgasse", "distance_to_ugs": 94.040142941971311, "distance_to_ubs": 337.56981283108797, "building_id": 1246, "index_right": 1736, "closest_ugbs_type": "L", "distance_to_ugbs": 94.040142941971311, "within_300m": true }, "geometry": { "type": "Point", "coordinates": [ 1787.960273693694717, 346269.91985600173939 ] } },
{ "type": "Feature", "properties": { "Hofname": "Silbergasse 4", "clean_address": "1190 Wien, Silbergasse", "Wohnungen": 69, "Lokale": 7, "addr_key": "1190 wien, silbergasse", "distance_to_ugs": 31.76126737916114, "distance_to_ubs": 396.42096039215852, "building_id": 1247, "index_right": 944, "closest_ugbs_type": "L", "distance_to_ugbs": 31.76126737916114, "within_300m": true }, "geometry": { "type": "Point", "coordinates": [ 1282.896554656348144, 345177.539734663441777 ] } },
{ "type": "Feature", "properties": { "Hofname": "Boschstraße 20-22", "clean_address": "1190 Wien, Boschstraße", "Wohnungen": 166, "Lokale": 4, "addr_key": "1190 wien, boschstraße", "distance_to_ugs": 68.899183825706658, "distance_to_ubs": 231.44369774236606, "building_id": 1248, "index_right": 1730, "closest_ugbs_type": "L", "distance_to_ugbs": 68.899183825706658, "within_300m": true }, "geometry": { "type": "Point", "coordinates": [ 2591.921044171423091, 346284.257861860096455 ] } },
{ "type": "Feature", "properties": { "Hofname": "Weinberggasse 17", "clean_address": "1190 Wien, Weinberggasse", "Wohnungen": 231, "Lokale": 9, "addr_key": "1190 wien, weinberggasse", "distance_to_ugs": 22.843351659169869, "distance_to_ubs": 406.52576951944786, "building_id": 1249, "index_right": 922, "closest_ugbs_type": "L", "distance_to_ugbs": 22.843351659169869, "within_300m": true }, "geometry": { "type": "Point", "coordinates": [ -53.73593944607385, 345030.39804042968899 ] } },
{ "type": "Feature", "properties": { "Hofname": "Heiligenstädter Straße 165", "clean_address": "1190 Wien, Heiligenstädter Straße", "Wohnungen": 127, "Lokale": 6, "addr_key": "1190 wien, heiligenstädter straße", "distance_to_ugs": 24.819517170806559, "distance_to_ubs": 434.19575403232938, "building_id": 1250, "index_right": 913, "closest_ugbs_type": "L", "distance_to_ugbs": 24.819517170806559, "within_300m": true }, "geometry": { "type": "Point", "coordinates": [ 1730.519931850968987, 343807.250449839048088 ] } },
{ "type": "Feature", "properties": { "Hofname": "Krottenbachstraße 90-92", "clean_address": "1190 Wien, Krottenbachstraße", "Wohnungen": 105, "Lokale": 3, "addr_key": "1190 wien, krottenbachstraße", "distance_to_ugs": 35.011924901007511, "distance_to_ubs": 567.05475538888061, "building_id": 1251, "index_right": 937, "closest_ugbs_type": "L", "distance_to_ugbs": 35.011924901007511, "within_300m": true }, "geometry": { "type": "Point", "coordinates": [ 1209.947841832267159, 344707.3927888199687 ] } },
{ "type": "Feature", "properties": { "Hofname": "Heiligenstädter Straße 129", "clean_address": "1190 Wien, Heiligenstädter Straße", "Wohnungen": 47, "Lokale": 1, "addr_key": "1190 wien, heiligenstädter straße", "distance_to_ugs": 24.819517170806559, "distance_to_ubs": 434.19575403232938, "building_id": 1252, "index_right": 913, "closest_ugbs_type": "L", "distance_to_ugbs": 24.819517170806559, "within_300m": true }, "geometry": { "type": "Point", "coordinates": [ 1730.519931850968987, 343807.250449839048088 ] } },
{ "type": "Feature", "properties": { "Hofname": "Rudolf-Sarközi-Hof", "clean_address": "1190 Wien, Springsiedelgasse", "Wohnungen": 181, "Lokale": 5, "addr_key": "1190 wien, springsiedelgasse", "distance_to_ugs": 82.052258809583847, "distance_to_ubs": 413.66648511399671, "building_id": 1253, "index_right": 1736, "closest_ugbs_type": "L", "distance_to_ugbs": 82.052258809583847, "within_300m": true }, "geometry": { "type": "Point", "coordinates": [ 1604.849707543591876, 346180.978738336823881 ] } },
{ "type": "Feature", "properties": { "Hofname": "Grinzinger Straße 49", "clean_address": "1190 Wien, Grinzinger Straße", "Wohnungen": 18, "Lokale": 0, "addr_key": "1190 wien, grinzinger straße", "distance_to_ugs": 195.37183483663131, "distance_to_ubs": 878.28771814884988, "building_id": 1254, "index_right": 1734, "closest_ugbs_type": "L", "distance_to_ugbs": 195.37183483663131, "within_300m": true }, "geometry": { "type": "Point", "coordinates": [ 988.391347221153637, 346182.483009361661971 ] } },
{ "type": "Feature", "properties": { "Hofname": "Flotowgasse 7", "clean_address": "1190 Wien, Flotowgasse", "Wohnungen": 176, "Lokale": 4, "addr_key": "1190 wien, flotowgasse", "distance_to_ugs": 120.55135705168792, "distance_to_ubs": 668.35319129983111, "building_id": 1255, "index_right": 930, "closest_ugbs_type": "L", "distance_to_ugbs": 120.55135705168792, "within_300m": true }, "geometry": { "type": "Point", "coordinates": [ 520.658460597084286, 344858.77242970187217 ] } },
{ "type": "Feature", "properties": { "Hofname": "Krottenbachstraße 94-96", "clean_address": "1190 Wien, Krottenbachstraße", "Wohnungen": 89, "Lokale": 2, "addr_key": "1190 wien, krottenbachstraße", "distance_to_ugs": 35.011924901007511, "distance_to_ubs": 567.05475538888061, "building_id": 1256, "index_right": 937, "closest_ugbs_type": "L", "distance_to_ugbs": 35.011924901007511, "within_300m": true }, "geometry": { "type": "Point", "coordinates": [ 1209.947841832267159, 344707.3927888199687 ] } },
{ "type": "Feature", "properties": { "Hofname": "Weimarer Straße 110", "clean_address": "1190 Wien, Weimarer Straße", "Wohnungen": 34, "Lokale": 2, "addr_key": "1190 wien, weimarer straße", "distance_to_ugs": 301.65237447198086, "distance_to_ubs": 730.58204916394925, "building_id": 1257, "index_right": 892, "closest_ugbs_type": "L", "distance_to_ugbs": 301.65237447198086, "within_300m": false }, "geometry": { "type": "Point", "coordinates": [ 723.046826026508256, 343445.823827356100082 ] } },
{ "type": "Feature", "properties": { "Hofname": "Krottenbachstraße 39-41", "clean_address": "1190 Wien, Krottenbachstraße", "Wohnungen": 38, "Lokale": 0, "addr_key": "1190 wien, krottenbachstraße", "distance_to_ugs": 35.011924901007511, "distance_to_ubs": 567.05475538888061, "building_id": 1258, "index_right": 937, "closest_ugbs_type": "L", "distance_to_ugbs": 35.011924901007511, "within_300m": true }, "geometry": { "type": "Point", "coordinates": [ 1209.947841832267159, 344707.3927888199687 ] } },
{ "type": "Feature", "properties": { "Hofname": "Anton Proksch-Hof", "clean_address": "1190 Wien, Grinzinger Straße", "Wohnungen": 394, "Lokale": 26, "addr_key": "1190 wien, grinzinger straße", "distance_to_ugs": 195.37183483663131, "distance_to_ubs": 878.28771814884988, "building_id": 1259, "index_right": 1734, "closest_ugbs_type": "L", "distance_to_ugbs": 195.37183483663131, "within_300m": true }, "geometry": { "type": "Point", "coordinates": [ 988.391347221153637, 346182.483009361661971 ] } },
{ "type": "Feature", "properties": { "Hofname": "Heiligenstädter Straße 141-145", "clean_address": "1190 Wien, Heiligenstädter Straße", "Wohnungen": 283, "Lokale": 20, "addr_key": "1190 wien, heiligenstädter straße", "distance_to_ugs": 24.819517170806559, "distance_to_ubs": 434.19575403232938, "building_id": 1260, "index_right": 913, "closest_ugbs_type": "L", "distance_to_ugbs": 24.819517170806559, "within_300m": true }, "geometry": { "type": "Point", "coordinates": [ 1730.519931850968987, 343807.250449839048088 ] } },
{ "type": "Feature", "properties": { "Hofname": "Sieveringer Straße 163", "clean_address": "1190 Wien, Sieveringer Straße", "Wohnungen": 24, "Lokale": 2, "addr_key": "1190 wien, sieveringer straße", "distance_to_ugs": 72.370615613368287, "distance_to_ubs": 935.54916034841233, "building_id": 1261, "index_right": 932, "closest_ugbs_type": "L", "distance_to_ugbs": 72.370615613368287, "within_300m": true }, "geometry": { "type": "Point", "coordinates": [ 746.000942270833661, 345254.884195219143294 ] } },
{ "type": "Feature", "properties": { "Hofname": "Billrothstraße 61", "clean_address": "1190 Wien, Billrothstraße", "Wohnungen": 16, "Lokale": 1, "addr_key": "1190 wien, billrothstraße", "distance_to_ugs": 105.85153672970188, "distance_to_ubs": 722.99660429341441, "building_id": 1262, "index_right": 912, "closest_ugbs_type": "L", "distance_to_ugbs": 105.85153672970188, "within_300m": true }, "geometry": { "type": "Point", "coordinates": [ 1373.50150941668312, 344031.472506693680771 ] } },
{ "type": "Feature", "properties": { "Hofname": "Prof. Harry-Glöckner-Hof", "clean_address": "1190 Wien, Paradisgasse", "Wohnungen": 99, "Lokale": 6, "addr_key": "1190 wien, paradisgasse", "distance_to_ugs": 220.74448645505802, "distance_to_ubs": 319.99299067656403, "building_id": 1263, "index_right": 955, "closest_ugbs_type": "L", "distance_to_ugbs": 220.74448645505802, "within_300m": true }, "geometry": { "type": "Point", "coordinates": [ 1337.77118076870488, 345529.161175131797791 ] } },
{ "type": "Feature", "properties": { "Hofname": "Grinzinger Straße 2", "clean_address": "1190 Wien, Grinzinger Straße", "Wohnungen": 30, "Lokale": 5, "addr_key": "1190 wien, grinzinger straße", "distance_to_ugs": 195.37183483663131, "distance_to_ubs": 878.28771814884988, "building_id": 1264, "index_right": 1734, "closest_ugbs_type": "L", "distance_to_ugbs": 195.37183483663131, "within_300m": true }, "geometry": { "type": "Point", "coordinates": [ 988.391347221153637, 346182.483009361661971 ] } },
{ "type": "Feature", "properties": { "Hofname": "Mira-Lobe-Hof", "clean_address": "1190 Wien, Boschstraße", "Wohnungen": 273, "Lokale": 12, "addr_key": "1190 wien, boschstraße", "distance_to_ugs": 68.899183825706658, "distance_to_ubs": 231.44369774236606, "building_id": 1265, "index_right": 1730, "closest_ugbs_type": "L", "distance_to_ugbs": 68.899183825706658, "within_300m": true }, "geometry": { "type": "Point", "coordinates": [ 2591.921044171423091, 346284.257861860096455 ] } },
{ "type": "Feature", "properties": { "Hofname": "Hansi-Lang-Hof", "clean_address": "1190 Wien, Hutweidengasse", "Wohnungen": 110, "Lokale": 3, "addr_key": "1190 wien, hutweidengasse", "distance_to_ugs": 70.285598120111317, "distance_to_ubs": 645.27256827446638, "building_id": 1266, "index_right": 930, "closest_ugbs_type": "L", "distance_to_ugbs": 70.285598120111317, "within_300m": true }, "geometry": { "type": "Point", "coordinates": [ 411.62873405157876, 344868.154100216925144 ] } },
{ "type": "Feature", "properties": { "Hofname": "Richard-Stockinger-Hof", "clean_address": "1190 Wien, Cottagegasse", "Wohnungen": 56, "Lokale": 1, "addr_key": "1190 wien, cottagegasse", "distance_to_ugs": 195.83167463876686, "distance_to_ubs": 716.98534570611093, "building_id": 1267, "index_right": 892, "closest_ugbs_type": "L", "distance_to_ugbs": 195.83167463876686, "within_300m": true }, "geometry": { "type": "Point", "coordinates": [ 579.304509689514816, 343401.103283508680761 ] } },
{ "type": "Feature", "properties": { "Hofname": "Krottenbachstraße 69-73", "clean_address": "1190 Wien, Krottenbachstraße", "Wohnungen": 47, "Lokale": 9, "addr_key": "1190 wien, krottenbachstraße", "distance_to_ugs": 35.011924901007511, "distance_to_ubs": 567.05475538888061, "building_id": 1268, "index_right": 937, "closest_ugbs_type": "L", "distance_to_ugbs": 35.011924901007511, "within_300m": true }, "geometry": { "type": "Point", "coordinates": [ 1209.947841832267159, 344707.3927888199687 ] } },
{ "type": "Feature", "properties": { "Hofname": "Krottenbachstraße 42-46", "clean_address": "1190 Wien, Krottenbachstraße", "Wohnungen": 99, "Lokale": 9, "addr_key": "1190 wien, krottenbachstraße", "distance_to_ugs": 35.011924901007511, "distance_to_ubs": 567.05475538888061, "building_id": 1269, "index_right": 937, "closest_ugbs_type": "L", "distance_to_ugbs": 35.011924901007511, "within_300m": true }, "geometry": { "type": "Point", "coordinates": [ 1209.947841832267159, 344707.3927888199687 ] } },
{ "type": "Feature", "properties": { "Hofname": "Hameaustraße 2-4", "clean_address": "1190 Wien, Hameaustraße", "Wohnungen": 71, "Lokale": 2, "addr_key": "1190 wien, hameaustraße", "distance_to_ugs": 222.13867087384173, "distance_to_ubs": 351.38021762198258, "building_id": 1270, "index_right": 876, "closest_ugbs_type": "U", "distance_to_ugbs": 222.13867087384173, "within_300m": true }, "geometry": { "type": "Point", "coordinates": [ -2632.606777897575284, 345924.896934465505183 ] } },
{ "type": "Feature", "properties": { "Hofname": "Sickenberggasse 11a", "clean_address": "1190 Wien, Sickenberggasse", "Wohnungen": 34, "Lokale": 2, "addr_key": "1190 wien, sickenberggasse", "distance_to_ugs": 202.76487547124907, "distance_to_ubs": 101.13357527144861, "building_id": 1271, "index_right": 2082, "closest_ugbs_type": "B", "distance_to_ugbs": 101.13357527144861, "within_300m": true }, "geometry": { "type": "Point", "coordinates": [ 2641.399124943492097, 346626.34973291773349 ] } },
{ "type": "Feature", "properties": { "Hofname": "Daringergasse 10", "clean_address": "1190 Wien, Daringergasse", "Wohnungen": 24, "Lokale": 1, "addr_key": "1190 wien, daringergasse", "distance_to_ugs": 153.85189611438139, "distance_to_ubs": 656.31173590261324, "building_id": 1272, "index_right": 933, "closest_ugbs_type": "L", "distance_to_ugbs": 153.85189611438139, "within_300m": true }, "geometry": { "type": "Point", "coordinates": [ 162.386489678083393, 345388.738900663331151 ] } },
{ "type": "Feature", "properties": { "Hofname": "Greinergasse 3", "clean_address": "1190 Wien, Greinergasse", "Wohnungen": 26, "Lokale": 1, "addr_key": "1190 wien, greinergasse", "distance_to_ugs": 214.3452675009714, "distance_to_ubs": 264.01013950742453, "building_id": 1273, "index_right": 1758, "closest_ugbs_type": "L", "distance_to_ugbs": 214.3452675009714, "within_300m": true }, "geometry": { "type": "Point", "coordinates": [ 2444.673544024135026, 346803.874289490282536 ] } },
{ "type": "Feature", "properties": { "Hofname": "Grinzinger Allee 19", "clean_address": "1190 Wien, Paradisgasse", "Wohnungen": 38, "Lokale": 6, "addr_key": "1190 wien, paradisgasse", "distance_to_ugs": 220.74448645505802, "distance_to_ubs": 319.99299067656403, "building_id": 1274, "index_right": 955, "closest_ugbs_type": "L", "distance_to_ugbs": 220.74448645505802, "within_300m": true }, "geometry": { "type": "Point", "coordinates": [ 1337.77118076870488, 345529.161175131797791 ] } },
{ "type": "Feature", "properties": { "Hofname": "Heiligenstädter Straße 167-171", "clean_address": "1190 Wien, Heiligenstädter Straße", "Wohnungen": 40, "Lokale": 7, "addr_key": "1190 wien, heiligenstädter straße", "distance_to_ugs": 24.819517170806559, "distance_to_ubs": 434.19575403232938, "building_id": 1275, "index_right": 913, "closest_ugbs_type": "L", "distance_to_ugbs": 24.819517170806559, "within_300m": true }, "geometry": { "type": "Point", "coordinates": [ 1730.519931850968987, 343807.250449839048088 ] } },
{ "type": "Feature", "properties": { "Hofname": "Görgengasse 9-11", "clean_address": "1190 Wien, Görgengasse", "Wohnungen": 241, "Lokale": 9, "addr_key": "1190 wien, görgengasse", "distance_to_ugs": 32.004894487152384, "distance_to_ubs": 546.18469901421531, "building_id": 1276, "index_right": 916, "closest_ugbs_type": "L", "distance_to_ugbs": 32.004894487152384, "within_300m": true }, "geometry": { "type": "Point", "coordinates": [ 44.678444678454483, 344735.835850778967142 ] } },
{ "type": "Feature", "properties": { "Hofname": "Sickenberggasse 1-5", "clean_address": "1190 Wien, Sickenberggasse", "Wohnungen": 35, "Lokale": 6, "addr_key": "1190 wien, sickenberggasse", "distance_to_ugs": 202.76487547124907, "distance_to_ubs": 101.13357527144861, "building_id": 1277, "index_right": 2082, "closest_ugbs_type": "B", "distance_to_ugbs": 101.13357527144861, "within_300m": true }, "geometry": { "type": "Point", "coordinates": [ 2641.399124943492097, 346626.34973291773349 ] } },
{ "type": "Feature", "properties": { "Hofname": "Sieveringer Straße 102", "clean_address": "1190 Wien, Sieveringer Straße", "Wohnungen": 15, "Lokale": 2, "addr_key": "1190 wien, sieveringer straße", "distance_to_ugs": 72.370615613368287, "distance_to_ubs": 935.54916034841233, "building_id": 1278, "index_right": 932, "closest_ugbs_type": "L", "distance_to_ugbs": 72.370615613368287, "within_300m": true }, "geometry": { "type": "Point", "coordinates": [ 746.000942270833661, 345254.884195219143294 ] } },
{ "type": "Feature", "properties": { "Hofname": "An den langen Lüssen 17-27", "clean_address": "1190 Wien, An den langen Lüssen", "Wohnungen": 6, "Lokale": 3, "addr_key": "1190 wien, an den langen lüssen", "distance_to_ugs": 24.461702660001492, "distance_to_ubs": 1043.2405118284344, "building_id": 1279, "index_right": 960, "closest_ugbs_type": "L", "distance_to_ugbs": 24.461702660001492, "within_300m": true }, "geometry": { "type": "Point", "coordinates": [ 712.484702053229171, 346062.943028669804335 ] } },
{ "type": "Feature", "properties": { "Hofname": "Heiligenstädter Straße 152", "clean_address": "1190 Wien, Heiligenstädter Straße", "Wohnungen": 18, "Lokale": 3, "addr_key": "1190 wien, heiligenstädter straße", "distance_to_ugs": 24.819517170806559, "distance_to_ubs": 434.19575403232938, "building_id": 1280, "index_right": 913, "closest_ugbs_type": "L", "distance_to_ugbs": 24.819517170806559, "within_300m": true }, "geometry": { "type": "Point", "coordinates": [ 1730.519931850968987, 343807.250449839048088 ] } },
{ "type": "Feature", "properties": { "Hofname": "Görgengasse 26", "clean_address": "1190 Wien, Görgengasse", "Wohnungen": 195, "Lokale": 20, "addr_key": "1190 wien, görgengasse", "distance_to_ugs": 32.004894487152384, "distance_to_ubs": 546.18469901421531, "building_id": 1281, "index_right": 916, "closest_ugbs_type": "L", "distance_to_ugbs": 32.004894487152384, "within_300m": true }, "geometry": { "type": "Point", "coordinates": [ 44.678444678454483, 344735.835850778967142 ] } },
{ "type": "Feature", "properties": { "Hofname": "Kaasgrabengasse 3a", "clean_address": "1190 Wien, Kaasgrabengasse", "Wohnungen": 35, "Lokale": 1, "addr_key": "1190 wien, kaasgrabengasse", "distance_to_ugs": 13.078560554833011, "distance_to_ubs": 999.91412079114127, "building_id": 1282, "index_right": 957, "closest_ugbs_type": "L", "distance_to_ugbs": 13.078560554833011, "within_300m": true }, "geometry": { "type": "Point", "coordinates": [ 405.185446707674089, 345839.825808770954609 ] } },
{ "type": "Feature", "properties": { "Hofname": "Börnergasse 15", "clean_address": "1190 Wien, Börnergasse", "Wohnungen": 72, "Lokale": 7, "addr_key": "1190 wien, börnergasse", "distance_to_ugs": 112.78589569464144, "distance_to_ubs": 261.86445234346883, "building_id": 1283, "index_right": 922, "closest_ugbs_type": "L", "distance_to_ugbs": 112.78589569464144, "within_300m": true }, "geometry": { "type": "Point", "coordinates": [ -252.298625213857292, 344957.736285157501698 ] } },
{ "type": "Feature", "properties": { "Hofname": "Krottenbachstraße 104", "clean_address": "1190 Wien, Krottenbachstraße", "Wohnungen": 97, "Lokale": 1, "addr_key": "1190 wien, krottenbachstraße", "distance_to_ugs": 35.011924901007511, "distance_to_ubs": 567.05475538888061, "building_id": 1284, "index_right": 937, "closest_ugbs_type": "L", "distance_to_ugbs": 35.011924901007511, "within_300m": true }, "geometry": { "type": "Point", "coordinates": [ 1209.947841832267159, 344707.3927888199687 ] } },
{ "type": "Feature", "properties": { "Hofname": "Krottenbachstraße 110", "clean_address": "1190 Wien, Krottenbachstraße", "Wohnungen": 200, "Lokale": 6, "addr_key": "1190 wien, krottenbachstraße", "distance_to_ugs": 35.011924901007511, "distance_to_ubs": 567.05475538888061, "building_id": 1285, "index_right": 937, "closest_ugbs_type": "L", "distance_to_ugbs": 35.011924901007511, "within_300m": true }, "geometry": { "type": "Point", "coordinates": [ 1209.947841832267159, 344707.3927888199687 ] } },
{ "type": "Feature", "properties": { "Hofname": "Krottenbachstraße 106", "clean_address": "1190 Wien, Krottenbachstraße", "Wohnungen": 293, "Lokale": 21, "addr_key": "1190 wien, krottenbachstraße", "distance_to_ugs": 35.011924901007511, "distance_to_ubs": 567.05475538888061, "building_id": 1286, "index_right": 937, "closest_ugbs_type": "L", "distance_to_ugbs": 35.011924901007511, "within_300m": true }, "geometry": { "type": "Point", "coordinates": [ 1209.947841832267159, 344707.3927888199687 ] } },
{ "type": "Feature", "properties": { "Hofname": "Kratzlgasse 3", "clean_address": "1190 Wien, Kratzlgasse", "Wohnungen": 95, "Lokale": 0, "addr_key": "1190 wien, kratzlgasse", "distance_to_ugs": 124.66794928730287, "distance_to_ubs": 442.72049526321763, "building_id": 1287, "index_right": 922, "closest_ugbs_type": "L", "distance_to_ugbs": 124.66794928730287, "within_300m": true }, "geometry": { "type": "Point", "coordinates": [ -129.770455235935799, 344823.757413629442453 ] } },
{ "type": "Feature", "properties": { "Hofname": "Börnergasse 3", "clean_address": "1190 Wien, Börnergasse", "Wohnungen": 168, "Lokale": 18, "addr_key": "1190 wien, börnergasse", "distance_to_ugs": 112.78589569464144, "distance_to_ubs": 261.86445234346883, "building_id": 1288, "index_right": 922, "closest_ugbs_type": "L", "distance_to_ugbs": 112.78589569464144, "within_300m": true }, "geometry": { "type": "Point", "coordinates": [ -252.298625213857292, 344957.736285157501698 ] } },
{ "type": "Feature", "properties": { "Hofname": "Budinskygasse 25-29", "clean_address": "1190 Wien, Budinskygasse", "Wohnungen": 36, "Lokale": 2, "addr_key": "1190 wien, budinskygasse", "distance_to_ugs": 25.471464460472514, "distance_to_ubs": 686.85582521891797, "building_id": 1289, "index_right": 930, "closest_ugbs_type": "L", "distance_to_ugbs": 25.471464460472514, "within_300m": true }, "geometry": { "type": "Point", "coordinates": [ 334.114221149896252, 344922.049548859708011 ] } },
{ "type": "Feature", "properties": { "Hofname": "Görgengasse 8", "clean_address": "1190 Wien, Görgengasse", "Wohnungen": 39, "Lokale": 0, "addr_key": "1190 wien, görgengasse", "distance_to_ugs": 32.004894487152384, "distance_to_ubs": 546.18469901421531, "building_id": 1290, "index_right": 916, "closest_ugbs_type": "L", "distance_to_ugbs": 32.004894487152384, "within_300m": true }, "geometry": { "type": "Point", "coordinates": [ 44.678444678454483, 344735.835850778967142 ] } },
{ "type": "Feature", "properties": { "Hofname": "Eichelhofstraße 2", "clean_address": "1190 Wien, Eichelhofstraße", "Wohnungen": 47, "Lokale": 0, "addr_key": "1190 wien, eichelhofstraße", "distance_to_ugs": 0.0, "distance_to_ubs": 335.42121536785476, "building_id": 1291, "index_right": 1763, "closest_ugbs_type": "U", "distance_to_ugbs": 0.0, "within_300m": true }, "geometry": { "type": "Point", "coordinates": [ 2102.35760476394762, 347526.329139227047563 ] } },
{ "type": "Feature", "properties": { "Hofname": "Krottenbachstraße 122", "clean_address": "1190 Wien, Krottenbachstraße", "Wohnungen": 232, "Lokale": 2, "addr_key": "1190 wien, krottenbachstraße", "distance_to_ugs": 35.011924901007511, "distance_to_ubs": 567.05475538888061, "building_id": 1292, "index_right": 937, "closest_ugbs_type": "L", "distance_to_ugbs": 35.011924901007511, "within_300m": true }, "geometry": { "type": "Point", "coordinates": [ 1209.947841832267159, 344707.3927888199687 ] } },
{ "type": "Feature", "properties": { "Hofname": "Heiligenstädter Straße 327-331", "clean_address": "1190 Wien, Heiligenstädter Straße", "Wohnungen": 21, "Lokale": 2, "addr_key": "1190 wien, heiligenstädter straße", "distance_to_ugs": 24.819517170806559, "distance_to_ubs": 434.19575403232938, "building_id": 1293, "index_right": 913, "closest_ugbs_type": "L", "distance_to_ugbs": 24.819517170806559, "within_300m": true }, "geometry": { "type": "Point", "coordinates": [ 1730.519931850968987, 343807.250449839048088 ] } },
{ "type": "Feature", "properties": { "Hofname": "Hutweidengasse 64", "clean_address": "1190 Wien, Hutweidengasse", "Wohnungen": 51, "Lokale": 1, "addr_key": "1190 wien, hutweidengasse", "distance_to_ugs": 70.285598120111317, "distance_to_ubs": 645.27256827446638, "building_id": 1294, "index_right": 930, "closest_ugbs_type": "L", "distance_to_ugbs": 70.285598120111317, "within_300m": true }, "geometry": { "type": "Point", "coordinates": [ 411.62873405157876, 344868.154100216925144 ] } },
{ "type": "Feature", "properties": { "Hofname": "Hardtgasse 14", "clean_address": "1190 Wien, Hardtgasse", "Wohnungen": 20, "Lokale": 0, "addr_key": "1190 wien, hardtgasse", "distance_to_ugs": 309.72689167015517, "distance_to_ubs": 684.9298330499613, "building_id": 1295, "index_right": 935, "closest_ugbs_type": "L", "distance_to_ugbs": 309.72689167015517, "within_300m": false }, "geometry": { "type": "Point", "coordinates": [ 1277.744458741650305, 344299.650222110562027 ] } },
{ "type": "Feature", "properties": { "Hofname": "Gerda-Lerner-Hof", "clean_address": "1190 Wien, Pyrkergasse", "Wohnungen": 18, "Lokale": 1, "addr_key": "1190 wien, pyrkergasse", "distance_to_ugs": 203.75757669337858, "distance_to_ubs": 379.59955767560092, "building_id": 1296, "index_right": 937, "closest_ugbs_type": "L", "distance_to_ugbs": 203.75757669337858, "within_300m": true }, "geometry": { "type": "Point", "coordinates": [ 1432.721358207260209, 344747.574369145557284 ] } },
{ "type": "Feature", "properties": { "Hofname": "Greinergasse 20", "clean_address": "1190 Wien, Greinergasse", "Wohnungen": 15, "Lokale": 1, "addr_key": "1190 wien, greinergasse", "distance_to_ugs": 214.3452675009714, "distance_to_ubs": 264.01013950742453, "building_id": 1297, "index_right": 1758, "closest_ugbs_type": "L", "distance_to_ugbs": 214.3452675009714, "within_300m": true }, "geometry": { "type": "Point", "coordinates": [ 2444.673544024135026, 346803.874289490282536 ] } },
{ "type": "Feature", "properties": { "Hofname": "Hardtgasse 10-12", "clean_address": "1190 Wien, Hardtgasse", "Wohnungen": 31, "Lokale": 1, "addr_key": "1190 wien, hardtgasse", "distance_to_ugs": 309.72689167015517, "distance_to_ubs": 684.9298330499613, "building_id": 1298, "index_right": 935, "closest_ugbs_type": "L", "distance_to_ugbs": 309.72689167015517, "within_300m": false }, "geometry": { "type": "Point", "coordinates": [ 1277.744458741650305, 344299.650222110562027 ] } },
{ "type": "Feature", "properties": { "Hofname": "Arbesbachgasse 20", "clean_address": "1190 Wien, Arbesbachgasse", "Wohnungen": 34, "Lokale": 0, "addr_key": "1190 wien, arbesbachgasse", "distance_to_ugs": 169.22135941326337, "distance_to_ubs": 948.20383055093396, "building_id": 1299, "index_right": 931, "closest_ugbs_type": "L", "distance_to_ugbs": 169.22135941326337, "within_300m": true }, "geometry": { "type": "Point", "coordinates": [ 712.15524314316815, 345080.006711930036545 ] } },
{ "type": "Feature", "properties": { "Hofname": "Arbesbachgasse 14-16", "clean_address": "1190 Wien, Arbesbachgasse", "Wohnungen": 21, "Lokale": 0, "addr_key": "1190 wien, arbesbachgasse", "distance_to_ugs": 169.22135941326337, "distance_to_ubs": 948.20383055093396, "building_id": 1300, "index_right": 931, "closest_ugbs_type": "L", "distance_to_ugbs": 169.22135941326337, "within_300m": true }, "geometry": { "type": "Point", "coordinates": [ 712.15524314316815, 345080.006711930036545 ] } },
{ "type": "Feature", "properties": { "Hofname": "Gatterburggasse 2c", "clean_address": "1190 Wien, Gatterburggasse", "Wohnungen": 19, "Lokale": 0, "addr_key": "1190 wien, gatterburggasse", "distance_to_ugs": 66.069308923519188, "distance_to_ubs": 269.31232961536494, "building_id": 1301, "index_right": 935, "closest_ugbs_type": "L", "distance_to_ugbs": 66.069308923519188, "within_300m": true }, "geometry": { "type": "Point", "coordinates": [ 1626.710099151767963, 344526.222349164483603 ] } },
{ "type": "Feature", "properties": { "Hofname": "Obkirchergasse 12-14", "clean_address": "1190 Wien, Obkirchergasse", "Wohnungen": 9, "Lokale": 0, "addr_key": "1190 wien, obkirchergasse", "distance_to_ugs": 223.15515264571303, "distance_to_ubs": 832.00855786778095, "building_id": 1302, "index_right": 937, "closest_ugbs_type": "L", "distance_to_ugbs": 223.15515264571303, "within_300m": true }, "geometry": { "type": "Point", "coordinates": [ 725.980820658615471, 344936.354186292737722 ] } },
{ "type": "Feature", "properties": { "Hofname": "Burghardtgasse 30", "clean_address": "1200 Wien, Burghardtgasse", "Wohnungen": 18, "Lokale": 0, "addr_key": "1200 wien, burghardtgasse", "distance_to_ugs": 44.333853432879508, "distance_to_ubs": 366.18353814983448, "building_id": 1303, "index_right": 1431, "closest_ugbs_type": "L", "distance_to_ugbs": 44.333853432879508, "within_300m": true }, "geometry": { "type": "Point", "coordinates": [ 2581.468776478557629, 344050.889878805726767 ] } },
{ "type": "Feature", "properties": { "Hofname": "Manfred-Ackermann-Hof", "clean_address": "1200 Wien, Brigittaplatz", "Wohnungen": 20, "Lokale": 1, "addr_key": "1200 wien, brigittaplatz", "distance_to_ugs": 35.406643730027042, "distance_to_ubs": 718.86211146770927, "building_id": 1304, "index_right": 1425, "closest_ugbs_type": "L", "distance_to_ugbs": 35.406643730027042, "within_300m": true }, "geometry": { "type": "Point", "coordinates": [ 2958.257763000960495, 343857.728834542445838 ] } },
{ "type": "Feature", "properties": { "Hofname": "Friedrich-Engels-Platz 1", "clean_address": "1200 Wien, Friedrich-Engels Platz", "Wohnungen": 150, "Lokale": 11, "addr_key": "1200 wien, friedrich-engels platz", "distance_to_ugs": 31.798585012258958, "distance_to_ubs": 34.092330804100889, "building_id": 1305, "index_right": 81, "closest_ugbs_type": "L", "distance_to_ugbs": 31.798585012258958, "within_300m": true }, "geometry": { "type": "Point", "coordinates": [ -1635.804760543446037, 334449.698377444408834 ] } },
{ "type": "Feature", "properties": { "Hofname": "Vorgartenstraße 93", "clean_address": "1200 Wien, Vorgartenstraße", "Wohnungen": 19, "Lokale": 2, "addr_key": "1200 wien, vorgartenstraße", "distance_to_ugs": 36.843241578504681, "distance_to_ubs": 389.17331477151794, "building_id": 1306, "index_right": 1443, "closest_ugbs_type": "L", "distance_to_ugbs": 36.843241578504681, "within_300m": true }, "geometry": { "type": "Point", "coordinates": [ 3722.19018758134871, 344691.635240000672638 ] } },
{ "type": "Feature", "properties": { "Hofname": "Brigittenauer Lände 138-142", "clean_address": "1200 Wien, Brigittenauer Lände", "Wohnungen": 54, "Lokale": 1, "addr_key": "1200 wien, brigittenauer lände", "distance_to_ugs": 24.684812002732951, "distance_to_ubs": 56.463818417411417, "building_id": 1307, "index_right": 1394, "closest_ugbs_type": "R", "distance_to_ugbs": 24.684812002732951, "within_300m": true }, "geometry": { "type": "Point", "coordinates": [ 2749.332185259060225, 342913.342508979141712 ] } },
{ "type": "Feature", "properties": { "Hofname": "Pappenheimgasse 29", "clean_address": "1200 Wien, Pappenheimgasse", "Wohnungen": 126, "Lokale": 5, "addr_key": "1200 wien, pappenheimgasse", "distance_to_ugs": 54.937184857142149, "distance_to_ubs": 564.7757784288367, "building_id": 1308, "index_right": 1427, "closest_ugbs_type": "L", "distance_to_ugbs": 54.937184857142149, "within_300m": true }, "geometry": { "type": "Point", "coordinates": [ 2771.294267162184951, 343961.868149567395449 ] } },
{ "type": "Feature", "properties": { "Hofname": "Brigittenauer Lände 170-172", "clean_address": "1200 Wien, Brigittenauer Lände", "Wohnungen": 314, "Lokale": 1, "addr_key": "1200 wien, brigittenauer lände", "distance_to_ugs": 24.684812002732951, "distance_to_ubs": 56.463818417411417, "building_id": 1309, "index_right": 1394, "closest_ugbs_type": "R", "distance_to_ugbs": 24.684812002732951, "within_300m": true }, "geometry": { "type": "Point", "coordinates": [ 2749.332185259060225, 342913.342508979141712 ] } },
{ "type": "Feature", "properties": { "Hofname": "Leystraße 19-21", "clean_address": "1200 Wien, Leystraße", "Wohnungen": 375, "Lokale": 3, "addr_key": "1200 wien, leystraße", "distance_to_ugs": 53.846529493701375, "distance_to_ubs": 476.05035703729948, "building_id": 1310, "index_right": 1424, "closest_ugbs_type": "L", "distance_to_ugbs": 53.846529493701375, "within_300m": true }, "geometry": { "type": "Point", "coordinates": [ 3854.659140912664498, 344355.794644443318248 ] } },
{ "type": "Feature", "properties": { "Hofname": "Wehlistraße 32-38", "clean_address": "1200 Wien, Wehlistraße", "Wohnungen": 117, "Lokale": 6, "addr_key": "1200 wien, wehlistraße", "distance_to_ugs": 148.12730537752765, "distance_to_ubs": 226.29567937516782, "building_id": 1311, "index_right": 1435, "closest_ugbs_type": "L", "distance_to_ugbs": 148.12730537752765, "within_300m": true }, "geometry": { "type": "Point", "coordinates": [ 3918.124352739700498, 344697.905350271612406 ] } },
{ "type": "Feature", "properties": { "Hofname": "Friedrich-Engels-Platz 17", "clean_address": "1200 Wien, Friedrich-Engels-Platz", "Wohnungen": 111, "Lokale": 4, "addr_key": "1200 wien, friedrich-engels-platz", "distance_to_ugs": 55.441294846165007, "distance_to_ubs": 364.89446982614612, "building_id": 1312, "index_right": 1461, "closest_ugbs_type": "L", "distance_to_ugbs": 55.441294846165007, "within_300m": true }, "geometry": { "type": "Point", "coordinates": [ 3377.731483759329876, 345244.681359863840044 ] } },
{ "type": "Feature", "properties": { "Hofname": "Wehlistraße 40", "clean_address": "1200 Wien, Wehlistraße", "Wohnungen": 27, "Lokale": 1, "addr_key": "1200 wien, wehlistraße", "distance_to_ugs": 148.12730537752765, "distance_to_ubs": 226.29567937516782, "building_id": 1313, "index_right": 1435, "closest_ugbs_type": "L", "distance_to_ugbs": 148.12730537752765, "within_300m": true }, "geometry": { "type": "Point", "coordinates": [ 3918.124352739700498, 344697.905350271612406 ] } },
{ "type": "Feature", "properties": { "Hofname": "Kapaunplatz 4-6", "clean_address": "1200 Wien, Kapaunplatz", "Wohnungen": 285, "Lokale": 4, "addr_key": "1200 wien, kapaunplatz", "distance_to_ugs": 16.828723301988937, "distance_to_ubs": 387.54844623970348, "building_id": 1314, "index_right": 1461, "closest_ugbs_type": "L", "distance_to_ugbs": 16.828723301988937, "within_300m": true }, "geometry": { "type": "Point", "coordinates": [ 3306.144662809630518, 345323.714366053231061 ] } },
{ "type": "Feature", "properties": { "Hofname": "Kapaunplatz 7", "clean_address": "1200 Wien, Kapaunplatz", "Wohnungen": 819, "Lokale": 5, "addr_key": "1200 wien, kapaunplatz", "distance_to_ugs": 16.828723301988937, "distance_to_ubs": 387.54844623970348, "building_id": 1315, "index_right": 1461, "closest_ugbs_type": "L", "distance_to_ugbs": 16.828723301988937, "within_300m": true }, "geometry": { "type": "Point", "coordinates": [ 3306.144662809630518, 345323.714366053231061 ] } },
{ "type": "Feature", "properties": { "Hofname": "Treustraße 62", "clean_address": "1200 Wien, Treustraße", "Wohnungen": 19, "Lokale": 2, "addr_key": "1200 wien, treustraße", "distance_to_ugs": 103.37867799605637, "distance_to_ubs": 140.73500134224554, "building_id": 1316, "index_right": 1412, "closest_ugbs_type": "R", "distance_to_ugbs": 103.37867799605637, "within_300m": true }, "geometry": { "type": "Point", "coordinates": [ 2445.507514061334859, 343583.416210218332708 ] } },
{ "type": "Feature", "properties": { "Hofname": "Vorgartenstraße 83-85", "clean_address": "1200 Wien, Vorgartenstraße", "Wohnungen": 70, "Lokale": 4, "addr_key": "1200 wien, vorgartenstraße", "distance_to_ugs": 36.843241578504681, "distance_to_ubs": 389.17331477151794, "building_id": 1317, "index_right": 1443, "closest_ugbs_type": "L", "distance_to_ugbs": 36.843241578504681, "within_300m": true }, "geometry": { "type": "Point", "coordinates": [ 3722.19018758134871, 344691.635240000672638 ] } },
{ "type": "Feature", "properties": { "Hofname": "Leystraße 119", "clean_address": "1200 Wien, Leystraße", "Wohnungen": 51, "Lokale": 1, "addr_key": "1200 wien, leystraße", "distance_to_ugs": 53.846529493701375, "distance_to_ubs": 476.05035703729948, "building_id": 1318, "index_right": 1424, "closest_ugbs_type": "L", "distance_to_ugbs": 53.846529493701375, "within_300m": true }, "geometry": { "type": "Point", "coordinates": [ 3854.659140912664498, 344355.794644443318248 ] } },
{ "type": "Feature", "properties": { "Hofname": "Engerthstraße 82", "clean_address": "1200 Wien, Engerthstraße", "Wohnungen": 221, "Lokale": 8, "addr_key": "1200 wien, engerthstraße", "distance_to_ugs": 92.759568999518038, "distance_to_ubs": 228.19367773957705, "building_id": 1319, "index_right": 1435, "closest_ugbs_type": "L", "distance_to_ugbs": 92.759568999518038, "within_300m": true }, "geometry": { "type": "Point", "coordinates": [ 4002.470007814659766, 344575.213631976803299 ] } },
{ "type": "Feature", "properties": { "Hofname": "Kluckygasse 11-13", "clean_address": "1200 Wien, Kluckygasse", "Wohnungen": 31, "Lokale": 1, "addr_key": "1200 wien, kluckygasse", "distance_to_ugs": 159.17258118959219, "distance_to_ubs": 321.25645839030989, "building_id": 1320, "index_right": 1411, "closest_ugbs_type": "L", "distance_to_ugbs": 159.17258118959219, "within_300m": true }, "geometry": { "type": "Point", "coordinates": [ 2743.951709309423677, 343435.780020751059055 ] } },
{ "type": "Feature", "properties": { "Hofname": "Adalbert-Stifter-Straße 23-31", "clean_address": "1200 Wien, Adalbert-Stifter-Straße", "Wohnungen": 402, "Lokale": 17, "addr_key": "1200 wien, adalbert-stifter-straße", "distance_to_ugs": 73.373888049064959, "distance_to_ubs": 454.85686828823339, "building_id": 1321, "index_right": 1459, "closest_ugbs_type": "L", "distance_to_ugbs": 73.373888049064959, "within_300m": true }, "geometry": { "type": "Point", "coordinates": [ 3376.958137109389099, 345081.334575424902141 ] } },
{ "type": "Feature", "properties": { "Hofname": "Treustraße 61-69", "clean_address": "1200 Wien, Treustraße", "Wohnungen": 272, "Lokale": 6, "addr_key": "1200 wien, treustraße", "distance_to_ugs": 103.37867799605637, "distance_to_ubs": 140.73500134224554, "building_id": 1322, "index_right": 1412, "closest_ugbs_type": "R", "distance_to_ugbs": 103.37867799605637, "within_300m": true }, "geometry": { "type": "Point", "coordinates": [ 2445.507514061334859, 343583.416210218332708 ] } },
{ "type": "Feature", "properties": { "Hofname": "Engerthstraße 132", "clean_address": "1200 Wien, Engerthstraße", "Wohnungen": 20, "Lokale": 0, "addr_key": "1200 wien, engerthstraße", "distance_to_ugs": 92.759568999518038, "distance_to_ubs": 228.19367773957705, "building_id": 1323, "index_right": 1435, "closest_ugbs_type": "L", "distance_to_ugbs": 92.759568999518038, "within_300m": true }, "geometry": { "type": "Point", "coordinates": [ 4002.470007814659766, 344575.213631976803299 ] } },
{ "type": "Feature", "properties": { "Hofname": "Griegstraße 1-3", "clean_address": "1200 Wien, Griegstraße", "Wohnungen": 219, "Lokale": 5, "addr_key": "1200 wien, griegstraße", "distance_to_ugs": 67.853546991766777, "distance_to_ubs": 162.99768222831725, "building_id": 1324, "index_right": 1723, "closest_ugbs_type": "L", "distance_to_ugbs": 67.853546991766777, "within_300m": true }, "geometry": { "type": "Point", "coordinates": [ 3154.790690671579341, 345778.056985436298419 ] } },
{ "type": "Feature", "properties": { "Hofname": "Wallensteinstraße 68-72", "clean_address": "1200 Wien, Wallensteinstraße", "Wohnungen": 174, "Lokale": 15, "addr_key": "1200 wien, wallensteinstraße", "distance_to_ugs": 85.610835954573901, "distance_to_ubs": 114.7657777972841, "building_id": 1325, "index_right": 1412, "closest_ugbs_type": "R", "distance_to_ugbs": 85.610835954573901, "within_300m": true }, "geometry": { "type": "Point", "coordinates": [ 2581.72917061259659, 343307.615798542276025 ] } },
{ "type": "Feature", "properties": { "Hofname": "Erna-Musik-Hof", "clean_address": "1200 Wien, Klosterneuburger Straße", "Wohnungen": 196, "Lokale": 7, "addr_key": "1200 wien, klosterneuburger straße", "distance_to_ugs": 14.366113059185647, "distance_to_ubs": 198.87454582239405, "building_id": 1326, "index_right": 1409, "closest_ugbs_type": "L", "distance_to_ugbs": 14.366113059185647, "within_300m": true }, "geometry": { "type": "Point", "coordinates": [ 2795.617287094061339, 343178.351958428509533 ] } },
{ "type": "Feature", "properties": { "Hofname": "Johann Böhm Wohnhausanlage", "clean_address": "1200 Wien, Brigittaplatz", "Wohnungen": 437, "Lokale": 7, "addr_key": "1200 wien, brigittaplatz", "distance_to_ugs": 35.406643730027042, "distance_to_ubs": 718.86211146770927, "building_id": 1327, "index_right": 1425, "closest_ugbs_type": "L", "distance_to_ugbs": 35.406643730027042, "within_300m": true }, "geometry": { "type": "Point", "coordinates": [ 2958.257763000960495, 343857.728834542445838 ] } },
{ "type": "Feature", "properties": { "Hofname": "Burghardtgasse 32-38", "clean_address": "1200 Wien, Burghardtgasse", "Wohnungen": 75, "Lokale": 1, "addr_key": "1200 wien, burghardtgasse", "distance_to_ugs": 44.333853432879508, "distance_to_ubs": 366.18353814983448, "building_id": 1328, "index_right": 1431, "closest_ugbs_type": "L", "distance_to_ugbs": 44.333853432879508, "within_300m": true }, "geometry": { "type": "Point", "coordinates": [ 2581.468776478557629, 344050.889878805726767 ] } },
{ "type": "Feature", "properties": { "Hofname": "Josef-Baldermann-Hof", "clean_address": "1200 Wien, Pasettistraße", "Wohnungen": 172, "Lokale": 2, "addr_key": "1200 wien, pasettistraße", "distance_to_ugs": 62.422163703493318, "distance_to_ubs": 605.55005927965283, "building_id": 1329, "index_right": 1444, "closest_ugbs_type": "L", "distance_to_ugbs": 62.422163703493318, "within_300m": true }, "geometry": { "type": "Point", "coordinates": [ 3521.416663702264486, 344599.43721448071301 ] } },
{ "type": "Feature", "properties": { "Hofname": "Leystraße 38", "clean_address": "1200 Wien, Leystraße", "Wohnungen": 17, "Lokale": 0, "addr_key": "1200 wien, leystraße", "distance_to_ugs": 53.846529493701375, "distance_to_ubs": 476.05035703729948, "building_id": 1330, "index_right": 1424, "closest_ugbs_type": "L", "distance_to_ugbs": 53.846529493701375, "within_300m": true }, "geometry": { "type": "Point", "coordinates": [ 3854.659140912664498, 344355.794644443318248 ] } },
{ "type": "Feature", "properties": { "Hofname": "Dresdner Straße 48-54", "clean_address": "1200 Wien, Dresdner Straße", "Wohnungen": 155, "Lokale": 9, "addr_key": "1200 wien, dresdner straße", "distance_to_ugs": 64.473067014983243, "distance_to_ubs": 805.56279855372134, "building_id": 1331, "index_right": 1423, "closest_ugbs_type": "L", "distance_to_ugbs": 64.473067014983243, "within_300m": true }, "geometry": { "type": "Point", "coordinates": [ 3493.264341177141887, 344295.31280592828989 ] } },
{ "type": "Feature", "properties": { "Hofname": "Bäuerlegasse 31", "clean_address": "1200 Wien, Bäuerlegasse", "Wohnungen": 61, "Lokale": 2, "addr_key": "1200 wien, bäuerlegasse", "distance_to_ugs": 91.972967846632812, "distance_to_ubs": 804.77952701064339, "building_id": 1332, "index_right": 1414, "closest_ugbs_type": "L", "distance_to_ugbs": 91.972967846632812, "within_300m": true }, "geometry": { "type": "Point", "coordinates": [ 3249.549217763928027, 343590.369414145126939 ] } },
{ "type": "Feature", "properties": { "Hofname": "Jägerstraße 89-95", "clean_address": "1200 Wien, Jägerstraße", "Wohnungen": 542, "Lokale": 7, "addr_key": "1200 wien, jägerstraße", "distance_to_ugs": 21.335633786714745, "distance_to_ubs": 644.2870864889419, "building_id": 1333, "index_right": 1432, "closest_ugbs_type": "L", "distance_to_ugbs": 21.335633786714745, "within_300m": true }, "geometry": { "type": "Point", "coordinates": [ 2868.050231419797001, 344068.747473170980811 ] } },
{ "type": "Feature", "properties": { "Hofname": "Winarskystraße 1-3", "clean_address": "1200 Wien, Winarskystraße", "Wohnungen": 48, "Lokale": 2, "addr_key": "1200 wien, winarskystraße", "distance_to_ugs": 55.105535593696068, "distance_to_ubs": 676.15712933766679, "building_id": 1334, "index_right": 1438, "closest_ugbs_type": "L", "distance_to_ugbs": 55.105535593696068, "within_300m": true }, "geometry": { "type": "Point", "coordinates": [ 3470.811709840714684, 344548.444506444968283 ] } },
{ "type": "Feature", "properties": { "Hofname": "Friedrich-Engels-Platz 21", "clean_address": "1200 Wien, Friedrich-Engels-Platz", "Wohnungen": 154, "Lokale": 13, "addr_key": "1200 wien, friedrich-engels-platz", "distance_to_ugs": 55.441294846165007, "distance_to_ubs": 364.89446982614612, "building_id": 1335, "index_right": 1461, "closest_ugbs_type": "L", "distance_to_ugbs": 55.441294846165007, "within_300m": true }, "geometry": { "type": "Point", "coordinates": [ 3377.731483759329876, 345244.681359863840044 ] } },
{ "type": "Feature", "properties": { "Hofname": "Marchfeldstraße 16-18", "clean_address": "1200 Wien, Marchfeldstraße", "Wohnungen": 173, "Lokale": 11, "addr_key": "1200 wien, marchfeldstraße", "distance_to_ugs": 164.15681949986063, "distance_to_ubs": 481.37863461801084, "building_id": 1336, "index_right": 1456, "closest_ugbs_type": "L", "distance_to_ugbs": 164.15681949986063, "within_300m": true }, "geometry": { "type": "Point", "coordinates": [ 3469.75983163626961, 344898.713316766545177 ] } },
{ "type": "Feature", "properties": { "Hofname": "Brigittenauer Lände 48", "clean_address": "1200 Wien, Brigittenauer Lände", "Wohnungen": 59, "Lokale": 0, "addr_key": "1200 wien, brigittenauer lände", "distance_to_ugs": 24.684812002732951, "distance_to_ubs": 56.463818417411417, "building_id": 1337, "index_right": 1394, "closest_ugbs_type": "R", "distance_to_ugbs": 24.684812002732951, "within_300m": true }, "geometry": { "type": "Point", "coordinates": [ 2749.332185259060225, 342913.342508979141712 ] } },
{ "type": "Feature", "properties": { "Hofname": "Vorgartenstraße 31-35", "clean_address": "1200 Wien, Vorgartenstraße", "Wohnungen": 116, "Lokale": 1, "addr_key": "1200 wien, vorgartenstraße", "distance_to_ugs": 36.843241578504681, "distance_to_ubs": 389.17331477151794, "building_id": 1338, "index_right": 1443, "closest_ugbs_type": "L", "distance_to_ugbs": 36.843241578504681, "within_300m": true }, "geometry": { "type": "Point", "coordinates": [ 3722.19018758134871, 344691.635240000672638 ] } },
{ "type": "Feature", "properties": { "Hofname": "Burghardtgasse 22", "clean_address": "1200 Wien, Burghardtgasse", "Wohnungen": 18, "Lokale": 0, "addr_key": "1200 wien, burghardtgasse", "distance_to_ugs": 44.333853432879508, "distance_to_ubs": 366.18353814983448, "building_id": 1339, "index_right": 1431, "closest_ugbs_type": "L", "distance_to_ugbs": 44.333853432879508, "within_300m": true }, "geometry": { "type": "Point", "coordinates": [ 2581.468776478557629, 344050.889878805726767 ] } },
{ "type": "Feature", "properties": { "Hofname": "Hartlgasse 28-30", "clean_address": "1200 Wien, Hartlgasse", "Wohnungen": 160, "Lokale": 1, "addr_key": "1200 wien, hartlgasse", "distance_to_ugs": 177.80444203892054, "distance_to_ubs": 718.3784122506371, "building_id": 1340, "index_right": 1425, "closest_ugbs_type": "L", "distance_to_ugbs": 177.80444203892054, "within_300m": true }, "geometry": { "type": "Point", "coordinates": [ 3109.604196385305386, 343621.377830125391483 ] } },
{ "type": "Feature", "properties": { "Hofname": "Pappenheimgasse 10-16", "clean_address": "1200 Wien, Pappenheimgasse", "Wohnungen": 137, "Lokale": 4, "addr_key": "1200 wien, pappenheimgasse", "distance_to_ugs": 54.937184857142149, "distance_to_ubs": 564.7757784288367, "building_id": 1341, "index_right": 1427, "closest_ugbs_type": "L", "distance_to_ugbs": 54.937184857142149, "within_300m": true }, "geometry": { "type": "Point", "coordinates": [ 2771.294267162184951, 343961.868149567395449 ] } },
{ "type": "Feature", "properties": { "Hofname": "Treustraße 58-60", "clean_address": "1200 Wien, Treustraße", "Wohnungen": 58, "Lokale": 1, "addr_key": "1200 wien, treustraße", "distance_to_ugs": 103.37867799605637, "distance_to_ubs": 140.73500134224554, "building_id": 1342, "index_right": 1412, "closest_ugbs_type": "R", "distance_to_ugbs": 103.37867799605637, "within_300m": true }, "geometry": { "type": "Point", "coordinates": [ 2445.507514061334859, 343583.416210218332708 ] } },
{ "type": "Feature", "properties": { "Hofname": "Hartlgasse 40", "clean_address": "1200 Wien, Hartlgasse", "Wohnungen": 13, "Lokale": 1, "addr_key": "1200 wien, hartlgasse", "distance_to_ugs": 177.80444203892054, "distance_to_ubs": 718.3784122506371, "building_id": 1343, "index_right": 1425, "closest_ugbs_type": "L", "distance_to_ugbs": 177.80444203892054, "within_300m": true }, "geometry": { "type": "Point", "coordinates": [ 3109.604196385305386, 343621.377830125391483 ] } },
{ "type": "Feature", "properties": { "Hofname": "Hellwagstraße 16a", "clean_address": "1200 Wien, Hellwagstraße", "Wohnungen": 27, "Lokale": 2, "addr_key": "1200 wien, hellwagstraße", "distance_to_ugs": 76.885619779398084, "distance_to_ubs": 653.61439559200824, "building_id": 1344, "index_right": 1423, "closest_ugbs_type": "L", "distance_to_ugbs": 76.885619779398084, "within_300m": true }, "geometry": { "type": "Point", "coordinates": [ 3639.536834560869465, 344351.579558899684343 ] } },
{ "type": "Feature", "properties": { "Hofname": "Mengergasse 66-70", "clean_address": "1210 Wien, Mengergasse", "Wohnungen": 90, "Lokale": 0, "addr_key": "1210 wien, mengergasse", "distance_to_ugs": 244.48835611120765, "distance_to_ubs": 722.34954258513051, "building_id": 1345, "index_right": 1560, "closest_ugbs_type": "L", "distance_to_ugbs": 244.48835611120765, "within_300m": true }, "geometry": { "type": "Point", "coordinates": [ 5531.826560512888136, 346610.36832756921649 ] } },
{ "type": "Feature", "properties": { "Hofname": "Leopoldauer Straße 79-81", "clean_address": "1210 Wien, Leopoldauer Straße", "Wohnungen": 121, "Lokale": 18, "addr_key": "1210 wien, leopoldauer straße", "distance_to_ugs": 252.69224890113213, "distance_to_ubs": 726.29230997798948, "building_id": 1346, "index_right": 1560, "closest_ugbs_type": "L", "distance_to_ugbs": 252.69224890113213, "within_300m": true }, "geometry": { "type": "Point", "coordinates": [ 5407.041930121442419, 346563.141413785517216 ] } },
{ "type": "Feature", "properties": { "Hofname": "Schloßhofer Straße 42", "clean_address": "1210 Wien, Schloßhofer Straße", "Wohnungen": 17, "Lokale": 0, "addr_key": "1210 wien, schloßhofer straße", "distance_to_ugs": 26.062221233795281, "distance_to_ubs": 701.96537011531257, "building_id": 1347, "index_right": 1562, "closest_ugbs_type": "L", "distance_to_ugbs": 26.062221233795281, "within_300m": true }, "geometry": { "type": "Point", "coordinates": [ 4987.686136866197558, 346599.642442721873522 ] } },
{ "type": "Feature", "properties": { "Hofname": "Pregartengasse 6-8", "clean_address": "1210 Wien, Pregartengasse", "Wohnungen": 28, "Lokale": 0, "addr_key": "1210 wien, pregartengasse", "distance_to_ugs": 30.611814921173188, "distance_to_ubs": 355.34730087617646, "building_id": 1348, "index_right": 1571, "closest_ugbs_type": "L", "distance_to_ugbs": 30.611814921173188, "within_300m": true }, "geometry": { "type": "Point", "coordinates": [ 4878.287486771492695, 347460.532867504283786 ] } },
{ "type": "Feature", "properties": { "Hofname": "Kirchhoffgasse 6", "clean_address": "1210 Wien, Kirchhoffgasse", "Wohnungen": 11, "Lokale": 0, "addr_key": "1210 wien, kirchhoffgasse", "distance_to_ugs": 65.767433169108656, "distance_to_ubs": 137.76482380635426, "building_id": 1349, "index_right": 1541, "closest_ugbs_type": "L", "distance_to_ugbs": 65.767433169108656, "within_300m": true }, "geometry": { "type": "Point", "coordinates": [ 5257.794669217742012, 345936.832373620942235 ] } },
{ "type": "Feature", "properties": { "Hofname": "Kirchhoffgasse 3", "clean_address": "1210 Wien, Kirchhoffgasse", "Wohnungen": 12, "Lokale": 1, "addr_key": "1210 wien, kirchhoffgasse", "distance_to_ugs": 65.767433169108656, "distance_to_ubs": 137.76482380635426, "building_id": 1350, "index_right": 1541, "closest_ugbs_type": "L", "distance_to_ugbs": 65.767433169108656, "within_300m": true }, "geometry": { "type": "Point", "coordinates": [ 5257.794669217742012, 345936.832373620942235 ] } },
{ "type": "Feature", "properties": { "Hofname": "Brünner Straße 130-134", "clean_address": "1210 Wien, Brünner Straße", "Wohnungen": 106, "Lokale": 22, "addr_key": "1210 wien, brünner straße", "distance_to_ugs": 347.46997262090673, "distance_to_ubs": 249.36179388332741, "building_id": 1351, "index_right": 2317, "closest_ugbs_type": "B", "distance_to_ugbs": 249.36179388332741, "within_300m": true }, "geometry": { "type": "Point", "coordinates": [ 5266.867047336570977, 347523.995552780106664 ] } },
{ "type": "Feature", "properties": { "Hofname": "Justgasse 9-27", "clean_address": "1210 Wien, Justgasse", "Wohnungen": 112, "Lokale": 13, "addr_key": "1210 wien, justgasse", "distance_to_ugs": 28.593530945285217, "distance_to_ubs": 458.25317235853123, "building_id": 1352, "index_right": 1809, "closest_ugbs_type": "L", "distance_to_ugbs": 28.593530945285217, "within_300m": true }, "geometry": { "type": "Point", "coordinates": [ 6051.027929432123528, 348734.603599182330072 ] } },
{ "type": "Feature", "properties": { "Hofname": "Mühlschüttelgasse 55-57", "clean_address": "1210 Wien, Mühlschüttelgasse", "Wohnungen": 73, "Lokale": 5, "addr_key": "1210 wien, mühlschüttelgasse", "distance_to_ugs": 23.303575832183547, "distance_to_ubs": 74.599590469022417, "building_id": 1353, "index_right": 1541, "closest_ugbs_type": "L", "distance_to_ugbs": 23.303575832183547, "within_300m": true }, "geometry": { "type": "Point", "coordinates": [ 5169.555150678330392, 345884.809994138311595 ] } },
{ "type": "Feature", "properties": { "Hofname": "Berzeliusgasse 9-13", "clean_address": "1210 Wien, Berzeliusgasse", "Wohnungen": 134, "Lokale": 18, "addr_key": "1210 wien, berzeliusgasse", "distance_to_ugs": 34.833262611270129, "distance_to_ubs": 331.02278888388707, "building_id": 1354, "index_right": 1808, "closest_ugbs_type": "L", "distance_to_ugbs": 34.833262611270129, "within_300m": true }, "geometry": { "type": "Point", "coordinates": [ 5874.781048630393343, 348702.692912106402218 ] } },
{ "type": "Feature", "properties": { "Hofname": "Margarethe-Trappl-Hof", "clean_address": "1210 Wien, Stammersdorfer Straße", "Wohnungen": 25, "Lokale": 3, "addr_key": "1210 wien, stammersdorfer straße", "distance_to_ugs": 155.48983301670356, "distance_to_ubs": 289.15671348123914, "building_id": 1355, "index_right": 1879, "closest_ugbs_type": "U", "distance_to_ugbs": 155.48983301670356, "within_300m": true }, "geometry": { "type": "Point", "coordinates": [ 5530.901602368062413, 351552.080021243891679 ] } },
{ "type": "Feature", "properties": { "Hofname": "Prager Straße 56-58", "clean_address": "1210 Wien, Prager Straße", "Wohnungen": 64, "Lokale": 6, "addr_key": "1210 wien, prager straße", "distance_to_ugs": 11.662816853545118, "distance_to_ubs": 62.418311716142256, "building_id": 1356, "index_right": 765, "closest_ugbs_type": "L", "distance_to_ugbs": 11.662816853545118, "within_300m": true }, "geometry": { "type": "Point", "coordinates": [ 1557.911354078396016, 342009.850461553782225 ] } },
{ "type": "Feature", "properties": { "Hofname": "Brünner Straße 108-110", "clean_address": "1210 Wien, Brünner Straße", "Wohnungen": 98, "Lokale": 5, "addr_key": "1210 wien, brünner straße", "distance_to_ugs": 347.46997262090673, "distance_to_ubs": 249.36179388332741, "building_id": 1357, "index_right": 2317, "closest_ugbs_type": "B", "distance_to_ugbs": 249.36179388332741, "within_300m": true }, "geometry": { "type": "Point", "coordinates": [ 5266.867047336570977, 347523.995552780106664 ] } },
{ "type": "Feature", "properties": { "Hofname": "Carrogasse 1-5", "clean_address": "1210 Wien, Carrogasse", "Wohnungen": 167, "Lokale": 12, "addr_key": "1210 wien, carrogasse", "distance_to_ugs": 45.051625578653805, "distance_to_ubs": 443.75471039494164, "building_id": 1358, "index_right": 1809, "closest_ugbs_type": "L", "distance_to_ugbs": 45.051625578653805, "within_300m": true }, "geometry": { "type": "Point", "coordinates": [ 6022.82967316664417, 348712.436006018891931 ] } },
{ "type": "Feature", "properties": { "Hofname": "Aistgasse 8-30", "clean_address": "1210 Wien, Aistgasse", "Wohnungen": 380, "Lokale": 9, "addr_key": "1210 wien, aistgasse", "distance_to_ugs": 137.20526979541046, "distance_to_ubs": 1281.4987956692912, "building_id": 1359, "index_right": 1702, "closest_ugbs_type": "L", "distance_to_ugbs": 137.20526979541046, "within_300m": true }, "geometry": { "type": "Point", "coordinates": [ 8705.508280460780952, 349063.886149234138429 ] } },
{ "type": "Feature", "properties": { "Hofname": "Fultonstraße 5-11", "clean_address": "1210 Wien, Fultonstraße", "Wohnungen": 134, "Lokale": 16, "addr_key": "1210 wien, fultonstraße", "distance_to_ugs": 46.238472112089603, "distance_to_ubs": 89.184361142226862, "building_id": 1360, "index_right": 1555, "closest_ugbs_type": "L", "distance_to_ugbs": 46.238472112089603, "within_300m": true }, "geometry": { "type": "Point", "coordinates": [ 6086.151215857878924, 346044.627973501570523 ] } },
{ "type": "Feature", "properties": { "Hofname": "Franklinstraße 20", "clean_address": "1210 Wien, Franklinstraße", "Wohnungen": 241, "Lokale": 16, "addr_key": "1210 wien, franklinstraße", "distance_to_ugs": 67.60760302454608, "distance_to_ubs": 412.56817444318557, "building_id": 1361, "index_right": 1559, "closest_ugbs_type": "L", "distance_to_ugbs": 67.60760302454608, "within_300m": true }, "geometry": { "type": "Point", "coordinates": [ 5213.189558457933344, 346219.959490646142513 ] } },
{ "type": "Feature", "properties": { "Hofname": "Ringelseegasse 11-15", "clean_address": "1210 Wien, Ringelseegasse", "Wohnungen": 113, "Lokale": 7, "addr_key": "1210 wien, ringelseegasse", "distance_to_ugs": 70.871465521394896, "distance_to_ubs": 228.82238473665367, "building_id": 1362, "index_right": 1557, "closest_ugbs_type": "L", "distance_to_ugbs": 70.871465521394896, "within_300m": true }, "geometry": { "type": "Point", "coordinates": [ 5211.771641682157679, 346035.011784561909735 ] } },
{ "type": "Feature", "properties": { "Hofname": "Scheydgasse 3-15", "clean_address": "1210 Wien, Scheydgasse", "Wohnungen": 34, "Lokale": 6, "addr_key": "1210 wien, scheydgasse", "distance_to_ugs": 95.907735743866468, "distance_to_ubs": 352.16643154886702, "building_id": 1363, "index_right": 1790, "closest_ugbs_type": "L", "distance_to_ugbs": 95.907735743866468, "within_300m": true }, "geometry": { "type": "Point", "coordinates": [ 3603.418451904964513, 349711.318709967657924 ] } },
{ "type": "Feature", "properties": { "Hofname": "Anton-Störck-Gasse 53-55", "clean_address": "1210 Wien, Anton-Störck-Gasse", "Wohnungen": 53, "Lokale": 4, "addr_key": "1210 wien, anton-störck-gasse", "distance_to_ugs": 218.03825555346017, "distance_to_ubs": 235.56305811524589, "building_id": 1364, "index_right": 1573, "closest_ugbs_type": "L", "distance_to_ugbs": 218.03825555346017, "within_300m": true }, "geometry": { "type": "Point", "coordinates": [ 4483.067813644234775, 347542.330755063099787 ] } },
{ "type": "Feature", "properties": { "Hofname": "Gebauergasse 10", "clean_address": "1210 Wien, Gebauergasse", "Wohnungen": 23, "Lokale": 0, "addr_key": "1210 wien, gebauergasse", "distance_to_ugs": 51.547776133048536, "distance_to_ubs": 326.55036192285274, "building_id": 1365, "index_right": 1571, "closest_ugbs_type": "L", "distance_to_ugbs": 51.547776133048536, "within_300m": true }, "geometry": { "type": "Point", "coordinates": [ 4804.758571660460802, 347441.237327691167593 ] } },
{ "type": "Feature", "properties": { "Hofname": "Josef-Baumann-Gasse 65-67", "clean_address": "1210 Wien, Josef-Baumann-Gasse", "Wohnungen": 49, "Lokale": 6, "addr_key": "1210 wien, josef-baumann-gasse", "distance_to_ugs": 184.48108770510859, "distance_to_ubs": 156.72197645942359, "building_id": 1366, "index_right": 2296, "closest_ugbs_type": "B", "distance_to_ugbs": 156.72197645942359, "within_300m": true }, "geometry": { "type": "Point", "coordinates": [ 7335.989271028878647, 345987.889380765147507 ] } },
{ "type": "Feature", "properties": { "Hofname": "Ruthnergasse 56-60", "clean_address": "1210 Wien, Ruthnergasse", "Wohnungen": 553, "Lokale": 15, "addr_key": "1210 wien, ruthnergasse", "distance_to_ugs": 123.61350964078218, "distance_to_ubs": 530.07556776893387, "building_id": 1367, "index_right": 1818, "closest_ugbs_type": "L", "distance_to_ugbs": 123.61350964078218, "within_300m": true }, "geometry": { "type": "Point", "coordinates": [ 6739.368273511096049, 348809.021926558052655 ] } },
{ "type": "Feature", "properties": { "Hofname": "Beethoven-Hof", "clean_address": "1210 Wien, O'Brien-Gasse", "Wohnungen": 62, "Lokale": 3, "addr_key": "1210 wien, o'brien-gasse", "distance_to_ugs": 233.97920077015914, "distance_to_ubs": 314.96075811602606, "building_id": 1368, "index_right": 1568, "closest_ugbs_type": "L", "distance_to_ugbs": 233.97920077015914, "within_300m": true }, "geometry": { "type": "Point", "coordinates": [ 4463.172237992043847, 347458.179458691738546 ] } },
{ "type": "Feature", "properties": { "Hofname": "Donaufelder Straße 44", "clean_address": "1210 Wien, Donaufelder Straße", "Wohnungen": 92, "Lokale": 6, "addr_key": "1210 wien, donaufelder straße", "distance_to_ugs": 55.208980999449437, "distance_to_ubs": 548.15241533273309, "building_id": 1369, "index_right": 1560, "closest_ugbs_type": "L", "distance_to_ugbs": 55.208980999449437, "within_300m": true }, "geometry": { "type": "Point", "coordinates": [ 5680.826465466057016, 346260.584683977067471 ] } },
{ "type": "Feature", "properties": { "Hofname": "Werndlgasse 11-19", "clean_address": "1210 Wien, Werndlgasse", "Wohnungen": 155, "Lokale": 6, "addr_key": "1210 wien, werndlgasse", "distance_to_ugs": 149.01236520060519, "distance_to_ubs": 135.57452151266315, "building_id": 1370, "index_right": 2317, "closest_ugbs_type": "B", "distance_to_ugbs": 135.57452151266315, "within_300m": true }, "geometry": { "type": "Point", "coordinates": [ 5127.908703297243846, 347174.787221065722406 ] } },
{ "type": "Feature", "properties": { "Hofname": "Schöpfleuthnergasse 8-16", "clean_address": "1210 Wien, Schöpfleuthnergasse", "Wohnungen": 137, "Lokale": 8, "addr_key": "1210 wien, schöpfleuthnergasse", "distance_to_ugs": 35.069393094878734, "distance_to_ubs": 128.99504040171269, "building_id": 1371, "index_right": 1468, "closest_ugbs_type": "L", "distance_to_ugbs": 35.069393094878734, "within_300m": true }, "geometry": { "type": "Point", "coordinates": [ 4738.921223490549892, 346077.4564976291731 ] } },
{ "type": "Feature", "properties": { "Hofname": "Bessemerstraße 10-16", "clean_address": "1210 Wien, Bessemerstraße", "Wohnungen": 128, "Lokale": 6, "addr_key": "1210 wien, bessemerstraße", "distance_to_ugs": 228.5073573882309, "distance_to_ubs": 184.12304379374135, "building_id": 1372, "index_right": 2318, "closest_ugbs_type": "B", "distance_to_ugbs": 184.12304379374135, "within_300m": true }, "geometry": { "type": "Point", "coordinates": [ 6050.448122318992318, 346293.514916269108653 ] } },
{ "type": "Feature", "properties": { "Hofname": "Werndlgasse 14-18", "clean_address": "1210 Wien, Werndlgasse", "Wohnungen": 526, "Lokale": 13, "addr_key": "1210 wien, werndlgasse", "distance_to_ugs": 149.01236520060519, "distance_to_ubs": 135.57452151266315, "building_id": 1373, "index_right": 2317, "closest_ugbs_type": "B", "distance_to_ugbs": 135.57452151266315, "within_300m": true }, "geometry": { "type": "Point", "coordinates": [ 5127.908703297243846, 347174.787221065722406 ] } },
{ "type": "Feature", "properties": { "Hofname": "Frömmlgasse 30-32", "clean_address": "1210 Wien, Frömmlgasse", "Wohnungen": 16, "Lokale": 0, "addr_key": "1210 wien, frömmlgasse", "distance_to_ugs": 146.81375114840361, "distance_to_ubs": 776.14749474381949, "building_id": 1374, "index_right": 1472, "closest_ugbs_type": "L", "distance_to_ugbs": 146.81375114840361, "within_300m": true }, "geometry": { "type": "Point", "coordinates": [ 4664.278042358332641, 346732.765050089918077 ] } },
{ "type": "Feature", "properties": { "Hofname": "O'Brien-Gasse 25-27", "clean_address": "1210 Wien, O'Brien-Gasse", "Wohnungen": 22, "Lokale": 0, "addr_key": "1210 wien, o'brien-gasse", "distance_to_ugs": 233.97920077015914, "distance_to_ubs": 314.96075811602606, "building_id": 1375, "index_right": 1568, "closest_ugbs_type": "L", "distance_to_ugbs": 233.97920077015914, "within_300m": true }, "geometry": { "type": "Point", "coordinates": [ 4463.172237992043847, 347458.179458691738546 ] } },
{ "type": "Feature", "properties": { "Hofname": "Scheffelstraße 24", "clean_address": "1210 Wien, Scheffelstraße", "Wohnungen": 31, "Lokale": 2, "addr_key": "1210 wien, scheffelstraße", "distance_to_ugs": 131.2108914522257, "distance_to_ubs": 247.57966818688962, "building_id": 1376, "index_right": 1556, "closest_ugbs_type": "L", "distance_to_ugbs": 131.2108914522257, "within_300m": true }, "geometry": { "type": "Point", "coordinates": [ 5503.273289648973332, 345971.065991105511785 ] } },
{ "type": "Feature", "properties": { "Hofname": "Jedleseer Straße 79-95", "clean_address": "1210 Wien, Jedleseer Straße", "Wohnungen": 1246, "Lokale": 83, "addr_key": "1210 wien, jedleseer straße", "distance_to_ugs": 28.627016294608225, "distance_to_ubs": 552.88464534487537, "building_id": 1377, "index_right": 1473, "closest_ugbs_type": "L", "distance_to_ugbs": 28.627016294608225, "within_300m": true }, "geometry": { "type": "Point", "coordinates": [ 4202.964110540072397, 346944.681142004206777 ] } },
{ "type": "Feature", "properties": { "Hofname": "Gmündstraße 1", "clean_address": "1210 Wien, Gmündstraße", "Wohnungen": 193, "Lokale": 11, "addr_key": "1210 wien, gmündstraße", "distance_to_ugs": 28.117207922171943, "distance_to_ubs": 653.34978333579909, "building_id": 1378, "index_right": 1792, "closest_ugbs_type": "L", "distance_to_ugbs": 28.117207922171943, "within_300m": true }, "geometry": { "type": "Point", "coordinates": [ 3993.751231816604104, 350311.641595845110714 ] } },
{ "type": "Feature", "properties": { "Hofname": "Justgasse 6-14", "clean_address": "1210 Wien, Justgasse", "Wohnungen": 148, "Lokale": 9, "addr_key": "1210 wien, justgasse", "distance_to_ugs": 28.593530945285217, "distance_to_ubs": 458.25317235853123, "building_id": 1379, "index_right": 1809, "closest_ugbs_type": "L", "distance_to_ugbs": 28.593530945285217, "within_300m": true }, "geometry": { "type": "Point", "coordinates": [ 6051.027929432123528, 348734.603599182330072 ] } },
{ "type": "Feature", "properties": { "Hofname": "Siemensstraße 21-55", "clean_address": "1210 Wien, Siemensstraße", "Wohnungen": 1573, "Lokale": 128, "addr_key": "1210 wien, siemensstraße", "distance_to_ugs": 443.0775912273848, "distance_to_ubs": 227.98500937523937, "building_id": 1380, "index_right": 2323, "closest_ugbs_type": "B", "distance_to_ugbs": 227.98500937523937, "within_300m": true }, "geometry": { "type": "Point", "coordinates": [ 6389.762509939140728, 348235.617697371169925 ] } },
{ "type": "Feature", "properties": { "Hofname": "Ostmarkgasse 48", "clean_address": "1210 Wien, Ostmarkgasse", "Wohnungen": 95, "Lokale": 1, "addr_key": "1210 wien, ostmarkgasse", "distance_to_ugs": 268.23107153164733, "distance_to_ubs": 151.73774898400521, "building_id": 1381, "index_right": 2318, "closest_ugbs_type": "B", "distance_to_ugbs": 151.73774898400521, "within_300m": true }, "geometry": { "type": "Point", "coordinates": [ 6094.464935674496701, 346347.500628354027867 ] } },
{ "type": "Feature", "properties": { "Hofname": "Leopoldauer Straße 107-113", "clean_address": "1210 Wien, Leopoldauer Straße", "Wohnungen": 99, "Lokale": 3, "addr_key": "1210 wien, leopoldauer straße", "distance_to_ugs": 252.69224890113213, "distance_to_ubs": 726.29230997798948, "building_id": 1382, "index_right": 1560, "closest_ugbs_type": "L", "distance_to_ugbs": 252.69224890113213, "within_300m": true }, "geometry": { "type": "Point", "coordinates": [ 5407.041930121442419, 346563.141413785517216 ] } },
{ "type": "Feature", "properties": { "Hofname": "Stammersdorfer Straße 116-120", "clean_address": "1210 Wien, Stammersdorfer Straße", "Wohnungen": 33, "Lokale": 5, "addr_key": "1210 wien, stammersdorfer straße", "distance_to_ugs": 155.48983301670356, "distance_to_ubs": 289.15671348123914, "building_id": 1383, "index_right": 1879, "closest_ugbs_type": "U", "distance_to_ugbs": 155.48983301670356, "within_300m": true }, "geometry": { "type": "Point", "coordinates": [ 5530.901602368062413, 351552.080021243891679 ] } },
{ "type": "Feature", "properties": { "Hofname": "Gerichtsgasse 10", "clean_address": "1210 Wien, Gerichtsgasse", "Wohnungen": 13, "Lokale": 0, "addr_key": "1210 wien, gerichtsgasse", "distance_to_ugs": 108.78053006036345, "distance_to_ubs": 509.93410661548995, "building_id": 1384, "index_right": 1474, "closest_ugbs_type": "L", "distance_to_ugbs": 108.78053006036345, "within_300m": true }, "geometry": { "type": "Point", "coordinates": [ 4774.287338638633628, 347030.798985937144607 ] } },
{ "type": "Feature", "properties": { "Hofname": "Morelligasse 1-3", "clean_address": "1210 Wien, Morelligasse", "Wohnungen": 113, "Lokale": 5, "addr_key": "1210 wien, morelligasse", "distance_to_ugs": 154.87539102356669, "distance_to_ubs": 258.40295824437743, "building_id": 1385, "index_right": 1556, "closest_ugbs_type": "L", "distance_to_ugbs": 154.87539102356669, "within_300m": true }, "geometry": { "type": "Point", "coordinates": [ 5449.800207064569804, 345992.845163790509105 ] } },
{ "type": "Feature", "properties": { "Hofname": "Kahlgasse 9-11", "clean_address": "1210 Wien, Kahlgasse", "Wohnungen": 32, "Lokale": 0, "addr_key": "1210 wien, kahlgasse", "distance_to_ugs": 78.928882818673799, "distance_to_ubs": 518.9646366202694, "building_id": 1386, "index_right": 1560, "closest_ugbs_type": "L", "distance_to_ugbs": 78.928882818673799, "within_300m": true }, "geometry": { "type": "Point", "coordinates": [ 5494.004197786645818, 346257.6425795936957 ] } },
{ "type": "Feature", "properties": { "Hofname": "Donaufelder Straße 20", "clean_address": "1210 Wien, Donaufelder Straße", "Wohnungen": 20, "Lokale": 1, "addr_key": "1210 wien, donaufelder straße", "distance_to_ugs": 55.208980999449437, "distance_to_ubs": 548.15241533273309, "building_id": 1387, "index_right": 1560, "closest_ugbs_type": "L", "distance_to_ugbs": 55.208980999449437, "within_300m": true }, "geometry": { "type": "Point", "coordinates": [ 5680.826465466057016, 346260.584683977067471 ] } },
{ "type": "Feature", "properties": { "Hofname": "Kirchhoffgasse 13", "clean_address": "1210 Wien, Kirchhoffgasse", "Wohnungen": 20, "Lokale": 0, "addr_key": "1210 wien, kirchhoffgasse", "distance_to_ugs": 65.767433169108656, "distance_to_ubs": 137.76482380635426, "building_id": 1388, "index_right": 1541, "closest_ugbs_type": "L", "distance_to_ugbs": 65.767433169108656, "within_300m": true }, "geometry": { "type": "Point", "coordinates": [ 5257.794669217742012, 345936.832373620942235 ] } },
{ "type": "Feature", "properties": { "Hofname": "Josef-Flandorfer-Straße 75", "clean_address": "1210 Wien, Josef-Flandorfer-Straße", "Wohnungen": 18, "Lokale": 0, "addr_key": "1210 wien, josef-flandorfer-straße", "distance_to_ugs": 319.09891424546237, "distance_to_ubs": 543.91459974416978, "building_id": 1389, "index_right": 1869, "closest_ugbs_type": "L", "distance_to_ugbs": 319.09891424546237, "within_300m": false }, "geometry": { "type": "Point", "coordinates": [ 6515.97798540315398, 351105.213057667016983 ] } },
{ "type": "Feature", "properties": { "Hofname": "Schenkendorfgasse 49-53", "clean_address": "1210 Wien, Schenkendorfgasse", "Wohnungen": 63, "Lokale": 2, "addr_key": "1210 wien, schenkendorfgasse", "distance_to_ugs": 259.30397457900409, "distance_to_ubs": 702.88841165530198, "building_id": 1390, "index_right": 1560, "closest_ugbs_type": "L", "distance_to_ugbs": 259.30397457900409, "within_300m": true }, "geometry": { "type": "Point", "coordinates": [ 5451.516200617431423, 346600.120731329545379 ] } },
{ "type": "Feature", "properties": { "Hofname": "Voltagasse 55-63", "clean_address": "1210 Wien, Voltagasse", "Wohnungen": 179, "Lokale": 4, "addr_key": "1210 wien, voltagasse", "distance_to_ugs": 183.30595469014989, "distance_to_ubs": 349.58462093171897, "building_id": 1391, "index_right": 1568, "closest_ugbs_type": "L", "distance_to_ugbs": 183.30595469014989, "within_300m": true }, "geometry": { "type": "Point", "coordinates": [ 4477.944881780059404, 347409.653202569112182 ] } },
{ "type": "Feature", "properties": { "Hofname": "Wenhartgasse 20", "clean_address": "1210 Wien, Wenhartgasse", "Wohnungen": 25, "Lokale": 1, "addr_key": "1210 wien, wenhartgasse", "distance_to_ugs": 69.748850024935635, "distance_to_ubs": 544.38181614398013, "building_id": 1392, "index_right": 1748, "closest_ugbs_type": "L", "distance_to_ugbs": 69.748850024935635, "within_300m": true }, "geometry": { "type": "Point", "coordinates": [ 3813.462198111277303, 347619.342827391810715 ] } },
{ "type": "Feature", "properties": { "Hofname": "Franz-Jonas-Hof", "clean_address": "1210 Wien, Prager Straße", "Wohnungen": 338, "Lokale": 17, "addr_key": "1210 wien, prager straße", "distance_to_ugs": 11.662816853545118, "distance_to_ubs": 62.418311716142256, "building_id": 1393, "index_right": 765, "closest_ugbs_type": "L", "distance_to_ugbs": 11.662816853545118, "within_300m": true }, "geometry": { "type": "Point", "coordinates": [ 1557.911354078396016, 342009.850461553782225 ] } },
{ "type": "Feature", "properties": { "Hofname": "Brünner Straße 97-99", "clean_address": "1210 Wien, Brünner Straße", "Wohnungen": 66, "Lokale": 3, "addr_key": "1210 wien, brünner straße", "distance_to_ugs": 347.46997262090673, "distance_to_ubs": 249.36179388332741, "building_id": 1394, "index_right": 2317, "closest_ugbs_type": "B", "distance_to_ugbs": 249.36179388332741, "within_300m": true }, "geometry": { "type": "Point", "coordinates": [ 5266.867047336570977, 347523.995552780106664 ] } },
{ "type": "Feature", "properties": { "Hofname": "Amtsstraße 42", "clean_address": "1210 Wien, Amtsstraße", "Wohnungen": 31, "Lokale": 2, "addr_key": "1210 wien, amtsstraße", "distance_to_ugs": 63.071480521628892, "distance_to_ubs": 170.24548501824432, "building_id": 1395, "index_right": 1807, "closest_ugbs_type": "L", "distance_to_ugbs": 63.071480521628892, "within_300m": true }, "geometry": { "type": "Point", "coordinates": [ 5513.648494783308706, 348809.499592125415802 ] } },
{ "type": "Feature", "properties": { "Hofname": "Rußbergstraße 24", "clean_address": "1210 Wien, Rußbergstraße", "Wohnungen": 142, "Lokale": 10, "addr_key": "1210 wien, rußbergstraße", "distance_to_ugs": 83.414174176289606, "distance_to_ubs": 803.5355625697099, "building_id": 1396, "index_right": 1848, "closest_ugbs_type": "L", "distance_to_ugbs": 83.414174176289606, "within_300m": true }, "geometry": { "type": "Point", "coordinates": [ 4153.783858142140161, 350542.114344675210305 ] } },
{ "type": "Feature", "properties": { "Hofname": "Roda-Roda-Gasse 4", "clean_address": "1210 Wien, Roda-Roda-Gasse", "Wohnungen": 191, "Lokale": 8, "addr_key": "1210 wien, roda-roda-gasse", "distance_to_ugs": 241.26436394635485, "distance_to_ubs": 676.75681058351051, "building_id": 1397, "index_right": 1792, "closest_ugbs_type": "L", "distance_to_ugbs": 241.26436394635485, "within_300m": true }, "geometry": { "type": "Point", "coordinates": [ 3805.288152912182795, 350211.245352954603732 ] } },
{ "type": "Feature", "properties": { "Hofname": "Roda-Roda-Gasse 6", "clean_address": "1210 Wien, Roda-Roda-Gasse", "Wohnungen": 24, "Lokale": 0, "addr_key": "1210 wien, roda-roda-gasse", "distance_to_ugs": 241.26436394635485, "distance_to_ubs": 676.75681058351051, "building_id": 1398, "index_right": 1792, "closest_ugbs_type": "L", "distance_to_ugbs": 241.26436394635485, "within_300m": true }, "geometry": { "type": "Point", "coordinates": [ 3805.288152912182795, 350211.245352954603732 ] } },
{ "type": "Feature", "properties": { "Hofname": "Frömmlgasse 2-4", "clean_address": "1210 Wien, Frömmlgasse", "Wohnungen": 171, "Lokale": 6, "addr_key": "1210 wien, frömmlgasse", "distance_to_ugs": 146.81375114840361, "distance_to_ubs": 776.14749474381949, "building_id": 1399, "index_right": 1472, "closest_ugbs_type": "L", "distance_to_ugbs": 146.81375114840361, "within_300m": true }, "geometry": { "type": "Point", "coordinates": [ 4664.278042358332641, 346732.765050089918077 ] } },
{ "type": "Feature", "properties": { "Hofname": "Roggegasse 44-46", "clean_address": "1210 Wien, Roggegasse", "Wohnungen": 51, "Lokale": 2, "addr_key": "1210 wien, roggegasse", "distance_to_ugs": 198.55684706000784, "distance_to_ubs": 299.72256361362952, "building_id": 1400, "index_right": 1780, "closest_ugbs_type": "R", "distance_to_ugbs": 198.55684706000784, "within_300m": true }, "geometry": { "type": "Point", "coordinates": [ 4158.099767018038619, 349994.885080323554575 ] } },
{ "type": "Feature", "properties": { "Hofname": "Ödenburger Straße 73-85", "clean_address": "1210 Wien, Ödenburger Straße", "Wohnungen": 320, "Lokale": 7, "addr_key": "1210 wien, ödenburger straße", "distance_to_ugs": 129.26826286725799, "distance_to_ubs": 14.782351160998996, "building_id": 1401, "index_right": 2888, "closest_ugbs_type": "B", "distance_to_ugbs": 14.782351160998996, "within_300m": true }, "geometry": { "type": "Point", "coordinates": [ 4825.283790164812672, 348491.156476368196309 ] } },
{ "type": "Feature", "properties": { "Hofname": "Nordmanngasse 14-16", "clean_address": "1210 Wien, Nordmanngasse", "Wohnungen": 74, "Lokale": 0, "addr_key": "1210 wien, nordmanngasse", "distance_to_ugs": 19.285752816846014, "distance_to_ubs": 360.10441069386974, "building_id": 1402, "index_right": 1544, "closest_ugbs_type": "L", "distance_to_ugbs": 19.285752816846014, "within_300m": true }, "geometry": { "type": "Point", "coordinates": [ 5809.698655283780681, 346078.357720511965454 ] } },
{ "type": "Feature", "properties": { "Hofname": "Frömmlgasse 1", "clean_address": "1210 Wien, Frömmlgasse", "Wohnungen": 14, "Lokale": 0, "addr_key": "1210 wien, frömmlgasse", "distance_to_ugs": 146.81375114840361, "distance_to_ubs": 776.14749474381949, "building_id": 1403, "index_right": 1472, "closest_ugbs_type": "L", "distance_to_ugbs": 146.81375114840361, "within_300m": true }, "geometry": { "type": "Point", "coordinates": [ 4664.278042358332641, 346732.765050089918077 ] } },
{ "type": "Feature", "properties": { "Hofname": "Edergasse 1-3", "clean_address": "1210 Wien, Edergasse", "Wohnungen": 131, "Lokale": 12, "addr_key": "1210 wien, edergasse", "distance_to_ugs": 78.820004215235173, "distance_to_ubs": 264.27601085748381, "building_id": 1404, "index_right": 1808, "closest_ugbs_type": "L", "distance_to_ugbs": 78.820004215235173, "within_300m": true }, "geometry": { "type": "Point", "coordinates": [ 5824.984169036572894, 348747.278580536134541 ] } },
{ "type": "Feature", "properties": { "Hofname": "Berlagasse 1", "clean_address": "1210 Wien, Berlagasse", "Wohnungen": 282, "Lokale": 6, "addr_key": "1210 wien, berlagasse", "distance_to_ugs": 327.39785615815379, "distance_to_ubs": 407.54539103133169, "building_id": 1405, "index_right": 1780, "closest_ugbs_type": "R", "distance_to_ugbs": 327.39785615815379, "within_300m": false }, "geometry": { "type": "Point", "coordinates": [ 3966.328972071479711, 349983.14938912820071 ] } },
{ "type": "Feature", "properties": { "Hofname": "Franz-Petritsch-Hof", "clean_address": "1210 Wien, Jedleseer Straße", "Wohnungen": 247, "Lokale": 6, "addr_key": "1210 wien, jedleseer straße", "distance_to_ugs": 28.627016294608225, "distance_to_ubs": 552.88464534487537, "building_id": 1406, "index_right": 1473, "closest_ugbs_type": "L", "distance_to_ugbs": 28.627016294608225, "within_300m": true }, "geometry": { "type": "Point", "coordinates": [ 4202.964110540072397, 346944.681142004206777 ] } },
{ "type": "Feature", "properties": { "Hofname": "Justgasse 29", "clean_address": "1210 Wien, Justgasse", "Wohnungen": 695, "Lokale": 15, "addr_key": "1210 wien, justgasse", "distance_to_ugs": 28.593530945285217, "distance_to_ubs": 458.25317235853123, "building_id": 1407, "index_right": 1809, "closest_ugbs_type": "L", "distance_to_ugbs": 28.593530945285217, "within_300m": true }, "geometry": { "type": "Point", "coordinates": [ 6051.027929432123528, 348734.603599182330072 ] } },
{ "type": "Feature", "properties": { "Hofname": "Mühlweg 43", "clean_address": "1210 Wien, Mühlweg", "Wohnungen": 273, "Lokale": 2, "addr_key": "1210 wien, mühlweg", "distance_to_ugs": 31.932511336175995, "distance_to_ubs": 51.242621213306911, "building_id": 1408, "index_right": 1779, "closest_ugbs_type": "R", "distance_to_ugbs": 31.932511336175995, "within_300m": true }, "geometry": { "type": "Point", "coordinates": [ 3944.985206393210319, 349591.079269186593592 ] } },
{ "type": "Feature", "properties": { "Hofname": "Rußbergstraße 11", "clean_address": "1210 Wien, Rußbergstraße", "Wohnungen": 92, "Lokale": 10, "addr_key": "1210 wien, rußbergstraße", "distance_to_ugs": 83.414174176289606, "distance_to_ubs": 803.5355625697099, "building_id": 1409, "index_right": 1848, "closest_ugbs_type": "L", "distance_to_ugbs": 83.414174176289606, "within_300m": true }, "geometry": { "type": "Point", "coordinates": [ 4153.783858142140161, 350542.114344675210305 ] } },
{ "type": "Feature", "properties": { "Hofname": "Mühlschüttelgasse 7-11", "clean_address": "1210 Wien, Mühlschüttelgasse", "Wohnungen": 53, "Lokale": 0, "addr_key": "1210 wien, mühlschüttelgasse", "distance_to_ugs": 23.303575832183547, "distance_to_ubs": 74.599590469022417, "building_id": 1410, "index_right": 1541, "closest_ugbs_type": "L", "distance_to_ugbs": 23.303575832183547, "within_300m": true }, "geometry": { "type": "Point", "coordinates": [ 5169.555150678330392, 345884.809994138311595 ] } },
{ "type": "Feature", "properties": { "Hofname": "Theodor-Körner-Gasse 28", "clean_address": "1210 Wien, Theodor-Körner-Gasse", "Wohnungen": 16, "Lokale": 2, "addr_key": "1210 wien, theodor-körner-gasse", "distance_to_ugs": 42.033321117659014, "distance_to_ubs": 109.11013784692068, "building_id": 1411, "index_right": 1539, "closest_ugbs_type": "L", "distance_to_ugbs": 42.033321117659014, "within_300m": true }, "geometry": { "type": "Point", "coordinates": [ 5661.951813541985757, 345777.309814912267029 ] } },
{ "type": "Feature", "properties": { "Hofname": "Donaufelder Straße 22", "clean_address": "1210 Wien, Donaufelder Straße", "Wohnungen": 27, "Lokale": 13, "addr_key": "1210 wien, donaufelder straße", "distance_to_ugs": 55.208980999449437, "distance_to_ubs": 548.15241533273309, "building_id": 1412, "index_right": 1560, "closest_ugbs_type": "L", "distance_to_ugbs": 55.208980999449437, "within_300m": true }, "geometry": { "type": "Point", "coordinates": [ 5680.826465466057016, 346260.584683977067471 ] } },
{ "type": "Feature", "properties": { "Hofname": "Rußbergstraße 94-100", "clean_address": "1210 Wien, Rußbergstraße", "Wohnungen": 23, "Lokale": 5, "addr_key": "1210 wien, rußbergstraße", "distance_to_ugs": 83.414174176289606, "distance_to_ubs": 803.5355625697099, "building_id": 1413, "index_right": 1848, "closest_ugbs_type": "L", "distance_to_ugbs": 83.414174176289606, "within_300m": true }, "geometry": { "type": "Point", "coordinates": [ 4153.783858142140161, 350542.114344675210305 ] } },
{ "type": "Feature", "properties": { "Hofname": "Pastorstraße 22", "clean_address": "1210 Wien, Pastorstraße", "Wohnungen": 145, "Lokale": 2, "addr_key": "1210 wien, pastorstraße", "distance_to_ugs": 37.365279307207096, "distance_to_ubs": 937.99435244282199, "building_id": 1414, "index_right": 1682, "closest_ugbs_type": "L", "distance_to_ugbs": 37.365279307207096, "within_300m": true }, "geometry": { "type": "Point", "coordinates": [ 8255.986692755021068, 348165.941158059053123 ] } },
{ "type": "Feature", "properties": { "Hofname": "Oswald-Redlich-Straße 36", "clean_address": "1210 Wien, Oswald-Redlich-Straße", "Wohnungen": 180, "Lokale": 15, "addr_key": "1210 wien, oswald-redlich-straße", "distance_to_ugs": 30.215158908102822, "distance_to_ubs": 1107.831785160877, "building_id": 1415, "index_right": 1695, "closest_ugbs_type": "L", "distance_to_ugbs": 30.215158908102822, "within_300m": true }, "geometry": { "type": "Point", "coordinates": [ 7959.719111042539225, 348312.236388294957578 ] } },
{ "type": "Feature", "properties": { "Hofname": "Brünner Straße 188", "clean_address": "1210 Wien, Brünner Straße", "Wohnungen": 217, "Lokale": 1, "addr_key": "1210 wien, brünner straße", "distance_to_ugs": 347.46997262090673, "distance_to_ubs": 249.36179388332741, "building_id": 1416, "index_right": 2317, "closest_ugbs_type": "B", "distance_to_ugbs": 249.36179388332741, "within_300m": true }, "geometry": { "type": "Point", "coordinates": [ 5266.867047336570977, 347523.995552780106664 ] } },
{ "type": "Feature", "properties": { "Hofname": "Otto-Felix-Kanitz-Hof", "clean_address": "1210 Wien, Kummergasse", "Wohnungen": 189, "Lokale": 6, "addr_key": "1210 wien, kummergasse", "distance_to_ugs": 20.591912473831812, "distance_to_ubs": 305.05153363291157, "building_id": 1417, "index_right": 1841, "closest_ugbs_type": "L", "distance_to_ugbs": 20.591912473831812, "within_300m": true }, "geometry": { "type": "Point", "coordinates": [ 6296.600963154505735, 350596.653078489936888 ] } },
{ "type": "Feature", "properties": { "Hofname": "Jedlersdorfer Straße 294", "clean_address": "1210 Wien, Jedlersdorfer Straße", "Wohnungen": 70, "Lokale": 8, "addr_key": "1210 wien, jedlersdorfer straße", "distance_to_ugs": 40.739416795206971, "distance_to_ubs": 404.5055253979009, "building_id": 1418, "index_right": 1774, "closest_ugbs_type": "L", "distance_to_ugbs": 40.739416795206971, "within_300m": true }, "geometry": { "type": "Point", "coordinates": [ 5046.693554813391529, 348850.124626646284014 ] } },
{ "type": "Feature", "properties": { "Hofname": "Hanreitergasse 3", "clean_address": "1210 Wien, Hanreitergasse", "Wohnungen": 289, "Lokale": 6, "addr_key": "1210 wien, hanreitergasse", "distance_to_ugs": 38.057323746013061, "distance_to_ubs": 657.5646601657221, "building_id": 1419, "index_right": 1828, "closest_ugbs_type": "L", "distance_to_ugbs": 38.057323746013061, "within_300m": true }, "geometry": { "type": "Point", "coordinates": [ 6075.061493524643993, 349532.906796935945749 ] } },
{ "type": "Feature", "properties": { "Hofname": "Konstanziagasse 44", "clean_address": "1220 Wien, Konstanziagasse", "Wohnungen": 122, "Lokale": 10, "addr_key": "1220 wien, konstanziagasse", "distance_to_ugs": 201.5483360824243, "distance_to_ubs": 554.40232701073762, "building_id": 1420, "index_right": 1319, "closest_ugbs_type": "L", "distance_to_ugbs": 201.5483360824243, "within_300m": true }, "geometry": { "type": "Point", "coordinates": [ 9302.356824934116958, 343210.88415554817766 ] } },
{ "type": "Feature", "properties": { "Hofname": "Schüttaustraße 14", "clean_address": "1220 Wien, Schüttaustraße", "Wohnungen": 0, "Lokale": 0, "addr_key": "1220 wien, schüttaustraße", "distance_to_ugs": 135.10238152377087, "distance_to_ubs": 89.670766441536088, "building_id": 1421, "index_right": 2288, "closest_ugbs_type": "B", "distance_to_ugbs": 89.670766441536088, "within_300m": true }, "geometry": { "type": "Point", "coordinates": [ 6935.522078233933826, 342909.125648068264127 ] } },
{ "type": "Feature", "properties": { "Hofname": "Langobardenstraße 207", "clean_address": "1220 Wien, Langobardenstraße", "Wohnungen": 16, "Lokale": 1, "addr_key": "1220 wien, langobardenstraße", "distance_to_ugs": 130.03760196501963, "distance_to_ubs": 574.77735711331604, "building_id": 1422, "index_right": 1485, "closest_ugbs_type": "L", "distance_to_ugbs": 130.03760196501963, "within_300m": true }, "geometry": { "type": "Point", "coordinates": [ 8996.1233516064367, 343036.154803867451847 ] } },
{ "type": "Feature", "properties": { "Hofname": "Rudolf-Huber-Hof", "clean_address": "1220 Wien, Quadenstraße", "Wohnungen": 743, "Lokale": 5, "addr_key": "1220 wien, quadenstraße", "distance_to_ugs": 85.284902526086256, "distance_to_ubs": 229.87890230966838, "building_id": 1423, "index_right": 1579, "closest_ugbs_type": "L", "distance_to_ugbs": 85.284902526086256, "within_300m": true }, "geometry": { "type": "Point", "coordinates": [ 10688.231533452339136, 344311.829995415173471 ] } },
{ "type": "Feature", "properties": { "Hofname": "Meißnergasse 4-6", "clean_address": "1220 Wien, Meißnergasse", "Wohnungen": 123, "Lokale": 4, "addr_key": "1220 wien, meißnergasse", "distance_to_ugs": 158.00679701826587, "distance_to_ubs": 851.42150767550049, "building_id": 1424, "index_right": 1603, "closest_ugbs_type": "L", "distance_to_ugbs": 158.00679701826587, "within_300m": true }, "geometry": { "type": "Point", "coordinates": [ 8060.571738848148016, 345546.181185103952885 ] } },
{ "type": "Feature", "properties": { "Hofname": "Wagramer Straße 97-103", "clean_address": "1220 Wien, Wagramer Straße", "Wohnungen": 349, "Lokale": 14, "addr_key": "1220 wien, wagramer straße", "distance_to_ugs": 76.350868676826607, "distance_to_ubs": 111.68480421761437, "building_id": 1425, "index_right": 1531, "closest_ugbs_type": "L", "distance_to_ugbs": 76.350868676826607, "within_300m": true }, "geometry": { "type": "Point", "coordinates": [ 7511.314583415076413, 344900.213225798681378 ] } },
{ "type": "Feature", "properties": { "Hofname": "Albert-Schultz-Hof", "clean_address": "1220 Wien, Erzherzog-Karl-Straße", "Wohnungen": 185, "Lokale": 29, "addr_key": "1220 wien, erzherzog-karl-straße", "distance_to_ugs": 98.581412602130655, "distance_to_ubs": 132.66743168018053, "building_id": 1426, "index_right": 1530, "closest_ugbs_type": "L", "distance_to_ugbs": 98.581412602130655, "within_300m": true }, "geometry": { "type": "Point", "coordinates": [ 7347.732945848029885, 344489.329758468084037 ] } },
{ "type": "Feature", "properties": { "Hofname": "Moissigasse 19", "clean_address": "1220 Wien, Moissigasse", "Wohnungen": 209, "Lokale": 19, "addr_key": "1220 wien, moissigasse", "distance_to_ugs": 147.34471004549636, "distance_to_ubs": 36.685631208761848, "building_id": 1427, "index_right": 2288, "closest_ugbs_type": "B", "distance_to_ugbs": 36.685631208761848, "within_300m": true }, "geometry": { "type": "Point", "coordinates": [ 7385.646200737836807, 343692.86428512702696 ] } },
{ "type": "Feature", "properties": { "Hofname": "Steigenteschgasse 11", "clean_address": "1220 Wien, Steigenteschgasse", "Wohnungen": 15, "Lokale": 5, "addr_key": "1220 wien, steigenteschgasse", "distance_to_ugs": 122.58901674376425, "distance_to_ubs": 627.87503350449742, "building_id": 1428, "index_right": 1599, "closest_ugbs_type": "L", "distance_to_ugbs": 122.58901674376425, "within_300m": true }, "geometry": { "type": "Point", "coordinates": [ 7997.049129806301607, 345239.539329190738499 ] } },
{ "type": "Feature", "properties": { "Hofname": "Kraygasse 89", "clean_address": "1220 Wien, Kraygasse", "Wohnungen": 27, "Lokale": 1, "addr_key": "1220 wien, kraygasse", "distance_to_ugs": 23.684189400169718, "distance_to_ubs": 1162.1103634276312, "building_id": 1429, "index_right": 1598, "closest_ugbs_type": "L", "distance_to_ugbs": 23.684189400169718, "within_300m": true }, "geometry": { "type": "Point", "coordinates": [ 8569.239589006492679, 345189.43497915007174 ] } },
{ "type": "Feature", "properties": { "Hofname": "Langobardenstraße 23-27", "clean_address": "1220 Wien, Langobardenstraße", "Wohnungen": 219, "Lokale": 7, "addr_key": "1220 wien, langobardenstraße", "distance_to_ugs": 130.03760196501963, "distance_to_ubs": 574.77735711331604, "building_id": 1430, "index_right": 1485, "closest_ugbs_type": "L", "distance_to_ugbs": 130.03760196501963, "within_300m": true }, "geometry": { "type": "Point", "coordinates": [ 8996.1233516064367, 343036.154803867451847 ] } },
{ "type": "Feature", "properties": { "Hofname": "Erzherzog-Karl-Straße 84-88", "clean_address": "1220 Wien, Erzherzog-Karl-Straße", "Wohnungen": 98, "Lokale": 7, "addr_key": "1220 wien, erzherzog-karl-straße", "distance_to_ugs": 98.581412602130655, "distance_to_ubs": 132.66743168018053, "building_id": 1431, "index_right": 1530, "closest_ugbs_type": "L", "distance_to_ugbs": 98.581412602130655, "within_300m": true }, "geometry": { "type": "Point", "coordinates": [ 7347.732945848029885, 344489.329758468084037 ] } },
{ "type": "Feature", "properties": { "Hofname": "Donaustadtstraße 44", "clean_address": "1220 Wien, Donaustadtstraße", "Wohnungen": 85, "Lokale": 1, "addr_key": "1220 wien, donaustadtstraße", "distance_to_ugs": 78.497333535518479, "distance_to_ubs": 125.09258580680967, "building_id": 1432, "index_right": 1481, "closest_ugbs_type": "L", "distance_to_ugbs": 78.497333535518479, "within_300m": true }, "geometry": { "type": "Point", "coordinates": [ 8365.184514932276215, 342704.710957222618163 ] } },
{ "type": "Feature", "properties": { "Hofname": "Donaufelder Straße 208-214", "clean_address": "1220 Wien, Donaufelder Straße", "Wohnungen": 102, "Lokale": 1, "addr_key": "1220 wien, donaufelder straße", "distance_to_ugs": 55.208980999449437, "distance_to_ubs": 548.15241533273309, "building_id": 1433, "index_right": 1560, "closest_ugbs_type": "L", "distance_to_ugbs": 55.208980999449437, "within_300m": true }, "geometry": { "type": "Point", "coordinates": [ 5680.826465466057016, 346260.584683977067471 ] } },
{ "type": "Feature", "properties": { "Hofname": "Baschgasse 21", "clean_address": "1220 Wien, Baschgasse", "Wohnungen": 12, "Lokale": 1, "addr_key": "1220 wien, baschgasse", "distance_to_ugs": 399.31549861357115, "distance_to_ubs": 207.80797560029302, "building_id": 1434, "index_right": 2370, "closest_ugbs_type": "B", "distance_to_ugbs": 207.80797560029302, "within_300m": true }, "geometry": { "type": "Point", "coordinates": [ 11200.48469672327883, 349384.825119101442397 ] } },
{ "type": "Feature", "properties": { "Hofname": "Stallarngasse 34-40", "clean_address": "1220 Wien, Stallarngasse", "Wohnungen": 24, "Lokale": 3, "addr_key": "1220 wien, stallarngasse", "distance_to_ugs": 33.158854459276313, "distance_to_ubs": 474.29166756860326, "building_id": 1435, "index_right": 1718, "closest_ugbs_type": "L", "distance_to_ugbs": 33.158854459276313, "within_300m": true }, "geometry": { "type": "Point", "coordinates": [ 11626.656629408063964, 349589.424790580756962 ] } },
{ "type": "Feature", "properties": { "Hofname": "Pirquetgasse 9", "clean_address": "1220 Wien, Pirquetgasse", "Wohnungen": 308, "Lokale": 0, "addr_key": "1220 wien, pirquetgasse", "distance_to_ugs": 52.130301652415866, "distance_to_ubs": 293.07951388783351, "building_id": 1436, "index_right": 1578, "closest_ugbs_type": "L", "distance_to_ugbs": 52.130301652415866, "within_300m": true }, "geometry": { "type": "Point", "coordinates": [ 10931.166963909428887, 344531.466772663407028 ] } },
{ "type": "Feature", "properties": { "Hofname": "Eßlinger Hauptstraße 76", "clean_address": "1220 Wien, Eßlinger Hauptstraße", "Wohnungen": 79, "Lokale": 5, "addr_key": "1220 wien, eßlinger hauptstraße", "distance_to_ugs": 86.298050509025757, "distance_to_ubs": 669.47201924270303, "building_id": 1437, "index_right": 1295, "closest_ugbs_type": "L", "distance_to_ugbs": 86.298050509025757, "within_300m": true }, "geometry": { "type": "Point", "coordinates": [ 13272.012941879480422, 341816.350337763316929 ] } },
{ "type": "Feature", "properties": { "Hofname": "Oberdorfstraße 4-8", "clean_address": "1220 Wien, Oberdorfstraße", "Wohnungen": 75, "Lokale": 6, "addr_key": "1220 wien, oberdorfstraße", "distance_to_ugs": 170.96820570749418, "distance_to_ubs": 1167.73420120325, "building_id": 1438, "index_right": 1288, "closest_ugbs_type": "L", "distance_to_ugbs": 170.96820570749418, "within_300m": true }, "geometry": { "type": "Point", "coordinates": [ 11034.511680595040161, 342312.973626189865172 ] } },
{ "type": "Feature", "properties": { "Hofname": "Agavenweg 26", "clean_address": "1220 Wien, Agavenweg", "Wohnungen": 23, "Lokale": 2, "addr_key": "1220 wien, agavenweg", "distance_to_ugs": 90.420915293524132, "distance_to_ubs": 241.66631648263566, "building_id": 1439, "index_right": 1655, "closest_ugbs_type": "L", "distance_to_ugbs": 90.420915293524132, "within_300m": true }, "geometry": { "type": "Point", "coordinates": [ 12382.445188908057389, 346158.008054197765887 ] } },
{ "type": "Feature", "properties": { "Hofname": "Schüttaustraße 20-40", "clean_address": "1220 Wien, Schüttaustraße", "Wohnungen": 414, "Lokale": 16, "addr_key": "1220 wien, schüttaustraße", "distance_to_ugs": 135.10238152377087, "distance_to_ubs": 89.670766441536088, "building_id": 1440, "index_right": 2288, "closest_ugbs_type": "B", "distance_to_ugbs": 89.670766441536088, "within_300m": true }, "geometry": { "type": "Point", "coordinates": [ 6935.522078233933826, 342909.125648068264127 ] } },
{ "type": "Feature", "properties": { "Hofname": "Mendelssohngasse 2", "clean_address": "1220 Wien, Mendelssohngasse", "Wohnungen": 37, "Lokale": 2, "addr_key": "1220 wien, mendelssohngasse", "distance_to_ugs": 57.864414912425353, "distance_to_ubs": 161.01894013396688, "building_id": 1441, "index_right": 1272, "closest_ugbs_type": "L", "distance_to_ugbs": 57.864414912425353, "within_300m": true }, "geometry": { "type": "Point", "coordinates": [ 6843.582785382240218, 342968.276248399284668 ] } },
{ "type": "Feature", "properties": { "Hofname": "Wimpffengasse 37-39", "clean_address": "1220 Wien, Wimpffengasse", "Wohnungen": 59, "Lokale": 0, "addr_key": "1220 wien, wimpffengasse", "distance_to_ugs": 73.259791303137632, "distance_to_ubs": 993.78500319854845, "building_id": 1442, "index_right": 1285, "closest_ugbs_type": "L", "distance_to_ugbs": 73.259791303137632, "within_300m": true }, "geometry": { "type": "Point", "coordinates": [ 11690.014627422075137, 342139.211209013126791 ] } },
{ "type": "Feature", "properties": { "Hofname": "Hirschstettner Straße 2-4", "clean_address": "1220 Wien, Hirschstettner Straße", "Wohnungen": 45, "Lokale": 2, "addr_key": "1220 wien, hirschstettner straße", "distance_to_ugs": 26.939213759701996, "distance_to_ubs": 1296.0118252544489, "building_id": 1443, "index_right": 1604, "closest_ugbs_type": "L", "distance_to_ugbs": 26.939213759701996, "within_300m": true }, "geometry": { "type": "Point", "coordinates": [ 8880.31044229291183, 345471.876124398782849 ] } },
{ "type": "Feature", "properties": { "Hofname": "Schüttaustraße 4-18", "clean_address": "1220 Wien, Schüttaustraße", "Wohnungen": 246, "Lokale": 25, "addr_key": "1220 wien, schüttaustraße", "distance_to_ugs": 135.10238152377087, "distance_to_ubs": 89.670766441536088, "building_id": 1444, "index_right": 2288, "closest_ugbs_type": "B", "distance_to_ugbs": 89.670766441536088, "within_300m": true }, "geometry": { "type": "Point", "coordinates": [ 6935.522078233933826, 342909.125648068264127 ] } },
{ "type": "Feature", "properties": { "Hofname": "Wagramer Straße 55-61", "clean_address": "1220 Wien, Wagramer Straße", "Wohnungen": 231, "Lokale": 17, "addr_key": "1220 wien, wagramer straße", "distance_to_ugs": 76.350868676826607, "distance_to_ubs": 111.68480421761437, "building_id": 1445, "index_right": 1531, "closest_ugbs_type": "L", "distance_to_ugbs": 76.350868676826607, "within_300m": true }, "geometry": { "type": "Point", "coordinates": [ 7511.314583415076413, 344900.213225798681378 ] } },
{ "type": "Feature", "properties": { "Hofname": "Wagramer Straße 164-168", "clean_address": "1220 Wien, Wagramer Straße", "Wohnungen": 82, "Lokale": 3, "addr_key": "1220 wien, wagramer straße", "distance_to_ugs": 76.350868676826607, "distance_to_ubs": 111.68480421761437, "building_id": 1446, "index_right": 1531, "closest_ugbs_type": "L", "distance_to_ugbs": 76.350868676826607, "within_300m": true }, "geometry": { "type": "Point", "coordinates": [ 7511.314583415076413, 344900.213225798681378 ] } },
{ "type": "Feature", "properties": { "Hofname": "Viktor-Kaplan-Straße 1-9", "clean_address": "1220 Wien, Viktor-Kaplan-Straße", "Wohnungen": 127, "Lokale": 0, "addr_key": "1220 wien, viktor-kaplan-straße", "distance_to_ugs": 148.9917617881388, "distance_to_ubs": 362.40804307096073, "building_id": 1447, "index_right": 1491, "closest_ugbs_type": "L", "distance_to_ugbs": 148.9917617881388, "within_300m": true }, "geometry": { "type": "Point", "coordinates": [ 8531.188434879344641, 343749.451453332789242 ] } },
{ "type": "Feature", "properties": { "Hofname": "Meißauergasse 2", "clean_address": "1220 Wien, Meißauergasse", "Wohnungen": 117, "Lokale": 2, "addr_key": "1220 wien, meißauergasse", "distance_to_ugs": 131.03613152990164, "distance_to_ubs": 888.74302265122412, "building_id": 1448, "index_right": 1599, "closest_ugbs_type": "L", "distance_to_ugbs": 131.03613152990164, "within_300m": true }, "geometry": { "type": "Point", "coordinates": [ 8203.495770622541386, 345409.061774568632245 ] } },
{ "type": "Feature", "properties": { "Hofname": "Hirschstettner Straße 12-20", "clean_address": "1220 Wien, Hirschstettner Straße", "Wohnungen": 332, "Lokale": 8, "addr_key": "1220 wien, hirschstettner straße", "distance_to_ugs": 26.939213759701996, "distance_to_ubs": 1296.0118252544489, "building_id": 1449, "index_right": 1604, "closest_ugbs_type": "L", "distance_to_ugbs": 26.939213759701996, "within_300m": true }, "geometry": { "type": "Point", "coordinates": [ 8880.31044229291183, 345471.876124398782849 ] } },
{ "type": "Feature", "properties": { "Hofname": "Siebenbürgerstraße 2-12", "clean_address": "1220 Wien, Siebenbürgerstraße", "Wohnungen": 855, "Lokale": 10, "addr_key": "1220 wien, siebenbürgerstraße", "distance_to_ugs": 197.93897467964624, "distance_to_ubs": 545.65855820360491, "building_id": 1450, "index_right": 1493, "closest_ugbs_type": "L", "distance_to_ugbs": 197.93897467964624, "within_300m": true }, "geometry": { "type": "Point", "coordinates": [ 8519.01893924464639, 344038.686969651840627 ] } },
{ "type": "Feature", "properties": { "Hofname": "Spargelfeldstraße 194-198", "clean_address": "1220 Wien, Spargelfeldstraße", "Wohnungen": 35, "Lokale": 3, "addr_key": "1220 wien, spargelfeldstraße", "distance_to_ugs": 18.943672878415835, "distance_to_ubs": 301.61223453471388, "building_id": 1451, "index_right": 1343, "closest_ugbs_type": "L", "distance_to_ugbs": 18.943672878415835, "within_300m": true }, "geometry": { "type": "Point", "coordinates": [ 10094.298454709514772, 344153.551787221047562 ] } },
{ "type": "Feature", "properties": { "Hofname": "Tietzestraße 2", "clean_address": "1220 Wien, Tietzestraße", "Wohnungen": 523, "Lokale": 6, "addr_key": "1220 wien, tietzestraße", "distance_to_ugs": 146.52752127727371, "distance_to_ubs": 311.0207186738856, "building_id": 1452, "index_right": 1487, "closest_ugbs_type": "L", "distance_to_ugbs": 146.52752127727371, "within_300m": true }, "geometry": { "type": "Point", "coordinates": [ 8586.999381626228569, 343475.691010626032948 ] } },
{ "type": "Feature", "properties": { "Hofname": "Aribogasse 28", "clean_address": "1220 Wien, Aribogasse", "Wohnungen": 470, "Lokale": 6, "addr_key": "1220 wien, aribogasse", "distance_to_ugs": 117.31028779190493, "distance_to_ubs": 829.73812935365993, "building_id": 1453, "index_right": 1316, "closest_ugbs_type": "L", "distance_to_ugbs": 117.31028779190493, "within_300m": true }, "geometry": { "type": "Point", "coordinates": [ 9226.363050844227473, 342837.070165317505598 ] } },
{ "type": "Feature", "properties": { "Hofname": "Langobardenstraße 63a", "clean_address": "1220 Wien, Langobardenstraße", "Wohnungen": 32, "Lokale": 4, "addr_key": "1220 wien, langobardenstraße", "distance_to_ugs": 130.03760196501963, "distance_to_ubs": 574.77735711331604, "building_id": 1454, "index_right": 1485, "closest_ugbs_type": "L", "distance_to_ugbs": 130.03760196501963, "within_300m": true }, "geometry": { "type": "Point", "coordinates": [ 8996.1233516064367, 343036.154803867451847 ] } },
{ "type": "Feature", "properties": { "Hofname": "Rugierstraße 26", "clean_address": "1220 Wien, Rugierstraße", "Wohnungen": 166, "Lokale": 4, "addr_key": "1220 wien, rugierstraße", "distance_to_ugs": 120.01835426348921, "distance_to_ubs": 523.22561135309616, "building_id": 1455, "index_right": 1494, "closest_ugbs_type": "L", "distance_to_ugbs": 120.01835426348921, "within_300m": true }, "geometry": { "type": "Point", "coordinates": [ 8768.661080943587876, 344137.771603340283036 ] } },
{ "type": "Feature", "properties": { "Hofname": "Hans-Steger-Gasse 13", "clean_address": "1220 Wien, Hans-Steger-Gasse", "Wohnungen": 54, "Lokale": 4, "addr_key": "1220 wien, hans-steger-gasse", "distance_to_ugs": 133.72020417834955, "distance_to_ubs": 522.85866522924789, "building_id": 1456, "index_right": 1485, "closest_ugbs_type": "L", "distance_to_ugbs": 133.72020417834955, "within_300m": true }, "geometry": { "type": "Point", "coordinates": [ 9029.036988366791775, 343095.216489675454795 ] } },
{ "type": "Feature", "properties": { "Hofname": "Anton-Sattler-Gasse 82-84", "clean_address": "1220 Wien, Anton-Sattler-Gasse", "Wohnungen": 166, "Lokale": 1, "addr_key": "1220 wien, anton-sattler-gasse", "distance_to_ugs": 133.03615884367531, "distance_to_ubs": 76.96928736251057, "building_id": 1457, "index_right": 2306, "closest_ugbs_type": "B", "distance_to_ugbs": 76.96928736251057, "within_300m": true }, "geometry": { "type": "Point", "coordinates": [ 7165.553811262435374, 344629.558740409091115 ] } },
{ "type": "Feature", "properties": { "Hofname": "Pogrelzstraße 2", "clean_address": "1220 Wien, Pogrelzstraße", "Wohnungen": 125, "Lokale": 2, "addr_key": "1220 wien, pogrelzstraße", "distance_to_ugs": 138.18324697354859, "distance_to_ubs": 1011.9581450344746, "building_id": 1458, "index_right": 1494, "closest_ugbs_type": "L", "distance_to_ugbs": 138.18324697354859, "within_300m": true }, "geometry": { "type": "Point", "coordinates": [ 8933.828298432432348, 344637.743748194538057 ] } },
{ "type": "Feature", "properties": { "Hofname": "Mergenthalerplatz 1", "clean_address": "1220 Wien, Mergenthalerplatz", "Wohnungen": 16, "Lokale": 8, "addr_key": "1220 wien, mergenthalerplatz", "distance_to_ugs": 3.7390662236148224, "distance_to_ubs": 1081.4042342779601, "building_id": 1459, "index_right": 1524, "closest_ugbs_type": "L", "distance_to_ugbs": 3.7390662236148224, "within_300m": true }, "geometry": { "type": "Point", "coordinates": [ 8508.177820566019363, 344974.761125948280096 ] } },
{ "type": "Feature", "properties": { "Hofname": "Steigenteschgasse 136-140", "clean_address": "1220 Wien, Steigenteschgasse", "Wohnungen": 24, "Lokale": 3, "addr_key": "1220 wien, steigenteschgasse", "distance_to_ugs": 122.58901674376425, "distance_to_ubs": 627.87503350449742, "building_id": 1460, "index_right": 1599, "closest_ugbs_type": "L", "distance_to_ugbs": 122.58901674376425, "within_300m": true }, "geometry": { "type": "Point", "coordinates": [ 7997.049129806301607, 345239.539329190738499 ] } },
{ "type": "Feature", "properties": { "Hofname": "Karl-Grübl-Weg 39-41", "clean_address": "1220 Wien, Karl-Grübl-Weg", "Wohnungen": 26, "Lokale": 0, "addr_key": "1220 wien, karl-grübl-weg", "distance_to_ugs": 36.147593842112073, "distance_to_ubs": 674.80608878414989, "building_id": 1461, "index_right": 1315, "closest_ugbs_type": "L", "distance_to_ugbs": 36.147593842112073, "within_300m": true }, "geometry": { "type": "Point", "coordinates": [ 9877.743546530236927, 342735.12925924238516 ] } },
{ "type": "Feature", "properties": { "Hofname": "Wagramer Straße 95", "clean_address": "1220 Wien, Wagramer Straße", "Wohnungen": 202, "Lokale": 9, "addr_key": "1220 wien, wagramer straße", "distance_to_ugs": 76.350868676826607, "distance_to_ubs": 111.68480421761437, "building_id": 1462, "index_right": 1531, "closest_ugbs_type": "L", "distance_to_ugbs": 76.350868676826607, "within_300m": true }, "geometry": { "type": "Point", "coordinates": [ 7511.314583415076413, 344900.213225798681378 ] } },
{ "type": "Feature", "properties": { "Hofname": "Polgarstraße 25", "clean_address": "1220 Wien, Polgarstraße", "Wohnungen": 135, "Lokale": 0, "addr_key": "1220 wien, polgarstraße", "distance_to_ugs": 26.419335561495632, "distance_to_ubs": 116.82643522439744, "building_id": 1463, "index_right": 1491, "closest_ugbs_type": "L", "distance_to_ugbs": 26.419335561495632, "within_300m": true }, "geometry": { "type": "Point", "coordinates": [ 8795.230181218752477, 343710.653215354308486 ] } },
{ "type": "Feature", "properties": { "Hofname": "Franz-Karl-Effenberg-Hof", "clean_address": "1220 Wien, Ziegelhofstraße", "Wohnungen": 480, "Lokale": 14, "addr_key": "1220 wien, ziegelhofstraße", "distance_to_ugs": 101.94725716046811, "distance_to_ubs": 275.43028188314872, "building_id": 1464, "index_right": 1578, "closest_ugbs_type": "L", "distance_to_ugbs": 101.94725716046811, "within_300m": true }, "geometry": { "type": "Point", "coordinates": [ 10833.359014834542904, 344412.328029026277363 ] } },
{ "type": "Feature", "properties": { "Hofname": "Quadenstraße 65-67", "clean_address": "1220 Wien, Quadenstraße", "Wohnungen": 376, "Lokale": 7, "addr_key": "1220 wien, quadenstraße", "distance_to_ugs": 85.284902526086256, "distance_to_ubs": 229.87890230966838, "building_id": 1465, "index_right": 1579, "closest_ugbs_type": "L", "distance_to_ugbs": 85.284902526086256, "within_300m": true }, "geometry": { "type": "Point", "coordinates": [ 10688.231533452339136, 344311.829995415173471 ] } },
{ "type": "Feature", "properties": { "Hofname": "Pirquetgasse 6", "clean_address": "1220 Wien, Pirquetgasse", "Wohnungen": 72, "Lokale": 2, "addr_key": "1220 wien, pirquetgasse", "distance_to_ugs": 52.130301652415866, "distance_to_ubs": 293.07951388783351, "building_id": 1466, "index_right": 1578, "closest_ugbs_type": "L", "distance_to_ugbs": 52.130301652415866, "within_300m": true }, "geometry": { "type": "Point", "coordinates": [ 10931.166963909428887, 344531.466772663407028 ] } },
{ "type": "Feature", "properties": { "Hofname": "Rennbahnweg 27", "clean_address": "1220 Wien, Rennbahnweg", "Wohnungen": 2422, "Lokale": 76, "addr_key": "1220 wien, rennbahnweg", "distance_to_ugs": 108.24119325685362, "distance_to_ubs": 1015.066922131993, "building_id": 1467, "index_right": 1635, "closest_ugbs_type": "L", "distance_to_ugbs": 108.24119325685362, "within_300m": true }, "geometry": { "type": "Point", "coordinates": [ 8918.921529024855772, 346383.985864594287705 ] } },
{ "type": "Feature", "properties": { "Hofname": "Wagramer Straße 162", "clean_address": "1220 Wien, Wagramer Straße", "Wohnungen": 43, "Lokale": 3, "addr_key": "1220 wien, wagramer straße", "distance_to_ugs": 76.350868676826607, "distance_to_ubs": 111.68480421761437, "building_id": 1468, "index_right": 1531, "closest_ugbs_type": "L", "distance_to_ugbs": 76.350868676826607, "within_300m": true }, "geometry": { "type": "Point", "coordinates": [ 7511.314583415076413, 344900.213225798681378 ] } },
{ "type": "Feature", "properties": { "Hofname": "Melangasse 1-5", "clean_address": "1220 Wien, Melangasse", "Wohnungen": 179, "Lokale": 9, "addr_key": "1220 wien, melangasse", "distance_to_ugs": 173.19165089033461, "distance_to_ubs": 747.03014169208552, "building_id": 1469, "index_right": 1636, "closest_ugbs_type": "L", "distance_to_ugbs": 173.19165089033461, "within_300m": true }, "geometry": { "type": "Point", "coordinates": [ 8136.748170133986605, 346480.231127270497382 ] } },
{ "type": "Feature", "properties": { "Hofname": "Am Heidjöchl 14", "clean_address": "1220 Wien, Am Heidjöchl", "Wohnungen": 641, "Lokale": 23, "addr_key": "1220 wien, am heidjöchl", "distance_to_ugs": 45.536019320943382, "distance_to_ubs": 636.76637981669546, "building_id": 1470, "index_right": 1416, "closest_ugbs_type": "L", "distance_to_ugbs": 45.536019320943382, "within_300m": true }, "geometry": { "type": "Point", "coordinates": [ 4079.436060080062362, 342944.461228037951514 ] } },
{ "type": "Feature", "properties": { "Hofname": "Pogrelzstraße 25", "clean_address": "1220 Wien, Pogrelzstraße", "Wohnungen": 49, "Lokale": 0, "addr_key": "1220 wien, pogrelzstraße", "distance_to_ugs": 138.18324697354859, "distance_to_ubs": 1011.9581450344746, "building_id": 1471, "index_right": 1494, "closest_ugbs_type": "L", "distance_to_ugbs": 138.18324697354859, "within_300m": true }, "geometry": { "type": "Point", "coordinates": [ 8933.828298432432348, 344637.743748194538057 ] } },
{ "type": "Feature", "properties": { "Hofname": "Markomannenstraße 27-31", "clean_address": "1220 Wien, Markomannenstraße", "Wohnungen": 44, "Lokale": 0, "addr_key": "1220 wien, markomannenstraße", "distance_to_ugs": 74.840087945897665, "distance_to_ubs": 939.0399847929084, "building_id": 1472, "index_right": 1613, "closest_ugbs_type": "L", "distance_to_ugbs": 74.840087945897665, "within_300m": true }, "geometry": { "type": "Point", "coordinates": [ 9157.742136999473587, 345818.412383783259429 ] } },
{ "type": "Feature", "properties": { "Hofname": "Langobardenstraße 128", "clean_address": "1220 Wien, Langobardenstraße", "Wohnungen": 253, "Lokale": 7, "addr_key": "1220 wien, langobardenstraße", "distance_to_ugs": 130.03760196501963, "distance_to_ubs": 574.77735711331604, "building_id": 1473, "index_right": 1485, "closest_ugbs_type": "L", "distance_to_ugbs": 130.03760196501963, "within_300m": true }, "geometry": { "type": "Point", "coordinates": [ 8996.1233516064367, 343036.154803867451847 ] } },
{ "type": "Feature", "properties": { "Hofname": "Jakob-Sommerbauer-Straße 3", "clean_address": "1230 Wien, Jakob-Sommerbauer-Straße", "Wohnungen": 3, "Lokale": 1, "addr_key": "1230 wien, jakob-sommerbauer-straße", "distance_to_ugs": 23.353441621631923, "distance_to_ubs": 71.766842472424955, "building_id": 1474, "index_right": 64, "closest_ugbs_type": "U", "distance_to_ugbs": 23.353441621631923, "within_300m": true }, "geometry": { "type": "Point", "coordinates": [ -7145.959976531201391, 333286.788180191069841 ] } },
{ "type": "Feature", "properties": { "Hofname": "Leo-Mathauser-Gasse 73", "clean_address": "1230 Wien, Leo-Mathauser-Gasse", "Wohnungen": 8, "Lokale": 0, "addr_key": "1230 wien, leo-mathauser-gasse", "distance_to_ugs": 411.96055457301765, "distance_to_ubs": 564.84173878100785, "building_id": 1475, "index_right": 210, "closest_ugbs_type": "L", "distance_to_ugbs": 411.96055457301765, "within_300m": false }, "geometry": { "type": "Point", "coordinates": [ -743.340294149425176, 333045.358248826116323 ] } },
{ "type": "Feature", "properties": { "Hofname": "Levasseurgasse 5", "clean_address": "1230 Wien, Levasseurgasse", "Wohnungen": 34, "Lokale": 4, "addr_key": "1230 wien, levasseurgasse", "distance_to_ugs": 109.26723964271285, "distance_to_ubs": 424.9734621042229, "building_id": 1476, "index_right": 58, "closest_ugbs_type": "L", "distance_to_ugbs": 109.26723964271285, "within_300m": true }, "geometry": { "type": "Point", "coordinates": [ -2746.71206432230565, 334284.402652007527649 ] } },
{ "type": "Feature", "properties": { "Hofname": "Anton-Freunschlag-Gasse 80", "clean_address": "1230 Wien, Anton-Freunschlag-Gasse", "Wohnungen": 11, "Lokale": 0, "addr_key": "1230 wien, anton-freunschlag-gasse", "distance_to_ugs": 544.7549802270072, "distance_to_ubs": 518.29286108488304, "building_id": 1477, "index_right": 2392, "closest_ugbs_type": "B", "distance_to_ugbs": 518.29286108488304, "within_300m": false }, "geometry": { "type": "Point", "coordinates": [ -603.605961585032219, 333236.520647998899221 ] } },
{ "type": "Feature", "properties": { "Hofname": "Hans-Werndl-Hof", "clean_address": "1230 Wien, Breitenfurter Straße", "Wohnungen": 11, "Lokale": 5, "addr_key": "1230 wien, breitenfurter straße", "distance_to_ugs": 32.0549481640697, "distance_to_ubs": 724.22921566076695, "building_id": 1478, "index_right": 272, "closest_ugbs_type": "L", "distance_to_ugbs": 32.0549481640697, "within_300m": true }, "geometry": { "type": "Point", "coordinates": [ -149.803251042845602, 337187.473578039789572 ] } },
{ "type": "Feature", "properties": { "Hofname": "Brunner Straße 18", "clean_address": "1230 Wien, Brunner Straße", "Wohnungen": 42, "Lokale": 2, "addr_key": "1230 wien, brunner straße", "distance_to_ugs": 31.376993840830792, "distance_to_ubs": 455.82161770421021, "building_id": 1479, "index_right": 2, "closest_ugbs_type": "L", "distance_to_ugbs": 31.376993840830792, "within_300m": true }, "geometry": { "type": "Point", "coordinates": [ -2451.27165330791513, 331951.624644578434527 ] } },
{ "type": "Feature", "properties": { "Hofname": "Carlbergergasse 43", "clean_address": "1230 Wien, Carlbergergasse", "Wohnungen": 10, "Lokale": 0, "addr_key": "1230 wien, carlbergergasse", "distance_to_ugs": 8.868276507436839, "distance_to_ubs": 218.82725900537329, "building_id": 1480, "index_right": 42, "closest_ugbs_type": "R", "distance_to_ugbs": 8.868276507436839, "within_300m": true }, "geometry": { "type": "Point", "coordinates": [ -2932.784442867783582, 333661.864582980982959 ] } },
{ "type": "Feature", "properties": { "Hofname": "Ziedlergasse 5", "clean_address": "1230 Wien, Ziedlergasse", "Wohnungen": 27, "Lokale": 0, "addr_key": "1230 wien, ziedlergasse", "distance_to_ugs": 108.49919987632953, "distance_to_ubs": 643.7463167746065, "building_id": 1481, "index_right": 79, "closest_ugbs_type": "L", "distance_to_ugbs": 108.49919987632953, "within_300m": true }, "geometry": { "type": "Point", "coordinates": [ -2722.360872527102856, 334501.862460012547672 ] } },
{ "type": "Feature", "properties": { "Hofname": "Klostermanngasse 13", "clean_address": "1230 Wien, Klostermanngasse", "Wohnungen": 14, "Lokale": 1, "addr_key": "1230 wien, klostermanngasse", "distance_to_ugs": 14.84799922907272, "distance_to_ubs": 164.62156855817167, "building_id": 1482, "index_right": 54, "closest_ugbs_type": "L", "distance_to_ugbs": 14.84799922907272, "within_300m": true }, "geometry": { "type": "Point", "coordinates": [ -2691.458983120453013, 333730.606835633516312 ] } },
{ "type": "Feature", "properties": { "Hofname": "Canavesegasse 6-8", "clean_address": "1230 Wien, Canavesegasse", "Wohnungen": 87, "Lokale": 5, "addr_key": "1230 wien, canavesegasse", "distance_to_ugs": 141.04183989971312, "distance_to_ubs": 288.30005634117265, "building_id": 1483, "index_right": 70, "closest_ugbs_type": "L", "distance_to_ugbs": 141.04183989971312, "within_300m": true }, "geometry": { "type": "Point", "coordinates": [ -2926.942257710150898, 334124.482475181110203 ] } },
{ "type": "Feature", "properties": { "Hofname": "Erlaaer Straße 125-129", "clean_address": "1230 Wien, Erlaaer Straße", "Wohnungen": 40, "Lokale": 2, "addr_key": "1230 wien, erlaaer straße", "distance_to_ugs": 77.532762144586172, "distance_to_ubs": 236.43547479668572, "building_id": 1484, "index_right": 82, "closest_ugbs_type": "R", "distance_to_ugbs": 77.532762144586172, "within_300m": true }, "geometry": { "type": "Point", "coordinates": [ -2231.264800250287863, 334335.211895482614636 ] } },
{ "type": "Feature", "properties": { "Hofname": "Erlaaer Straße 154-158", "clean_address": "1230 Wien, Erlaaer Straße", "Wohnungen": 35, "Lokale": 4, "addr_key": "1230 wien, erlaaer straße", "distance_to_ugs": 77.532762144586172, "distance_to_ubs": 236.43547479668572, "building_id": 1485, "index_right": 82, "closest_ugbs_type": "R", "distance_to_ugbs": 77.532762144586172, "within_300m": true }, "geometry": { "type": "Point", "coordinates": [ -2231.264800250287863, 334335.211895482614636 ] } },
{ "type": "Feature", "properties": { "Hofname": "Färbermühlgasse 11", "clean_address": "1230 Wien, Färbermühlgasse", "Wohnungen": 34, "Lokale": 2, "addr_key": "1230 wien, färbermühlgasse", "distance_to_ugs": 157.55784690980465, "distance_to_ubs": 169.88417308150699, "building_id": 1486, "index_right": 21, "closest_ugbs_type": "R", "distance_to_ugbs": 157.55784690980465, "within_300m": true }, "geometry": { "type": "Point", "coordinates": [ -3639.095537979173514, 332718.023772074549925 ] } },
{ "type": "Feature", "properties": { "Hofname": "Kolbegasse 30-32", "clean_address": "1230 Wien, Kolbegasse", "Wohnungen": 51, "Lokale": 2, "addr_key": "1230 wien, kolbegasse", "distance_to_ugs": 159.57034627491561, "distance_to_ubs": 660.77955038471646, "building_id": 1487, "index_right": 206, "closest_ugbs_type": "L", "distance_to_ugbs": 159.57034627491561, "within_300m": true }, "geometry": { "type": "Point", "coordinates": [ 1554.583775463667962, 334117.525916226382833 ] } },
{ "type": "Feature", "properties": { "Hofname": "Karl-Krestan-Gasse 5", "clean_address": "1230 Wien, Karl-Krestan-Gasse", "Wohnungen": 47, "Lokale": 1, "addr_key": "1230 wien, karl-krestan-gasse", "distance_to_ugs": 83.605298981308366, "distance_to_ubs": 321.07272704610415, "building_id": 1488, "index_right": 240, "closest_ugbs_type": "L", "distance_to_ugbs": 83.605298981308366, "within_300m": true }, "geometry": { "type": "Point", "coordinates": [ 1190.298797297182773, 334579.784721063857432 ] } },
{ "type": "Feature", "properties": { "Hofname": "Triester Straße 205", "clean_address": "1230 Wien, Triester Straße", "Wohnungen": 58, "Lokale": 1, "addr_key": "1230 wien, triester straße", "distance_to_ugs": 32.187261457780288, "distance_to_ubs": 853.64826142783988, "building_id": 1489, "index_right": 186, "closest_ugbs_type": "L", "distance_to_ugbs": 32.187261457780288, "within_300m": true }, "geometry": { "type": "Point", "coordinates": [ 1944.998563562247682, 337763.58227250323398 ] } },
{ "type": "Feature", "properties": { "Hofname": "Dr.-Neumann-Gasse 8-10", "clean_address": "1230 Wien, Dr.-Neumann-Gasse", "Wohnungen": 48, "Lokale": 2, "addr_key": "1230 wien, dr.-neumann-gasse", "distance_to_ugs": 186.19208985242383, "distance_to_ubs": 145.59436885724412, "building_id": 1490, "index_right": 2413, "closest_ugbs_type": "B", "distance_to_ugbs": 145.59436885724412, "within_300m": true }, "geometry": { "type": "Point", "coordinates": [ -3409.704540736241142, 333319.070265753485728 ] } },
{ "type": "Feature", "properties": { "Hofname": "Elisenstraße 28-30", "clean_address": "1230 Wien, Elisenstraße", "Wohnungen": 23, "Lokale": 0, "addr_key": "1230 wien, elisenstraße", "distance_to_ugs": 143.71201534578142, "distance_to_ubs": 318.91022765359935, "building_id": 1491, "index_right": 28, "closest_ugbs_type": "L", "distance_to_ugbs": 143.71201534578142, "within_300m": true }, "geometry": { "type": "Point", "coordinates": [ -4891.667597192395078, 333059.178931054659188 ] } },
{ "type": "Feature", "properties": { "Hofname": "Färbermühlgasse 5", "clean_address": "1230 Wien, Färbermühlgasse", "Wohnungen": 29, "Lokale": 2, "addr_key": "1230 wien, färbermühlgasse", "distance_to_ugs": 157.55784690980465, "distance_to_ubs": 169.88417308150699, "building_id": 1492, "index_right": 21, "closest_ugbs_type": "R", "distance_to_ugbs": 157.55784690980465, "within_300m": true }, "geometry": { "type": "Point", "coordinates": [ -3639.095537979173514, 332718.023772074549925 ] } },
{ "type": "Feature", "properties": { "Hofname": "Rudolf-Zeller-Gasse 67", "clean_address": "1230 Wien, Rudolf-Zeller-Gasse", "Wohnungen": 82, "Lokale": 1, "addr_key": "1230 wien, rudolf-zeller-gasse", "distance_to_ugs": 125.05833309674077, "distance_to_ubs": 156.09504803763775, "building_id": 1493, "index_right": 304, "closest_ugbs_type": "L", "distance_to_ugbs": 125.05833309674077, "within_300m": true }, "geometry": { "type": "Point", "coordinates": [ -3425.881778065263916, 335008.119754106737673 ] } },
{ "type": "Feature", "properties": { "Hofname": "Haeckelstraße 4", "clean_address": "1230 Wien, Haeckelstraße", "Wohnungen": 51, "Lokale": 5, "addr_key": "1230 wien, haeckelstraße", "distance_to_ugs": 55.506074120767614, "distance_to_ubs": 56.073130511414192, "building_id": 1494, "index_right": 24, "closest_ugbs_type": "R", "distance_to_ugbs": 55.506074120767614, "within_300m": true }, "geometry": { "type": "Point", "coordinates": [ -3868.062264506736938, 333022.124759695841931 ] } },
{ "type": "Feature", "properties": { "Hofname": "Elisenstraße 24-26", "clean_address": "1230 Wien, Elisenstraße", "Wohnungen": 37, "Lokale": 3, "addr_key": "1230 wien, elisenstraße", "distance_to_ugs": 143.71201534578142, "distance_to_ubs": 318.91022765359935, "building_id": 1495, "index_right": 28, "closest_ugbs_type": "L", "distance_to_ugbs": 143.71201534578142, "within_300m": true }, "geometry": { "type": "Point", "coordinates": [ -4891.667597192395078, 333059.178931054659188 ] } },
{ "type": "Feature", "properties": { "Hofname": "Seybelgasse 3a", "clean_address": "1230 Wien, Seybelgasse", "Wohnungen": 65, "Lokale": 1, "addr_key": "1230 wien, seybelgasse", "distance_to_ugs": 53.93547185066268, "distance_to_ubs": 334.884482997894, "building_id": 1496, "index_right": 42, "closest_ugbs_type": "R", "distance_to_ugbs": 53.93547185066268, "within_300m": true }, "geometry": { "type": "Point", "coordinates": [ -2883.003090265251103, 333516.929261330864392 ] } },
{ "type": "Feature", "properties": { "Hofname": "Erlaaer Straße 123", "clean_address": "1230 Wien, Erlaaer Straße", "Wohnungen": 42, "Lokale": 3, "addr_key": "1230 wien, erlaaer straße", "distance_to_ugs": 77.532762144586172, "distance_to_ubs": 236.43547479668572, "building_id": 1497, "index_right": 82, "closest_ugbs_type": "R", "distance_to_ugbs": 77.532762144586172, "within_300m": true }, "geometry": { "type": "Point", "coordinates": [ -2231.264800250287863, 334335.211895482614636 ] } },
{ "type": "Feature", "properties": { "Hofname": "Gregorygasse 47", "clean_address": "1230 Wien, Gregorygasse", "Wohnungen": 221, "Lokale": 0, "addr_key": "1230 wien, gregorygasse", "distance_to_ugs": 208.90378980399069, "distance_to_ubs": 312.99673397458486, "building_id": 1498, "index_right": 87, "closest_ugbs_type": "L", "distance_to_ugbs": 208.90378980399069, "within_300m": true }, "geometry": { "type": "Point", "coordinates": [ -1959.663608330398574, 335396.687856132164598 ] } },
{ "type": "Feature", "properties": { "Hofname": "Peterlinigasse 12-16", "clean_address": "1230 Wien, Peterlinigasse", "Wohnungen": 148, "Lokale": 6, "addr_key": "1230 wien, peterlinigasse", "distance_to_ugs": 285.60182474690134, "distance_to_ubs": 245.65431455685345, "building_id": 1499, "index_right": 2455, "closest_ugbs_type": "B", "distance_to_ugbs": 245.65431455685345, "within_300m": true }, "geometry": { "type": "Point", "coordinates": [ -4887.789370945782139, 335031.429668432101607 ] } },
{ "type": "Feature", "properties": { "Hofname": "Kanitzgasse 2-6", "clean_address": "1230 Wien, Kanitzgasse", "Wohnungen": 48, "Lokale": 3, "addr_key": "1230 wien, kanitzgasse", "distance_to_ugs": 41.453129782568887, "distance_to_ubs": 92.830699715056596, "building_id": 1500, "index_right": 303, "closest_ugbs_type": "L", "distance_to_ugbs": 41.453129782568887, "within_300m": true }, "geometry": { "type": "Point", "coordinates": [ -4537.514481601388979, 334761.903758413973264 ] } },
{ "type": "Feature", "properties": { "Hofname": "Marktgemeindegasse 44-50", "clean_address": "1230 Wien, Marktgemeindegasse", "Wohnungen": 87, "Lokale": 15, "addr_key": "1230 wien, marktgemeindegasse", "distance_to_ugs": 105.95483557285046, "distance_to_ubs": 443.44245174724603, "building_id": 1501, "index_right": 309, "closest_ugbs_type": "L", "distance_to_ugbs": 105.95483557285046, "within_300m": true }, "geometry": { "type": "Point", "coordinates": [ -4255.339268116944368, 335437.260858825407922 ] } },
{ "type": "Feature", "properties": { "Hofname": "Ziedlergasse 28", "clean_address": "1230 Wien, Ziedlergasse", "Wohnungen": 156, "Lokale": 0, "addr_key": "1230 wien, ziedlergasse", "distance_to_ugs": 108.49919987632953, "distance_to_ubs": 643.7463167746065, "building_id": 1502, "index_right": 79, "closest_ugbs_type": "L", "distance_to_ugbs": 108.49919987632953, "within_300m": true }, "geometry": { "type": "Point", "coordinates": [ -2722.360872527102856, 334501.862460012547672 ] } },
{ "type": "Feature", "properties": { "Hofname": "Hochwassergasse 58", "clean_address": "1230 Wien, Hochwassergasse", "Wohnungen": 79, "Lokale": 6, "addr_key": "1230 wien, hochwassergasse", "distance_to_ugs": 29.005662707386026, "distance_to_ubs": 380.43973851488465, "building_id": 1503, "index_right": 209, "closest_ugbs_type": "R", "distance_to_ugbs": 29.005662707386026, "within_300m": true }, "geometry": { "type": "Point", "coordinates": [ 1671.543684792313115, 334491.779402928426862 ] } },
{ "type": "Feature", "properties": { "Hofname": "Kaiser-Franz-Josef-Straße 23-25", "clean_address": "1230 Wien, Kaiser-Franz-Josef-Straße", "Wohnungen": 33, "Lokale": 0, "addr_key": "1230 wien, kaiser-franz-josef-straße", "distance_to_ugs": 51.794882787586872, "distance_to_ubs": 119.58470607499449, "building_id": 1504, "index_right": 40, "closest_ugbs_type": "R", "distance_to_ugbs": 51.794882787586872, "within_300m": true }, "geometry": { "type": "Point", "coordinates": [ -4850.273948286172526, 333385.8727907827124 ] } },
{ "type": "Feature", "properties": { "Hofname": "Elisenstraße 110-116", "clean_address": "1230 Wien, Elisenstraße", "Wohnungen": 132, "Lokale": 0, "addr_key": "1230 wien, elisenstraße", "distance_to_ugs": 143.71201534578142, "distance_to_ubs": 318.91022765359935, "building_id": 1505, "index_right": 28, "closest_ugbs_type": "L", "distance_to_ugbs": 143.71201534578142, "within_300m": true }, "geometry": { "type": "Point", "coordinates": [ -4891.667597192395078, 333059.178931054659188 ] } },
{ "type": "Feature", "properties": { "Hofname": "Ketzergasse 42", "clean_address": "1230 Wien, Ketzergasse", "Wohnungen": 38, "Lokale": 6, "addr_key": "1230 wien, ketzergasse", "distance_to_ugs": 205.41986853763396, "distance_to_ubs": 412.31671028964786, "building_id": 1506, "index_right": 3, "closest_ugbs_type": "L", "distance_to_ugbs": 205.41986853763396, "within_300m": true }, "geometry": { "type": "Point", "coordinates": [ -1813.552766217235785, 332121.559609958610963 ] } },
{ "type": "Feature", "properties": { "Hofname": "Kaltenleutgebner Straße 1", "clean_address": "1230 Wien, Kaltenleutgebner Straße", "Wohnungen": 23, "Lokale": 2, "addr_key": "1230 wien, kaltenleutgebner straße", "distance_to_ugs": 13.842267516595411, "distance_to_ubs": 651.9232345809387, "building_id": 1507, "index_right": 11, "closest_ugbs_type": "L", "distance_to_ugbs": 13.842267516595411, "within_300m": true }, "geometry": { "type": "Point", "coordinates": [ -5789.930559959051607, 332425.593107212334871 ] } },
{ "type": "Feature", "properties": { "Hofname": "Pülslgasse 10", "clean_address": "1230 Wien, Pülslgasse", "Wohnungen": 25, "Lokale": 0, "addr_key": "1230 wien, pülslgasse", "distance_to_ugs": 167.9340919702959, "distance_to_ubs": 81.566828785100284, "building_id": 1508, "index_right": 2406, "closest_ugbs_type": "B", "distance_to_ugbs": 81.566828785100284, "within_300m": true }, "geometry": { "type": "Point", "coordinates": [ -3967.445874150740565, 332921.559012870304286 ] } },
{ "type": "Feature", "properties": { "Hofname": "Canavesegasse 9-15", "clean_address": "1230 Wien, Canavesegasse", "Wohnungen": 72, "Lokale": 1, "addr_key": "1230 wien, canavesegasse", "distance_to_ugs": 141.04183989971312, "distance_to_ubs": 288.30005634117265, "building_id": 1509, "index_right": 70, "closest_ugbs_type": "L", "distance_to_ugbs": 141.04183989971312, "within_300m": true }, "geometry": { "type": "Point", "coordinates": [ -2926.942257710150898, 334124.482475181110203 ] } },
{ "type": "Feature", "properties": { "Hofname": "Valentingasse 7", "clean_address": "1230 Wien, Valentingasse", "Wohnungen": 59, "Lokale": 4, "addr_key": "1230 wien, valentingasse", "distance_to_ugs": 152.03976614212885, "distance_to_ubs": 166.61274384973896, "building_id": 1510, "index_right": 301, "closest_ugbs_type": "L", "distance_to_ugbs": 152.03976614212885, "within_300m": true }, "geometry": { "type": "Point", "coordinates": [ -4990.978639507441585, 334791.356431196443737 ] } },
{ "type": "Feature", "properties": { "Hofname": "Färbermühlgasse 9", "clean_address": "1230 Wien, Färbermühlgasse", "Wohnungen": 14, "Lokale": 1, "addr_key": "1230 wien, färbermühlgasse", "distance_to_ugs": 157.55784690980465, "distance_to_ubs": 169.88417308150699, "building_id": 1511, "index_right": 21, "closest_ugbs_type": "R", "distance_to_ugbs": 157.55784690980465, "within_300m": true }, "geometry": { "type": "Point", "coordinates": [ -3639.095537979173514, 332718.023772074549925 ] } },
{ "type": "Feature", "properties": { "Hofname": "Josef-Endlweber-Gasse 3-5", "clean_address": "1230 Wien, Josef-Endlweber-Gasse", "Wohnungen": 28, "Lokale": 3, "addr_key": "1230 wien, josef-endlweber-gasse", "distance_to_ugs": 107.65861513032166, "distance_to_ubs": 125.52314361000309, "building_id": 1512, "index_right": 7, "closest_ugbs_type": "L", "distance_to_ugbs": 107.65861513032166, "within_300m": true }, "geometry": { "type": "Point", "coordinates": [ -1465.631686913878639, 332099.083817473845556 ] } },
{ "type": "Feature", "properties": { "Hofname": "Breitenfurter Straße 556", "clean_address": "1230 Wien, Breitenfurter Straße", "Wohnungen": 30, "Lokale": 3, "addr_key": "1230 wien, breitenfurter straße", "distance_to_ugs": 32.0549481640697, "distance_to_ubs": 724.22921566076695, "building_id": 1513, "index_right": 272, "closest_ugbs_type": "L", "distance_to_ugbs": 32.0549481640697, "within_300m": true }, "geometry": { "type": "Point", "coordinates": [ -149.803251042845602, 337187.473578039789572 ] } },
{ "type": "Feature", "properties": { "Hofname": "Johann-Hörbiger-Gasse 24-28", "clean_address": "1230 Wien, Johann-Hörbiger-Gasse", "Wohnungen": 184, "Lokale": 12, "addr_key": "1230 wien, johann-hörbiger-gasse", "distance_to_ugs": 232.97564527017775, "distance_to_ubs": 45.144221939622334, "building_id": 1514, "index_right": 2454, "closest_ugbs_type": "B", "distance_to_ugbs": 45.144221939622334, "within_300m": true }, "geometry": { "type": "Point", "coordinates": [ -3800.975810745272156, 334736.885201689787209 ] } },
{ "type": "Feature", "properties": { "Hofname": "Karl-Heinz-Straße 22a", "clean_address": "1230 Wien, Karl-Heinz-Straße", "Wohnungen": 10, "Lokale": 0, "addr_key": "1230 wien, karl-heinz-straße", "distance_to_ugs": 422.56649197434416, "distance_to_ubs": 356.29692246086631, "building_id": 1515, "index_right": 2451, "closest_ugbs_type": "B", "distance_to_ugbs": 356.29692246086631, "within_300m": false }, "geometry": { "type": "Point", "coordinates": [ -1772.079717325556658, 335627.733495458960533 ] } },
{ "type": "Feature", "properties": { "Hofname": "Maurer Hauptplatz 5", "clean_address": "1230 Wien, Maurer Hauptplatz", "Wohnungen": 22, "Lokale": 5, "addr_key": "1230 wien, maurer hauptplatz", "distance_to_ugs": 34.095646214143137, "distance_to_ubs": 99.857714547376304, "building_id": 1516, "index_right": 303, "closest_ugbs_type": "L", "distance_to_ugbs": 34.095646214143137, "within_300m": true }, "geometry": { "type": "Point", "coordinates": [ -4722.046271050960968, 334718.893844856880605 ] } },
{ "type": "Feature", "properties": { "Hofname": "Breitenfurter Straße 477-485", "clean_address": "1230 Wien, Breitenfurter Straße", "Wohnungen": 138, "Lokale": 12, "addr_key": "1230 wien, breitenfurter straße", "distance_to_ugs": 32.0549481640697, "distance_to_ubs": 724.22921566076695, "building_id": 1517, "index_right": 272, "closest_ugbs_type": "L", "distance_to_ugbs": 32.0549481640697, "within_300m": true }, "geometry": { "type": "Point", "coordinates": [ -149.803251042845602, 337187.473578039789572 ] } },
{ "type": "Feature", "properties": { "Hofname": "Arabellagasse 2-10", "clean_address": "1230 Wien, Arabellagasse", "Wohnungen": 181, "Lokale": 15, "addr_key": "1230 wien, arabellagasse", "distance_to_ugs": 152.09597496085749, "distance_to_ubs": 138.53800275206655, "building_id": 1518, "index_right": 2425, "closest_ugbs_type": "B", "distance_to_ugbs": 138.53800275206655, "within_300m": true }, "geometry": { "type": "Point", "coordinates": [ -5103.34720390306029, 333530.223975942470133 ] } },
{ "type": "Feature", "properties": { "Hofname": "Maurer Hauptplatz 2", "clean_address": "1230 Wien, Maurer Hauptplatz", "Wohnungen": 40, "Lokale": 10, "addr_key": "1230 wien, maurer hauptplatz", "distance_to_ugs": 34.095646214143137, "distance_to_ubs": 99.857714547376304, "building_id": 1519, "index_right": 303, "closest_ugbs_type": "L", "distance_to_ugbs": 34.095646214143137, "within_300m": true }, "geometry": { "type": "Point", "coordinates": [ -4722.046271050960968, 334718.893844856880605 ] } },
{ "type": "Feature", "properties": { "Hofname": "Gutheil-Schoder-Gasse 68-76", "clean_address": "1230 Wien, Gutheil-Schoder-Gasse", "Wohnungen": 218, "Lokale": 13, "addr_key": "1230 wien, gutheil-schoder-gasse", "distance_to_ugs": 151.45315757306474, "distance_to_ubs": 284.8433241492952, "building_id": 1520, "index_right": 262, "closest_ugbs_type": "R", "distance_to_ugbs": 151.45315757306474, "within_300m": true }, "geometry": { "type": "Point", "coordinates": [ 259.56430246865051, 335867.593918373808265 ] } },
{ "type": "Feature", "properties": { "Hofname": "Rudolf-Zeller-Gasse 14a", "clean_address": "1230 Wien, Rudolf-Zeller-Gasse", "Wohnungen": 16, "Lokale": 0, "addr_key": "1230 wien, rudolf-zeller-gasse", "distance_to_ugs": 125.05833309674077, "distance_to_ubs": 156.09504803763775, "building_id": 1521, "index_right": 304, "closest_ugbs_type": "L", "distance_to_ugbs": 125.05833309674077, "within_300m": true }, "geometry": { "type": "Point", "coordinates": [ -3425.881778065263916, 335008.119754106737673 ] } },
{ "type": "Feature", "properties": { "Hofname": "Ketzergasse 101-103", "clean_address": "1230 Wien, Ketzergasse", "Wohnungen": 40, "Lokale": 5, "addr_key": "1230 wien, ketzergasse", "distance_to_ugs": 205.41986853763396, "distance_to_ubs": 412.31671028964786, "building_id": 1522, "index_right": 3, "closest_ugbs_type": "L", "distance_to_ugbs": 205.41986853763396, "within_300m": true }, "geometry": { "type": "Point", "coordinates": [ -1813.552766217235785, 332121.559609958610963 ] } },
{ "type": "Feature", "properties": { "Hofname": "Altmannsdorfer Straße 164-182", "clean_address": "1230 Wien, Altmannsdorfer Straße", "Wohnungen": 1172, "Lokale": 31, "addr_key": "1230 wien, altmannsdorfer straße", "distance_to_ugs": 188.08128040037076, "distance_to_ubs": 273.22557652476803, "building_id": 1523, "index_right": 377, "closest_ugbs_type": "R", "distance_to_ugbs": 188.08128040037076, "within_300m": true }, "geometry": { "type": "Point", "coordinates": [ -1327.843717780108591, 337365.331203429028392 ] } },
{ "type": "Feature", "properties": { "Hofname": "Gregorygasse 35-45", "clean_address": "1230 Wien, Gregorygasse", "Wohnungen": 220, "Lokale": 11, "addr_key": "1230 wien, gregorygasse", "distance_to_ugs": 208.90378980399069, "distance_to_ubs": 312.99673397458486, "building_id": 1524, "index_right": 87, "closest_ugbs_type": "L", "distance_to_ugbs": 208.90378980399069, "within_300m": true }, "geometry": { "type": "Point", "coordinates": [ -1959.663608330398574, 335396.687856132164598 ] } },
{ "type": "Feature", "properties": { "Hofname": "Hochwassergasse 60", "clean_address": "1230 Wien, Hochwassergasse", "Wohnungen": 99, "Lokale": 5, "addr_key": "1230 wien, hochwassergasse", "distance_to_ugs": 29.005662707386026, "distance_to_ubs": 380.43973851488465, "building_id": 1525, "index_right": 209, "closest_ugbs_type": "R", "distance_to_ugbs": 29.005662707386026, "within_300m": true }, "geometry": { "type": "Point", "coordinates": [ 1671.543684792313115, 334491.779402928426862 ] } },
{ "type": "Feature", "properties": { "Hofname": "Rudolf-Zeller-Gasse 69", "clean_address": "1230 Wien, Rudolf-Zeller-Gasse", "Wohnungen": 180, "Lokale": 1, "addr_key": "1230 wien, rudolf-zeller-gasse", "distance_to_ugs": 125.05833309674077, "distance_to_ubs": 156.09504803763775, "building_id": 1526, "index_right": 304, "closest_ugbs_type": "L", "distance_to_ugbs": 125.05833309674077, "within_300m": true }, "geometry": { "type": "Point", "coordinates": [ -3425.881778065263916, 335008.119754106737673 ] } },
{ "type": "Feature", "properties": { "Hofname": "Breitenfurter Straße 299-303", "clean_address": "1230 Wien, Breitenfurter Straße", "Wohnungen": 72, "Lokale": 4, "addr_key": "1230 wien, breitenfurter straße", "distance_to_ugs": 32.0549481640697, "distance_to_ubs": 724.22921566076695, "building_id": 1527, "index_right": 272, "closest_ugbs_type": "L", "distance_to_ugbs": 32.0549481640697, "within_300m": true }, "geometry": { "type": "Point", "coordinates": [ -149.803251042845602, 337187.473578039789572 ] } },
{ "type": "Feature", "properties": { "Hofname": "Erlaaer Straße 131-133", "clean_address": "1230 Wien, Erlaaer Straße", "Wohnungen": 128, "Lokale": 4, "addr_key": "1230 wien, erlaaer straße", "distance_to_ugs": 77.532762144586172, "distance_to_ubs": 236.43547479668572, "building_id": 1528, "index_right": 82, "closest_ugbs_type": "R", "distance_to_ugbs": 77.532762144586172, "within_300m": true }, "geometry": { "type": "Point", "coordinates": [ -2231.264800250287863, 334335.211895482614636 ] } },
{ "type": "Feature", "properties": { "Hofname": "Ketzergasse 56", "clean_address": "1230 Wien, Ketzergasse", "Wohnungen": 3, "Lokale": 2, "addr_key": "1230 wien, ketzergasse", "distance_to_ugs": 205.41986853763396, "distance_to_ubs": 412.31671028964786, "building_id": 1529, "index_right": 3, "closest_ugbs_type": "L", "distance_to_ugbs": 205.41986853763396, "within_300m": true }, "geometry": { "type": "Point", "coordinates": [ -1813.552766217235785, 332121.559609958610963 ] } },
{ "type": "Feature", "properties": { "Hofname": "Erlaaer Straße 6-10", "clean_address": "1230 Wien, Erlaaer Straße", "Wohnungen": 27, "Lokale": 4, "addr_key": "1230 wien, erlaaer straße", "distance_to_ugs": 77.532762144586172, "distance_to_ubs": 236.43547479668572, "building_id": 1530, "index_right": 82, "closest_ugbs_type": "R", "distance_to_ugbs": 77.532762144586172, "within_300m": true }, "geometry": { "type": "Point", "coordinates": [ -2231.264800250287863, 334335.211895482614636 ] } },
{ "type": "Feature", "properties": { "Hofname": "Höpflergasse 6", "clean_address": "1230 Wien, Höpflergasse", "Wohnungen": 131, "Lokale": 50, "addr_key": "1230 wien, höpflergasse", "distance_to_ugs": 90.928319625353495, "distance_to_ubs": 147.31602774793225, "building_id": 1531, "index_right": 70, "closest_ugbs_type": "L", "distance_to_ugbs": 90.928319625353495, "within_300m": true }, "geometry": { "type": "Point", "coordinates": [ -2950.455924195995976, 333917.519863312132657 ] } },
{ "type": "Feature", "properties": { "Hofname": "Ketzergasse 26", "clean_address": "1230 Wien, Ketzergasse", "Wohnungen": 117, "Lokale": 4, "addr_key": "1230 wien, ketzergasse", "distance_to_ugs": 205.41986853763396, "distance_to_ubs": 412.31671028964786, "building_id": 1532, "index_right": 3, "closest_ugbs_type": "L", "distance_to_ugbs": 205.41986853763396, "within_300m": true }, "geometry": { "type": "Point", "coordinates": [ -1813.552766217235785, 332121.559609958610963 ] } },
{ "type": "Feature", "properties": { "Hofname": "Gregorygasse 20-26", "clean_address": "1230 Wien, Gregorygasse", "Wohnungen": 129, "Lokale": 7, "addr_key": "1230 wien, gregorygasse", "distance_to_ugs": 208.90378980399069, "distance_to_ubs": 312.99673397458486, "building_id": 1533, "index_right": 87, "closest_ugbs_type": "L", "distance_to_ugbs": 208.90378980399069, "within_300m": true }, "geometry": { "type": "Point", "coordinates": [ -1959.663608330398574, 335396.687856132164598 ] } },
{ "type": "Feature", "properties": { "Hofname": "Färbermühlgasse 8", "clean_address": "1230 Wien, Färbermühlgasse", "Wohnungen": 32, "Lokale": 0, "addr_key": "1230 wien, färbermühlgasse", "distance_to_ugs": 157.55784690980465, "distance_to_ubs": 169.88417308150699, "building_id": 1534, "index_right": 21, "closest_ugbs_type": "R", "distance_to_ugbs": 157.55784690980465, "within_300m": true }, "geometry": { "type": "Point", "coordinates": [ -3639.095537979173514, 332718.023772074549925 ] } },
{ "type": "Feature", "properties": { "Hofname": "Karl-Schwed-Gasse 48-50", "clean_address": "1230 Wien, Karl-Schwed-Gasse", "Wohnungen": 334, "Lokale": 34, "addr_key": "1230 wien, karl-schwed-gasse", "distance_to_ugs": 70.839739184525655, "distance_to_ubs": 147.75270415419212, "building_id": 1535, "index_right": 311, "closest_ugbs_type": "L", "distance_to_ugbs": 70.839739184525655, "within_300m": true }, "geometry": { "type": "Point", "coordinates": [ -4078.398497323985794, 335756.716533670201898 ] } },
{ "type": "Feature", "properties": { "Hofname": "Färbermühlgasse 12-14", "clean_address": "1230 Wien, Färbermühlgasse", "Wohnungen": 60, "Lokale": 0, "addr_key": "1230 wien, färbermühlgasse", "distance_to_ugs": 157.55784690980465, "distance_to_ubs": 169.88417308150699, "building_id": 1536, "index_right": 21, "closest_ugbs_type": "R", "distance_to_ugbs": 157.55784690980465, "within_300m": true }, "geometry": { "type": "Point", "coordinates": [ -3639.095537979173514, 332718.023772074549925 ] } },
{ "type": "Feature", "properties": { "Hofname": "Erlaaer Straße 55-63", "clean_address": "1230 Wien, Erlaaer Straße", "Wohnungen": 207, "Lokale": 13, "addr_key": "1230 wien, erlaaer straße", "distance_to_ugs": 77.532762144586172, "distance_to_ubs": 236.43547479668572, "building_id": 1537, "index_right": 82, "closest_ugbs_type": "R", "distance_to_ugbs": 77.532762144586172, "within_300m": true }, "geometry": { "type": "Point", "coordinates": [ -2231.264800250287863, 334335.211895482614636 ] } },
{ "type": "Feature", "properties": { "Hofname": "Färbermühlgasse 15", "clean_address": "1230 Wien, Färbermühlgasse", "Wohnungen": 59, "Lokale": 2, "addr_key": "1230 wien, färbermühlgasse", "distance_to_ugs": 157.55784690980465, "distance_to_ubs": 169.88417308150699, "building_id": 1538, "index_right": 21, "closest_ugbs_type": "R", "distance_to_ugbs": 157.55784690980465, "within_300m": true }, "geometry": { "type": "Point", "coordinates": [ -3639.095537979173514, 332718.023772074549925 ] } },
{ "type": "Feature", "properties": { "Hofname": "Pülslgasse 3", "clean_address": "1230 Wien, Pülslgasse", "Wohnungen": 39, "Lokale": 3, "addr_key": "1230 wien, pülslgasse", "distance_to_ugs": 167.9340919702959, "distance_to_ubs": 81.566828785100284, "building_id": 1539, "index_right": 2406, "closest_ugbs_type": "B", "distance_to_ugbs": 81.566828785100284, "within_300m": true }, "geometry": { "type": "Point", "coordinates": [ -3967.445874150740565, 332921.559012870304286 ] } },
{ "type": "Feature", "properties": { "Hofname": "Dirmhirngasse 16-18", "clean_address": "1230 Wien, Dirmhirngasse", "Wohnungen": 388, "Lokale": 12, "addr_key": "1230 wien, dirmhirngasse", "distance_to_ugs": 39.869621587930958, "distance_to_ubs": 537.39989684921829, "building_id": 1540, "index_right": 72, "closest_ugbs_type": "L", "distance_to_ugbs": 39.869621587930958, "within_300m": true }, "geometry": { "type": "Point", "coordinates": [ -3416.167789113146682, 334166.020689688622952 ] } },
{ "type": "Feature", "properties": { "Hofname": "Breitenfurter Straße 338", "clean_address": "1230 Wien, Breitenfurter Straße", "Wohnungen": 98, "Lokale": 19, "addr_key": "1230 wien, breitenfurter straße", "distance_to_ugs": 32.0549481640697, "distance_to_ubs": 724.22921566076695, "building_id": 1541, "index_right": 272, "closest_ugbs_type": "L", "distance_to_ugbs": 32.0549481640697, "within_300m": true }, "geometry": { "type": "Point", "coordinates": [ -149.803251042845602, 337187.473578039789572 ] } },
{ "type": "Feature", "properties": { "Hofname": "Khekgasse 41", "clean_address": "1230 Wien, Khekgasse", "Wohnungen": 15, "Lokale": 1, "addr_key": "1230 wien, khekgasse", "distance_to_ugs": 349.16574869611514, "distance_to_ubs": 162.15894970668094, "building_id": 1542, "index_right": 2406, "closest_ugbs_type": "B", "distance_to_ugbs": 162.15894970668094, "within_300m": true }, "geometry": { "type": "Point", "coordinates": [ -3833.518005581628131, 332648.225103363394737 ] } },
{ "type": "Feature", "properties": { "Hofname": "Khekgasse 45", "clean_address": "1230 Wien, Khekgasse", "Wohnungen": 26, "Lokale": 2, "addr_key": "1230 wien, khekgasse", "distance_to_ugs": 349.16574869611514, "distance_to_ubs": 162.15894970668094, "building_id": 1543, "index_right": 2406, "closest_ugbs_type": "B", "distance_to_ugbs": 162.15894970668094, "within_300m": true }, "geometry": { "type": "Point", "coordinates": [ -3833.518005581628131, 332648.225103363394737 ] } },
{ "type": "Feature", "properties": { "Hofname": "Brunner Straße 21", "clean_address": "1230 Wien, Brunner Straße", "Wohnungen": 70, "Lokale": 7, "addr_key": "1230 wien, brunner straße", "distance_to_ugs": 31.376993840830792, "distance_to_ubs": 455.82161770421021, "building_id": 1544, "index_right": 2, "closest_ugbs_type": "L", "distance_to_ugbs": 31.376993840830792, "within_300m": true }, "geometry": { "type": "Point", "coordinates": [ -2451.27165330791513, 331951.624644578434527 ] } },
{ "type": "Feature", "properties": { "Hofname": "Wagenmanngasse 3", "clean_address": "1230 Wien, Wagenmanngasse", "Wohnungen": 33, "Lokale": 1, "addr_key": "1230 wien, wagenmanngasse", "distance_to_ugs": 13.852448762678966, "distance_to_ubs": 65.754988637897611, "building_id": 1545, "index_right": 47, "closest_ugbs_type": "L", "distance_to_ugbs": 13.852448762678966, "within_300m": true }, "geometry": { "type": "Point", "coordinates": [ -3678.913218552851959, 333639.761866959743202 ] } },
{ "type": "Feature", "properties": { "Hofname": "Breitenfurter Straße 360-368", "clean_address": "1230 Wien, Breitenfurter Straße", "Wohnungen": 89, "Lokale": 30, "addr_key": "1230 wien, breitenfurter straße", "distance_to_ugs": 32.0549481640697, "distance_to_ubs": 724.22921566076695, "building_id": 1546, "index_right": 272, "closest_ugbs_type": "L", "distance_to_ugbs": 32.0549481640697, "within_300m": true }, "geometry": { "type": "Point", "coordinates": [ -149.803251042845602, 337187.473578039789572 ] } },
{ "type": "Feature", "properties": { "Hofname": "Breitenfurter Straße 519-521", "clean_address": "1230 Wien, Breitenfurter Straße", "Wohnungen": 63, "Lokale": 1, "addr_key": "1230 wien, breitenfurter straße", "distance_to_ugs": 32.0549481640697, "distance_to_ubs": 724.22921566076695, "building_id": 1547, "index_right": 272, "closest_ugbs_type": "L", "distance_to_ugbs": 32.0549481640697, "within_300m": true }, "geometry": { "type": "Point", "coordinates": [ -149.803251042845602, 337187.473578039789572 ] } },
{ "type": "Feature", "properties": { "Hofname": "Breitenfurter Straße 555-557", "clean_address": "1230 Wien, Breitenfurter Straße", "Wohnungen": 24, "Lokale": 5, "addr_key": "1230 wien, breitenfurter straße", "distance_to_ugs": 32.0549481640697, "distance_to_ubs": 724.22921566076695, "building_id": 1548, "index_right": 272, "closest_ugbs_type": "L", "distance_to_ugbs": 32.0549481640697, "within_300m": true }, "geometry": { "type": "Point", "coordinates": [ -149.803251042845602, 337187.473578039789572 ] } },
{ "type": "Feature", "properties": { "Hofname": "Rudolf-Zeller-Gasse 71", "clean_address": "1230 Wien, Rudolf-Zeller-Gasse", "Wohnungen": 146, "Lokale": 3, "addr_key": "1230 wien, rudolf-zeller-gasse", "distance_to_ugs": 125.05833309674077, "distance_to_ubs": 156.09504803763775, "building_id": 1549, "index_right": 304, "closest_ugbs_type": "L", "distance_to_ugbs": 125.05833309674077, "within_300m": true }, "geometry": { "type": "Point", "coordinates": [ -3425.881778065263916, 335008.119754106737673 ] } },
{ "type": "Feature", "properties": { "Hofname": "Mehlführergasse 26-28", "clean_address": "1230 Wien, Mehlführergasse", "Wohnungen": 147, "Lokale": 1, "addr_key": "1230 wien, mehlführergasse", "distance_to_ugs": 109.68697484011102, "distance_to_ubs": 112.77216761870092, "building_id": 1550, "index_right": 47, "closest_ugbs_type": "L", "distance_to_ugbs": 109.68697484011102, "within_300m": true }, "geometry": { "type": "Point", "coordinates": [ -3725.459171103821973, 333509.075172650627792 ] } },
{ "type": "Feature", "properties": { "Hofname": "Amstergasse 1", "clean_address": "1230 Wien, Amstergasse", "Wohnungen": 98, "Lokale": 7, "addr_key": "1230 wien, amstergasse", "distance_to_ugs": 14.492467667668636, "distance_to_ubs": 286.40658862476562, "building_id": 1551, "index_right": 71, "closest_ugbs_type": "L", "distance_to_ugbs": 14.492467667668636, "within_300m": true }, "geometry": { "type": "Point", "coordinates": [ -3662.439547259668416, 334215.911584293469787 ] } },
{ "type": "Feature", "properties": { "Hofname": "Breitenfurter Straße 291-297", "clean_address": "1230 Wien, Breitenfurter Straße", "Wohnungen": 63, "Lokale": 20, "addr_key": "1230 wien, breitenfurter straße", "distance_to_ugs": 32.0549481640697, "distance_to_ubs": 724.22921566076695, "building_id": 1552, "index_right": 272, "closest_ugbs_type": "L", "distance_to_ugbs": 32.0549481640697, "within_300m": true }, "geometry": { "type": "Point", "coordinates": [ -149.803251042845602, 337187.473578039789572 ] } },
{ "type": "Feature", "properties": { "Hofname": "Ketzergasse 376-382", "clean_address": "1230 Wien, Ketzergasse", "Wohnungen": 50, "Lokale": 12, "addr_key": "1230 wien, ketzergasse", "distance_to_ugs": 205.41986853763396, "distance_to_ubs": 412.31671028964786, "building_id": 1553, "index_right": 3, "closest_ugbs_type": "L", "distance_to_ugbs": 205.41986853763396, "within_300m": true }, "geometry": { "type": "Point", "coordinates": [ -1813.552766217235785, 332121.559609958610963 ] } },
{ "type": "Feature", "properties": { "Hofname": "Ketzergasse 435-437", "clean_address": "1230 Wien, Ketzergasse", "Wohnungen": 23, "Lokale": 4, "addr_key": "1230 wien, ketzergasse", "distance_to_ugs": 205.41986853763396, "distance_to_ubs": 412.31671028964786, "building_id": 1554, "index_right": 3, "closest_ugbs_type": "L", "distance_to_ugbs": 205.41986853763396, "within_300m": true }, "geometry": { "type": "Point", "coordinates": [ -1813.552766217235785, 332121.559609958610963 ] } },
{ "type": "Feature", "properties": { "Hofname": "Meisgeyergasse 18", "clean_address": "1230 Wien, Meisgeyergasse", "Wohnungen": 10, "Lokale": 0, "addr_key": "1230 wien, meisgeyergasse", "distance_to_ugs": 30.797064075004783, "distance_to_ubs": 229.60167270371653, "building_id": 1555, "index_right": 57, "closest_ugbs_type": "R", "distance_to_ugbs": 30.797064075004783, "within_300m": true }, "geometry": { "type": "Point", "coordinates": [ -2643.186529463208899, 334026.623794035986066 ] } },
{ "type": "Feature", "properties": { "Hofname": "Keltengasse 4", "clean_address": "1230 Wien, Keltengasse", "Wohnungen": 215, "Lokale": 4, "addr_key": "1230 wien, keltengasse", "distance_to_ugs": 103.51084517975933, "distance_to_ubs": 370.33096133293856, "building_id": 1556, "index_right": 72, "closest_ugbs_type": "L", "distance_to_ugbs": 103.51084517975933, "within_300m": true }, "geometry": { "type": "Point", "coordinates": [ -3505.480774453063077, 333911.885170632507652 ] } },
{ "type": "Feature", "properties": { "Hofname": "Erlaaer Straße 11-15", "clean_address": "1230 Wien, Erlaaer Straße", "Wohnungen": 27, "Lokale": 0, "addr_key": "1230 wien, erlaaer straße", "distance_to_ugs": 77.532762144586172, "distance_to_ubs": 236.43547479668572, "building_id": 1557, "index_right": 82, "closest_ugbs_type": "R", "distance_to_ugbs": 77.532762144586172, "within_300m": true }, "geometry": { "type": "Point", "coordinates": [ -2231.264800250287863, 334335.211895482614636 ] } },
{ "type": "Feature", "properties": { "Hofname": "Knotzenbachgasse 39-45", "clean_address": "1230 Wien, Knotzenbachgasse", "Wohnungen": 34, "Lokale": 1, "addr_key": "1230 wien, knotzenbachgasse", "distance_to_ugs": 214.60526011526716, "distance_to_ubs": 355.8218288051537, "building_id": 1558, "index_right": 76, "closest_ugbs_type": "L", "distance_to_ugbs": 214.60526011526716, "within_300m": true }, "geometry": { "type": "Point", "coordinates": [ -3000.20583917205704, 334160.673281384631991 ] } },
{ "type": "Feature", "properties": { "Hofname": "Karl-Tornay-Gasse 37-43", "clean_address": "1230 Wien, Karl-Tornay-Gasse", "Wohnungen": 822, "Lokale": 22, "addr_key": "1230 wien, karl-tornay-gasse", "distance_to_ugs": 383.68035277811163, "distance_to_ubs": 461.80667436192891, "building_id": 1559, "index_right": 8, "closest_ugbs_type": "L", "distance_to_ugbs": 383.68035277811163, "within_300m": false }, "geometry": { "type": "Point", "coordinates": [ -925.446725153892999, 332489.193592391908169 ] } },
{ "type": "Feature", "properties": { "Hofname": "Josef-Österreicher-Gasse 20-22", "clean_address": "1230 Wien, Josef-Österreicher-Gasse", "Wohnungen": 30, "Lokale": 2, "addr_key": "1230 wien, josef-österreicher-gasse", "distance_to_ugs": 135.33821601660446, "distance_to_ubs": 411.25880218802064, "building_id": 1560, "index_right": 57, "closest_ugbs_type": "R", "distance_to_ugbs": 135.33821601660446, "within_300m": true }, "geometry": { "type": "Point", "coordinates": [ -2469.691942996069429, 334102.015567957423627 ] } },
{ "type": "Feature", "properties": { "Hofname": "Johann-Gottek-Gasse 18", "clean_address": "1230 Wien, Johann-Gottek-Gasse", "Wohnungen": 25, "Lokale": 1, "addr_key": "1230 wien, johann-gottek-gasse", "distance_to_ugs": 104.09923097531545, "distance_to_ubs": 39.67952131427807, "building_id": 1561, "index_right": 2502, "closest_ugbs_type": "B", "distance_to_ugbs": 39.67952131427807, "within_300m": true }, "geometry": { "type": "Point", "coordinates": [ -395.237661456331296, 334854.837379425764084 ] } },
{ "type": "Feature", "properties": { "Hofname": "Maurer Hauptplatz 11", "clean_address": "1230 Wien, Maurer Hauptplatz", "Wohnungen": 19, "Lokale": 3, "addr_key": "1230 wien, maurer hauptplatz", "distance_to_ugs": 34.095646214143137, "distance_to_ubs": 99.857714547376304, "building_id": 1562, "index_right": 303, "closest_ugbs_type": "L", "distance_to_ugbs": 34.095646214143137, "within_300m": true }, "geometry": { "type": "Point", "coordinates": [ -4722.046271050960968, 334718.893844856880605 ] } },
{ "type": "Feature", "properties": { "Hofname": "Pfarrgasse 61", "clean_address": "1230 Wien, Pfarrgasse", "Wohnungen": 185, "Lokale": 2, "addr_key": "1230 wien, pfarrgasse", "distance_to_ugs": 277.62560850367402, "distance_to_ubs": 219.2639125584468, "building_id": 1563, "index_right": 2495, "closest_ugbs_type": "B", "distance_to_ugbs": 219.2639125584468, "within_300m": true }, "geometry": { "type": "Point", "coordinates": [ 1086.473976568521039, 333991.930999333097134 ] } },
{ "type": "Feature", "properties": { "Hofname": "Mehlführergasse 22-24", "clean_address": "1230 Wien, Mehlführergasse", "Wohnungen": 39, "Lokale": 0, "addr_key": "1230 wien, mehlführergasse", "distance_to_ugs": 109.68697484011102, "distance_to_ubs": 112.77216761870092, "building_id": 1564, "index_right": 47, "closest_ugbs_type": "L", "distance_to_ugbs": 109.68697484011102, "within_300m": true }, "geometry": { "type": "Point", "coordinates": [ -3725.459171103821973, 333509.075172650627792 ] } },
{ "type": "Feature", "properties": { "Hofname": "Kellerberggasse 55-57", "clean_address": "1230 Wien, Kellerberggasse", "Wohnungen": 24, "Lokale": 2, "addr_key": "1230 wien, kellerberggasse", "distance_to_ugs": 159.62973550674758, "distance_to_ubs": 270.67903869486315, "building_id": 1565, "index_right": 1, "closest_ugbs_type": "L", "distance_to_ugbs": 159.62973550674758, "within_300m": true }, "geometry": { "type": "Point", "coordinates": [ -1853.483682874947135, 331983.32594227604568 ] } },
{ "type": "Feature", "properties": { "Hofname": "Rudolf-Zeller-Gasse 4-8", "clean_address": "1230 Wien, Rudolf-Zeller-Gasse", "Wohnungen": 23, "Lokale": 1, "addr_key": "1230 wien, rudolf-zeller-gasse", "distance_to_ugs": 125.05833309674077, "distance_to_ubs": 156.09504803763775, "building_id": 1566, "index_right": 304, "closest_ugbs_type": "L", "distance_to_ugbs": 125.05833309674077, "within_300m": true }, "geometry": { "type": "Point", "coordinates": [ -3425.881778065263916, 335008.119754106737673 ] } },
{ "type": "Feature", "properties": { "Hofname": "Breitenfurter Straße 401-413", "clean_address": "1230 Wien, Breitenfurter Straße", "Wohnungen": 323, "Lokale": 26, "addr_key": "1230 wien, breitenfurter straße", "distance_to_ugs": 32.0549481640697, "distance_to_ubs": 724.22921566076695, "building_id": 1567, "index_right": 272, "closest_ugbs_type": "L", "distance_to_ugbs": 32.0549481640697, "within_300m": true }, "geometry": { "type": "Point", "coordinates": [ -149.803251042845602, 337187.473578039789572 ] } },
{ "type": "Feature", "properties": { "Hofname": "Pfarrgasse 34-44", "clean_address": "1230 Wien, Pfarrgasse", "Wohnungen": 457, "Lokale": 14, "addr_key": "1230 wien, pfarrgasse", "distance_to_ugs": 277.62560850367402, "distance_to_ubs": 219.2639125584468, "building_id": 1568, "index_right": 2495, "closest_ugbs_type": "B", "distance_to_ugbs": 219.2639125584468, "within_300m": true }, "geometry": { "type": "Point", "coordinates": [ 1086.473976568521039, 333991.930999333097134 ] } },
{ "type": "Feature", "properties": { "Hofname": "Kolbegasse 44", "clean_address": "1230 Wien, Kolbegasse", "Wohnungen": 304, "Lokale": 11, "addr_key": "1230 wien, kolbegasse", "distance_to_ugs": 159.57034627491561, "distance_to_ubs": 660.77955038471646, "building_id": 1569, "index_right": 206, "closest_ugbs_type": "L", "distance_to_ugbs": 159.57034627491561, "within_300m": true }, "geometry": { "type": "Point", "coordinates": [ 1554.583775463667962, 334117.525916226382833 ] } },
{ "type": "Feature", "properties": { "Hofname": "Oldenburggasse 13-27", "clean_address": "1230 Wien, Oldenburggasse", "Wohnungen": 217, "Lokale": 9, "addr_key": "1230 wien, oldenburggasse", "distance_to_ugs": 94.990777790235811, "distance_to_ubs": 245.62686851667635, "building_id": 1570, "index_right": 224, "closest_ugbs_type": "L", "distance_to_ugbs": 94.990777790235811, "within_300m": true }, "geometry": { "type": "Point", "coordinates": [ -76.591202482675655, 334668.102226004004478 ] } },
{ "type": "Feature", "properties": { "Hofname": "Traviatagasse 12-16", "clean_address": "1230 Wien, Traviatagasse", "Wohnungen": 171, "Lokale": 7, "addr_key": "1230 wien, traviatagasse", "distance_to_ugs": 152.75537233826412, "distance_to_ubs": 416.560534542646, "building_id": 1571, "index_right": 202, "closest_ugbs_type": "L", "distance_to_ugbs": 152.75537233826412, "within_300m": true }, "geometry": { "type": "Point", "coordinates": [ 1337.037018168745135, 333593.753411136567593 ] } },
{ "type": "Feature", "properties": { "Hofname": "Weyprechtgasse 7", "clean_address": "1160 Wien, Weyprechtgasse", "Wohnungen": 12, "Lokale": 1, "addr_key": "1160 wien, weyprechtgasse", "distance_to_ugs": 55.029818438533425, "distance_to_ubs": 1313.7600692052904, "building_id": 1572, "index_right": 772, "closest_ugbs_type": "L", "distance_to_ugbs": 55.029818438533425, "within_300m": true }, "geometry": { "type": "Point", "coordinates": [ 194.151904566846895, 341758.165910119831096 ] } },
{ "type": "Feature", "properties": { "Hofname": "Gallgasse 71", "clean_address": "1130 Wien, Gallgasse", "Wohnungen": 56, "Lokale": 2, "addr_key": "1130 wien, gallgasse", "distance_to_ugs": 131.34084818170587, "distance_to_ubs": 448.24029288306605, "building_id": 1573, "index_right": 340, "closest_ugbs_type": "L", "distance_to_ugbs": 131.34084818170587, "within_300m": true }, "geometry": { "type": "Point", "coordinates": [ -3461.011857632673127, 336632.931667916476727 ] } },
{ "type": "Feature", "properties": { "Hofname": "Gaßmannstraße 41", "clean_address": "1120 Wien, Gaßmannstraße", "Wohnungen": 17, "Lokale": 0, "addr_key": "1120 wien, gaßmannstraße", "distance_to_ugs": 316.14375779317669, "distance_to_ubs": 337.07907117616423, "building_id": 1574, "index_right": 328, "closest_ugbs_type": "L", "distance_to_ugbs": 316.14375779317669, "within_300m": false }, "geometry": { "type": "Point", "coordinates": [ -1657.956487618676647, 337041.725959225557745 ] } },
{ "type": "Feature", "properties": { "Hofname": "Leidesdorfgasse 1", "clean_address": "1190 Wien, Leidesdorfgasse", "Wohnungen": 7, "Lokale": 0, "addr_key": "1190 wien, leidesdorfgasse", "distance_to_ugs": 161.4924674759917, "distance_to_ubs": 841.83938553658641, "building_id": 1575, "index_right": 937, "closest_ugbs_type": "L", "distance_to_ugbs": 161.4924674759917, "within_300m": true }, "geometry": { "type": "Point", "coordinates": [ 784.333615305197327, 344907.436910619027913 ] } },
{ "type": "Feature", "properties": { "Hofname": "Margaretenstraße 108", "clean_address": "1050 Wien, Margaretenstraße", "Wohnungen": 24, "Lokale": 2, "addr_key": "1050 wien, margaretenstraße", "distance_to_ugs": 96.775774487699849, "distance_to_ubs": 143.47105626927487, "building_id": 1576, "index_right": 451, "closest_ugbs_type": "L", "distance_to_ugbs": 96.775774487699849, "within_300m": true }, "geometry": { "type": "Point", "coordinates": [ 2090.650832834097855, 339319.445364778861403 ] } },
{ "type": "Feature", "properties": { "Hofname": "Grieshofgasse 12", "clean_address": "1120 Wien, Grieshofgasse", "Wohnungen": 9, "Lokale": 0, "addr_key": "1120 wien, grieshofgasse", "distance_to_ugs": 78.444174978670517, "distance_to_ubs": 62.861495632451188, "building_id": 1577, "index_right": 2699, "closest_ugbs_type": "B", "distance_to_ugbs": 62.861495632451188, "within_300m": true }, "geometry": { "type": "Point", "coordinates": [ -43.090576593971356, 338326.229578033089638 ] } },
{ "type": "Feature", "properties": { "Hofname": "Polgarstraße 1-3", "clean_address": "1220 Wien, Polgarstraße", "Wohnungen": 192, "Lokale": 7, "addr_key": "1220 wien, polgarstraße", "distance_to_ugs": 26.419335561495632, "distance_to_ubs": 116.82643522439744, "building_id": 1578, "index_right": 1491, "closest_ugbs_type": "L", "distance_to_ugbs": 26.419335561495632, "within_300m": true }, "geometry": { "type": "Point", "coordinates": [ 8795.230181218752477, 343710.653215354308486 ] } },
{ "type": "Feature", "properties": { "Hofname": "Koppstraße 11", "clean_address": "1160 Wien, Koppstraße", "Wohnungen": 29, "Lokale": 3, "addr_key": "1160 wien, koppstraße", "distance_to_ugs": 253.93670315784163, "distance_to_ubs": 1145.7252936136088, "building_id": 1579, "index_right": 731, "closest_ugbs_type": "L", "distance_to_ugbs": 253.93670315784163, "within_300m": true }, "geometry": { "type": "Point", "coordinates": [ -161.341204285700485, 340988.782103830948472 ] } },
{ "type": "Feature", "properties": { "Hofname": "Franz-Glaser-Gasse 1-3", "clean_address": "1170 Wien, Franz-Glaser-Gasse", "Wohnungen": 13, "Lokale": 2, "addr_key": "1170 wien, franz-glaser-gasse", "distance_to_ugs": 323.32911166498332, "distance_to_ubs": 147.06628442825226, "building_id": 1580, "index_right": 2671, "closest_ugbs_type": "B", "distance_to_ugbs": 147.06628442825226, "within_300m": true }, "geometry": { "type": "Point", "coordinates": [ -2735.965625253209055, 343114.395651305094361 ] } },
{ "type": "Feature", "properties": { "Hofname": "Rosa-Jochmann-Ring 3", "clean_address": "1110 Wien, Rosa-Jochmann-Ring", "Wohnungen": 254, "Lokale": 5, "addr_key": "1110 wien, rosa-jochmann-ring", "distance_to_ugs": 15.079186892982737, "distance_to_ubs": 75.662262133783344, "building_id": 1581, "index_right": 1090, "closest_ugbs_type": "L", "distance_to_ugbs": 15.079186892982737, "within_300m": true }, "geometry": { "type": "Point", "coordinates": [ 9638.12988598704942, 334937.247031141305342 ] } },
{ "type": "Feature", "properties": { "Hofname": "Rosa-Jochmann-Ring 1", "clean_address": "1110 Wien, Rosa-Jochmann-Ring", "Wohnungen": 108, "Lokale": 3, "addr_key": "1110 wien, rosa-jochmann-ring", "distance_to_ugs": 15.079186892982737, "distance_to_ubs": 75.662262133783344, "building_id": 1582, "index_right": 1090, "closest_ugbs_type": "L", "distance_to_ugbs": 15.079186892982737, "within_300m": true }, "geometry": { "type": "Point", "coordinates": [ 9638.12988598704942, 334937.247031141305342 ] } },
{ "type": "Feature", "properties": { "Hofname": "Viehtriftgasse 9, 11, 12, 14", "clean_address": "1210 Wien, Viehtriftgasse", "Wohnungen": 250, "Lokale": 3, "addr_key": "1210 wien, viehtriftgasse", "distance_to_ugs": 278.39392694356826, "distance_to_ubs": 613.77191336587589, "building_id": 1583, "index_right": 1553, "closest_ugbs_type": "L", "distance_to_ugbs": 278.39392694356826, "within_300m": true }, "geometry": { "type": "Point", "coordinates": [ 7542.647983596064478, 346699.561763957957737 ] } },
{ "type": "Feature", "properties": { "Hofname": "Linzer Straße 386-390", "clean_address": "1140 Wien, Linzer Straße", "Wohnungen": 24, "Lokale": 3, "addr_key": "1140 wien, linzer straße", "distance_to_ugs": 11.662816853545118, "distance_to_ubs": 62.418311716142256, "building_id": 1584, "index_right": 765, "closest_ugbs_type": "L", "distance_to_ugbs": 11.662816853545118, "within_300m": true }, "geometry": { "type": "Point", "coordinates": [ 1557.911354078396016, 342009.850461553782225 ] } },
{ "type": "Feature", "properties": { "Hofname": "Bachgasse 12", "clean_address": "1160 Wien, Bachgasse", "Wohnungen": 18, "Lokale": 1, "addr_key": "1160 wien, bachgasse", "distance_to_ugs": 74.52504842552527, "distance_to_ubs": 1354.4876529738606, "building_id": 1585, "index_right": 498, "closest_ugbs_type": "L", "distance_to_ugbs": 74.52504842552527, "within_300m": true }, "geometry": { "type": "Point", "coordinates": [ -375.695785272561579, 341386.714267903007567 ] } },
{ "type": "Feature", "properties": { "Hofname": "Würffelgasse 6-8", "clean_address": "1150 Wien, Würffelgasse", "Wohnungen": 24, "Lokale": 2, "addr_key": "1150 wien, würffelgasse", "distance_to_ugs": 160.84053894646155, "distance_to_ubs": 688.17949535267132, "building_id": 1586, "index_right": 416, "closest_ugbs_type": "L", "distance_to_ugbs": 160.84053894646155, "within_300m": true }, "geometry": { "type": "Point", "coordinates": [ -105.100291462284133, 339274.489001544192433 ] } },
{ "type": "Feature", "properties": { "Hofname": "Hanreitergasse 13", "clean_address": "1210 Wien, Hanreitergasse", "Wohnungen": 159, "Lokale": 1, "addr_key": "1210 wien, hanreitergasse", "distance_to_ugs": 38.057323746013061, "distance_to_ubs": 657.5646601657221, "building_id": 1587, "index_right": 1828, "closest_ugbs_type": "L", "distance_to_ugbs": 38.057323746013061, "within_300m": true }, "geometry": { "type": "Point", "coordinates": [ 6075.061493524643993, 349532.906796935945749 ] } },
{ "type": "Feature", "properties": { "Hofname": "Rosa-Jochmann-Ring 5", "clean_address": "1110 Wien, Rosa-Jochmann-Ring", "Wohnungen": 542, "Lokale": 40, "addr_key": "1110 wien, rosa-jochmann-ring", "distance_to_ugs": 15.079186892982737, "distance_to_ubs": 75.662262133783344, "building_id": 1588, "index_right": 1090, "closest_ugbs_type": "L", "distance_to_ugbs": 15.079186892982737, "within_300m": true }, "geometry": { "type": "Point", "coordinates": [ 9638.12988598704942, 334937.247031141305342 ] } },
{ "type": "Feature", "properties": { "Hofname": "Am Hofgartel 3-7", "clean_address": "1110 Wien, Am Hofgartel", "Wohnungen": 275, "Lokale": 6, "addr_key": "1110 wien, am hofgartel", "distance_to_ugs": 45.536019320943382, "distance_to_ubs": 636.76637981669546, "building_id": 1589, "index_right": 1416, "closest_ugbs_type": "L", "distance_to_ugbs": 45.536019320943382, "within_300m": true }, "geometry": { "type": "Point", "coordinates": [ 4079.436060080062362, 342944.461228037951514 ] } },
{ "type": "Feature", "properties": { "Hofname": "Am Hofgartel 8-10", "clean_address": "1110 Wien, Am Hofgartel", "Wohnungen": 182, "Lokale": 3, "addr_key": "1110 wien, am hofgartel", "distance_to_ugs": 45.536019320943382, "distance_to_ubs": 636.76637981669546, "building_id": 1590, "index_right": 1416, "closest_ugbs_type": "L", "distance_to_ugbs": 45.536019320943382, "within_300m": true }, "geometry": { "type": "Point", "coordinates": [ 4079.436060080062362, 342944.461228037951514 ] } },
{ "type": "Feature", "properties": { "Hofname": "Dr.-Eberle-Gasse 2-8", "clean_address": "1100 Wien, Dr.-Eberle-Gasse", "Wohnungen": 107, "Lokale": 0, "addr_key": "1100 wien, dr.-eberle-gasse", "distance_to_ugs": 192.79689711488979, "distance_to_ubs": 937.43884429100763, "building_id": 1591, "index_right": 145, "closest_ugbs_type": "L", "distance_to_ugbs": 192.79689711488979, "within_300m": true }, "geometry": { "type": "Point", "coordinates": [ 3135.062617943172881, 336099.25572101038415 ] } },
{ "type": "Feature", "properties": { "Hofname": "Dernjacgasse 10", "clean_address": "1230 Wien, Dernjacgasse", "Wohnungen": 45, "Lokale": 3, "addr_key": "1230 wien, dernjacgasse", "distance_to_ugs": 42.047412137167072, "distance_to_ubs": 82.507355525275841, "building_id": 1592, "index_right": 52, "closest_ugbs_type": "L", "distance_to_ugbs": 42.047412137167072, "within_300m": true }, "geometry": { "type": "Point", "coordinates": [ -1148.111391319708446, 333571.425923505565152 ] } },
{ "type": "Feature", "properties": { "Hofname": "Dernjacgasse 4", "clean_address": "1230 Wien, Dernjacgasse", "Wohnungen": 47, "Lokale": 2, "addr_key": "1230 wien, dernjacgasse", "distance_to_ugs": 42.047412137167072, "distance_to_ubs": 82.507355525275841, "building_id": 1593, "index_right": 52, "closest_ugbs_type": "L", "distance_to_ugbs": 42.047412137167072, "within_300m": true }, "geometry": { "type": "Point", "coordinates": [ -1148.111391319708446, 333571.425923505565152 ] } },
{ "type": "Feature", "properties": { "Hofname": "Rudolf-Nurejew-Promenade 9", "clean_address": "1220 Wien, Rudolf-Nurejew-Promenade", "Wohnungen": 0, "Lokale": 0, "addr_key": "1220 wien, rudolf-nurejew-promenade", "distance_to_ugs": 77.884065848211605, "distance_to_ubs": 131.53203215190743, "building_id": 1594, "index_right": 1271, "closest_ugbs_type": "U", "distance_to_ugbs": 77.884065848211605, "within_300m": true }, "geometry": { "type": "Point", "coordinates": [ 6163.902233287773015, 343420.805074891017284 ] } },
{ "type": "Feature", "properties": { "Hofname": "Haslingergasse 35", "clean_address": "1170 Wien, Haslingergasse", "Wohnungen": 17, "Lokale": 2, "addr_key": "1170 wien, haslingergasse", "distance_to_ugs": 129.42067297049437, "distance_to_ubs": 1634.1462743963721, "building_id": 1595, "index_right": 783, "closest_ugbs_type": "L", "distance_to_ugbs": 129.42067297049437, "within_300m": true }, "geometry": { "type": "Point", "coordinates": [ -137.69865647511034, 341859.136386661790311 ] } },
{ "type": "Feature", "properties": { "Hofname": "Simmeringer Hauptstraße 108 A", "clean_address": "1110 Wien, Simmeringer Hauptstraße", "Wohnungen": 16, "Lokale": 6, "addr_key": "1110 wien, simmeringer hauptstraße", "distance_to_ugs": 119.81660834227907, "distance_to_ubs": 309.31155880145275, "building_id": 1596, "index_right": 1210, "closest_ugbs_type": "L", "distance_to_ugbs": 119.81660834227907, "within_300m": true }, "geometry": { "type": "Point", "coordinates": [ 5503.551468268244207, 338388.435128855518997 ] } },
{ "type": "Feature", "properties": { "Hofname": "Arndtstraße 74-76", "clean_address": "1120 Wien, Arndtstraße", "Wohnungen": 27, "Lokale": 2, "addr_key": "1120 wien, arndtstraße", "distance_to_ugs": 16.682812443417255, "distance_to_ubs": 253.43400530744901, "building_id": 1597, "index_right": 295, "closest_ugbs_type": "L", "distance_to_ugbs": 16.682812443417255, "within_300m": true }, "geometry": { "type": "Point", "coordinates": [ 472.813999328412194, 338447.824351295828819 ] } },
{ "type": "Feature", "properties": { "Hofname": "Reithofferplatz 10", "clean_address": "1150 Wien, Reithofferplatz", "Wohnungen": 16, "Lokale": 1, "addr_key": "1150 wien, reithofferplatz", "distance_to_ugs": 9.7377322927811907, "distance_to_ubs": 390.00198476185511, "building_id": 1598, "index_right": 469, "closest_ugbs_type": "L", "distance_to_ugbs": 9.7377322927811907, "within_300m": true }, "geometry": { "type": "Point", "coordinates": [ -145.859925487167459, 340018.884444613009691 ] } },
{ "type": "Feature", "properties": { "Hofname": "Allerheiligengasse 5", "clean_address": "1200 Wien, Allerheiligengasse", "Wohnungen": 40, "Lokale": 1, "addr_key": "1200 wien, allerheiligengasse", "distance_to_ugs": 22.869144578137544, "distance_to_ubs": 297.0476658226458, "building_id": 1599, "index_right": 1424, "closest_ugbs_type": "L", "distance_to_ugbs": 22.869144578137544, "within_300m": true }, "geometry": { "type": "Point", "coordinates": [ 3988.973365825589553, 344475.704246591776609 ] } },
{ "type": "Feature", "properties": { "Hofname": "Albertisgasse 3", "clean_address": "1210 Wien, Albertisgasse", "Wohnungen": 26, "Lokale": 2, "addr_key": "1210 wien, albertisgasse", "distance_to_ugs": 237.41753415288127, "distance_to_ubs": 796.12118958036069, "building_id": 1600, "index_right": 1804, "closest_ugbs_type": "L", "distance_to_ugbs": 237.41753415288127, "within_300m": true }, "geometry": { "type": "Point", "coordinates": [ 5593.418609055269371, 348137.54748741351068 ] } },
{ "type": "Feature", "properties": { "Hofname": "Ferdinand-Käs-Gasse 3", "clean_address": "1210 Wien, Ferdinand-Käs-Gasse", "Wohnungen": 164, "Lokale": 2, "addr_key": "1210 wien, ferdinand-käs-gasse", "distance_to_ugs": 30.114540774624835, "distance_to_ubs": 320.41955107297684, "building_id": 1601, "index_right": 1810, "closest_ugbs_type": "L", "distance_to_ugbs": 30.114540774624835, "within_300m": true }, "geometry": { "type": "Point", "coordinates": [ 5031.612605645955227, 349123.60947226267308 ] } },
{ "type": "Feature", "properties": { "Hofname": "Prandaugasse 3", "clean_address": "1220 Wien, Prandaugasse", "Wohnungen": 149, "Lokale": 5, "addr_key": "1220 wien, prandaugasse", "distance_to_ugs": 98.873690031191572, "distance_to_ubs": 294.82237829872003, "building_id": 1602, "index_right": 1596, "closest_ugbs_type": "L", "distance_to_ugbs": 98.873690031191572, "within_300m": true }, "geometry": { "type": "Point", "coordinates": [ 7720.814901866733635, 344998.122973458841443 ] } },
{ "type": "Feature", "properties": { "Hofname": "Markgraf-Gerold-Gasse 18", "clean_address": "1220 Wien, Markgraf-Gerold-Gasse", "Wohnungen": 80, "Lokale": 1, "addr_key": "1220 wien, markgraf-gerold-gasse", "distance_to_ugs": 26.708910159488081, "distance_to_ubs": 799.42940620815671, "building_id": 1603, "index_right": 1294, "closest_ugbs_type": "L", "distance_to_ugbs": 26.708910159488081, "within_300m": true }, "geometry": { "type": "Point", "coordinates": [ 9179.30051857367107, 342569.227085006423295 ] } },
{ "type": "Feature", "properties": { "Hofname": "Ketzergasse 312-314", "clean_address": "1230 Wien, Ketzergasse", "Wohnungen": 18, "Lokale": 0, "addr_key": "1230 wien, ketzergasse", "distance_to_ugs": 205.41986853763396, "distance_to_ubs": 412.31671028964786, "building_id": 1604, "index_right": 3, "closest_ugbs_type": "L", "distance_to_ugbs": 205.41986853763396, "within_300m": true }, "geometry": { "type": "Point", "coordinates": [ -1813.552766217235785, 332121.559609958610963 ] } },
{ "type": "Feature", "properties": { "Hofname": "Jedlersdorfer Straße 180", "clean_address": "1210 Wien, Jedlersdorfer Straße", "Wohnungen": 58, "Lokale": 0, "addr_key": "1210 wien, jedlersdorfer straße", "distance_to_ugs": 40.739416795206971, "distance_to_ubs": 404.5055253979009, "building_id": 1605, "index_right": 1774, "closest_ugbs_type": "L", "distance_to_ugbs": 40.739416795206971, "within_300m": true }, "geometry": { "type": "Point", "coordinates": [ 5046.693554813391529, 348850.124626646284014 ] } },
{ "type": "Feature", "properties": { "Hofname": "Wankläckergasse 36", "clean_address": "1210 Wien, Wankläckergasse", "Wohnungen": 46, "Lokale": 0, "addr_key": "1210 wien, wankläckergasse", "distance_to_ugs": 156.12727379535994, "distance_to_ubs": 491.87770803633572, "building_id": 1606, "index_right": 1805, "closest_ugbs_type": "L", "distance_to_ugbs": 156.12727379535994, "within_300m": true }, "geometry": { "type": "Point", "coordinates": [ 6164.057222517839364, 348413.934687087545171 ] } },
{ "type": "Feature", "properties": { "Hofname": "Korbergasse 4-6", "clean_address": "1120 Wien, Korbergasse", "Wohnungen": 17, "Lokale": 1, "addr_key": "1120 wien, korbergasse", "distance_to_ugs": 41.025337577603246, "distance_to_ubs": 236.7489440526636, "building_id": 1607, "index_right": 296, "closest_ugbs_type": "L", "distance_to_ugbs": 41.025337577603246, "within_300m": true }, "geometry": { "type": "Point", "coordinates": [ 554.645970096222982, 338622.491665926761925 ] } },
{ "type": "Feature", "properties": { "Hofname": "Geiselbergstraße 54", "clean_address": "1110 Wien, Geiselbergstraße", "Wohnungen": 8, "Lokale": 1, "addr_key": "1110 wien, geiselbergstraße", "distance_to_ugs": 233.1559323489833, "distance_to_ubs": 511.62880760271111, "building_id": 1608, "index_right": 500, "closest_ugbs_type": "L", "distance_to_ugbs": 233.1559323489833, "within_300m": true }, "geometry": { "type": "Point", "coordinates": [ 5057.376779148267815, 337422.489663669839501 ] } },
{ "type": "Feature", "properties": { "Hofname": "Gerasdorfer Straße 332", "clean_address": "1210 Wien, Gerasdorfer Straße", "Wohnungen": 19, "Lokale": 3, "addr_key": "1210 wien, gerasdorfer straße", "distance_to_ugs": 227.15925638844237, "distance_to_ubs": 426.94821569564328, "building_id": 1609, "index_right": 1812, "closest_ugbs_type": "L", "distance_to_ugbs": 227.15925638844237, "within_300m": true }, "geometry": { "type": "Point", "coordinates": [ 5837.863213513888695, 349318.673601571470499 ] } },
{ "type": "Feature", "properties": { "Hofname": "Hahnemanngasse 3", "clean_address": "1210 Wien, Hahnemanngasse", "Wohnungen": 47, "Lokale": 0, "addr_key": "1210 wien, hahnemanngasse", "distance_to_ugs": 120.51497879651384, "distance_to_ubs": 403.66809336646372, "building_id": 1610, "index_right": 1831, "closest_ugbs_type": "L", "distance_to_ugbs": 120.51497879651384, "within_300m": true }, "geometry": { "type": "Point", "coordinates": [ 6008.696796773113419, 349798.571498824516311 ] } },
{ "type": "Feature", "properties": { "Hofname": "Opfermanngasse 1", "clean_address": "1160 Wien, Opfermanngasse", "Wohnungen": 20, "Lokale": 2, "addr_key": "1160 wien, opfermanngasse", "distance_to_ugs": 153.68571257098199, "distance_to_ubs": 191.43219067562782, "building_id": 1611, "index_right": 713, "closest_ugbs_type": "L", "distance_to_ugbs": 153.68571257098199, "within_300m": true }, "geometry": { "type": "Point", "coordinates": [ -1700.949887820288041, 340733.509573266841471 ] } },
{ "type": "Feature", "properties": { "Hofname": "Hartlebengasse 1-17", "clean_address": "1220 Wien, Hartlebengasse", "Wohnungen": 1017, "Lokale": 19, "addr_key": "1220 wien, hartlebengasse", "distance_to_ugs": 168.42751613409268, "distance_to_ubs": 632.71310805247538, "building_id": 1612, "index_right": 1315, "closest_ugbs_type": "L", "distance_to_ugbs": 168.42751613409268, "within_300m": true }, "geometry": { "type": "Point", "coordinates": [ 9747.501683744245383, 342830.459023090079427 ] } },
{ "type": "Feature", "properties": { "Hofname": "Rößlergasse 15", "clean_address": "1230 Wien, Rößlergasse", "Wohnungen": 74, "Lokale": 4, "addr_key": "1230 wien, rößlergasse", "distance_to_ugs": 89.087194137219313, "distance_to_ubs": 118.66565398298486, "building_id": 1613, "index_right": 81, "closest_ugbs_type": "L", "distance_to_ugbs": 89.087194137219313, "within_300m": true }, "geometry": { "type": "Point", "coordinates": [ -1592.563460840786547, 334362.263433191925287 ] } },
{ "type": "Feature", "properties": { "Hofname": "Otto-Probst-Straße 12", "clean_address": "1100 Wien, Otto-Probst-Straße", "Wohnungen": 77, "Lokale": 0, "addr_key": "1100 wien, otto-probst-straße", "distance_to_ugs": 69.737683916164883, "distance_to_ubs": 158.44472900548556, "building_id": 1614, "index_right": 247, "closest_ugbs_type": "R", "distance_to_ugbs": 69.737683916164883, "within_300m": true }, "geometry": { "type": "Point", "coordinates": [ 1699.356769615000076, 335254.554225852712989 ] } },
{ "type": "Feature", "properties": { "Hofname": "Otto-Probst-Platz 1", "clean_address": "1100 Wien, Otto-Probst-Platz", "Wohnungen": 122, "Lokale": 9, "addr_key": "1100 wien, otto-probst-platz", "distance_to_ugs": 37.598939683643955, "distance_to_ubs": 112.06088919560084, "building_id": 1615, "index_right": 243, "closest_ugbs_type": "L", "distance_to_ugbs": 37.598939683643955, "within_300m": true }, "geometry": { "type": "Point", "coordinates": [ 1193.771330013312081, 335021.451029506337363 ] } },
{ "type": "Feature", "properties": { "Hofname": "Schäffergasse 10", "clean_address": "1040 Wien, Schäffergasse", "Wohnungen": 33, "Lokale": 1, "addr_key": "1040 wien, schäffergasse", "distance_to_ugs": 64.730937250249212, "distance_to_ubs": 432.24702947251188, "building_id": 1616, "index_right": 535, "closest_ugbs_type": "L", "distance_to_ugbs": 64.730937250249212, "within_300m": true }, "geometry": { "type": "Point", "coordinates": [ 2394.489946163742843, 339518.542653783224523 ] } },
{ "type": "Feature", "properties": { "Hofname": "Geringergasse 22", "clean_address": "1110 Wien, Geringergasse", "Wohnungen": 0, "Lokale": 2, "addr_key": "1110 wien, geringergasse", "distance_to_ugs": 10.331320406065478, "distance_to_ubs": 575.99476743613934, "building_id": 1617, "index_right": 1070, "closest_ugbs_type": "L", "distance_to_ugbs": 10.331320406065478, "within_300m": true }, "geometry": { "type": "Point", "coordinates": [ 7149.028599873724488, 336826.282246490416583 ] } },
{ "type": "Feature", "properties": { "Hofname": "Geringergasse 27", "clean_address": "1110 Wien, Geringergasse", "Wohnungen": 0, "Lokale": 9, "addr_key": "1110 wien, geringergasse", "distance_to_ugs": 10.331320406065478, "distance_to_ubs": 575.99476743613934, "building_id": 1618, "index_right": 1070, "closest_ugbs_type": "L", "distance_to_ugbs": 10.331320406065478, "within_300m": true }, "geometry": { "type": "Point", "coordinates": [ 7149.028599873724488, 336826.282246490416583 ] } },
{ "type": "Feature", "properties": { "Hofname": "Sagedergasse 11", "clean_address": "1120 Wien, Sagedergasse", "Wohnungen": 0, "Lokale": 2, "addr_key": "1120 wien, sagedergasse", "distance_to_ugs": 27.247791432270873, "distance_to_ubs": 229.35106042373073, "building_id": 1619, "index_right": 251, "closest_ugbs_type": "L", "distance_to_ugbs": 27.247791432270873, "within_300m": true }, "geometry": { "type": "Point", "coordinates": [ -681.777451338901983, 335755.093682133592665 ] } },
{ "type": "Feature", "properties": { "Hofname": "Emichgasse 4", "clean_address": "1220 Wien, Emichgasse", "Wohnungen": 0, "Lokale": 8, "addr_key": "1220 wien, emichgasse", "distance_to_ugs": 177.49661896464997, "distance_to_ubs": 326.08587177146262, "building_id": 1620, "index_right": 1337, "closest_ugbs_type": "L", "distance_to_ugbs": 177.49661896464997, "within_300m": true }, "geometry": { "type": "Point", "coordinates": [ 10430.153499893547632, 344010.773066076275427 ] } },
{ "type": "Feature", "properties": { "Hofname": "Siebenbürgerstraße 14", "clean_address": "1220 Wien, Siebenbürgerstraße", "Wohnungen": 0, "Lokale": 25, "addr_key": "1220 wien, siebenbürgerstraße", "distance_to_ugs": 197.93897467964624, "distance_to_ubs": 545.65855820360491, "building_id": 1621, "index_right": 1493, "closest_ugbs_type": "L", "distance_to_ugbs": 197.93897467964624, "within_300m": true }, "geometry": { "type": "Point", "coordinates": [ 8519.01893924464639, 344038.686969651840627 ] } }
]
}
