ZBEZ,university_share,avg_income,unemprate,benefit_share,SSI,quintile,green_area_sum,blue_area_sum,geometry_x,census_area_m2,green_ratio,blue_ratio
0101,1.60495393907887,1.74139903973317,1.12592291873207,1.12300766661696,1.65399208545834,5,1176.7517402909343,16.97162488616197,"POLYGON ((3497.001853947909 341023.5556447887, 3494.0890027357145 341024.77604025975, 3505.828902761573 341038.8634402696, 3507.48660276553 341041.0146402726, 3510.4302788412056 341044.6753352588, 3497.001853947909 341023.5556447887))",377355.80253780127,0.003,0.0
0102,1.653812293864,2.56523343867763,1.2369995281743,1.13944040004503,2.00043350526477,5,77668.03866533704,58683.05136992553,"MULTIPOLYGON (((3696.979002812087 340797.926039692, 3696.6490028114536 340797.24603969697, 3695.0890028078597 340794.3660396915, 3642.7690026548166 340687.0560395727, 3642.199002653713 340685.89603956975, 3641.6290026519423 340684.73603956867, 3641.0590026498517 340683.5860395683, 3640.4790026479845 340682.43603956513, 3639.899002646028 340681.28603956476, 3639.309002644879 340680.1260395665, 3638.729002643219 340678.98603956215, 3638.1390026421254 340677.836039559, 3637.5390026407895 340676.69603956025, 3636.9390026381343 340675.54603956174, 3636.3390026369366 340674.4060395565, 3635.729002634801 340673.2760395538, 3635.1290026338497 340672.13603955694, 3634.509002631432 340670.9960395545, 3633.899002630729 340669.8660395546, 3633.279002628285 340668.7360395519, 3632.6490026266774 340667.6060395483, 3632.02900262485 340666.47603955027, 3631.3990026230454 340665.35603954736, 3630.759002621292 340664.2260395484, 3630.129002620268 340663.1060395455, 3629.4890026191483 340661.9860395435, 3628.839002616784 340660.86603954434, 3628.199002615398 340659.756039544, 3627.549002613291 340658.63603954576, 3626.8890026116956 340657.52603954077, 3626.2390026100943 340656.41603953857, 3625.579002608417 340655.30603953917, 3624.9090026063905 340654.20603954047, 3624.2390026053745 340653.1060395371, 3623.5690026031357 340651.996039534, 3622.8990026010583 340650.8960395362, 3622.2190025993373 340649.80603953544, 3621.539002598461 340648.7060395321, 3620.8590025951125 340647.6160395313, 3620.169002594758 340646.5260395305, 3619.479002592029 340645.4360395288, 3618.779002590342 340644.346039528, 3618.089002589265 340643.26603952516, 3617.3890025877963 340642.17603952624, 3616.6790025850914 340641.09603952616, 3615.969002583632 340640.01603952236, 3615.2590025824993 340638.94603952393, 3614.5490025802756 340637.866039522, 3613.829002579361 340636.79603952356, 3613.109002576786 340635.72603952046, 3612.3890025753867 340634.6560395174, 3611.659002573918 340633.5960395159, 3610.9290025717337 340632.53603951354, 3610.1990025704895 340631.47603951767, 3609.459002567919 340630.4160395153, 3608.7190025666023 340629.35603951383, 3607.969002563938 340628.3060395131, 3607.2290025619195 340627.2560395133, 3606.4790025602674 340626.20603951253, 3605.729002558798 340625.1560395099, 3604.9690025572017 340624.1060395092, 3604.209002555708 340623.0660395082, 3603.4490025548107 340622.02603950724, 3602.6790025513487 340620.98603950534, 3601.909002550109 340619.9560395051, 3601.1390025473484 340618.9260395048, 3600.369002546918 340617.8860395029, 3599.589002544634 340616.8660395006, 3598.80900254273 340615.8360395022, 3598.0190025409256 340614.81603950076, 3597.1190025389983 340613.6360395001, 3596.209002537032 340612.47603949904, 3595.279002534453 340611.28603949863, 3594.339002533059 340610.0960394982, 3505.8890023314657 340498.3560394086, 3505.4990023317246 340498.6860394124, 3489.859002294898 340478.9560393952, 3489.5290022950085 340479.2560393922, 3484.799002284379 340473.59603939205, 3479.6875647486845 340467.1099349531, 3508.9730023482784 340515.350439433, 3509.097202348719 340515.5569394333, 3509.1053023496756 340515.5488394331, 3684.7758028059634 340807.8364397222, 3697.6158637083067 340799.23699730093, 3696.979002812087 340797.926039692)), ((3723.939002891346 340853.9660397563, 3721.3190028828762 340848.54603975173, 3707.5490028434356 340820.08603971824, 3707.7090028436264 340819.99603971746, 3702.2290028280167 340808.76603970584, 3701.9390028265375 340808.13603970595, 3701.5394322667953 340807.31353659934, 3695.5311028199703 340810.1515397178, 3724.1062029006534 340865.39663977455, 3725.094753023145 340856.3579159236, 3723.939002891346 340853.9660397563)), ((3466.0969023283055 340558.496039547, 3464.0290023191114 340551.2772395341, 3379.1770022602727 340610.9335397184, 3416.239002351022 340665.464739766, 3497.0090025469453 340783.496039873, 3611.6401028259456 340951.52724002395, 3646.819102864642 340943.0585399773, 3734.2364029460555 340906.3211398283, 3691.373802821255 340818.21473973244, 3684.7758028059634 340807.8364397222, 3509.097202348719 340515.5569394333, 3466.0969023283055 340558.496039547), (3556.677502555243 340699.44963967986, 3561.7575025607584 340697.9679396711, 3575.7275025804365 340700.2962396592, 3581.0192025946185 340708.9746396672, 3581.6542026074435 340724.00303969067, 3584.8292026200106 340735.00963970646, 3588.4276026277385 340738.6080397079, 3591.602602635042 340742.4180397121, 3593.0842026388395 340745.38133971207, 3593.719202641962 340748.13303972036, 3593.507602643857 340751.5197397247, 3588.427602641854 340755.9647397334, 3583.5592026403538 340762.52643975057, 3584.4059026465366 340768.6647397615, 3585.8876026521266 340772.4747397639, 3589.485902660345 340777.7664397694, 3588.639202661702 340782.21143977623, 3582.077602650309 340777.343139776, 3576.7859026377696 340769.9347397685, 3574.0342026310364 340765.70143976435, 3574.8809026264494 340758.71643975377, 3574.8809026189224 340749.82633974124, 3571.4942026070335 340739.8780397279, 3562.3925025902186 340733.52803972363, 3554.1375025757106 340728.6596397264, 3550.539202565976 340721.67463971954, 3547.787502556762 340713.8429397084, 3547.7875025501476 340706.2229396971, 3551.385802550292 340700.5079396833, 3556.677502555243 340699.44963967986)))",379174.1776928953,0.205,0.155
0103,1.70659827142579,3.80503268908206,1.64102864371774,1.23251891262258,2.57058232888391,5,25070.979682471265,20255.52737389915,"MULTIPOLYGON (((2656.019001043949 340238.28603985254, 2647.0790010293654 340233.2460398562, 2638.2090010135275 340227.4860398555, 2629.739000997933 340221.17603985034, 2600.5001110116955 340197.50122975436, 2600.8191009437473 340198.7460398469, 2637.698901012049 340227.80853985343, 2648.888901032562 340234.5897398526, 2659.148901050021 340240.1835398525, 2662.3280992473515 340241.34168957145, 2656.019001043949 340238.28603985254)), ((2694.41900110527 340252.62603983935, 2690.105323156806 340251.4606510415, 2693.1191011031738 340252.5585398376, 2695.6271786216316 340252.87278031703, 2694.41900110527 340252.62603983935)))",465247.3930634938,0.054,0.044
0104,1.84597501085863,3.15599994470729,1.69771329969692,1.31328952271054,2.40745960881237,5,213339.04168405515,944.0049305784277,"POLYGON ((2506.1990011137905 340562.47604052164, 2402.249001009649 340597.62604068406, 2370.1470645651675 340633.37465677876, 2500.009001254129 340748.93354082573, 2531.5390013151964 340774.933540836, 2620.2590013397516 340664.5585405696, 2640.556101376975 340679.49604057055, 2645.4489013782827 340673.3710405575, 2644.620159740694 340663.4410421568, 2506.1990011137905 340562.47604052164))",835377.4581812469,0.255,0.001
0105,1.68130345477823,2.42495303638054,1.19250244409644,1.25213376659957,1.97132150631255,5,17608.835552660163,0.0,"POLYGON ((3148.3163815725657 341741.7674963038, 3147.4396028683614 341743.6580417538, 3159.581227001834 341749.7654369445, 3148.3163815725657 341741.7674963038))",333116.2628975688,0.053,0.0
0106,1.74654272998126,2.38113616530838,1.11691114459184,1.13750224919908,1.94406004710482,5,12.836292463452677,50.73493276325428,"MULTIPOLYGON (((2442.3172788964516 341467.31647939736, 2443.889001755714 341466.58604202606, 2443.5365891439837 341465.93876805675, 2442.3172788964516 341467.31647939736)), ((2439.055737994317 341457.3859925728, 2439.309001741579 341457.206042015, 2438.779001739935 341456.4060420189, 2438.6290017407105 341456.5160420146, 2438.593243658094 341456.5039678568, 2439.055737994317 341457.3859925728)), ((2416.7690016985525 341438.83604200836, 2424.46900171189 341442.5360420048, 2434.389001728771 341448.4860420069, 2437.502304273443 341454.4234331873, 2437.5590017378963 341454.22604201455, 2438.729001737944 341453.6560420105, 2439.4390017389555 341453.6460420098, 2438.039001736699 341452.0660420079, 2435.6890017310634 341449.38724200707, 2435.609001730632 341449.29604200646, 2435.319001730181 341448.9560420094, 2434.989001729764 341448.66604200564, 2434.3790017290708 341448.31604200415, 2424.9990017122054 341442.6760420054, 2423.349001709585 341441.726042008, 2416.979001698582 341438.55604200903, 2416.92120790512 341438.49022837187, 2416.7690016985525 341438.83604200836)))",236076.66068359622,0.0,0.0
0107,1.38279357844358,2.70868880277107,1.28993313035836,1.25012518864608,1.98350662360755,5,8257.380437906912,192.04571036088498,"POLYGON ((3248.819002825315 341528.1560413074, 3250.999002828302 341526.5625413051, 3252.7590028286986 341525.27604130097, 3252.4688028283476 341524.93214130215, 3255.87840283082 341522.451241293, 3254.688902827079 341520.7376412917, 3250.700202817563 341513.8653412871, 3249.8018028144998 341511.96054128185, 3249.6099028138597 341511.55344127864, 3248.089002812429 341512.25014128536, 3246.179002811137 341513.1251412872, 3245.301702810221 341513.5269412901, 3244.259002808455 341514.0046412926, 3242.9290028076925 341514.61394129414, 3241.5709028070523 341515.2360412963, 3235.239002801582 341518.136641304, 3234.389002800037 341518.5260413084, 3234.799002801623 341519.40604130924, 3234.121502800348 341519.7160413116, 3234.0390028006077 341519.7538413126, 3230.999002797832 341521.14484131895, 3228.569002795299 341522.25674131885, 3225.3798027923444 341523.71604132745, 3224.309002792037 341524.2060413286, 3224.0749027912366 341523.7160413284, 3223.879002790692 341523.30604132544, 3222.988102790319 341523.7160413284, 3220.771802787279 341524.7360413335, 3220.221202787019 341524.9894413324, 3216.534602783481 341526.68604134023, 3212.840702780807 341528.3860413488, 3209.929002778109 341529.7260413533, 3209.88800277797 341530.5160413515, 3209.649002781593 341535.1260413602, 3212.803602788655 341538.8760413602, 3213.729002790926 341539.97604136355, 3214.07110279141 341539.68374136183, 3215.0164027913684 341538.8760413602, 3222.069002795168 341532.8501413446, 3223.3445027963407 341531.76034133695, 3224.8008027971396 341530.5160413366, 3225.8190027974965 341529.64604133554, 3226.552202799725 341530.5160413366, 3230.9990028100806 341535.79264133796, 3231.3390028101744 341536.19604134, 3230.9990028095926 341536.4875413412, 3228.2132028081414 341538.876041349, 3227.076502808002 341539.85064134933, 3222.069002804712 341544.14394136146, 3220.970202803989 341545.0860413639, 3219.6206028037213 341546.24314136803, 3219.2790028029185 341546.5360413715, 3222.0690028092363 341549.7754413709, 3222.25900280964 341549.99604137056, 3223.070802810383 341549.30454137083, 3228.022902813284 341545.08604135644, 3229.0772028131805 341544.1879413547, 3230.9990028156626 341542.5508413492, 3234.0390028173206 341539.9612413421, 3234.4090028173637 341539.646041343, 3235.3499028176097 341538.8760413397, 3240.51900282006 341534.6460413262, 3242.9290028220385 341532.7616413217, 3244.2590028234017 341531.72164132353, 3245.8008028246113 341530.516041317, 3248.464502826023 341528.43324130774, 3248.819002825315 341528.1560413074), (3213.0490027848673 341533.53604135383, 3212.6090027838422 341533.3860413544, 3212.2090027838544 341533.146041356, 3211.869002783406 341532.82604135387, 3211.609002782311 341532.4360413542, 3211.4290027822153 341532.00604135264, 3211.3590027806495 341531.5460413527, 3211.3790027806695 341531.07604135014, 3211.5090027810525 341530.6260413518, 3211.568002781126 341530.5160413524, 3211.729002780053 341530.21604135167, 3212.0290027806077 341529.8560413476, 3212.3990027805476 341529.57604134735, 3212.8290027815106 341529.3760413509, 3213.2790027811247 341529.27604134474, 3213.7490027828007 341529.2760413466, 3214.209002783592 341529.3760413481, 3214.629002784046 341529.57604134455, 3214.9990027847093 341529.8560413467, 3215.2990027852484 341530.2160413498, 3215.4600027861775 341530.5160413468, 3215.5190027855697 341530.62604134716, 3215.649002786257 341531.0760413464, 3215.669002787094 341531.54604134616, 3215.599002786927 341532.0060413508, 3215.4190027871186 341532.4360413486, 3215.1590027877373 341532.826041352, 3214.8190027860837 341533.1460413495, 3214.419002786887 341533.38604135625, 3213.979002786006 341533.53604135104, 3213.5190027854737 341533.5860413527, 3213.0490027848673 341533.53604135383))",240899.8003480963,0.034,0.001
0201,0.702976450719514,-0.180877189031355,0.256342008570078,0.455460372462006,0.324818793963578,4,304639.24439445994,364300.0259516963,"POLYGON ((4586.689005002685 342130.76604091655, 4563.619004930391 342075.10604084935, 4561.089004921101 342068.31604084466, 4558.556022499826 342065.7553856404, 4560.919304922388 342070.3087408459, 4586.379105002885 342131.62114091683, 4586.801058403967 342131.9428646563, 4586.689005002685 342130.76604091655))",1806116.304978461,0.169,0.202
0202,0.361530850229844,-0.656246227566122,-0.59778042845589,-0.400072639365897,-0.29361010897327,3,7811.447576480499,0.0,"POLYGON ((4081.5033045177443 342325.16224173456, 4101.664604571253 342360.08724176977, 4174.161404617486 342302.9751416072, 4169.768504606408 342296.4283416029, 4081.5033045177443 342325.16224173456))",378112.2212752373,0.021,0.0
0203,1.27873768846478,0.0343169046183337,0.24383803322314,0.517964853191822,0.626683910417011,4,417431.306432559,96043.49222672117,"POLYGON ((3169.24621155626 341754.6270501469, 3172.779502911416 341756.4043417508, 3172.835082727387 341756.2602282142, 3169.24621155626 341754.6270501469))",1135055.50477157,0.368,0.085
0204,0.834066014587629,-0.0638202931110052,0.240453693941195,0.381672606027958,0.400033328739628,4,19672.49244157674,28229.438818616552,"POLYGON ((3594.409003266046 341529.6560409628, 3573.6990032419662 341532.3060409874, 3551.1990032155613 341535.5960410144, 3516.399003176206 341541.99604106136, 3501.2673358910515 341545.4193304284, 3507.5007031794958 341559.6416410981, 3537.395003213686 341554.99144105986, 3587.2190032731373 341550.34114100225, 3598.1664239369875 341549.6816571008, 3594.409003266046 341529.6560409628))",560413.6452553025,0.035,0.05
0205,0.865794449012386,-0.135456823191883,0.0298311282184075,0.227233166697967,0.317741344241669,4,40386.25365350027,78081.75819805182,"POLYGON ((4495.189004501113 341646.7960402388, 4492.209004488126 341634.21604022104, 4488.947624791349 341620.1034209307, 4413.284704401634 341652.0040403297, 4422.203004427709 341670.172640346, 4496.80642509967 341647.57511193963, 4495.189004501113 341646.7960402388))",417350.0400977988,0.097,0.187
0206,0.582894244465069,0.197921207329798,0.00197878633492102,0.309008536904561,0.346390250976439,4,1428805.1825390514,203225.48879440766,"POLYGON ((4492.209004488126 341634.21604022104, 4495.189004501113 341646.7960402388, 4496.80642509967 341647.57511193963, 4535.133904543646 341635.9656401798, 4605.248604590599 341583.04894002713, 4672.717504613566 341504.99663983565, 4741.509304609919 341389.90263958275, 4795.851804585427 341272.75733934157, 4800.469004582873 341263.076039318, 4802.767904580253 341256.4235393051, 4859.569004521308 341092.0560389869, 4876.699004481698 341013.99603884574, 4888.282104412101 340909.281638667, 4888.339004378939 340867.0060385987, 4874.559004358033 340863.54603860714, 4874.039004356024 340860.20603860356, 4846.761904317254 340856.0507386243, 4834.545804419268 341003.24563887157, 4829.127004446772 341046.2173389457, 4800.032004502635 341162.13593915943, 4751.4961045487735 341297.97613942437, 4730.043104563752 341350.87653953023, 4684.799304575158 341436.33713971265, 4636.380404578017 341518.3581398884, 4565.207404535755 341578.1540400591, 4504.353104486956 341613.60824017506, 4488.947624791349 341620.1034209307, 4492.209004488126 341634.21604022104))",3656655.9300021576,0.391,0.056
0207,0.194077734605763,-0.957496178515997,-0.818646657008604,-0.210640309644006,-0.472822687930903,2,10641.491564292251,9.33464307689813,"POLYGON ((5422.869006249035 342363.4660404399, 5425.5790062513215 342362.0860404363, 5427.349006251928 342360.7060404327, 5428.53550625231 342359.19494042825, 5429.580906252475 342357.86344042514, 5431.589006253296 342355.3060404211, 5432.179006252953 342353.746040415, 5432.639006251724 342352.15604041424, 5432.909006251616 342350.80604041275, 5433.089006249728 342348.9460404059, 5432.77900624785 342347.2260404043, 5432.739006247422 342344.9360404005, 5432.079006243841 342342.75604039896, 5431.379006241821 342341.1660403954, 5430.799006240141 342340.1460403977, 5429.589006238077 342338.81604039576, 5428.4490062355435 342337.476040395, 5427.269006232021 342336.00604039244, 5425.759006230199 342335.21604039334, 5424.7990062265135 342332.7260403922, 5421.679006223178 342332.9960403964, 5420.119006221043 342332.606040393, 5418.349206218996 342332.63404039666, 5415.849806215801 342332.67364039924, 5414.318006213904 342332.697840401, 5413.059006211842 342333.0060404036, 5410.009006208695 342333.8160404097, 5408.229006207651 342334.7860404067, 5406.009006206098 342336.456040415, 5404.619006205222 342337.87604041863, 5403.089006204701 342340.0560404239, 5401.669006205568 342343.21604043245, 5400.889006207673 342346.94604043476, 5401.109006209938 342349.996040442, 5401.599006213144 342352.70604044385, 5402.469006216074 342355.61604044493, 5403.6090062191115 342357.0960404482, 5405.989006225115 342360.2460404504, 5408.339006228811 342361.74604045507, 5410.409006232909 342363.17604045384, 5412.229006235431 342363.8560404526, 5414.6790062390255 342364.4160404522, 5416.519006241691 342364.33604045026, 5419.329006245164 342364.4260404464, 5420.7490062461775 342364.1460404461, 5422.869006249035 342363.4660404399))",384058.3883041782,0.028,0.0
0208,-0.455898988195748,-0.158587462918434,0.179498377375826,-0.0358280007409427,-0.200755396289312,3,3288879.483105799,2698181.904850611,"MULTIPOLYGON (((9774.96900804788 337696.18602859415, 9775.199008042593 337689.136028585, 9766.812976152989 337659.2986754765, 9758.170508001735 337663.8668285599, 9732.241307976514 337674.45012860745, 9714.514207959122 337682.123128633, 9688.585007934425 337690.5897286758, 9592.541007846605 337734.24612884223, 9499.407507759972 337773.1399289975, 9465.276207728262 337787.9566290574, 9424.265707690383 337806.2129291259, 9355.473907627216 337835.5817292426, 9015.483607315371 337984.54242982715, 8860.03380717049 338050.4759300882, 8833.388007173695 338096.82603018824, 8833.458307173853 338096.7960301908, 8824.266107174999 338112.40233022254, 8818.445207175064 338122.28503024764, 8814.060007175334 338129.7291302625, 8810.382807176078 338135.7896302771, 8811.496307178 338136.40843027644, 8824.679007182658 338122.4060302377, 8938.36900728176 338065.4560300335, 9218.573707552101 337958.7770295786, 9303.409007632612 337924.3160294378, 9330.205007652436 337906.4290293837, 9448.839007755549 337848.6060291724, 9597.861507897858 337789.35092892684, 9601.374107900552 337787.8453289177, 9619.956407918206 337779.8802288901, 9644.064707939928 337768.63052884396, 9673.11160796591 337755.0764287915, 9692.991507983299 337745.7999287592, 9703.61790799318 337740.76832874026, 9737.657208022812 337724.65072867926, 9750.719008034555 337718.4660286587, 9754.099008037474 337716.63602865115, 9757.219008040103 337714.85602864344, 9761.407308043372 337712.0368286362, 9761.869008044063 337711.72602863517, 9764.85900804544 337709.7160286298, 9768.849008048866 337707.34602861945, 9773.47800805209 337704.9602286089, 9773.626808052615 337704.8835286116, 9771.799708047463 337701.51792860683, 9771.352208046801 337700.69352860656, 9770.479208044682 337698.9029286066, 9771.027008044546 337698.6545286048, 9774.946242332144 337696.8777188686, 9774.96900804788 337696.18602859415)), ((12141.529010009992 336395.86602412164, 12130.579010006517 336408.44602414966, 12116.88901000126 336423.2860241886, 12095.789009989863 336442.7360242447, 12056.029009965283 336476.6560243359, 11942.509009899275 336573.9260246083, 11865.599009855005 336639.44602478854, 11850.779009844928 336651.51602482516, 11837.01900983574 336661.20602485817, 11808.839009814812 336679.28602491226, 11792.809009805782 336693.76602495275, 11721.624204147134 336742.9127439018, 11742.09250977601 336738.1798250759, 11776.016809802386 336716.76192500815, 11798.776909819746 336701.4812249588, 11815.975109831374 336689.816524921, 11863.04840986006 336650.053924812, 11974.09760992446 336553.81922454387, 11999.38100993825 336531.4650244806, 12029.825809955853 336505.1724244086, 12044.909209963651 336492.14612437505, 12059.875409972958 336480.16482433956, 12076.5689099839 336466.8007243015, 12095.875309997062 336451.34482425824, 12111.407010006043 336438.91082422156, 12127.127010015507 336425.49512418266, 12130.194810014098 336419.45932417363, 12136.149010010033 336404.3860241417, 12138.789010011518 336401.41602413636, 12139.397110011316 336400.7517241342, 12139.43901001161 336400.70602413174, 12140.709010011637 336399.2860241262, 12142.009610010738 336396.4159241207, 12142.209010011198 336395.97602412105, 12142.276355290938 336395.07981385104, 12141.529010009992 336395.86602412164)))",8367813.505714975,0.393,0.322
0209,-0.446621956329603,-0.863534014230115,-1.14364772984338,-1.09391301619165,-0.898591990191329,1,182042.15102173403,586486.2764432966,"POLYGON ((6139.7197067485085 341850.8451389009, 6152.419706743986 341823.5930388458, 6228.884406871967 341863.01593882777, 6246.541606877173 341841.9716387801, 6210.709306803403 341806.3514387598, 6181.276906743109 341776.9681387432, 6144.133506718885 341805.92733882647, 6106.382106693108 341833.382638908, 6139.7197067485085 341850.8451389009))",1276675.6313216323,0.143,0.459
0301,1.16893899949609,0.241092184207318,0.568309116978107,0.664179064381935,0.749626368882975,4,39737.687186243405,358.62762900547204,"POLYGON ((4359.239804040078 341283.763939796, 4341.2874040154575 341280.4812398134, 4344.66860399406 341249.43753975816, 4368.472404001873 341221.18703968916, 4381.193004016352 341218.3146396745, 4389.399804028188 341220.981839668, 4395.965204041012 341226.11113967095, 4399.863404049592 341231.4455396747, 4395.76000405339 341241.70403969474, 4385.091204050219 341255.6556397276, 4380.372304050174 341262.83653974533, 4386.84010406383 341269.2005397482, 4412.173604072664 341240.6782396734, 4432.485504077722 341215.64743961673, 4395.669204002015 341178.05853959173, 4370.618903993186 341207.83973966446, 4348.274103987139 341234.43353973236, 4324.960203979291 341262.15223979764, 4309.819103973786 341278.9647398386, 4352.2292040557195 341313.8397398507, 4367.6517040588105 341295.04823980946, 4375.9345040606395 341283.4076397773, 4376.156304061276 341283.09593977965, 4370.524104049259 341276.993339777, 4359.239804040078 341283.763939796))",560467.9951155154,0.071,0.001
0302,1.37104306683892,0.953676127127598,0.805624521599889,0.869012498799885,1.16980494822777,5,24031.983027506998,25.936854859705523,"MULTIPOLYGON (((3701.9390028265375 340808.13603970595, 3702.2290028280167 340808.76603970584, 3707.7090028436264 340819.99603971746, 3707.5490028434356 340820.08603971824, 3721.3190028828762 340848.54603975173, 3723.939002891346 340853.9660397563, 3725.094753023145 340856.3579159236, 3731.049002859369 340801.9157396648, 3736.1889028564733 340790.9470396461, 3701.5394322667953 340807.31353659934, 3701.9390028265375 340808.13603970595)), ((3703.609002817521 340794.1060396824, 3696.6490028114536 340797.24603969697, 3696.979002812087 340797.926039692, 3697.6158637083067 340799.23699730093, 3697.723902814402 340799.1646396946, 3709.7878713502128 340796.04529495066, 3703.609002817521 340794.1060396824)), ((3724.1838995373723 340790.46086997556, 3724.6999028411087 340790.21473965235, 3724.524667853446 340789.87817090575, 3724.1838995373723 340790.46086997556)), ((3778.147682850601 340699.0152284131, 3782.0991028422395 340700.0272394493, 3774.6093709473435 340673.83806346863, 3778.147682850601 340699.0152284131)))",516918.0206155515,0.046,0.0
0303,1.30797832699292,1.69367621352017,0.824887981419533,0.864106416602456,1.42289490432128,5,231234.86265386362,10574.827984878937,"MULTIPOLYGON (((3688.1690012607214 338867.2360366229, 3684.3758370181345 338866.2781668675, 3686.2790012577802 338867.02723662276, 3689.2397445336546 338867.48617664684, 3688.1690012607214 338867.2360366229)), ((3879.179001506968 338871.3260364365, 3875.8966671665194 338871.28971135855, 3879.1789015068516 338871.3397364365, 3879.180418265371 338871.33963659423, 3879.179001506968 338871.3260364365)))",964859.1201264483,0.24,0.011
0304,0.478071785123106,-0.511055887707821,-0.135149934325935,-0.0944981226792813,-0.0546820434514181,3,572.9298794224549,0.0,"POLYGON ((4252.369001958311 338843.016036015, 4228.709001929676 338844.79603604134, 4185.639001877933 338848.6260360917, 4050.359001713261 338858.78603624087, 3957.3590016017556 338865.5060363468, 3948.8290015914286 338866.1060363576, 3948.8272072001037 338866.10619613214, 3948.829101591341 338866.12103635725, 4050.1389017137076 338858.9647362428, 4271.959201982238 338842.7772359932, 4280.067732606506 338836.8994561992, 4252.369001958311 338843.016036015))",286481.0443857722,0.002,0.0
0305,0.961288058770776,0.419164797943932,0.538671977846885,0.728168959958906,0.74503823224728,4,10083.214986891604,950.2606038035663,"POLYGON ((4901.23700294962 339053.9622356957, 4900.046402945599 339050.91953568906, 4895.15160293816 339049.3320356924, 4894.754702937816 339049.4642356932, 4892.373502935512 339049.99343569856, 4888.537002932605 339051.5809357036, 4883.113002928197 339054.62363571394, 4876.366202922274 339058.4601357253, 4886.55260294486 339070.76323573664, 4898.988102951582 339059.7830357095, 4901.23700294962 339053.9622356957))",504287.4488174293,0.02,0.002
0306,0.20659257549406,-0.448088020505262,-0.282203112644009,-0.0252544735419579,-0.14621434424537,3,19368.30237578712,0.0,"POLYGON ((5283.085189991224 339289.3192508041, 5282.749003622039 339289.6160356831, 5288.049003633492 339295.5560356872, 5288.315677409113 339295.32213249465, 5283.085189991224 339289.3192508041))",567923.5467890009,0.034,0.0
0307,0.0704071878423255,-0.550198859013403,-0.131569578270205,0.0157820404998427,-0.198918275876047,3,61216.94272351248,263.09926391083997,"POLYGON ((5826.039004702706 339780.926035922, 5826.899004703092 339779.8060359191, 5827.75900470327 339778.6860359125, 5828.629004703198 339777.5760359103, 5829.49900470324 339776.4560359074, 5830.369004704874 339775.346035908, 5831.249004704288 339774.23603590485, 5832.129004704746 339773.1360358987, 5833.019004704009 339772.0260358965, 5833.899004703616 339770.92603589594, 5834.789004705784 339769.82603589166, 5835.689004704656 339768.736035889, 5836.57900470588 339767.6360358875, 5837.479004705473 339766.5460358858, 5839.219004706316 339764.456035885, 5840.969004706553 339762.3760358775, 5842.719004707501 339760.29603587, 5844.469004707973 339758.21603586245, 5846.219004708435 339756.13603585865, 5847.979004709261 339754.0660358565, 5849.739004709587 339751.99603584874, 5851.509004710853 339749.9260358466, 5853.279004710368 339747.8560358407, 5855.049004711417 339745.7960358355, 5856.8190047116295 339743.7360358285, 5858.599004713211 339741.6760358233, 5860.369004713461 339739.6160358209, 5862.159004714362 339737.5660358155, 5863.939004713636 339735.5160358064, 5865.729004714798 339733.4660358019, 5867.5190047157375 339731.4260357972, 5869.319004716506 339729.3860357953, 5871.109004716882 339727.34603579063, 5872.9090047183345 339725.306035785, 5874.719004718837 339723.2660357775, 5876.519004719253 339721.2360357726, 5878.329004720266 339719.2060357705, 5880.1390047204695 339717.17603576183, 5881.959004721647 339715.1560357576, 5883.779004722069 339713.13603575435, 5885.599004722684 339711.1160357492, 5887.4190047232505 339709.09603574127, 5889.249004724168 339707.08603573777, 5891.079004725739 339705.07603573427, 5892.909004725361 339703.06603572983, 5894.749004726536 339701.0660357233, 5896.579004727552 339699.05603572074, 5898.429004727572 339697.05603571143, 5900.2690047282895 339695.06603570655, 5902.119004729887 339693.06603570376, 5903.969004729837 339691.076035697, 5905.819004730208 339689.086035694, 5907.679004731347 339687.09603568725, 5909.5390047325145 339685.1160356812, 5911.399004732229 339683.136035678, 5913.25900473427 339681.1560356729, 5915.129004734918 339679.1760356687, 5916.999004734621 339677.2060356634, 5918.869004736595 339675.2360356562, 5920.749004737096 339673.26603565086, 5922.629004738079 339671.30603564903, 5924.509004739329 339669.3460356435, 5926.3990047396055 339667.38603563607, 5928.279004740556 339665.4260356324, 5929.039004740964 339664.64603563026, 5930.179004741587 339663.47603563033, 5932.069004741666 339661.52603562176, 5933.959004743933 339659.57603561785, 5935.859004743016 339657.6260356102, 5937.769004744553 339655.68603560794, 5939.669004745369 339653.746035601, 5941.579004746327 339651.8060355969, 5943.489004748276 339649.87603559624, 5945.399004748051 339647.9460355863, 5947.319004748574 339646.016035581, 5949.239004750615 339644.08603557665, 5951.159004751009 339642.16603557114, 5953.079004751891 339640.2460355647, 5955.009004753143 339638.326035562, 5956.9390047531015 339636.41603555623, 5958.869004754561 339634.4960355498, 5960.809004754969 339632.59603554476, 5962.749004756486 339630.6860355409, 5964.689004757098 339628.78603553586, 5966.629004759072 339626.8860355299, 5968.579004759705 339624.98603552766, 5970.529004759386 339623.0860355217, 5972.479004760536 339621.1960355155, 5974.439004761904 339619.3060355112, 5976.39900476245 339617.42603550665, 5978.359004764053 339615.53603550047, 5980.319004764848 339613.6560354978, 5982.289004765872 339611.7760354895, 5984.259004767003 339609.9060354857, 5986.229004768163 339608.0360354809, 5988.199004769579 339606.166035478, 5990.179004769887 339604.29603547323, 5992.159004771103 339602.4360354664, 5994.139004771757 339600.5760354595, 5996.129004773417 339598.7160354564, 5998.119004774179 339596.86603545304, 6000.109004774911 339595.0160354469, 6002.099004776313 339593.1660354426, 6004.099004777822 339591.3160354383, 6006.089004778408 339589.4760354329, 6008.099004779778 339587.6360354284, 6010.099004780796 339585.7960354239, 6012.109004781513 339583.9660354173, 6013.309004782414 339582.8660354139, 6014.119004783037 339582.1360354116, 6016.12900478395 339580.3060354069, 6018.139004784486 339578.4760354012, 6020.159004786253 339576.65603539813, 6022.179004787254 339574.8360353904, 6024.199004789377 339573.0160353845, 6026.229004789417 339571.2060353868, 6027.309004789689 339570.2460353812, 6028.259004791075 339569.39603537787, 6030.289004791971 339567.58603537176, 6032.31900479293 339565.7860353673, 6034.359004793981 339563.9860353628, 6036.399004794926 339562.1860353565, 6038.439004796 339560.3860353539, 6040.479004797019 339558.59603534546, 6042.529004797637 339556.8060353445, 6063.6490048098485 339538.2160352906, 6083.039004822497 339521.1460352428, 6092.829004827862 339512.52603522036, 6228.769004904245 339392.86603489425, 6259.589004921424 339365.73603481706, 6388.399004994614 339252.35603450984, 6395.9390049986305 339245.70603449177, 6517.039005067663 339139.1160341948, 6522.879005070133 339133.9760341849, 6583.989005105784 339080.1760340361, 6585.829005106885 339078.5560340304, 6587.6790051078115 339076.9360340256, 6589.529005108117 339075.32603402063, 6591.3790051097685 339073.71603401564, 6593.229005110401 339072.1060340125, 6595.089005112018 339070.5060340082, 6596.949005112962 339068.9060340049, 6598.809005113945 339067.3060339987, 6600.679005115129 339065.7060339954, 6602.5390051162385 339064.11603399087, 6604.409005117591 339062.52603398357, 6606.289005118499 339060.9460339816, 6608.159005120002 339059.3560339743, 6610.039005121025 339057.7760339724, 6611.919005122122 339056.20603397023, 6613.799005122787 339054.62603396736, 6615.679005124057 339053.0560339587, 6617.569005124799 339051.4860339537, 6619.459005127244 339049.9260339495, 6621.349005127401 339048.3560339492, 6623.249005128744 339046.806033941, 6625.14900512973 339045.2460339386, 6627.049005130831 339043.69603393227, 6628.949005132388 339042.14603392873, 6630.849005133703 339040.5960339252, 6632.759005134316 339039.0560339214, 6634.669005136027 339037.50603391416, 6636.579005137061 339035.976033913, 6638.49900513825 339034.43603391014, 6640.409005140154 339032.90603390336, 6642.32900514073 339031.37603389844, 6644.2490051419645 339029.8560338933, 6646.179005142759 339028.3260338884, 6648.109005143557 339026.80603388604, 6650.039005145378 339025.2960338807, 6651.969005146507 339023.7860338753, 6653.899005147887 339022.2760338709, 6655.839005149429 339020.7660338683, 6657.7790051499105 339019.256033862, 6659.71900515176 339017.7560338592, 6661.659005153566 339016.26603385527, 6663.609005153909 339014.7660338497, 6665.55900515551 339013.27603384387, 6667.509005157194 339011.78603384085, 6669.459005157627 339010.3060338395, 6671.419005159711 339008.8260338353, 6673.369005160891 339007.34603382647, 6675.339005161909 339005.86603382416, 6677.2990051637935 339004.39603381976, 6679.25900516488 339002.92603381537, 6681.229005165911 339001.45603381284, 6683.199005167754 338999.9960338054, 6685.18900516838 338998.52603380196, 6687.1690051697005 338997.06603379734, 6689.159005171204 338995.5960337939, 6691.149005172099 338994.1360337911, 6693.149005174107 338992.68603378255, 6695.139005175406 338991.2260337798, 6697.139005176919 338989.7860337738, 6699.139005178464 338988.3360337736, 6701.149005179269 338986.8960337676, 6703.1490051811925 338985.45603376254, 6705.1590051834 338984.01603375934, 6707.169005184381 338982.5860337531, 6709.179005185392 338981.1560337497, 6711.19900518637 338979.72603374626, 6713.209005188159 338978.30603374355, 6715.229005189433 338976.87603373826, 6717.249005190589 338975.4660337353, 6719.279005192223 338974.0460337298, 6721.299005193356 338972.6360337222, 6723.329005195733 338971.23603371996, 6725.359005197183 338969.8260337142, 6727.3990051981855 338968.42603371013, 6729.4290051992775 338967.02603370696, 6731.469005201279 338965.63603370264, 6733.50900520243 338964.24603369925, 6735.549005205103 338962.85603369493, 6737.599005204981 338961.4760336885, 6739.639005207016 338960.0960336868, 6741.689005208634 338958.7160336813, 6743.739005210445 338957.33603367675, 6745.789005211451 338955.9660336757, 6747.8490052127245 338954.5960336691, 6749.909005214779 338953.236033665, 6751.9690052159995 338951.8760336628, 6754.029005216865 338950.5160336569, 6756.089005219441 338949.1660336517, 6758.159005221084 338947.81603364646, 6760.2290052222925 338946.46603364404, 6762.299005224242 338945.11603363603, 6764.369005225656 338943.7760336334, 6766.449005227684 338942.4360336298, 6768.519005228169 338941.106033626, 6770.599005230266 338939.77603362035, 6772.679005232068 338938.4460336175, 6774.769005233207 338937.1260336125, 6776.849005235143 338935.80603360943, 6778.939005236179 338934.4860336054, 6781.029005237618 338933.1660336014, 6783.119005240204 338931.85603359714, 6785.21900524136 338930.5560335908, 6787.309005243221 338929.2460335903, 6789.409005245662 338927.94603358395, 6791.509005246984 338926.6460335795, 6793.6190052478505 338925.3560335748, 6795.719005249376 338924.0660335729, 6797.829005251276 338922.7760335654, 6799.939005252087 338921.4960335633, 6802.049005255095 338920.2160335593, 6804.159005256527 338918.9360335544, 6806.279005256963 338917.66603354923, 6808.389005259826 338916.3960335478, 6810.509005260412 338915.12603354175, 6812.629005262479 338913.8660335392, 6814.759005265178 338912.60603353474, 6816.879005266494 338911.34603352845, 6819.009005268172 338910.0960335238, 6821.139005269844 338908.8460335238, 6823.269005271298 338907.5960335173, 6825.399005272721 338906.3560335152, 6827.539005274688 338905.1160335075, 6829.679005276648 338903.87603350356, 6831.809005278 338902.6460335022, 6833.959005280434 338901.41603349615, 6836.099005281719 338900.19603349455, 6838.239005283655 338898.9660334913, 6840.389005284507 338897.7560334848, 6842.539005287928 338896.53603347857, 6844.689005288366 338895.326033473, 6846.839005290499 338894.1160334712, 6848.999005292485 338892.9160334673, 6851.15900529407 338891.71603346244, 6853.319005295017 338890.51603345945, 6855.479005296974 338889.31603345554, 6857.639005298946 338888.12603345234, 6859.79900530097 338886.9460334489, 6861.96900530263 338885.7560334429, 6864.1390053052 338884.5760334404, 6866.309005305888 338883.396033437, 6868.479005308883 338882.2260334296, 6870.659005310654 338881.0560334269, 6872.82900531229 338879.896033423, 6875.0090053133545 338878.7260334203, 6877.13900531604 338877.5960334148, 6879.2790053169365 338876.46603341214, 6881.419005320261 338875.33603340574, 6883.549005321645 338874.2160334019, 6885.689005322912 338873.08603340015, 6887.839005324941 338871.9760333989, 6889.979005326736 338870.85603338946, 6892.12900532847 338869.7460333863, 6894.26900533026 338868.63603338506, 6896.419005332509 338867.5360333808, 6898.569005333764 338866.4360333765, 6900.729005335667 338865.3360333713, 6902.879005337721 338864.24603336956, 6905.039005340532 338863.156033366, 6907.199005342467 338862.0660333587, 6909.359005342979 338860.9860333549, 6911.519005344995 338859.906033352, 6913.679005347342 338858.8260333454, 7290.299005691713 338691.6460327003, 7358.5590057542795 338662.73603258654, 7348.159372182974 338638.57612354576, 7259.194105641411 338677.8863327103, 7041.176905438384 338771.0198330777, 6848.559905274247 338870.5034334343, 6655.942805128642 338995.3869338287, 6488.725805041539 339152.0206342442, 6274.942104924755 339344.6376347691, 5974.374804746912 339600.75483548176, 5819.769104690609 339776.1653359188, 5825.937256000555 339781.0603442077, 5826.039004702706 339780.926035922))",1551826.4133657953,0.039,0.0
0308,0.316394034156456,0.0192757146535025,-1.64894165792893,-0.0738655080290677,-0.194496744884272,3,212326.91997282038,3504.4172929689685,"POLYGON ((4723.982031586018 337458.06118953915, 4737.839001468055 337457.0860333061, 4773.024901514141 337458.9090332752, 4795.981201545015 337461.3037332557, 4817.709001573114 337462.47603323497, 4824.7190015771475 337455.4660332175, 4825.909001574933 337450.4960332094, 4818.835001564567 337448.40533321444, 4814.679001556318 337445.8360332092, 4814.688931102497 337442.7280844281, 4804.601143459097 337444.23727038613, 4747.981101477935 337452.8316332903, 4744.2371012245685 337453.2702606046, 4744.199001473022 337453.2760332944, 4743.529001471651 337453.36603329424, 4742.869001471646 337453.4560332997, 4742.19900147123 337453.536033296, 4741.5390014705 337453.61603329796, 4740.869001469244 337453.6860332992, 4740.199001468492 337453.7560333004, 4739.939001467937 337453.7860332979, 4739.539001467548 337453.8260332998, 4739.344521947209 337453.84344937693, 4738.614001466874 337453.92903330177, 4738.291047624936 337453.9377903614, 4738.199001465828 337453.94603330083, 4737.529001464995 337453.99603330344, 4736.859001464005 337454.0460333023, 4736.189001463324 337454.09603330307, 4735.519001462105 337454.13603330683, 4734.849001461225 337454.17603330594, 4734.449001460943 337454.1960333055, 4734.179001461271 337454.20603330806, 4733.509001459306 337454.2360333083, 4732.839001459352 337454.26603330765, 4732.169001458964 337454.28603330813, 4731.499001458475 337454.30603330955, 4731.159001457943 337454.30603330955, 4730.829001457126 337454.3160333084, 4730.15900145664 337454.3260333128, 4729.489001455612 337454.3360333117, 4729.039001454747 337454.3360333126, 4728.8090014546915 337454.33603331354, 4728.139001453711 337454.3260333128, 4727.469001453191 337454.3260333119, 4727.069001451825 337454.31603331584, 4726.799001452606 337454.31603331584, 4726.1290014515125 337454.29603331536, 4725.459001450173 337454.2760333149, 4724.789001450478 337454.2560333153, 4724.302322345523 337454.2342417148, 4724.071562506004 337455.5543237438, 4723.982031586018 337458.06118953915))",1102569.0259493536,0.193,0.003
0309,1.40234333251755,0.976090020228198,0.8656750163963,1.0220102943781,1.22908556990685,5,38352.96739518076,0.0,"POLYGON ((3906.7703633569254 340345.22949889087, 3914.9581027280806 340345.0132387504, 3918.249002720009 340328.718038721, 3927.832002687497 340274.51703862473, 3949.53900271584 340274.21603860613, 3950.259002680702 340229.1760385316, 3950.7790026694647 340215.2860385105, 3956.709002647039 340176.986038439, 3955.599002629076 340156.20403841045, 3958.1324025795616 340090.19923830125, 3951.4718970731765 340091.6236813905, 3906.7703633569254 340345.22949889087))",454013.44063617574,0.084,0.0
0310,0.17397116055594,-0.646559387341883,-0.384032977389359,-0.685040959030092,-0.372588864148721,2,33527.03995754044,0.0,"MULTIPOLYGON (((5728.489004589533 339793.42603603937, 5728.471499238834 339793.4205880045, 5729.519004591153 339794.4246360408, 5730.68900459269 339795.5460360423, 5730.746057917703 339795.4940168341, 5728.489004589533 339793.42603603937)), ((5744.06010811277 339807.6927539042, 5744.189004620339 339807.8160360446, 5744.076104619507 339807.94603604544, 5743.859004619753 339808.19603604544, 5745.529004623367 339809.7732360484, 5746.5590046251045 339810.7460360462, 5746.9637231236275 339810.3531341455, 5744.06010811277 339807.6927539042)))",396884.9285558308,0.084,0.0
0311,0.374085281114778,-0.186420817437657,-0.164448075158123,-0.1985947869418,0.00227263259856371,3,13953.495589645314,0.0,"POLYGON ((4787.612161644844 338599.1274019248, 4807.81090245207 338578.6455350295, 4806.640602447784 338574.8682350246, 4830.97080245999 338551.53393496387, 4867.821902482476 338520.80103487615, 4867.964202481223 338520.65873487573, 4867.8219024829295 338520.65873487666, 4936.544102532353 338474.417034735, 4941.8086025295 338462.892234711, 4940.243502520272 338452.93243469764, 4938.251502518009 338453.92843469605, 4933.556202513305 338455.6358347051, 4930.283702509653 338455.9204347087, 4921.177702469151 338419.49613466114, 4922.031402469153 338417.50423465576, 4928.576302475695 338415.93913464993, 4926.157502466878 338408.96733463835, 4925.3038024611005 338402.8491346296, 4924.548920464744 338400.50054081716, 4924.079002458799 338401.63603463024, 4914.449002462222 338421.55603467114, 4900.479002463479 338445.2160347225, 4874.75900245981 338480.9360348061, 4851.109002450931 338508.87603487354, 4825.079002439628 338535.386034945, 4795.229002421329 338560.78603500966, 4779.918460843499 338574.50334767695, 4779.749302414906 338576.57563505135, 4778.611002417109 338581.12863506377, 4778.04190241907 338584.5434350688, 4777.472702421783 338588.5273350738, 4777.653882936721 338591.24466079974, 4787.612161644844 338599.1274019248))",492816.26143300894,0.028,0.0
0401,1.79449933444666,0.766171852986236,0.948029004084512,0.968300567178506,1.30180349458477,5,62204.02703365641,3475.023910550478,"POLYGON ((2464.277700596221 339982.39713963866, 2477.8491006075415 339974.1837396119, 2443.5391005203046 339919.12113955896, 2443.697300517959 339916.83373955544, 2440.5165005155563 339918.3729395615, 2436.893100515106 339922.4841395719, 2436.678900514075 339922.12113957293, 2422.496300509077 339938.28313961066, 2422.701700509038 339938.58553961385, 2420.4911005083186 339941.09373961855, 2425.668900523223 339951.49613962974, 2433.48810054382 339963.6837396398, 2440.667100560057 339974.87113965023, 2447.7091005789052 339985.8397396626, 2452.378500588468 339990.8739396641, 2464.269100596307 339982.39613963757, 2464.277700596221 339982.39713963866))",271074.531007927,0.229,0.013
0402,1.174651147089,0.614055678634358,-0.0468867500602504,0.887591588596384,0.817247824816981,4,18179.275455792926,0.0,"POLYGON ((3018.9890002811203 338703.7772370344, 3067.61910036629 338733.24603703804, 3072.9790003689523 338728.4335370241, 3066.8989003007246 338652.3397369068, 3053.5290002761876 338644.24603690766, 3018.9890002811203 338703.7772370344))",673375.8687569591,0.027,0.0
0403,1.59672593259989,0.72557723892913,0.849664287207034,0.81074539765033,1.16627941191094,5,11201.060267234077,0.0,"POLYGON ((2288.1482996098644 339025.549538292, 2326.512999682117 339055.97673829924, 2342.3879996910705 339041.4245382603, 2297.4087996111352 339012.3203382576, 2288.1482996098644 339025.549538292))",562243.3909567521,0.02,0.0
0404,1.00405470044657,0.0823387959110338,0.105356889285847,0.147575639318137,0.448700958769869,4,21413.579561501967,0.0,"POLYGON ((2709.518999855777 338663.27723728586, 2741.7889998541336 338609.87103716563, 2709.5890997975866 338590.5272371685, 2696.859099775712 338583.1210371712, 2663.9589997187636 338563.99603717215, 2629.898899717647 338617.2460372932, 2621.2589997167674 338629.933537323, 2571.411099714109 338706.5897374954, 2576.8339997245826 338710.1210374953, 2584.0160997373882 338714.80853749625, 2590.708999738561 338705.1210374702, 2624.048999797537 338726.9335374739, 2617.6778997970973 338736.62103749625, 2623.5599998073258 338740.3710374972, 2647.9589998512265 338756.0585374972, 2653.046099860915 338759.3397374945, 2701.1488998567033 338677.9960373156, 2709.518999855777 338663.27723728586))",268687.35251979437,0.08,0.0
0501,1.13031235185171,0.145262702751592,0.610198626250173,0.700150113454699,0.714286305802184,4,21587.949225057848,42.18611405774123,"POLYGON ((2106.2389990861816 338659.3360378891, 2079.4743589836376 338699.095472217, 2080.200099085992 338699.6851379778, 2111.9501990940503 338659.99753788486, 2107.8267002169137 338657.72961662355, 2106.2389990861816 338659.3360378891))",529659.0056312963,0.041,0.0
0502,-0.179935326522069,-0.9671781026538,-0.977547078508005,-0.903214978606046,-0.77227458193695,2,28924.414354314846,118.29966615641953,"POLYGON ((1410.5522976917855 338021.7514375746, 1410.4254977014946 338033.28383759223, 1408.2710977004367 338034.931237597, 1408.0176977319848 338075.1044376623, 1402.0613977249047 338075.6113376692, 1402.9484977465618 338101.4641377097, 1438.0524977922123 338103.11153767724, 1431.4625977334435 338040.1271375837, 1427.407197712002 338019.72373755276, 1410.5522976917855 338021.7514375746))",670653.547092593,0.043,0.0
0503,0.32630881456709,-0.78464698039984,-0.337855000447376,-0.308263329246031,-0.289080191155333,3,26903.672445628148,34.29115277615604,"MULTIPOLYGON (((1568.4613982900044 338518.51423820946, 1562.7488982839627 338520.14633821417, 1559.756698282376 338521.7784382226, 1555.4042982788762 338525.3147382317, 1545.3393982840219 338547.62073828, 1545.067398285784 338550.0689382814, 1545.3393982880239 338552.51713828463, 1552.4119982992956 338555.50943828374, 1604.4569983887525 338585.05573827773, 1614.9774983931818 338572.64693824947, 1568.4613982900044 338518.51423820946)), ((1604.6405983881978 338585.1599382777, 1604.4569983887525 338585.05573827773, 1604.3685983889904 338585.1599382786, 1604.6405983881978 338585.1599382777)))",520686.22818793677,0.052,0.0
0504,0.944267658698813,-0.439005600742028,0.322644630424534,0.268025267608057,0.296183166652135,4,28026.800995799953,39.407432510230066,"POLYGON ((1178.8289979661529 338732.7960389452, 1130.0689978864496 338711.42603895813, 1128.3967951456627 338710.65761437325, 1102.3089978928213 338762.9335390674, 1147.2889979832803 338803.9022390861, 1182.6073130761147 338734.40471498744, 1178.8289979661529 338732.7960389452))",289551.9315701061,0.097,0.0
0601,1.37470877715925,0.520771180855123,0.36659425976352,1.02310265734967,0.958299452042288,5,19552.282012419477,21403.795975140965,"POLYGON ((1711.7067994628799 339758.221140041, 1710.6876994610006 339757.7459400417, 1710.4239994604225 339757.8418400446, 1709.8126994603133 339758.2136400435, 1709.2892994598699 339758.55354004167, 1709.0575994597516 339758.7374400459, 1708.6261994598467 339759.19304004684, 1707.8912994592145 339760.45604005083, 1708.655099461607 339762.4178400533, 1709.5667994638127 339764.37564005423, 1709.1598994661051 339766.8133400576, 1727.084199494401 339774.0768400524, 1728.2905994950172 339772.7417400507, 1712.4861994631383 339758.584540043, 1711.7067994628799 339758.221140041))",472912.8410644371,0.041,0.045
0602,0.926232748844602,-0.3509108974609,-0.201844383925352,0.439097313116121,0.256728176510049,4,12437.094639146664,31640.264211095408,"POLYGON ((472.4562972685482 338983.1867400557, 461.87289728899935 339025.52014013287, 494.945897281518 338963.34294000454, 543.8938973142161 338927.62413989846, 561.0918973351867 338926.301239877, 512.1438972590663 338907.78033989575, 500.23759724189273 338906.4574399069, 472.4562972685482 338983.1867400557))",421527.7854511016,0.03,0.075
0603,1.27234699739082,0.0688615143448386,0.572970870776369,0.703609119759509,0.732321169178706,4,21200.00496849594,0.0,"MULTIPOLYGON (((465.5289975794102 339383.5360407019, 466.2589975806919 339383.2960407017, 466.2675773936759 339383.3193515745, 467.1889975809452 339382.9760407014, 457.3089975486157 339357.836040671, 437.65899748129027 339304.23604060337, 436.4146861697522 339301.4097375266, 465.5289975794102 339383.5360407019)), ((399.86899736455103 339218.45604050346, 420.08899743245934 339272.05604057293, 419.4289974317052 339272.2960405713, 419.8789974332598 339273.4060405735, 420.1989974338614 339273.28604057245, 433.5990757683455 339295.01441807026, 399.88899736422087 339218.4460405046, 399.86581669981103 339218.45234551845, 399.86899736455103 339218.45604050346)))",559859.8227628644,0.038,0.0
0701,1.7360158220991,0.398208742268642,0.645522854931575,0.962536593014177,1.08701562954906,5,11837.709584959706,89.61725359918951,"POLYGON ((1425.6569996287737 340421.9821413858, 1426.5036996310594 340423.8871413935, 1446.2945996554126 340422.1938413689, 1448.9403996576345 340421.02964136563, 1451.6920996597219 340419.23044136073, 1453.1737996598395 340416.5846413523, 1454.867099659783 340414.04464134853, 1456.560399657166 340407.6946413368, 1426.6094996145364 340402.8262413591, 1425.6569996287737 340421.9821413858))",288882.67855750443,0.041,0.0
0702,2.13339345041404,0.983543593665812,1.09604081231696,1.27260666668071,1.59126380486183,5,13831.879082615147,0.0,"POLYGON ((1918.729000499026 340727.99604137987, 1922.1190005030926 340726.65224137343, 2033.1790005436744 340601.30854106136, 2039.1690005456016 340594.37104104366, 2150.2990005867305 340468.37104073074, 2133.029000547994 340448.7460407177, 2122.5991005230744 340433.7147407038, 2116.599100515652 340433.8397407094, 2110.5691005028843 340427.2147407057, 2046.0691004920495 340515.9960409114, 2014.9391004954412 340568.3085410269, 2012.309000493589 340572.4335410353, 2006.0490004928931 340580.2147410568, 1968.149000477737 340623.2147411611, 1900.8474425214672 340712.9190436862, 1918.729000499026 340727.99604137987))",290444.3652867759,0.048,0.0
0703,1.60757760305469,0.722088090581542,0.738563875707132,1.06567942399419,1.19560902801679,5,5853.590121937514,0.0,"POLYGON ((515.7991208685295 339770.7655578484, 521.088997963924 339775.896041275, 529.258997977051 339779.1760412706, 540.4989979905823 339777.9460412562, 548.2889979956067 339772.0760412412, 553.4189979837521 339749.3760412, 526.990697935482 339731.104241197, 516.0273581500978 339769.8679009989, 515.7991208685295 339770.7655578484))",290816.8130280488,0.02,0.0
0704,1.51459324745155,0.341725326665114,0.777231210576212,1.00378851430101,1.01619708480428,5,11878.81746735529,0.0,"POLYGON ((472.44702628711866 339995.4127854786, 470.1619980784133 339999.9960416816, 468.1689980788864 340003.99604168907, 450.48899811611693 340078.1835418269, 453.69899812015564 340078.683541826, 448.78699813042437 340099.52724186145, 463.76699815219047 340102.5897418503, 471.42399816326224 340104.1522418447, 497.33899811422066 340001.87104165833, 495.04682704046695 340001.2627160042, 472.44702628711866 339995.4127854786))",424483.69910121826,0.028,0.0
0705,1.35572813171837,-0.0358270654978437,0.640585349356219,0.41963013057203,0.684416081721037,4,17998.4841239163,0.0,"POLYGON ((1042.2789993796387 340720.68354225066, 1073.0889994203774 340721.0585422227, 1073.7489993804627 340670.40224214084, 1043.9390993423613 340670.33974217065, 1042.2789993796387 340720.68354225066))",312759.6640320627,0.058,0.0
0801,1.43762761932886,0.508873420648046,0.996835253595219,1.06324198219169,1.10117941218252,5,11222.849896807298,0.0,"POLYGON ((1061.049000067206 341550.926043557, 1067.799000095533 341575.8260435909, 1100.49900013071 341567.51604354195, 1093.759000102233 341542.3480435116, 1061.049000067206 341550.926043557))",267598.2469023991,0.042,0.0
0802,1.86510440179277,1.05858976838822,1.03512666992084,1.18061055985856,1.4914882541889,5,9610.869340247169,0.0,"POLYGON ((958.4070996090679 341141.1015430074, 953.4846996212696 341163.25204304885, 1002.708099674516 341152.17684297916, 1002.7080996634573 341138.640342962, 958.4070996090679 341141.1015430074))",521629.7379066099,0.018,0.0
0803,1.38324934416983,0.530355838617132,0.271754211787008,0.899380271592846,0.924576030442425,4,14980.446583255014,0.0,"POLYGON ((692.8178993243979 341206.89924338274, 696.522099339843 341219.86394339893, 723.3773993695308 341214.4399433611, 722.0544993568702 341201.07844334096, 692.8178993243979 341206.89924338274))",300133.6621900715,0.05,0.0
0901,1.2200660615788,-0.234963660806963,0.448677888351046,0.357777820833443,0.513616773246976,4,18939.617751083362,143.56993057095823,"POLYGON ((1593.8190015895748 342612.0560447071, 1579.259001576274 342618.30604473036, 1579.2569243968146 342618.3068367898, 1579.2590015762544 342618.30854473077, 1593.8191015897971 342612.05854470655, 1607.2244877602714 342599.2405037902, 1593.8190015895748 342612.0560447071))",680717.1355102261,0.028,0.0
0902,1.53475579794514,0.389211410275952,0.873001818366077,0.970293397924085,1.05274339029837,5,33704.457870764636,205.12515447994582,"POLYGON ((2113.1490022661883 342634.446044215, 2130.9681671315784 342636.37952599645, 2113.149104460512 342634.4337662959, 2113.1490022661883 342634.446044215))",471038.733452758,0.072,0.0
0903,1.46843854823149,0.597125768424921,0.866687126824064,0.67782667101021,1.04986012525706,5,14818.554180243202,0.0,"POLYGON ((1251.6417007194705 342064.81934418436, 1268.3634007379032 342062.5968441637, 1258.3093006626561 341983.53914404754, 1252.4884006554773 341984.7033440545, 1253.0176006633446 341992.9583440665, 1221.1617006272138 341996.9800441051, 1206.4508006122803 342002.27174412925, 1213.3300006581455 342049.0501441965, 1223.807500672275 342051.2726441873, 1219.3625006881555 342077.3077442348, 1222.1142006929163 342078.4718442336, 1220.3150006953563 342085.2452442469, 1256.5101007494052 342095.9344442263, 1251.6417007194705 342064.81934418436))",515058.7027156302,0.029,0.0
0904,1.45467953750607,-0.0808989989621203,0.622410589940989,0.808348729196689,0.772890827384087,4,6634.187763744877,102.19848653317017,"POLYGON ((1579.259001576274 342618.30604473036, 1567.4390015531665 342608.5760447262, 1563.6168811664813 342595.3380791514, 1567.4391015538667 342608.5897447271, 1579.2569243968146 342618.3068367898, 1579.259001576274 342618.30604473036))",399631.4440559544,0.017,0.0
0905,2.04671052720542,1.72752293765496,1.12593832015004,1.2839794527487,1.84206653926524,5,66631.18128533204,625.3926422741345,"POLYGON ((2118.959001688919 341899.98604304343, 2118.9542705508115 341899.9939436236, 2118.959001688909 341899.9960430432, 2160.113285431773 341838.4603315701, 2118.959001688919 341899.98604304343))",501986.2822739757,0.133,0.001
0906,2.30380167700693,1.73019229235686,1.50814551385408,1.23856297188086,2.00046403214104,5,107046.4069190651,205.27150286358705,"POLYGON ((2118.959001688919 341899.98604304343, 2160.113285431773 341838.4603315701, 2190.9790016933125 341792.30854280014, 2133.4089015895734 341753.40224279184, 2118.119101568893 341750.2772428058, 2029.0490014685754 341767.30854292214, 2032.2590014818775 341778.371042938, 2034.1200014877627 341783.1835429417, 2102.3391016616583 341892.621043046, 2118.9542705508115 341899.9939436236, 2118.959001688919 341899.98604304343))",397390.06599094265,0.269,0.001
1001,0.629404453327873,-0.332959845447418,0.609287932284399,0.645616156303947,0.34179822522068,4,821.3852745472385,0.0,"POLYGON ((3556.489000178221 337720.06603492144, 3550.2659001902807 337744.9196349662, 3549.162100199306 337758.4230349902, 3549.1070002122724 337775.26503501646, 3580.8490002104827 337722.19603490084, 3580.0090002064844 337719.16603489686, 3563.9702001865853 337719.0586349126, 3556.489000178221 337720.06603492144))",1050827.5898060321,0.001,0.0
1002,-1.27436516892068,-1.41576403608296,-1.9328827699256,-2.33253991734278,-1.7842237399245,1,22332.00142884308,0.0,"POLYGON ((4814.799001276775 337094.7260326501, 4709.269001107503 337051.0160326846, 4665.28675148668 337030.3145569342, 4654.71900102051 337028.856032704, 4599.159000927783 336999.9960327167, 4561.159000851753 336965.6860327013, 4554.369000850653 336975.29603272397, 4578.284100895005 336993.1908327257, 4582.468100932323 337033.43763278704, 4688.07900111449 337092.77603277564, 4699.129001170408 337146.2560328478, 4712.669001185192 337142.78603282943, 4707.032101150192 337107.944632777, 4705.262201126962 337081.0840327386, 4710.429001120379 337065.1460327087, 4788.169001244139 337096.20603268035, 4791.109001251292 337101.0180326849, 4819.839001294185 337108.846032667, 4847.281699054998 337101.83367239154, 4846.9052425588825 337101.6670871129, 4836.0500003311 337098.9946070974, 4814.799001276775 337094.7260326501))",767258.2967813405,0.029,0.0
1003,-1.09541547994717,-1.06791313243084,-1.24035986561353,-1.16556203483165,-1.24536851104241,1,40332.56893308545,0.0,"MULTIPOLYGON (((3716.833735468586 335744.2822169096, 3718.446098804277 335744.46133159474, 3719.5184692074245 335744.3575602295, 3716.833735468586 335744.2822169096)), ((3736.961872246206 335741.0952779266, 3737.678498826588 335741.0531315692, 3742.060598831345 335739.59243156295, 3743.957295704437 335738.1334109158, 3736.961872246206 335741.0952779266)), ((3769.068998853434 335725.106031511, 3747.107834163239 335736.5304531122, 3755.45029884335 335733.7496315418, 3770.0734866353428 335724.5952750107, 3769.068998853434 335725.106031511)), ((3789.3489988678625 335711.1660314677, 3785.64738363383 335714.8873711268, 3788.55929887001 335713.5434314748, 3789.7722474244188 335711.00724160246, 3789.3489988678625 335711.1660314677)))",658593.5225314416,0.061,0.0
1004,-1.02012590133563,-1.39340743118952,-1.83366643925036,-2.41198203985593,-1.67823853831834,1,16436.663643210846,0.0,"POLYGON ((3108.4374999549277 338152.46443606727, 3108.909899973983 338176.79303610325, 3140.0883000155914 338179.39123607613, 3139.1435000239376 338191.08313609567, 3108.67369998314 338188.9573361259, 3109.146099996356 338204.1923361486, 3164.653200065967 338203.24743609224, 3175.1641000399723 338153.64543599915, 3108.4374999549277 338152.46443606727))",362162.87397883827,0.045,0.0
1005,-1.0442281619587,-1.03553474651324,-0.811396281810765,-1.096550030811,-1.12233938751706,1,20352.52982613244,0.0,"POLYGON ((3046.5990988130884 336822.4647340011, 3066.2789988828395 336879.46473407187, 3103.6588989207403 336867.37103401683, 3084.4589988521975 336811.12103394605, 3046.5990988130884 336822.4647340011))",567418.2587946098,0.036,0.0
1006,-1.08992478058378,-1.35615689985548,-1.41524590475233,-1.84681994226236,-1.50834028066904,1,44487.00338583135,0.0,"POLYGON ((2749.3496991929223 337770.7289358163, 2769.418999218281 337769.9960357975, 2760.719899142136 337688.0272356747, 2698.668899067004 337693.90223574825, 2707.0817991459426 337778.2663358776, 2727.340999170936 337776.4970358489, 2725.9589991579487 337764.18353583384, 2748.698899184863 337762.18353580683, 2749.3496991929223 337770.7289358163))",512218.323804919,0.087,0.0
1007,-1.03866525134558,-0.886964508749934,-0.845099767798186,-0.902055726540821,-1.0355748727475,1,16673.032101287394,0.0,"POLYGON ((2033.9278977180554 337062.40233541, 2025.0274977078896 337064.3705354212, 2019.19989769885 337062.4015354235, 2015.9978976912662 337058.2389354203, 1902.9672975690175 337084.17533557676, 1903.919097575335 337091.16613558587, 1907.799297588858 337101.4957355978, 1907.8030975879783 337101.49433559924, 1931.8870976711428 337165.6211356772, 2039.0190977865757 337140.9961355319, 2048.138897786151 337125.4337354917, 2036.7978977327548 337076.49613542855, 2033.9278977180554 337062.40233541))",342969.1251387243,0.049,0.0
1008,-1.10516988048696,-1.13391698319412,-1.14387149186811,-1.00002269670555,-1.22492654109643,1,27232.760487815893,0.0,"POLYGON ((1665.246496874142 336593.8657350298, 1647.5889968619026 336606.57603506837, 1669.7889968927157 336609.9560350543, 1679.3489969108489 336617.2660350576, 1684.508996916944 336616.5060350485, 1685.3279969079852 336603.794935029, 1684.3789968968185 336590.53603500593, 1677.4389968836904 336587.1260350095, 1665.246496874142 336593.8657350298))",428883.8840555201,0.063,0.0
1009,-1.04719739442955,-0.976346210685355,-1.01306069260807,-0.670026936145515,-1.05994733586205,1,18062.86412025758,0.0,"MULTIPOLYGON (((1306.6089965766714 336793.2460357137, 1306.3898227490495 336792.78643483884, 1269.272696541031 336806.28353577387, 1291.723396616228 336864.8504358437, 1307.5852966460013 336877.29593584593, 1335.4044966697022 336863.63023579493, 1316.1662605958172 336815.78122756234, 1306.6089965766714 336793.2460357137)), ((1158.2396963652127 336763.57853581663, 1202.1647964280373 336772.36353578884, 1195.5760963996993 336747.9606357552, 1158.2396963652127 336763.57853581663)))",733897.3435752573,0.025,0.0
1010,-1.37639973749616,-1.19877413869569,-1.88955013712596,-1.75767545078054,-1.62734378725273,1,4404.180425370326,0.0,"POLYGON ((2458.558997687529 336350.183533838, 2479.7489977954906 336450.68353397585, 2500.008997817156 336446.2147339508, 2518.3390978375232 336442.1522339247, 2500.008997751776 336364.30853382125, 2494.938897728319 336342.77723379154, 2458.558997687529 336350.183533838))",646056.7349645105,0.007,0.0
1011,-1.34300932813911,-0.958043901145882,-1.73751976357563,-1.47217359727905,-1.44499891182304,1,259799.76766954132,0.0,"MULTIPOLYGON (((1518.3189964264493 336268.88603466004, 1513.9489964243965 336271.1360346703, 1505.3989964163427 336276.3860346852, 1483.1089963944794 336284.8160347212, 1443.478996353006 336295.6760347765, 1427.6889963342473 336297.6160347983, 1413.6061253643488 336299.88235768914, 1415.772996326347 336304.3610348208, 1416.9652963257433 336303.9593348205, 1480.9176965239387 336449.39933498856, 1578.8136966096122 336400.45133481175, 1520.4340964306432 336269.09713465907, 1520.4789964300887 336269.0820346577, 1520.385996431437 336268.98903465737, 1520.1559964297094 336268.75903465785, 1520.2637964301928 336268.7141346559, 1524.0309964331814 336267.1440346502, 1554.2229964620806 336254.7120346008, 1560.6819964689878 336252.45203459077, 1589.0979964942615 336240.5040345406, 1628.4939965329252 336224.0350344768, 1657.879996559804 336211.7640344268, 1688.5569965885618 336198.8470343761, 1700.97373847337 336193.6090030167, 1518.3189964264493 336268.88603466004)), ((1732.3789966290894 336180.66603430174, 1717.8197860018665 336186.6662845378, 1732.4279269977442 336180.78218815534, 1732.3789966290894 336180.66603430174)), ((1736.1197395367556 336188.2949082157, 1747.3279966728849 336211.4410343347, 1757.337996702629 336232.7540343581, 1768.9629967372898 336257.94103438966, 1780.2649967483098 336253.42003437225, 1772.1919967248518 336236.6290343506, 1760.243996688684 336210.47203432303, 1747.9729966520501 336184.63903429266, 1782.5249966840358 336170.1080342345, 1814.4939967149983 336156.8680341784, 1829.0249967281857 336151.05603415705, 1842.7642242479776 336145.44099062093, 1736.1197395367556 336188.2949082157)), ((1977.6889968686985 336091.04603390954, 1968.398996860077 336094.9560339246, 1967.3113487762585 336095.3930933889, 1983.0569969131468 336136.5240339786, 1998.2339969608167 336172.6910340218, 2009.2129969722941 336170.10803400725, 2002.7549969502475 336152.02403398603, 1984.9939968923156 336107.13903392665, 1978.8581891446768 336090.57102289586, 1977.6889968686985 336091.04603390954)), ((2073.3303678622106 336051.17027929233, 2116.259997000073 336033.99803367816, 2149.519997031017 336020.4360336242, 2174.061997055119 336010.4250335833, 2194.7289970728257 336001.38403354865, 2225.0829971013354 335988.467033498, 2213.7809970656544 335961.3420334663, 2183.1039970355114 335972.3210335113, 2189.5619970581765 335990.08203353453, 2152.103997022265 336005.259033598, 2104.6349969783228 336025.27903367486, 2069.759996945099 336039.48803373426, 2063.6239969252524 336024.3110337164, 2063.6239969259523 336024.6340337172, 2055.8441927220324 336004.0397674736, 2073.3303678622106 336051.17027929233)), ((2010.4489967442632 335881.68603354413, 2013.2425465873598 335889.21549226454, 2069.759996808404 335868.34203346167, 2130.265996868538 335847.2310333662, 2147.9459968856218 335841.1760333376, 2157.59299689502 335837.6650333218, 2155.689937964031 335832.06881711533, 2010.4489967442632 335881.68603354413)))",1240338.4851694354,0.209,0.0
1012,0.263415043612772,0.752339548875068,1.16883410947844,0.757980362707912,0.732196614027393,4,254950.43725629942,14743.10983632483,"MULTIPOLYGON (((864.9189951387027 335696.90603440534, 862.5189951319094 335693.2760343971, 851.8589950990616 335667.8760343706, 756.8689948261404 335477.99603416026, 754.9540464978289 335472.9118172576, 754.5589948190495 335473.1260341555, 794.5989949382611 335558.42603425216, 849.7144950937494 335665.0081343679, 848.8279950933965 335665.59903437085, 873.0469951628351 335714.6830344228, 879.9365909652392 335728.2062070742, 864.9189951387027 335696.90603440534)), ((1128.558995949198 336290.8760350868, 1112.5189958993342 336253.85603504535, 1103.9189958760487 336237.93603502586, 1095.4589958495933 336218.95603500865, 1059.8089957357608 336132.6660349043, 1020.2189956098687 336039.0360347945, 1010.1089955782255 336015.76603476796, 993.5789955268856 335977.1060347231, 970.4389954539441 335923.38603465725, 947.5989953845993 335872.6860346021, 927.5089953236931 335828.80603455193, 883.4389951930385 335735.5060344469, 882.0381341397953 335732.58631325065, 884.9949951989482 335741.1620344529, 888.5469952100735 335748.9120344622, 904.3699952562716 335781.84903450124, 916.640995293662 335807.683034529, 925.0359953175911 335825.4430345483, 943.4429953730955 335865.16203459166, 962.4949954304875 335907.1410346413, 984.7759955009442 335958.80803470314, 1003.5049955596029 336002.40203475393, 1008.3489955754459 336014.6720347665, 1029.3379956416059 336063.75603482407, 1053.8799957205604 336123.172034896, 1083.58899581344 336192.92203497887, 1096.020995853759 336222.4690350089, 1099.5729958636819 336229.89603502024, 1105.7079958840036 336245.396035037, 1113.1349959070874 336261.865035058, 1120.2399959273334 336277.04203507584, 1128.6349959501576 336291.89603508916, 1133.155995964734 336303.19803510234, 1143.6371001537466 336327.18730056833, 1128.558995949198 336290.8760350868)), ((1157.3289960341526 336350.41603515483, 1153.8889960305507 336351.8760351613, 1150.3750581336324 336343.41372914927, 1156.3089960387242 336358.77203517035, 1158.8929960439784 336361.3550351681, 1161.152996047754 336362.00103517063, 1163.454066762269 336362.41952944826, 1157.3289960341526 336350.41603515483)))",1313758.8238505707,0.194,0.011
1013,-1.32719788760772,-0.730113133504663,-0.450689276144313,-0.0935972943145309,-0.861788324231102,2,59699.94957118975,3525.931858645187,"POLYGON ((2015.0989959970316 334941.9335320322, 2227.5489962122115 334873.1835317081, 2236.9789962477525 334902.96473174356, 2315.5389963273333 334876.58973162156, 2301.408896275178 334834.46473156754, 2200.8888961674497 334858.4960317109, 2171.5790961308658 334860.05853173975, 2098.0289960496493 334876.49603184033, 2021.998995965053 334890.02723193914, 1966.118995899933 334898.87103201076, 1909.1389958336879 334905.9335320806, 1832.7899957433642 334913.76803216897, 1873.8389958817108 335021.26603229716, 1897.5089959060567 335015.0060322657, 1881.0738958450681 334964.9335322045, 2011.5799959844137 334930.4960320182, 2015.0989959970316 334941.9335320322))",946056.60641112,0.063,0.004
1014,-1.38748664903017,-0.819597541320738,-0.995332090918084,-0.648220567085384,-1.12053566545454,1,462379.2194050216,13991.396706893596,"POLYGON ((4364.21115431279 335418.71934825106, 4364.211099365696 335418.71473042015, 4335.10925812934 335440.2862347447, 4364.21115431279 335418.71934825106))",1335497.7889815918,0.346,0.01
1015,-0.858499337246306,-0.356811404790232,0.161401709368883,-0.456975083076599,-0.504281816479131,2,885114.5589435991,20968.95906197926,"MULTIPOLYGON (((4847.281699054998 337101.83367239154, 4847.429001323581 337101.79603263084, 4846.9052425588825 337101.6670871129, 4847.281699054998 337101.83367239154)), ((4709.269001107503 337051.0160326846, 4814.799001276775 337094.7260326501, 4836.0500003311 337098.9946070974, 4819.621501282715 337094.9500326449, 4749.2070011710875 337067.02203267254, 4666.819001036754 337030.5260326974, 4665.28675148668 337030.3145569342, 4709.269001107503 337051.0160326846)))",2158769.240075875,0.41,0.01
1016,-0.792285378696001,-0.0153846293594379,-0.145995136817425,0.0330890596462762,-0.319684807839697,2,1392089.755451239,74665.3058953611,"POLYGON ((7355.389001445524 333267.7460239455, 7343.379001430088 333267.45602395386, 7338.849001423362 333267.136023961, 7321.389001400606 333265.8960239757, 7312.619727305112 333265.5466294232, 7312.780607566675 333266.02056739014, 7313.0701093831085 333266.60761899874, 7313.433760081713 333267.1518607279, 7313.865337499215 333267.6439804556, 7313.873522591127 333267.6521471143, 7314.357457226452 333268.0755578717, 7314.901698958163 333268.4392085718, 7315.488750567273 333268.72871038504, 7316.108567438195 333268.93910986, 7316.750544331741 333269.0668070046, 7317.403696846186 333269.1096168831, 7317.6085013978545 333269.10542398226, 7323.385301405737 333269.1569239786, 7332.66800141834 333269.2396239666, 7332.690360119813 333269.2396747004, 7332.981473996199 333269.23119094316, 7333.293801417835 333269.20312396716, 7353.029001443201 333269.2951239478, 7363.267301458355 333271.75802394096, 7363.678593271276 333268.13235949865, 7355.389001445524 333267.7460239455))",5668706.218799187,0.246,0.013
1017,-0.912289321917189,0.554685867385906,1.31572501107315,1.18273623976911,0.329860037755696,4,724301.8235867964,44144.452181749395,POINT (7583.97900020377 331352.19602062926),4029933.053305686,0.18,0.011
1018,-0.127915035492492,0.373570206823481,0.996689549121249,0.768709616817042,0.41743808848244,4,320664.0919446753,38107.8858450727,"POLYGON ((5168.636540921046 331575.7587289946, 5140.456097284607 331584.50422347616, 5059.38609720186 331609.7593235988, 5041.421197182538 331615.226923625, 5031.071797172962 331618.9370236406, 5016.817097158043 331623.03772366326, 4999.633197140339 331628.5053236848, 4961.3600971002215 331640.4168237448, 4939.294497078071 331647.2513237782, 4912.932897050548 331655.4527238216, 4837.558396972538 331676.15142392647, 4805.143396937802 331684.9386239769, 4768.237196898591 331695.0927240299, 4736.407996866015 331703.68462407775, 4710.56079683455 331706.5132241035, 4708.508596834641 331709.19172411226, 4708.147459459283 331709.7326354487, 4707.858177575816 331710.3192410795, 4707.647937937499 331710.9385870816, 4707.520337805268 331711.58007627353, 4707.477560450287 331712.2327325931, 4707.520337805783 331712.88538891636, 4707.530325201155 331712.9572261749, 4707.647937939916 331713.5268781055, 4707.85817757844 331714.1462241085, 4708.147459463634 331714.7328297403, 4708.510833901298 331715.2766580181, 4708.942083453479 331715.76840388495, 4709.433829322508 331716.19965343736, 4709.547196842694 331716.28412412666, 4724.276896868993 331726.93782412447, 4724.707111340648 331727.2165507702, 4725.293719843514 331727.50583407097, 4725.890098810465 331727.70986106526, 4725.913068876833 331727.7160747349, 4726.554561206902 331727.8436754914, 4727.207220722407 331727.88645306043, 4727.671796873302 331727.8648241218, 4744.842096894683 331726.2623241041, 4745.245696895274 331726.20792410243, 4745.739696895633 331726.09482410364, 4906.972297063798 331680.44322386757, 4907.106497064104 331680.403123864, 5173.369116973834 331596.88897073787, 5168.636540921046 331575.7587289946))",2823916.1645931113,0.114,0.013
1019,-0.421284962714679,0.41133808092276,0.901677785221112,0.768319020181939,0.305230184457064,4,415405.83889449947,32978.664167683644,"POLYGON ((2493.988994449933 332248.3260272173, 2494.598994451967 332251.076027222, 2496.931557126628 332261.67388126004, 2554.583094526431 332248.72202715743, 2579.453894560622 332251.6324271364, 2629.7248946133154 332237.34492706135, 2639.2498946192054 332230.201127043, 2662.215794644494 332225.2799270088, 2736.641094727908 332211.0257269116, 2735.4020947222452 332205.03162690345, 2767.3721947577887 332200.1251268666, 2773.5938947874474 332225.57732689753, 2781.530894797514 332226.39132689685, 2789.0572947902847 332205.91232685186, 2796.0422947939405 332197.97482683323, 2808.2660948049597 332192.4185268106, 2830.332394828305 332187.8148267828, 2853.578894850115 332178.09272674285, 2852.7427948470377 332175.5946267396, 2852.744094846277 332174.22782673594, 2852.9978948463354 332173.2063267324, 2853.850494846102 332171.7212267313, 2854.988794845647 332170.71292672865, 2856.880594848401 332169.9834267264, 2866.1884948581164 332168.5450267149, 2891.1888948874207 332164.722326681, 2892.874494890549 332164.9686266836, 2894.134194892481 332165.58822668064, 2895.1565948938896 332166.5151266819, 2896.033394896486 332168.0544266831, 2896.656894885918 332152.7221266581, 2870.8599948562933 332158.0138266925, 2825.549994815986 332179.1805267725, 2816.620294803797 332178.8498267811, 2639.349094607653 332214.89932701923, 2617.520894586773 332224.4905270571, 2574.1952945414364 332236.06612711865, 2558.9817945191703 332232.42802712787, 2518.9668112687787 332240.3957864521, 2519.4192826319922 332242.09997527674, 2493.5349259727914 332246.1930265231, 2493.5231214266337 332246.1949059525, 2493.988994449933 332248.3260272173))",2968051.3502341276,0.14,0.011
1020,-1.60946810716677,-1.02565406476894,-1.61989263674625,-2.04674010784131,-1.65311169851132,1,69542.7922655873,0.0,"POLYGON ((3799.8089977203244 334259.54602912907, 3808.5089977365465 334265.3960291324, 3808.9889977376743 334265.71602913085, 3819.0989977548693 334271.9760291325, 3818.234810682008 334271.90833447926, 3822.009097759546 334273.7461291319, 3834.1988977845876 334285.43352913763, 3855.248997798718 334269.1522290921, 4163.298998100481 334157.1210286012, 4230.368898168451 334135.183528495, 4438.009098370931 334058.6523281634, 4442.678898379576 334061.77732816525, 4458.138898401805 334065.121128154, 4469.339098392083 334035.24612809345, 4468.868898380619 334021.87112807296, 4461.577898354784 333999.9961280478, 4459.3298983462455 333993.24612803664, 4459.325498345378 333993.2475280361, 4456.539098335706 333984.88612802606, 4258.2772981402295 334056.7117283419, 4253.883498135904 334058.3035283452, 4036.5610979231346 334137.03452869225, 4030.1468979177343 334139.3583287038, 3839.139097729562 334208.55592901073, 3818.099097699327 334204.11592902336, 3764.7409183854998 334222.85681943723, 3799.8089977203244 334259.54602912907))",798956.2593903432,0.087,0.0
1021,-0.982858570489583,-0.175756917142168,0.305363287996875,0.0386421355426954,-0.365000235660481,2,936184.7725869927,181069.28014614715,"MULTIPOLYGON (((941.8289945968537 334897.3860330442, 834.8628275163621 334925.5259197101, 862.8890945130004 334920.37113315985, 909.2190945625968 334906.8397330921, 971.6311833468449 334890.09541514865, 941.8289945968537 334897.3860330442)), ((1150.5489948194913 334844.84603274707, 1150.4289948196163 334844.8760327473, 1141.5889948106171 334847.136032762, 1122.8477200798577 334851.9264707955, 1154.1240948246843 334844.4898327431, 1153.881905313733 334844.4025810765, 1150.5489948194913 334844.84603274707)))",1726995.2942016516,0.542,0.105
1022,-0.555591519417069,-0.992858739311781,-0.781043080564574,-1.19648568775292,-0.938649858619671,1,10971.173082526942,0.0,"POLYGON ((3570.87406961798 337555.9964484325, 3569.02900004766 337537.43353461754, 3487.349099950801 337545.99603471253, 3491.9188999984344 337598.1210347926, 3574.2676420494504 337590.1523661105, 3570.87406961798 337555.9964484325))",233051.14377868187,0.047,0.0
1023,-1.14551382306345,-1.1687393383285,-1.18123103451128,-1.14731394918469,-1.28689057576246,1,43931.15408916313,0.0,"POLYGON ((4218.584043268391 336558.80236282333, 4195.534500074712 336574.5571324453, 4162.889000056303 336603.64603252243, 4158.174000052118 336605.35603252705, 4109.189000023231 336648.1210326478, 4116.649000039122 336655.80603265297, 4225.718696424978 336566.9433435299, 4218.584043268391 336558.80236282333))",483864.28929603053,0.091,0.0
1101,0.680756467754293,-0.0440814915472131,0.69565417209381,0.910197561647318,0.532584474715824,4,37.22600694372646,0.0,"POLYGON ((7358.5590057542795 338662.73603258654, 7359.099486164698 338662.50698911364, 7350.210905724105 338637.669632555, 7348.159372182974 338638.57612354576, 7358.5590057542795 338662.73603258654))",635512.8281168696,0.0,0.0
1102,-0.845149344313764,-0.888517134897522,-0.850844692533198,-0.983474103708993,-0.980680661747874,1,102893.84141998338,0.0,"POLYGON ((6143.762903597624 337889.81773257535, 6139.562403597719 337896.370432592, 6172.158203669537 337934.3429326182, 6234.493603706308 337881.4167324733, 6202.401803644598 337856.381732462, 6143.762903597624 337889.81773257535))",1094913.0004500693,0.094,0.0
1103,-1.08567644051261,-1.07333272710177,-1.23390087276614,-0.947612282937762,-1.20226018956653,1,64031.663892385,0.0,"POLYGON ((5819.641402321439 336806.6925311759, 5811.703902327413 336826.93323121313, 5811.703902331799 336831.43113122415, 5813.423702338451 336837.2520312257, 5816.466402352199 336849.290531246, 5822.155002367563 336859.47703125235, 5825.594602372918 336860.9322312558, 5827.182102374152 336859.7416312499, 5837.897702374015 336842.80823121313, 5837.236302369035 336836.72283120174, 5847.819602365686 336816.0853311587, 5850.465502371192 336818.3342311578, 5861.44570239032 336824.5519311605, 5929.179202392468 336720.7028309256, 5916.346802369199 336712.1038309261, 5911.71660236397 336711.5746309282, 5908.409302360051 336712.76533093397, 5892.490302358609 336736.60193098616, 5875.526502326669 336722.76743098255, 5819.641402321439 336806.6925311759))",861948.6952739288,0.074,0.0
1104,-1.40644476961353,-1.00000854973648,-1.45190291365162,-1.70404054057027,-1.47404951213934,1,11628.07593621587,373.3622909151971,"MULTIPOLYGON (((4814.688931102497 337442.7280844281, 4814.689001553666 337442.70603320654, 4804.601143459097 337444.23727038613, 4814.688931102497 337442.7280844281)), ((4739.539001467548 337453.8260332998, 4739.939001467937 337453.7860332979, 4740.199001468492 337453.7560333004, 4740.869001469244 337453.6860332992, 4741.5390014705 337453.61603329796, 4742.19900147123 337453.536033296, 4742.869001471646 337453.4560332997, 4743.529001471651 337453.36603329424, 4744.199001473022 337453.2760332944, 4744.2371012245685 337453.2702606046, 4739.344521947209 337453.84344937693, 4739.539001467548 337453.8260332998)), ((4724.789001450478 337454.2560333153, 4725.459001450173 337454.2760333149, 4726.1290014515125 337454.29603331536, 4726.799001452606 337454.31603331584, 4727.069001451825 337454.31603331584, 4727.469001453191 337454.3260333119, 4728.139001453711 337454.3260333128, 4728.8090014546915 337454.33603331354, 4729.039001454747 337454.3360333126, 4729.489001455612 337454.3360333117, 4730.15900145664 337454.3260333128, 4730.829001457126 337454.3160333084, 4731.159001457943 337454.30603330955, 4731.499001458475 337454.30603330955, 4732.169001458964 337454.28603330813, 4732.839001459352 337454.26603330765, 4733.509001459306 337454.2360333083, 4734.179001461271 337454.20603330806, 4734.449001460943 337454.1960333055, 4734.849001461225 337454.17603330594, 4735.519001462105 337454.13603330683, 4736.189001463324 337454.09603330307, 4736.859001464005 337454.0460333023, 4737.529001464995 337453.99603330344, 4738.199001465828 337453.94603330083, 4738.291047624936 337453.9377903614, 4726.70200145187 337454.2520333128, 4724.309001449001 337454.19603331387, 4724.302322345523 337454.2342417148, 4724.789001450478 337454.2560333153)), ((4724.071562506004 337455.5543237438, 4723.629001450764 337458.086033321, 4723.982031586018 337458.06118953915, 4724.071562506004 337455.5543237438)))",1129111.3126867097,0.01,0.0
1105,-1.12545622514651,-0.700931587014411,-0.651828645225463,-0.407769408593299,-0.871678101643704,1,46800.93892700241,1148.5513615239843,"POLYGON ((6636.359002041923 335156.9460277036, 6622.819002038396 335174.27602774557, 6574.809002026485 335235.70602789335, 6561.269002023209 335253.0360279316, 6513.5590020108375 335314.0960280802, 6500.009002008011 335331.42602812033, 6486.499002004309 335348.7960281633, 6442.839001994617 335404.93602829706, 6429.32900199143 335422.2960283421, 6382.4090019804535 335482.62602848466, 6368.899001975751 335499.99602852575, 6355.3890019726405 335517.3660285659, 6256.759001949077 335644.16602887027, 6243.25900194625 335661.5360289067, 6193.627669573433 335725.3384471435, 6211.393201943647 335709.8759290185, 6211.688161838303 335709.603898298, 6212.116379681108 335709.11560943164, 6212.477199574856 335708.57560429815, 6212.76444778987 335707.9931225367, 6212.973209431008 335707.37813057285, 6213.099912528443 335706.74115108885, 6213.109333525017 335706.6650479017, 6213.142389156114 335706.0930829756, 6213.099912527054 335705.44501486514, 6212.973209429562 335704.80803538393, 6212.764447788088 335704.1930434173, 6212.47719957077 335703.61056165583, 6212.173601939746 335703.14662900846, 6216.275701939864 335697.9521289971, 6231.150101946075 335681.66902895644, 6231.500401945976 335681.24022895563, 6255.514401950477 335648.26372887753, 6566.542402031175 335254.4056279324, 6566.58890203118 335254.3477279311, 6566.646899301086 335254.2735986812, 6566.732736158873 335254.1583405407, 6566.8674020311755 335253.9623279311, 6567.027002031554 335253.74192792736, 6631.178902045223 335169.70202773064, 6631.442265669987 335169.3866393436, 6631.449623763714 335169.37702377513, 6631.6918020455305 335169.03022772726, 6646.361702048242 335149.8124276828, 6646.456902049015 335149.6895276811, 6646.812256983791 335149.1561835129, 6647.101520187094 335148.56961575896, 6647.311746249017 335147.9503097506, 6647.439338142565 335147.3088619821, 6647.482112735263 335146.65624780674, 6647.43933814187 335146.00363363046, 6647.4185147710095 335145.8613154981, 6647.311746246503 335145.3621858619, 6647.1015201845275 335144.7428798517, 6646.812256980097 335144.15631210245, 6646.60118353652 335143.8404183717, 6636.359002041923 335156.9460277036))",1564331.7388392396,0.03,0.001
1106,-1.55224645437996,0.0703237356921757,1.04924826453678,0.6574239998345,-0.232547416594977,3,217086.29557428916,3481.4363416322885,"POLYGON ((7790.691902046667 333328.00922360085, 7816.440202079636 333328.00922357384, 7812.538902075859 333329.5697235819, 7810.97840207451 333331.13022358343, 7800.425502069915 333342.21432361193, 7794.1190020664935 333347.61992362887, 7792.767602073505 333359.33202364855, 7792.76760208064 333367.8908236651, 7805.8311020917345 333360.2329236381, 7827.903802106864 333344.91712358966, 7839.165402112731 333334.1060235603, 7840.516702108619 333326.4481235482, 7838.714902094524 333311.58282352705, 7820.245902069481 333310.68192354124, 7781.61480201795 333306.6154235741, 7765.830002012863 333325.3068236187, 7790.691902046667 333328.00922360085))",4432839.0080441125,0.049,0.001
1107,-1.27034476197587,-0.817202852376928,-1.11003077154874,-1.32935747978681,-1.22352359915373,1,32923.126661032176,0.0,"POLYGON ((7543.899004338813 336591.6560290847, 7526.987325509845 336536.83234568563, 7511.255504260396 336545.13532904163, 7522.320004281345 336553.94932904653, 7539.385504334101 336592.2062290888, 7543.966197651414 336592.24312053004, 7543.899004338813 336591.6560290847))",953345.1754157969,0.035,0.0
1108,-1.08953242838536,0.357356151085787,1.11944662247259,1.15135212541586,0.149173544981175,3,55960.41472699173,104.71003524028995,"POLYGON ((8890.19900716803 337998.7160299774, 8891.429007167073 337996.1960299676, 8904.339200911858 337974.63211856055, 8895.069007157757 337979.30602994, 8886.377388904242 338000.4460868988, 8890.19900716803 337998.7160299774))",1329771.4365420213,0.042,0.0
1109,-1.12877993541291,-0.448733776257029,0.63905139123821,0.813365054443003,-0.314942915441467,3,100184.4935528301,27313.188145751144,"POLYGON ((8589.689005069235 335844.69602683093, 8572.289180864092 335850.98849622137, 8576.946405057137 335849.33282685094, 8591.026405070583 335844.8428268302, 8591.414996369547 335844.1461381426, 8589.689005069235 335844.69602683093))",3821375.389735228,0.026,0.007
1110,-1.36042158534972,-0.710362389739191,-0.464785742892799,-0.122941669883822,-0.874808214640377,1,108650.54421139578,1361.2369038362558,"POLYGON ((9132.764405305474 335276.69552537147, 9145.309005345845 335307.2060254086, 9224.909005423542 335278.0960252797, 9210.509005381948 335249.92602524906, 9132.764405305474 335276.69552537147))",2141672.0281684706,0.051,0.001
1111,-1.47530473511496,-0.988618924797746,-1.18451043429591,-2.68148805909278,-1.62665428256837,1,92989.66682792822,110189.54073074489,"POLYGON ((10351.253545934975 335379.00727751123, 10402.768807088753 335494.4960244363, 10402.850607105955 335516.14412447065, 10410.13800711501 335516.14372446295, 10409.874907107067 335506.87082444876, 10405.619007103154 335506.83602445386, 10405.239007096603 335499.406024443, 10413.103007103651 335496.67602442857, 10417.769007108074 335495.23602442443, 10428.018507113984 335486.0025243964, 10429.269007115232 335484.87602439616, 10433.229007118329 335482.0760243861, 10430.569007110247 335477.24602438044, 10448.909007120552 335459.7260243343, 10448.465007118211 335458.6580243334, 10435.039007075402 335426.3760242928, 10429.153507022078 335367.6835242072, 10358.678906936895 335373.5585242864, 10357.568606937471 335375.62102429103, 10355.366820848887 335375.87039965147, 10351.253545934975 335379.00727751123))",1901961.380773948,0.049,0.058
1112,-1.23092408831793,-0.683770337168545,-0.293579571985722,0.705779148263263,-0.632099503004405,2,831459.5292343324,441535.0742087289,"POLYGON ((11362.506208465798 335696.86542378925, 11371.120608505618 335732.08292383887, 11375.427808512155 335733.7298238352, 11420.273008555481 335715.7410237603, 11407.098208510706 335680.7769237207, 11362.506208465798 335696.86542378925))",2618915.1625451897,0.317,0.169
1113,-0.882387625746981,-0.275193950073976,0.0221218013372479,0.444933527490788,-0.341856403726227,2,142555.36616151154,83.40176337337029,"POLYGON ((8589.689005069235 335844.69602683093, 8591.414996369547 335844.1461381426, 8595.226405070935 335837.31282681227, 8584.076405034064 335808.90282678045, 8557.646404932395 335723.80282666907, 8550.546404922825 335722.8828266775, 8473.10640484167 335744.4028267879, 8410.766004777484 335763.30942688417, 8409.389204786768 335777.53672690596, 8406.176504790865 335786.71562692244, 8399.751304788839 335794.97662694287, 8356.15160474324 335806.9091270063, 8349.249304754469 335832.5273270551, 8343.33910475934 335847.96472708415, 8339.528504772601 335870.371127123, 8352.994904828423 335919.42162718903, 8368.559904893857 335976.1523272684, 8370.24640489872 335980.2228272697, 8373.856404907641 335984.92282727174, 8383.214704914666 335978.9333272567, 8352.939004789532 335870.24352711346, 8378.639904791038 335831.6921270229, 8442.89210486246 335818.3828269392, 8523.207504946056 335795.43552681897, 8539.128705010171 335851.54552689474, 8554.696405035334 335857.24282688554, 8572.289180864092 335850.98849622137, 8589.689005069235 335844.69602683093))",757800.7572415227,0.188,0.0
1201,0.157646746782778,-0.686406567385706,-0.0107859648880702,0.0910478695992612,-0.180769655962516,3,30061.608664879568,1311.5188617508443,"POLYGON ((81.22879630073882 338394.7829395132, 74.8787963035746 338408.5413395427, 123.0329963834346 338431.8247395316, 131.49969638111176 338415.94963949546, 81.22879630073882 338394.7829395132))",290951.3499382554,0.103,0.005
1202,-0.80726402223232,-1.03244363847499,-1.12219155699067,-0.860767324307393,-1.04740581561104,1,62853.93547370087,80.52813258201716,"POLYGON ((532.7570963965499 337796.20143809915, 570.6960964564623 337811.32573808543, 593.767096492216 337819.78513807524, 596.8432964909381 337813.1201380631, 574.5412964553374 337804.1481380714, 554.802696423651 337795.6887380779, 560.9549964166981 337776.2065380383, 578.8990963981739 337725.4503379399, 522.5032963055951 337699.5594379548, 474.310496227084 337677.513837968, 462.77499622298654 337691.10013800487, 457.39179622841255 337707.5061380323, 440.21669624871464 337758.51873813476, 426.88679626517063 337801.58463821746, 427.6557962691315 337804.91713821795, 437.65319628569836 337809.01863821875, 456.1099963143411 337816.45263820793, 476.10489634514863 337823.373938201, 477.13029634374254 337819.7851381926, 482.2571963481402 337816.4526381828, 487.12769635106673 337812.09473817144, 489.9474963507783 337807.73693816084, 493.53639634995244 337800.81563814543, 497.894196350808 337794.9197381297, 503.5337963563966 337793.38163812645, 512.5058963640745 337788.25473810825, 532.7570963965499 337796.20143809915))",664620.8958835795,0.095,0.0
1203,-1.63379492745112,-1.6119144130645,-3.09985833662229,-2.23404884437849,-2.18740666652767,1,4270.844955460931,44.37440610064995,"POLYGON ((-182.21166573276932 337234.12075363315, -182.21100496239293 337234.1210379228, -182.21128103737777 337234.1180081811, -182.21166573276932 337234.12075363315))",556923.3022800112,0.008,0.0
1204,-0.163493787342184,-0.809064625774227,-0.560463805373995,-0.471611150324234,-0.550710333677715,2,10919.022001221767,0.0,"POLYGON ((74.25759561920823 337554.8307381738, 16.04909554351176 337552.1849382324, 14.726195556623653 337570.7057382623, 47.79919560258318 337575.9974382371, 71.61169562534336 337566.73703820165, 79.54929565403118 337587.9037382249, 107.3305956791337 337575.99743817747, 83.51799562257432 337544.2474381523, 74.25759561920823 337554.8307381738))",377661.79888379376,0.029,0.0
1205,-0.320819866369017,-0.755475131621475,-0.503678301428773,-0.659066284322111,-0.613258784617023,2,26742.955482244473,0.0,"POLYGON ((-432.3910053277674 337175.9260380836, -469.75100538690293 337161.11603809614, -469.752853721257 337161.1205520036, -469.75100538650776 337161.121038096, -432.3920053276761 337175.9335380839, -423.13300532320415 337166.9335380588, -423.1364464607411 337166.9313264243, -432.3910053277674 337175.9260380836))",419100.5830309136,0.064,0.0
1206,0.357918879481485,-0.382248556850642,0.0638357929572445,0.2807995386217,0.0547485821893439,3,411.47621245407265,0.0,"POLYGON ((-662.6915048395182 338153.10183987673, -661.4557048285735 338165.10643989686, -622.8381047824494 338160.29573985096, -623.5884047910204 338151.29233983625, -662.6915048395182 338153.10183987673))",457410.13654245716,0.001,0.0
1207,-0.755779767204302,-0.657401576485721,-1.09627836044852,-1.20355194056744,-0.948224923993595,1,48214.12839064264,224.96608241857672,"POLYGON ((-764.4866060071116 336855.1433379045, -737.4798059542944 336879.2417379189, -669.3396058198035 336938.6566379424, -578.3475056493066 337006.3813379556, -507.7144055318589 337040.4514379399, -500.6511055319219 337030.4797379179, -506.8834055490137 337018.4305379065, -532.2282055827596 337016.76853793114, -616.5725057397746 336954.44523791596, -715.8744059279952 336876.33333789185, -743.7121059776722 336858.88273789175, -749.5290059975827 336842.67863787245, -764.4866060071116 336855.1433379045))",839897.728096003,0.057,0.0
1208,-0.56934906788623,-0.679489974233515,-0.421310122416298,-0.18259862320415,-0.573720486657628,2,11732.019715206756,0.0,"POLYGON ((-321.64100586290874 336331.32603661995, -325.1110058507323 336352.4060366554, -325.7108137333439 336368.07843650924, -318.6495058555569 336335.12563662324, -318.4853525344604 336331.0220516627, -321.64100586290874 336331.32603661995))",666730.8365284612,0.018,0.0
1209,-1.51173872323986,-1.40103458958374,-2.92961379972897,-3.28787399288844,-2.22767761997279,1,25616.51302848129,27.1969000921587,"POLYGON ((-269.0486065823431 335349.1969349906, -387.1424067013236 335388.81063517556, -461.1379067740104 335415.71813529264, -547.0923068605674 335444.12043542415, -650.2376069753186 335464.30103555974, -702.5576070358837 335472.5227356283, -672.660406979468 335495.6930356333, -550.0820068580716 335452.3421354424, -407.32300670856495 335412.72843523324, -331.8327066275109 335392.5478351228, -262.3217065558606 335371.6198350219, -235.41430652690016 335365.64033498894, -124.04730643769655 335300.61403476726, -130.77420645482746 335290.1500347564, -269.0486065823431 335349.1969349906))",579248.7822517068,0.044,0.0
1210,-0.516783401683415,-0.371984130754028,0.0556493810979872,0.198718360249562,-0.281750067321044,3,36897.34544002137,996.5011071595504,"MULTIPOLYGON (((-762.8210071374968 335442.55603564065, -766.8810071498827 335432.0760356253, -767.5410071519292 335430.7360356264, -768.2110071539262 335429.4060356254, -768.8810071555812 335428.0660356246, -769.5510071572219 335426.73603562266, -770.2310071596943 335425.4060356198, -770.9110071619123 335424.0760356188, -771.1210071623922 335423.66603561677, -771.4310071634628 335423.06603561994, -771.5910071629293 335422.7460356159, -772.281007166139 335421.42603561655, -772.9710071677849 335420.1060356153, -773.6610071694207 335418.77603561245, -774.3610071715057 335417.456035614, -775.0610071735888 335416.1460356107, -775.7710071756829 335414.82603560854, -776.48100717778 335413.516035608, -777.1910071791475 335412.20603560563, -777.9010071811718 335410.88603560627, -778.6210071827982 335409.5860356018, -779.3410071851671 335408.2760355994, -780.0710071867973 335406.97603560146, -780.3010071879668 335406.5660356004, -780.7210071895258 335405.8060356006, -780.8010071889314 335405.6660355991, -781.5310071910553 335404.3660355974, -782.2710071932179 335403.06603559665, -783.011007194307 335401.77603559475, -783.7510071970971 335400.4760355912, -784.5010071981171 335399.18603559304, -785.2510072010758 335397.8960355902, -786.0010072021864 335396.6060355883, -786.7610072048337 335395.32603558805, -787.5210072069887 335394.0360355871, -788.2810072088486 335392.75603558496, -789.0510072099952 335391.4760355847, -789.8210072132583 335390.1960355835, -790.5910072141411 335388.91603558324, -791.3710072166709 335387.6460355837, -793.4998871994803 335384.1888800599, -795.4110072251667 335384.3085355796, -762.8210071368135 335442.558535642, -762.8198763580524 335442.5584419681, -762.8210071374968 335442.55603564065)), ((-805.9447071935061 335440.57283568196, -776.8426071558542 335440.80753565114, -805.9447072352232 335389.05743559543, -805.9447071935061 335440.57283568196)))",1400547.8969442397,0.026,0.001
1211,0.0475646469246896,0.122305324525309,0.238282312245,0.261552959334417,0.155301633344427,3,52512.81974814334,615.4625798260552,"POLYGON ((-2141.3639085174727 335909.78073778097, -2131.2044084692066 335953.60293784086, -2127.5652084323992 335993.9376379037, -2071.6122083772966 335973.46703781653, -2104.668408489081 335888.400337711, -2141.3639085174727 335909.78073778097))",1851568.794520611,0.028,0.0
1301,1.08919224723016,1.3395299860104,0.887742951523605,-0.0403370874521169,1.05526289847619,5,944368.5152762929,25517.235599049345,"POLYGON ((-1234.9124053010285 338486.5903409887, -1208.4317052118402 338554.6310410714, -1044.766105052862 338493.5783408098, -1045.5016050574775 338488.7970408024, -1041.0882050532111 338486.5903407959, -1035.2036050482416 338484.0158407837, -1031.893505045521 338481.8091407772, -1028.2156050430622 338479.6023407681, -1025.273305041704 338476.29224076215, -1023.8022050413006 338474.82114075683, -1021.963205040765 338471.14324074984, -1021.963205042507 338469.30434074625, -1021.9632050443334 338467.4653407447, -1022.3310050491015 338461.94854073785, -1023.4344050550272 338457.1673407275, -1026.7445050629542 338451.65044072364, -1030.4223050782928 338438.7779407045, -1031.1579050811638 338435.8356407033, -1033.364605085928 338433.62884070165, -1035.203605090183 338431.7899407018, -1041.4560050997254 338429.5832407074, -1049.9151051127888 338427.7442407068, -1064.6266051260018 338433.26114073116, -1069.0401051356366 338428.8476407295, -1234.9124053010285 338486.5903409887))",2193809.827726932,0.43,0.012
1302,1.87901206788038,2.2833367158507,1.02067297948511,1.1162705304622,1.93515711131641,5,113547.43135456847,4.135656149676043,"POLYGON ((-2719.953007481726 338122.4939419087, -2718.7928074745764 338128.5251419153, -2613.402907358867 338106.52514177375, -2616.954007379827 338086.40014174674, -2719.953007481726 338122.4939419087))",1351699.0502494948,0.084,0.0
1303,0.723451282795378,0.391807254842531,0.347767313278044,0.499211640916601,0.569264256191868,4,5046.767701650712,16325.997164342034,"POLYGON ((-4550.683009017727 339114.6501453426, -4554.712809015184 339125.1501453649, -4544.852908995194 339133.24394536763, -4456.692708894478 339119.3376452569, -4461.203008918629 339096.9314452242, -4471.41300894794 339076.0564452, -4487.843108984422 339056.868945186, -4506.812909018571 339043.3064451851, -4550.683009017727 339114.6501453426))",800809.8623998357,0.006,0.02
1304,1.44267581031726,1.36724649537269,0.824625560026887,0.798815313336001,1.33983715474264,5,649636.3876576268,64546.218212830216,"MULTIPOLYGON (((-5705.311010117172 339578.456047249, -5826.941010039054 339869.52604783606, -5922.593792081878 340098.0398309188, -5922.571009978264 340098.0060482975, -5883.211010001091 340004.94604810514, -5882.724010002496 340003.81204810366, -5882.181010002511 340002.54604810476, -5881.801010002207 340001.6460481016, -5881.491010003251 340000.9060481023, -5881.10401000288 339999.99604809843, -5879.741010004048 339996.77604809124, -5879.507010003962 339996.23704809044, -5879.468010003983 339996.1450480912, -5879.391010004512 339996.1360480925, -5874.941010006721 339986.0860480694, -5871.4790100084465 339977.8900480503, -5866.041010012065 339965.01604802534, -5865.931010011659 339965.08604802936, -5860.221010016515 339950.646048001, -5851.3070100208215 339929.46104795765, -5851.232010021934 339929.28304795735, -5850.824010021456 339928.313047952, -5850.719010022162 339928.0640479531, -5845.801010024941 339916.37604792975, -5845.031010025669 339914.5160479266, -5840.598010028347 339903.7840479035, -5839.641010029509 339901.4660478998, -5837.43101003064 339896.4620478889, -5831.62101003374 339883.3060478633, -5827.226010037517 339872.2050478412, -5827.13101003666 339871.96604783833, -5826.559010036787 339870.60104783624, -5825.411010037416 339867.8660478322, -5824.980010036947 339868.0030478304, -5824.8110100376025 339868.0560478335, -5824.775010036477 339867.9940478299, -5824.690010037176 339867.8490478303, -5824.361010037397 339867.2860478293, -5824.611010037031 339867.12604783196, -5825.001010038224 339866.87604782823, -5824.451010038961 339865.55604782514, -5823.989010037453 339865.7420478277, -5823.831010037473 339865.80604782794, -5823.4710100380835 339864.9160478227, -5824.061010039237 339864.6760478262, -5824.03101003935 339864.54604782443, -5818.141010042997 339850.7660477944, -5813.1210100454455 339838.8360477723, -5803.261010051431 339815.4060477251, -5802.374010052492 339813.2880477207, -5795.471010057633 339796.79604768846, -5787.431010061904 339777.97604765, -5777.021010069078 339753.00704759825, -5775.446010069322 339749.22904758994, -5775.394010069251 339749.1050475901, -5774.6820100695895 339747.3980475869, -5773.681010071156 339744.9960475825, -5770.889010072454 339738.2660475699, -5765.691010076869 339725.7360475445, -5762.463010078362 339717.9340475276, -5759.522010079818 339710.8260475164, -5758.866010080016 339709.2410475109, -5758.781010080092 339709.036047508, -5755.996010082501 339702.3060474964, -5753.1160100843435 339695.3470474854, -5752.617010084834 339694.1390474802, -5752.340010085324 339693.47104747593, -5749.408010087469 339686.3860474657, -5749.131010086903 339685.7160474658, -5743.079010091529 339671.3170474367, -5740.1430100928455 339664.3300474221, -5738.061010094056 339659.3760474138, -5729.927010099014 339640.08904737234, -5729.061010099489 339638.03604736924, -5727.721010100359 339634.99204736017, -5722.651010103066 339623.47604733706, -5722.305010103362 339622.5890473351, -5719.261010105246 339614.7860473227, -5718.59101010419 339614.99604731984, -5718.261010104205 339614.11604731623, -5718.891010106499 339613.80604732037, -5717.6500101065385 339611.039047312, -5717.321010107362 339610.2060473105, -5711.078010111627 339595.1050472781, -5709.020910112648 339590.12884726934, -5704.241010115337 339578.56604724843, -5704.278010115691 339578.49404724874, -5706.121010120681 339574.8860472413, -5710.501010134271 339565.2260472346, -5715.511010149166 339554.31604722235, -5716.572010152646 339552.02004721854, -5721.452010167187 339541.4630472064, -5723.641010174537 339536.72604720015, -5726.918010183578 339529.4980471907, -5727.74301018681 339527.6780471904, -5729.082010189995 339524.724047184, -5730.176010194187 339522.3120471854, -5730.628010195323 339521.3140471829, -5730.905010195675 339520.70404718537, -5731.242010197296 339519.96004717983, -5736.911010214237 339507.45604716893, -5740.341010224516 339499.99604715686, -5742.42601023 339495.45404715464, -5743.798010234943 339492.4670471493, -5743.8640102348745 339492.3220471507, -5744.478010237327 339490.98604714684, -5744.579010237069 339490.76504714694, -5745.95801024095 339487.76204714645, -5746.150010241717 339487.343047142, -5746.669010244092 339486.21404714324, -5746.910010244725 339485.68904714007, -5747.032030087764 339485.42326716136, -5705.311010117172 339578.456047249)), ((-5784.001010519768 339200.70604672655, -5715.8710103713265 339277.65604677703, -5771.14101036621 339373.49604698643, -5774.490137160891 339379.5281887473, -5768.428810365895 339368.93774697743, -5768.351810364666 339368.80324697774, -5766.392410362379 339369.87084697466, -5712.525510366744 339278.57114677504, -5906.968822527839 339038.8465351566, -5784.001010519768 339200.70604672655)), ((-5860.001011019551 338697.80604599975, -5890.23101103254 338731.6160460813, -6009.801011151302 338771.806046268, -6010.391011151627 338773.1760462709, -6015.891011148044 338785.9060462974, -6018.351011147459 338790.96604630724, -6084.761011118541 338931.53604659904, -6014.093595740094 338950.5376254875, -6010.627211019347 338937.5386465341, -6012.011011020969 338937.7860465348, -6023.8810110398335 338933.17604654003, -6013.081011041835 338913.796046501, -6002.291011043002 338894.6260464592, -5990.555911043989 338875.15014641266, -5977.901011044774 338854.94604636915, -5963.651011045816 338829.7860463122, -5974.141011063893 338824.48604631703, -5958.46101106828 338793.5460462533, -5945.381011053785 338790.5160462316, -5944.791011055504 338788.126046231, -5932.412111040706 338787.0944462158, -5931.360511043635 338782.3626462072, -5932.477611044964 338782.4775462048, -5952.479011068027 338785.32904623076, -5965.571011082923 338786.9460462462, -5977.487611097134 338787.77964626066, -5989.4810111128045 338787.9980462752, -5999.991011126693 338787.65604628343, -6012.891011143842 338786.806046295, -6007.361011146625 338774.9160462711, -5901.4594110391445 338739.402946108, -5898.011211037019 338738.2466461025, -5898.013011035612 338738.1840460999, -5898.150911038482 338735.7709460985, -5898.171811038593 338735.4035460986, -5889.041011029173 338732.37604608387, -5888.246011028893 338731.45904608164, -5887.473011028936 338730.5670460798, -5879.925311025737 338721.85524605773, -5869.365011022768 338709.66604602523, -5859.271011019135 338698.01604599785, -5859.844011021188 338696.63504599594, -5868.01901104679 338676.9480459746, -5872.486011061346 338666.1900459593, -5872.492011061592 338666.1750459578, -5872.504011061069 338666.14704596344, -5874.0750110663075 338662.3640459571, -5875.017011069226 338660.09504595306, -5879.3807110833795 338649.5858459389, -5888.267111112208 338628.18514591455, -5889.266111115111 338625.7791459132, -5889.765111117111 338624.5773459114, -5891.6271111221295 338620.0932459077, -5894.894170232705 338612.2253793095, -5860.001011019551 338697.80604599975)), ((-5886.141011168561 338554.5560457958, -5899.425602683933 338585.61239722994, -5897.839811161115 338581.9891458517, -5894.486311162776 338574.32784583606, -5894.350611162371 338574.01774583664, -5893.158411163356 338571.29374582786, -5891.895311164253 338568.40784582496, -5890.150011164445 338564.42004581727, -5889.732411165632 338563.46584581304, -5886.021011168045 338554.9860457992, -5886.394009975559 338552.2107870315, -5886.141011168561 338554.5560457958)), ((-5791.911011315923 338220.65604516957, -5876.431011409088 338238.70604528394, -5876.461345994453 338238.7387550278, -5859.612911390119 338235.32634525653, -5847.874011377591 338232.94894524384, -5824.4245113514 338228.19984521344, -5796.843111319998 338222.6137451753, -5791.743911314225 338221.5809451677, -5791.621011314567 338221.5560451681, -5790.870011316536 338217.6400451595, -5790.846811317221 338217.51914516, -5790.549311317299 338215.9681451572, -5786.045323398482 338192.48710190516, -5791.911011315923 338220.65604516957)), ((-5902.261011953421 337600.4560442893, -5901.668755516964 337602.4649140886, -5899.425679351363 337599.82865153986, -5902.261011953421 337600.4560442893)))",2771166.727155472,0.234,0.023
1305,1.27703229943656,1.4917394498764,0.728865842883861,0.845318290871981,1.31550205170649,5,90460.2912314277,14858.805039118271,"POLYGON ((-4409.101009987579 337679.716042907, -4414.6608105138685 337680.36731953354, -4414.611009993878 337680.736042914, -4407.492009985546 337679.7960429052, -4407.508741757987 337679.65588408126, -4409.101009987579 337679.716042907))",1334818.5189457326,0.068,0.011
1306,1.20185544802857,1.51143273854011,0.859867339233665,1.06442872406116,1.35973820593585,5,21588.993823024848,648.2677172205906,"POLYGON ((-3202.8364088523904 337178.79414088745, -3175.726308813324 337184.2161408691, -3158.918008802807 337170.3899408281, -3168.135508820305 337164.1546408292, -3187.112508847801 337159.8170408383, -3216.1203088876555 337155.20834086183, -3236.724008917195 337151.95514087845, -3281.9978089704155 337156.8349409308, -3293.1130089809703 337162.5280409539, -3321.8497090114206 337167.6789409891, -3356.550609049923 337176.89644103684, -3364.141409054189 337183.4028410576, -3372.8166090531945 337198.85554108955, -3341.097809005632 337207.2597410744, -3340.555609016922 337192.34914105013, -3331.6093090071663 337189.3670410309, -3286.6065089569706 337181.505140977, -3251.9056089195496 337173.3721409282, -3202.8364088523904 337178.79414088745))",614604.6070336279,0.035,0.001
1307,0.174928483116207,0.141508438375416,0.13905046476968,-0.811472036542034,-0.00731539803711245,3,24265.975638912205,0.0,"POLYGON ((-2524.082907918268 337265.8376403395, -2500.101907897748 337253.1814402919, -2472.2528078739683 337238.4939402444, -2484.142907916182 337205.0564402016, -2500.1019079535263 337183.27514018305, -2507.5448079718176 337173.0876401765, -2522.822907977327 337189.6814402146, -2600.1129081360136 337114.4939401746, -2584.0858081309975 337096.33764012996, -2591.9130081464195 337089.52514012624, -2614.433008170954 337093.6189401541, -2631.2528081981336 337087.02514016256, -2636.751808204662 337088.4939401699, -2632.34290818059 337110.4314402016, -2693.375808245444 337126.3064402882, -2689.262808231997 337136.65014030226, -2677.5328081967295 337160.9939403292, -2663.1830081627368 337181.65014034696, -2655.6029081437923 337193.02514035814, -2655.883908137031 337202.77514037304, -2631.112908104966 337202.4939403469, -2632.3829081447116 337155.93144027423, -2599.7628081039143 337155.11894023884, -2598.193008063355 337202.2439403115, -2552.572908005177 337201.5564402668, -2551.802907988742 337222.9939402994, -2668.8158081366682 337223.3376404187, -2681.2709081430435 337236.21264045034, -2590.7538079538626 337326.80644050613, -2545.102907931643 337282.74394038785, -2524.082907918268 337265.8376403395), (-2602.3029080091246 337276.4939404372, -2613.3029080147603 337286.7126404634, -2631.4928080530235 337268.0564404512, -2620.2628080480104 337256.80644042324, -2602.3029080091246 337276.4939404372))",437746.3611912008,0.055,0.0
1308,0.427466504117511,0.583138263401162,-0.201181273021319,-0.24429432264738,0.291473652723224,4,33982.0009766315,6654.820142350237,"POLYGON ((-3134.7158100692154 335552.8268382158, -3166.4262101030117 335561.30113825947, -3092.6175098926647 335706.4582384173, -3052.7061098520726 335692.79003835376, -3053.25290993237 335593.8316381974, -3054.3463099584533 335563.48813814856, -3061.180509976276 335552.28013813775, -3075.9422099973985 335548.1796381464, -3134.7158100692154 335552.8268382158))",1587059.932948348,0.021,0.004
1309,-0.633060104743013,-0.414816965705253,-0.502002852126157,-0.608671352054188,-0.593113696789005,2,454307.7548069077,11092.662633689939,"POLYGON ((-4598.913011356003 336275.6189408498, -4578.622911326711 336280.2751408359, -4534.4330112703 336279.5564407911, -4519.28311125271 336277.6501407735, -4463.073111196446 336258.40014068503, -4466.152711209413 336246.2439406691, -4526.093111270042 336265.90014076326, -4582.232811339188 336269.0564408237, -4630.95301141332 336254.7439408498, -4642.542811423522 336260.1189408684, -4696.462811457917 336302.71264099516, -4686.622911444089 336304.6189409867, -4656.772811425034 336280.18144091964, -4636.803111409221 336267.71264087874, -4623.502811393927 336266.900140862, -4598.913011356003 336275.6189408498))",1481338.1334499533,0.307,0.007
1311,1.61266673367654,2.56198002854032,1.45827064864892,1.35545279715897,2.06489512628721,5,102518.17825436802,31286.622054354855,"POLYGON ((-5207.20101224396 336134.6660412401, -5174.741012203433 336134.1960412031, -5191.841012229836 336127.75604121573, -5210.201012260025 336119.3860412203, -5214.841012268469 336116.4660412185, -5225.781012289718 336107.43604121543, -5236.801012306485 336103.50604122225, -5264.661012337386 336109.92604125664, -5265.881012307502 336148.3160413187, -5251.90101228597 336153.83604131266, -5246.231012277068 336155.48604131024, -5243.761012269464 336160.5360413175, -5231.5510122484375 336167.4960413147, -5207.751012210126 336177.53604130633, -5209.941012237768 336147.53004126344, -5207.20101224396 336134.6660412401), (-5214.741012261251 336125.4760412313, -5214.761012258484 336128.2660412332, -5233.521012282365 336128.8960412564, -5233.6710122691675 336144.9760412844, -5214.931012245549 336145.9760412639, -5214.951012242353 336148.76604126673, -5236.6010122708185 336148.56604129076, -5237.279512273542 336144.93994128704, -5263.701012307856 336144.7160413144, -5263.551012320165 336128.61604128685, -5240.153612292707 336127.3394412594, -5240.141012293697 336124.81604125537, -5214.741012261251 336125.4760412313))",1636649.514036825,0.063,0.019
1401,0.338634632543287,-0.2580889154521,0.206477315743272,0.332045442985231,0.129412141992987,3,13817.052421774835,0.0,"POLYGON ((-1879.0310045741692 340418.1260447232, -1876.9524045757655 340414.041544714, -1879.6369045867139 340403.52204470243, -1879.6510045871976 340403.5260447012, -1881.631004588587 340403.8760447018, -1884.5994045927753 340404.5540447077, -1885.5710045928552 340404.7760447068, -1885.851004593918 340405.0060447119, -1886.0610045945464 340405.09604470804, -1886.3010045934197 340405.1460447088, -1888.9310045964692 340405.80844471324, -1896.7425046051217 340407.7760447236, -1897.7610046057614 340408.03254472744, -1899.6010046086412 340408.4960447289, -1901.0210046098298 340408.83604473155, -1902.0851046109253 340409.1060447302, -1908.3910046179697 340410.70604474004, -1908.971004618723 340410.826044742, -1909.811004619368 340411.01074474305, -1910.381004619756 340411.13604474533, -1910.8710046211083 340411.241544744, -1922.2310046332989 340413.68634476233, -1923.3910046349677 340413.9360447619, -1923.971004635251 340414.0260447599, -1925.2410046362822 340414.23474476393, -1926.1010046376505 340414.3760447623, -1934.3910046471606 340415.7255447712, -1938.5710046517906 340416.4060447812, -1938.8170046462933 340423.8406447917, -1933.9849046396146 340423.7822447866, -1923.517504626745 340423.09134477563, -1915.8010046166842 340423.22604476754, -1911.0510046095642 340424.7460447671, -1901.0410045978297 340424.80604475643, -1887.5744045828424 340421.4014447378, -1879.0310045741692 340418.1260447232))",519988.59282618086,0.027,0.0
1402,-0.420732752058733,-1.02542946248173,-0.631717996229736,-0.643834984028195,-0.770959120858533,2,5407.133345564838,0.0,"MULTIPOLYGON (((-1252.5152514467154 339274.3258947129, -1252.5110046912523 339274.3397422647, -1250.8642373071825 339274.2580573729, -1252.5152514467154 339274.3258947129)), ((-1209.6610046285257 339285.5960422382, -1243.361004670174 339287.26604227535, -1245.0559785388457 339279.3601571212, -1243.361004670797 339287.277242274, -1209.4965877038346 339285.60041212314, -1209.6610046285257 339285.5960422382)))",388888.30034911755,0.014,0.0
1403,0.6437810638283,-0.0253100277405487,0.121307861179364,0.299652823614749,0.306672947989847,4,49846.74797707141,37815.01360452356,"MULTIPOLYGON (((-1310.7010051449656 338800.996041568, -1310.8810051446794 338800.8560415702, -1311.0610051460694 338800.7060415698, -1311.2410051460051 338800.56604156736, -1311.4110051453986 338800.416041567, -1311.5810051470946 338800.26604157034, -1311.7510051468141 338800.1060415646, -1311.9110051473974 338799.9560415689, -1311.9210051473017 338799.9460415663, -1312.071005147456 338799.7960415678, -1312.2310051486697 338799.6360415686, -1312.3410051479634 338799.51604156755, -1312.3910051490586 338799.46604156774, -1312.541005148009 338799.2960415706, -1312.7010051491657 338799.1260415707, -1312.8410051495068 338798.9560415698, -1312.8910051495477 338798.89604156744, -1312.9910051501765 338798.77604156826, -1313.1310051492942 338798.5960415667, -1315.6310051518994 338799.68604157027, -1319.1510051638845 338789.93604155816, -1325.4010051864923 338772.60604153946, -1325.9924063913695 338770.9668822981, -1325.9930051885137 338770.9670415353, -1315.8810051529151 338799.9160415707, -1310.5762729738783 338801.08612591436, -1310.7010051449656 338800.996041568)), ((-1295.981005124073 338804.22604156006, -1296.901005126245 338802.16604155675, -1297.1010051268565 338802.2660415536, -1297.3110051272201 338802.3660415588, -1297.5210051270963 338802.4660415584, -1297.73100512723 338802.5560415564, -1297.9410051280834 338802.6460415581, -1298.1510051278271 338802.72604156006, -1298.3610051283165 338802.8060415592, -1298.5710051278975 338802.8860415593, -1298.7910051275396 338802.95604155865, -1299.0110051282704 338803.0360415587, -1299.2310051293507 338803.0960415611, -1299.4510051284185 338803.1560415616, -1299.6710051287826 338803.2160415631, -1299.8910051294984 338803.27604156267, -1300.11100512951 338803.3160415618, -1300.2861702763025 338803.3558518223, -1295.9413740039806 338804.3141995622, -1295.981005124073 338804.22604156006)))",939030.9991774728,0.053,0.04
1404,-0.505169013537522,-0.556507740422331,-0.399993762054598,-0.439448363721635,-0.548047385443628,2,39350.30744745986,0.0,"POLYGON ((-2239.8210058856257 339352.7360433908, -2240.4697058860997 339352.78209388914, -2240.469705883947 339355.47594339214, -2239.4344953249597 339355.4069304555, -2239.8210058856257 339352.7360433908))",984983.448632422,0.04,0.0
1405,0.0676842673412967,0.254558996275096,0.325326557342813,0.402420636413662,0.25383090701656,4,6668.711026573737,25.08367140830837,"POLYGON ((-2850.581106121702 340028.0585450828, -2845.0511060994813 340048.0585451089, -2834.9309060723226 340065.4335451275, -2798.1209060584006 340024.5585450232, -2850.581106121702 340028.0585450828))",1140609.177390975,0.006,0.0
1406,-0.246554768221532,-0.205459984648055,0.0752015194073902,-0.233310551206541,-0.196470604268663,3,48025.74470774635,22554.056582472844,"POLYGON ((-4351.881408481503 339468.6569457082, -4350.117208467094 339482.5746457288, -4389.125808514426 339486.6910457732, -4388.929708505446 339497.6683457913, -4488.313408616282 339516.878645923, -4488.705508611688 339522.75934593007, -4351.489308439798 339519.6229457883, -4302.091508386162 339507.6655457197, -4313.264808435976 339462.7762456592, -4351.881408481503 339468.6569457082))",979486.9444611145,0.049,0.023
1407,-1.31069152811184,-1.30209349452108,-2.06029315128172,-1.7383891580345,-1.66927406408476,1,3331.0651863988,0.0,"POLYGON ((-4349.014380377499 339951.94733897265, -4353.35150810296 339943.11814646516, -4357.704008109305 339942.3927464681, -4433.147608182783 339970.8653465891, -4421.91996511437 339995.07500329724, -4349.014380377499 339951.94733897265))",164937.77613875832,0.02,0.0
1408,0.0860645520896206,0.302259691470128,0.0348672283521246,-0.35400031959466,0.0846295686610656,3,64062.90846358852,274.2230415984897,"POLYGON ((-3586.097507049034 340039.21324584074, -3557.3562070143157 340037.6065458134, -3558.4273070315335 340017.79114578106, -3735.873707240719 340038.49914599396, -3734.9811072291227 340052.2449460132, -3585.3835070522678 340035.64284583647, -3586.097507049034 340039.21324584074))",1117431.005972051,0.057,0.0
1409,-0.865794689353494,-1.27314000187229,-6.28090191837662,-4.85853533048097,-2.85183847774592,1,464212.2960467301,9540.79855721478,"POLYGON ((-4454.611006908825 341595.82604920026, -4455.006115760671 341596.58159774763, -4357.2050066701595 341738.8800493311, -4342.7350066427625 341751.0600493327, -4310.205006598211 341754.09004930686, -4254.205006536063 341743.2800492337, -4243.21500651933 341746.94004922826, -4234.635006448195 341822.7200493356, -4222.535006414984 341843.91004936583, -4209.99500639871 341844.23004934844, -4185.525006363413 341850.7200493328, -4157.145006323742 341854.74004931375, -4104.485006261217 341848.3000492472, -4075.665006226692 341844.74004921596, -4036.105006186091 341834.8800491607, -4038.9950061980485 341823.3500491418, -4037.7641384075064 341822.88987145474, -4037.871006197681 341822.60604914, -4038.121006197734 341821.95604914054, -4028.9910061897817 341817.9560491219, -4028.671006189351 341817.8060491262, -4028.3510061898633 341817.65604912397, -4028.0310061887153 341817.50604912266, -4027.7010061886035 341817.36604912113, -4027.371006187935 341817.22604912426, -4027.041006187899 341817.09604912344, -4026.711006187521 341816.9660491189, -4026.381006186796 341816.8360491218, -4026.0510061869136 341816.7060491219, -4025.7210061870624 341816.5960491188, -4025.511006185928 341816.51604911685, -4025.381006185773 341816.47604912054, -4025.0510061857876 341816.36604911555, -4024.9010061864765 341816.31604911666, -4024.7110061854537 341816.2560491171, -4024.371006185527 341816.14604911674, -4024.0310061853747 341816.0460491162, -4023.8410061848854 341815.9960491136, -4023.6910061851268 341815.9560491191, -4023.551006183349 341815.9160491163, -4023.3510061854586 341815.85604911577, -4023.12100618396 341815.79604911525, -4023.001006183486 341815.7660491131, -4022.661006183171 341815.68604911584, -4022.3110061838665 341815.6060491139, -4022.241006183581 341815.58604911435, -4021.9710061835767 341815.5260491129, -4021.7010061821757 341815.4660491133, -4021.621006182363 341815.4460491128, -4021.2710061822027 341815.3760491144, -4020.9210061816298 341815.3160491111, -4020.5710061817745 341815.2560491124, -4020.2310061813596 341815.19604911096, -4019.8710061804477 341815.13604911044, -4019.5210061800963 341815.08604911156, -4019.171006179179 341815.04604910966, -4018.821006179554 341814.9960491117, -4018.4710061791707 341814.9560491126, -4018.271006179243 341814.9460491091, -4018.1110061783183 341814.9260491086, -4017.881006177728 341814.90604910813, -4017.7610061776904 341814.89604910836, -4017.411006177443 341814.8660491081, -4017.051006177074 341814.8460491076, -4016.701006176891 341814.8260491071, -4016.351006176724 341814.8160491083, -4015.991006175511 341814.8060491076, -4015.6810061757765 341814.79604910593, -4015.641006175795 341814.79604910687, -4015.28100617481 341814.796049105, -4014.931006175164 341814.7960491041, -4014.7810061744503 341814.796049105, -4014.5710061742657 341814.79604910687, -4014.3310061733555 341814.8060491057, -4014.22100617401 341814.806049102, -4013.8610061737622 341814.8160491027, -4013.7710061729686 341814.82604910433, -4013.5110061721125 341814.8360491032, -4013.151006172719 341814.85604910366, -4012.8010061715013 341814.88604910485, -4012.6510061720046 341814.8960491037, -4012.451006170931 341814.91604910325, -4012.181006171569 341814.9360491019, -4012.091006170697 341814.94604910165, -4011.741006170394 341814.9860491017, -4011.391006170309 341815.0260491017, -4011.1710061694307 341815.05604910105, -4011.0410061694965 341815.0660491027, -4010.6910061691883 341815.1160491016, -4010.33100616801 341815.1760491021, -4009.981006167983 341815.226049101, -4009.7410061677388 341815.2660490973, -4009.6310061672884 341815.28604909964, -4009.291006166873 341815.356049099, -4008.9410061661533 341815.42604910024, -4008.7734828009543 341815.45955377247, -4000.885006157124 341814.2000490902, -3996.7154803780363 341820.7685675025, -3996.6910061471067 341820.7860490959, -3996.571006146655 341820.87604909483, -3996.4010061461313 341820.99604909774, -3996.121006145657 341821.2160490975, -3995.831006144502 341821.42604909744, -3995.5510061443247 341821.6460490972, -3995.2810061437062 341821.86604909506, -3995.2610061435457 341821.88604909554, -3995.001006142683 341822.0960490946, -3994.7310061428093 341822.3260490978, -3994.4610061420085 341822.55604909826, -3994.20100614192 341822.7860490987, -3993.9410061413337 341823.02604909614, -3993.6710061400595 341823.26604909915, -3993.601006141578 341823.3360490985, -3993.411006140605 341823.5060490975, -3993.2010061400956 341823.7160490984, -3993.161006139569 341823.75604909565, -3992.911006139625 341824.0060491003, -3992.661006138653 341824.25604909845, -3992.5610061386283 341824.356049099, -3992.4110061379574 341824.5160491001, -3992.1710061373105 341824.76604909915, -3991.921006136353 341825.02604909893, -3991.691006137075 341825.28604909964, -3991.451006136094 341825.55604909826, -3991.2210061359197 341825.8260490978, -3990.9910061348014 341826.09604909644, -3990.761006134157 341826.3660491016, -3990.5410061334546 341826.6460491009, -3990.3210061330506 341826.9260491021, -3990.1010061336524 341827.2060491014, -3989.891006132677 341827.4860490998, -3989.781006131987 341827.62604910135, -3989.681006132367 341827.776049098, -3989.471006132041 341828.05604910105, -3989.2710061313865 341828.34604909923, -3989.071006130233 341828.636049103, -3988.871006129228 341828.93604910094, -3988.8210061297273 341829.0160491001, -3988.671006129135 341829.23604910076, -3988.4810061292064 341829.53604910057, -3988.291006128428 341829.8360491013, -3988.1110061283116 341830.1360491039, -3988.081006127726 341830.18604910467, -3987.9310061284223 341830.43604910467, -3987.7510061268645 341830.7460491024, -3987.581006126766 341831.056049102, -3987.531006126906 341831.1460491037, -3987.411006125962 341831.3660491016, -3987.241006126046 341831.68604910467, -3987.0810061256852 341831.9960491061, -3986.9210061245067 341832.31604910456, -3986.7610061236765 341832.62604910415, -3986.651006124461 341832.8660491053, -3986.6110061239856 341832.95604910795, -3986.461006123058 341833.27604910266, -3986.321006123014 341833.5960491048, -3986.171006121921 341833.9260491077, -3986.091006121735 341834.11604910716, -3986.0310061221076 341834.246049108, -3985.901006121692 341834.5760491062, -3985.881006121216 341834.6260491079, -3985.7710061216144 341834.90604910906, -3980.561006105891 341846.68604911957, -3979.281006103449 341846.3360491181, -3969.8710060937824 341843.69604910724, -3965.391006089521 341842.80604910105, -3958.8310060817244 341841.4960490912, -3947.591006068442 341839.9160490781, -3946.461006067374 341839.846049075, -3936.2710060551044 341839.19604906347, -3930.0451932847814 341839.0317795927, -3930.035006047333 341839.0300490558, -3929.976699765383 341839.0299723758, -3928.691006045372 341838.9960490577, -3924.9110060409084 341838.89604905155, -3913.5710060261977 341838.906049042, -3908.291006018886 341838.9460490346, -3902.5074638035703 341838.99384690303, -3890.495005996181 341838.97804902215, -3853.685005949942 341838.92904897965, -3783.386465495205 341837.034471491, -3779.451005857198 341836.43604890164, -3779.0573558707974 341836.3771192628, -3715.916005796107 341812.8980487976, -3704.9856984747075 341807.276529946, -3700.3810057819187 341804.51604877133, -3698.33117761875 341803.28761603334, -3671.3510057616318 341784.716048711, -3687.821005837 341716.73604861833, -3684.0610058590873 341683.62604856025, -3727.931005980166 341602.14604847785, -3678.2476060194613 341473.1096482184, -3666.85100605393 341412.46604811493, -3680.77100608036 341400.9750481099, -3899.9310064328024 341309.59604818467, -3880.4110064632514 341238.5460480545, -3967.8110065973606 341211.44604809675, -3995.451006577879 341279.36604823265, -4094.7910067186954 341260.65604830533, -4264.111006958206 341231.58604842704, -4254.83500700732 341154.96004829835, -4443.655007282578 341111.22004841734, -4490.305007341214 341113.03004846815, -4561.715007416419 341132.6300485702, -4618.155007477396 341145.6200486487, -4636.43500750947 341135.47004864644, -4676.515007601147 341084.5000486104, -4690.973007637997 341061.37404858787, -4745.38500767854 341097.60004870035, -4747.855007670574 341110.8900487218, -4716.375007606465 341141.46004874073, -4686.645007557721 341154.4900487317, -4665.5050075222625 341165.7300487263, -4651.3150074908035 341182.14004874136, -4642.745007465323 341199.6400487609, -4631.965007436009 341219.7600487815, -4610.38500738747 341246.44004880264, -4501.325007207697 341297.04004877247, -4486.415007167158 341323.4900488015, -4480.2250071439075 341343.49004882574, -4500.885007136445 341385.59004891664, -4524.813573956234 341423.27192390355, -4523.611007134997 341424.00604899693, -4541.90100713522 341452.5760490643, -4543.541007128558 341462.27604907844, -4542.499809780192 341465.1885094326, -4536.993333470852 341476.61159158667, -4454.611006908825 341595.82604920026), (-3735.2310060655213 341505.5860483311, -3763.522006045179 341577.7660484724, -3751.681005982888 341636.4810485551, -3758.4710059781114 341653.4760485906, -3820.0910061216896 341570.54604852106, -3856.0610061935904 341538.81604850944, -3736.081006073614 341496.1160483137, -3735.2310060655213 341505.5860483311))",1008456.2636292482,0.46,0.009
1410,0.634824941251315,0.545843345135712,0.669491497834256,0.38402538602227,0.631667431696907,4,1097534.1379425437,187993.0377834057,"POLYGON ((-6034.691009982693 340270.2660486838, -6044.811009991506 340275.79604870547, -6056.051009999874 340281.59604872484, -6059.301010003038 340283.0860487297, -6067.871010011596 340287.0260487441, -6073.2010100155185 340289.37604875676, -6078.261010020855 340291.5960487602, -6078.331010020333 340291.6260487614, -6084.941010027485 340294.20604877453, -6101.121010042654 340300.7560488004, -6114.9010100558025 340306.04604882374, -6128.831010069921 340310.79604884423, -6141.25101008184 340314.9160488611, -6148.971010090531 340317.40604887437, -6152.501010093768 340318.5460488824, -6165.171010106473 340321.9660488991, -6175.351010118843 340324.33604891226, -6175.471010119005 340324.36604891066, -6178.32101012193 340324.8260489153, -6179.261010122556 340324.9660489168, -6185.410630887974 340325.98235467065, -6185.9246101107965 340350.2419489641, -6169.551110089365 340351.55854894966, -6138.131110050841 340349.37104891427, -6098.130210007996 340339.4960488584, -6057.60090996727 340324.6522487942, -6017.43090993181 340305.1835487224, -5977.910909899832 340282.90224864986, -5938.13110987179 340255.3397485623, -5749.241009740941 340117.1210481543, -5740.250809736956 340109.058548131, -5657.441209686651 340038.87104793545, -5603.301109649714 339999.99604781717, -5566.4510096234135 339973.55854773894, -5485.930909565558 339916.96474756394, -5471.981209556402 339907.1210475359, -5467.580809553877 339903.4022475267, -5456.961209545631 339896.15224750154, -5305.370909440298 339786.52724717744, -5323.551109479819 339766.4647471644, -5478.491009589605 339875.6522474941, -5489.171209598022 339882.80854751635, -5493.451009600236 339886.4022475276, -5507.321109609694 339896.12104755454, -5584.289576434362 339950.2198119929, -5616.731009688639 339973.2760477867, -5624.991009693792 339979.1660478059, -5654.221009714559 339999.9960478721, -5659.16100971747 340003.51604788005, -5695.1010097432 340029.03604795504, -5698.321009745666 340031.3460479649, -5706.241439020706 340035.93431427196, -5761.640909790952 340074.8710480975, -5771.790809798302 340082.1210481189, -5937.701009911459 340204.58974848036, -5988.491009945485 340242.9647485949, -6018.750809969579 340261.3397486536, -6032.232609979745 340269.53164867964, -6034.365697690741 340270.0801559452, -6034.691009982693 340270.2660486838))",3168897.0789505886,0.346,0.059
1411,1.03170093237153,1.40991934317465,1.33048477811155,1.32665784071194,1.39479322654477,5,280047.0965047652,74204.51653890075,"POLYGON ((-6715.921010595705 340587.6960498784, -6773.198039852181 340603.56226303475, -6802.041810686972 340611.55855000485, -6798.261010660718 340637.3085500393, -6715.810810559012 340633.96474995185, -6711.76101055383 340633.24604994804, -6713.0808105645065 340622.43354993034, -6715.651210593666 340590.02724988107, -6715.70887478068 340589.5267033848, -6715.921010595705 340587.6960498784))",3002189.7898627063,0.093,0.025
1412,0.662322670699182,0.85471924498944,0.878745016237695,0.97140952868545,0.9034690214781,4,17166604.034414098,1504299.0328274132,"MULTIPOLYGON (((-7894.511012256769 340388.776050752, -7932.263091799167 340412.2017001658, -7932.130112286553 340412.29195082746, -7924.476812280378 340407.5469508115, -7909.227012268152 340398.0920507824, -7895.090212256987 340389.3277507527, -7894.331433343866 340388.8573115745, -7894.511012256769 340388.776050752)), ((-7796.209601224665 340433.1231491162, -7795.871012095984 340433.27605072036, -7783.969012077825 340437.5020507183, -7767.312288141229 340443.41636411345, -7796.209601224665 340433.1231491162)), ((-7510.251011678115 340499.99605054036, -7516.321011687779 340498.2660505455, -7528.941011705911 340494.6760505503, -7595.711011806729 340475.64605058916, -7657.431011900175 340457.8260506224, -7693.611011946653 340457.0060506575, -7730.779831500307 340456.38806549396, -7730.701011993794 340456.4160506949, -7728.399011991244 340456.4712506905, -7662.4800119057045 340458.05205062684, -7659.381011901823 340458.126050625, -7658.794411901066 340458.2912506247, -7658.781011901801 340458.2950506238, -7655.843011896722 340459.12305062264, -7524.218011699148 340496.2280505514, -7512.961911682183 340499.40105054434, -7510.851011678727 340499.9960505413, -7509.765511677536 340500.2639505407, -7506.434264566722 340501.0860182796, -7510.251011678115 340499.99605054036)), ((-7419.43406437315 340481.1102177541, -7419.2235115777175 340481.0880504213, -7419.191011577811 340480.8160504177, -7419.074111580634 340477.4944504164, -7419.071011580798 340477.4060504129, -7419.031011580877 340476.906050412, -7419.019844670326 340476.76367230376, -7419.43406437315 340481.1102177541)), ((-7419.00101158032 340476.49605041184, -7419.0010115803625 340476.52355040883, -7418.991011580684 340476.39605041407, -7418.9899023446405 340476.3774037734, -7419.00101158032 340476.49605041184)), ((-7412.9710116395745 340394.29605027474, -7413.201913362555 340397.6433179498, -7412.982011638656 340394.8060502745, -7412.9600116385955 340394.53405027464, -7412.912465447986 340393.76523146784, -7412.9710116395745 340394.29605027474)))",20327414.800682757,0.845,0.074
1501,-0.243560320253833,-0.964472852896695,-0.64258142177993,-0.417861881654361,-0.643072374732186,2,38372.959877731315,0.0,"POLYGON ((-533.3334031018617 340120.3118428886, -514.5151030701177 340129.38484288566, -507.1223030750888 340110.7907428462, -534.4535031129905 340107.65434287116, -533.3334031018617 340120.3118428886))",446819.83108736743,0.086,0.0
1502,0.0814287530027066,-0.909155724778497,-0.304688307512571,0.387426668631563,-0.29091532780593,3,11645.67379393224,0.0,"POLYGON ((-500.9798451448719 339889.89980114903, -500.4210032440712 339888.62104248535, -500.4228509723901 339888.62028704386, -500.9798451448719 339889.89980114903))",396249.7474858393,0.029,0.0
1503,0.0678103080589672,-0.91723169263433,-0.605646080109875,-0.367562995795069,-0.494266634795125,2,17634.395502152754,0.0,"POLYGON ((70.33399677015544 338999.99604049046, 65.09899677504535 339013.6522405166, 82.4789968007342 339019.2147405073, 90.07999679636484 338999.9960404709, 98.10899678896742 338979.7147404291, 95.41899678537757 338978.68354043085, 80.51899676204617 338973.43354043737, 70.33399677015544 338999.99604049046))",681895.5667104481,0.026,0.0
1504,-0.211458222431847,-1.13050225549168,-0.552078064416181,-0.820900131490005,-0.750430757977488,2,13659.779942541703,33375.66295191359,"POLYGON ((-215.03900406144808 338413.9609398423, -219.53690407042842 338409.4629398417, -226.94530408265993 338406.0233398415, -231.70780408882086 338404.9650398446, -238.32240409774374 338404.1713398509, -333.5726042191127 338404.70043994766, -334.36630421758696 338408.9338399563, -298.1183041653816 338414.7546399273, -296.79540416770965 338409.72753991745, -290.44540416013547 338409.99213991314, -205.24940402731687 338439.89013987314, -203.66190402714696 338438.03803986777, -215.03900406144808 338413.9609398423))",408466.7520821167,0.033,0.082
1505,-0.245587970245834,-0.876672092010354,-0.836988900742278,-0.589616663370726,-0.679071756554558,2,133057.32881354797,9897.613271513115,"POLYGON ((-1300.11100512951 338803.3160415618, -1299.8910051294984 338803.27604156267, -1299.6710051287826 338803.2160415631, -1299.4510051284185 338803.1560415616, -1299.2310051293507 338803.0960415611, -1299.0110051282704 338803.0360415587, -1298.7910051275396 338802.95604155865, -1298.5710051278975 338802.8860415593, -1298.3610051283165 338802.8060415592, -1298.1510051278271 338802.72604156006, -1297.9410051280834 338802.6460415581, -1297.73100512723 338802.5560415564, -1297.5210051270963 338802.4660415584, -1297.3110051272201 338802.3660415588, -1297.1010051268565 338802.2660415536, -1296.901005126245 338802.16604155675, -1295.981005124073 338804.22604156006, -1295.9413740039806 338804.3141995622, -1295.6610051230318 338804.37604156043, -901.2210047638147 338626.61604087614, -1007.3510048670908 338666.5160410479, -1151.4310050035108 338724.5460412847, -1325.9924063913695 338770.9668822981, -1325.4010051864923 338772.60604153946, -1319.1510051638845 338789.93604155816, -1315.6310051518994 338799.68604157027, -1313.1310051492942 338798.5960415667, -1312.9910051501765 338798.77604156826, -1312.8910051495477 338798.89604156744, -1312.8410051495068 338798.9560415698, -1312.7010051491657 338799.1260415707, -1312.541005148009 338799.2960415706, -1312.3910051490586 338799.46604156774, -1312.3410051479634 338799.51604156755, -1312.2310051486697 338799.6360415686, -1312.071005147456 338799.7960415678, -1311.9210051473017 338799.9460415663, -1311.9110051473974 338799.9560415689, -1311.7510051468141 338800.1060415646, -1311.5810051470946 338800.26604157034, -1311.4110051453986 338800.416041567, -1311.2410051460051 338800.56604156736, -1311.0610051460694 338800.7060415698, -1310.8810051446794 338800.8560415702, -1310.7010051449656 338800.996041568, -1310.5762729738783 338801.08612591436, -1300.2861702763025 338803.3558518223, -1300.11100512951 338803.3160415618))",767746.7947183272,0.173,0.013
1506,-0.282064633215916,-0.98432797479002,-0.58363517922734,-0.411361888377972,-0.652556603959531,2,13943.654442882767,271.76308384469405,"POLYGON ((-980.2910041867428 339472.49604230747, -999.481004176564 339516.4960423969, -996.5110041661264 339525.05854240526, -968.5310041210946 339536.52724239696, -962.1410041160623 339533.7147423839, -943.8910041262233 339491.02724229824, -947.0710041355577 339484.33974229265, -973.0710041804433 339470.2147422936, -980.2910041867428 339472.49604230747))",526663.565532929,0.026,0.001
1507,-0.756184127887857,-0.962503949412708,-0.960467940684172,-0.406382056123589,-0.888668645050985,1,29318.762712309603,98.26547606585176,"POLYGON ((-1125.1510037398464 340262.62104371283, -1121.1610037251173 340274.49604372587, -1079.221003687218 340256.12104365695, -1084.0310037015036 340244.6522436412, -1125.1510037398464 340262.62104371283))",688467.6804912449,0.043,0.0
1601,0.213389866040405,-0.965032872022055,-0.524342907992422,-0.404608426627189,-0.44990660287638,2,15040.11983110893,0.0,"POLYGON ((-51.2810014902871 341370.1860443931, -51.17100148752754 341372.47604439594, 27.955398594011495 341349.8893442787, 18.694998568692093 341332.69144426007, -51.2810014902871 341370.1860443931))",511393.3967000963,0.029,0.0
1602,-0.298220291162835,-1.23490632239976,-0.880704962801862,-0.853260684767563,-0.887927393274782,1,10917.779815839369,0.0,"POLYGON ((121.46239830872109 340843.7764433827, 127.01359831560225 340844.06134337466, 175.19699838105345 340848.903843333, 180.4379983370999 340785.27724322677, 125.60899826412647 340781.3085432751, 121.46239830872109 340843.7764433827))",300580.793367545,0.036,0.0
1603,-0.848354156477674,-0.899232122806836,-0.706583259876601,-0.789912054093119,-0.923340947122701,1,9614.628185591326,0.0,"POLYGON ((-1709.4301042514257 340551.8846447654, -1700.7891042191586 340579.82394480053, -1673.137904185653 340576.3675447712, -1682.426904218099 340551.4526447356, -1693.6603042456525 340534.8906447226, -1709.4301042514257 340551.8846447654))",692933.672645744,0.014,0.0
1604,-0.238903271047821,-0.717115562751647,-0.185214522546131,-0.210167523158946,-0.4268182815633,2,11303.884751686013,0.0,"POLYGON ((-912.3910025325741 341436.93604536727, -972.0505205737959 341450.86880400457, -969.6155025925177 341451.5329454513, -964.3238025864783 341451.0037454469, -911.9362025284507 341440.15584537573, -909.0258025259479 341438.03914536815, -909.3670478821153 341436.3329068687, -912.3910025325741 341436.93604536727))",386133.892436061,0.029,0.0
1605,-0.196618939079924,-0.614825533719521,-0.165204459106838,0.0742197028385316,-0.317026254057624,3,9558.364424388772,0.0,"POLYGON ((-1486.5511029084453 341878.37104665115, -1489.1310029088288 341881.6210466586, -1480.7920028664748 341920.99604671635, -1476.0110028586976 341923.0272467118, -1420.5310027987969 341910.2772466345, -1418.88100279939 341906.52724662796, -1429.1310028459177 341865.1522465721, -1486.5511029084453 341878.37104665115))",582205.0104743962,0.016,0.0
1606,-0.567101421200959,-0.63313822109938,-0.708776351978743,-0.777374889076168,-0.718935073869337,2,69347.5729044509,0.0,"POLYGON ((-1723.8210034140916 341622.49604648445, -1653.8910033385619 341606.96474638954, -1653.892982394796 341606.9564861789, -1723.8210034140916 341622.49604648445))",751698.6714778461,0.092,0.0
1607,-0.186039406582914,-0.519938867778344,-0.169744492692135,-0.603355348681791,-0.404183949787116,2,7970.488841660928,0.0,"POLYGON ((-1949.737704338956 340824.92144544236, -1940.2564042880163 340873.5317455102, -1933.7851042719615 340882.26054551825, -1927.1632042597284 340887.5279455185, -1941.3099043303002 340822.9650454307, -1949.737704338956 340824.92144544236))",424236.099074209,0.019,0.0
1608,-0.430281496556318,-0.0560699800341566,0.644915215605316,0.433449992481574,0.0195450276362944,3,12564.65737082254,0.0,"POLYGON ((-3441.061006040679 341069.766047338, -3441.062168466513 341069.7804614187, -3439.4810060377927 341070.2772473376, -3435.5110060450206 341054.2772473069, -3427.7410060473594 341039.83974727616, -3437.7213255792617 341029.4599034042, -3441.061006040679 341069.766047338))",997746.8428363765,0.013,0.0
1609,1.53184125831674,1.73509778915844,1.46071534091969,1.19674285629483,1.7001806558525,5,1502436.9755141512,128508.14656116941,"GEOMETRYCOLLECTION (POLYGON ((-4998.221007167559 342137.6960506113, -5000.513016772155 342136.8356866481, -4999.991007170352 342137.03605061304, -4989.691007154312 342140.9060506085, -4998.221007167559 342137.6960506113)), POLYGON ((-4937.971007075815 342156.8760505831, -4932.615007067545 342158.1201505782, -4927.251007060069 342159.36605057307, -4937.971007075815 342156.8760505831)), POLYGON ((-4927.251007060069 342159.36605057307, -4916.30100704506 342160.10485056415, -4916.281007045644 342160.10605056677, -4927.251007060069 342159.36605057307)), POLYGON ((-4916.281007045644 342160.10605056677, -4916.12100704529 342160.1168505652, -4898.651107021662 342161.2894505486, -4879.378006996447 342162.5828505298, -4849.531006956855 342164.586050502, -4916.281007045644 342160.10605056677)), POLYGON ((-4842.521006947775 342165.05605050083, -4849.531006956855 342164.586050502, -4842.520606947394 342165.05675049685, -4838.931006946628 342161.6160504883, -4842.521006947775 342165.05605050083)), POLYGON ((-4710.8610068071 342131.3060503127, -4723.861006827704 342125.80605031643, -4710.861006806933 342131.30705031194, -4704.653132138526 342128.3677523161, -4710.8610068071 342131.3060503127)), POLYGON ((-4508.081057785571 342032.5148993732, -4507.825206629208 342031.045949948, -4507.817880303045 342031.00309093995, -4508.081057785571 342032.5148993732)), POLYGON ((-4507.809387783595 342030.9543061336, -4507.8084066284255 342030.9490499459, -4507.371006630209 342028.43604994286, -4507.809387783595 342030.9543061336)), POLYGON ((-4497.33292037475 342007.85817022994, -4495.286206632589 342005.2728498941, -4495.284809192733 342005.2708535506, -4497.33292037475 342007.85817022994)), POLYGON ((-4476.32100662718 341983.5460498398, -4477.251006626876 341984.3660498392, -4489.911006634272 341995.6660498744, -4482.671306630118 341989.2108498551, -4481.780206629848 341988.4168498516, -4481.7010066297735 341988.34604985267, -4477.246106626662 341984.375949841, -4477.244006627128 341984.3740498433, -4476.679206626374 341983.8708498385, -4475.961261126401 341983.23104570847, -4476.32100662718 341983.5460498398)), POLYGON ((-4378.561006567859 341901.5060496116, -4386.061006575869 341904.5060496209, -4392.543892317688 341910.18354620057, -4391.093706577035 341908.9303496359, -4386.321006575014 341904.80604962446, -4385.9221065743595 341904.63674962334, -4383.19910657292 341903.47974961717, -4378.457223645298 341901.46478652174, -4378.561006567859 341901.5060496116)), POLYGON ((-4368.471006558917 341897.4760495946, -4374.991006564854 341900.08604960516, -4375.176375699372 341900.1601972586, -4375.08700656489 341900.1300496049, -4367.467006557054 341897.5593495928, -4367.454033890451 341897.555037762, -4368.471006558917 341897.4760495946)), LINESTRING (-4962.121007110595 342151.24605059717, -4937.971007075815 342156.8760505831), LINESTRING (-4838.931006946628 342161.6160504883, -4829.761006934158 342160.36605047714), LINESTRING (-4828.7010069367525 342157.5660504736, -4826.701006937548 342152.2460504621), LINESTRING (-4826.701006937548 342152.2460504621, -4734.511006838287 342128.5460503325), LINESTRING (-4697.931006795892 342125.18605028745, -4686.451006787381 342116.686050266), LINESTRING (-4686.451006787381 342116.686050266, -4675.4510067734 342116.99605025444), LINESTRING (-4675.4510067734 342116.99605025444, -4633.131006718189 342118.1860502111), LINESTRING (-4633.131006718189 342118.1860502111, -4622.131006704443 342118.4960502004), LINESTRING (-4622.131006704443 342118.4960502004, -4616.471006691758 342125.68605020735), LINESTRING (-4616.471006691758 342125.68605020735, -4589.52100666512 342115.3060501665), LINESTRING (-4589.52100666512 342115.3060501665, -4581.411006660718 342107.8760501435), LINESTRING (-4581.411006660718 342107.8760501435, -4534.9110066352005 342065.3160500284), LINESTRING (-4534.9110066352005 342065.3160500284, -4531.1510066341125 342061.866050018), LINESTRING (-4531.1510066341125 342061.866050018, -4529.481006636059 342055.7460500095), LINESTRING (-4529.481006636059 342055.7460500095, -4510.171006620885 342044.43604996987), LINESTRING (-4507.371006630209 342028.43604994286, -4506.261006632761 342023.8060499327), LINESTRING (-4506.261006632761 342023.8060499327, -4503.281006635183 342015.36604991835), POINT (-4492.331006633821 341999.9960498819))",3716142.302818746,0.404,0.035
1610,-0.508468798110836,-1.25868574732404,-0.990312280650817,-0.897659029480833,-1.00299411917387,1,8144.760317588248,0.0,"POLYGON ((-383.54100201626727 341239.8085445203, -366.861001937335 341312.7147446191, -311.06100187676014 341299.87104454264, -328.0010019564263 341226.9960444439, -383.54100201626727 341239.8085445203))",305398.8326897206,0.027,0.0
1701,0.344325607269659,-0.609967842476821,0.14263506185581,0.295704890808212,-0.0171925459066608,3,28422.14605860145,0.0,"POLYGON ((198.64899953887027 342262.49604556337, 162.14899950201382 342273.83974561375, 147.09899948704302 342278.99604563974, 158.2489995469481 342335.71474571805, 221.23899961187635 342316.12104562484, 210.3489995607459 342270.9647455616, 211.09899955639946 342264.6522455495, 209.49299954995178 342258.3085455429, 198.64899953887027 342262.49604556337))",668985.6562567769,0.042,0.0
1702,0.133835395867629,-0.929414142338888,-0.499564064642058,-0.289599558734996,-0.44030332348231,2,16191.080981512547,0.0,"POLYGON ((-488.91100172330175 341774.7772454759, -498.242001657479 341872.6210456444, -420.6620015569432 341874.5897455681, -421.93700159875584 341824.49604549166, -423.1610016379727 341776.40224541724, -423.30100164267566 341770.9335454069, -488.91100172330175 341774.7772454759))",638261.5903964948,0.025,0.0
1703,-0.125588647804528,-0.691183246251824,-0.440965203243423,-0.0808915313658479,-0.398698313048356,2,23009.495398926345,0.0,"MULTIPOLYGON (((-1813.550660916721 342697.84909468424, -1812.011002666673 342698.1360482853, -1811.28747430842 342698.2463608362, -1813.550660916721 342697.84909468424)), ((-1506.6541752626713 342700.9518972755, -1502.011002271383 342700.01604797505, -1497.7878271266648 342698.68480571767, -1506.6541752626713 342700.9518972755)))",760316.6269332482,0.03,0.0
1704,0.952264361021148,1.15481823330785,0.967399478608979,0.811153717175897,1.10851170595148,5,19087.36426455606,712.0862813326057,"MULTIPOLYGON (((-1465.3133073790343 343151.5079651837, -1566.7384019605834 343193.319348827, -1565.008001954836 343196.5033488311, -1464.6139156109896 343153.3643667766, -1465.3133073790343 343151.5079651837)), ((-1150.241001560294 343031.03604814596, -1437.0110018280197 343151.65604862757, -1439.5111449579629 343152.8349209751, -1438.5410018292328 343153.2160486318, -1149.7396618871526 343031.69704063074, -1150.241001560294 343031.03604814596)))",1311182.2797897107,0.015,0.001
1705,1.0093722893024,1.1147438325653,0.448318972057186,0.434277872832772,0.949082493304301,4,70952.53068437472,23652.276486201976,"GEOMETRYCOLLECTION (POLYGON ((-3953.8810050648867 343105.7760510938, -3953.8812496198348 343105.7792922621, -3953.881005063795 343105.77635109704, -3953.668105064711 343105.6119510969, -3953.6481050646466 343105.596551097, -3952.7910050635946 343104.93605109584, -3938.72090505444 343093.98715106305, -3938.681005055591 343093.9560510637, -3953.8810050648867 343105.7760510938)), LINESTRING (-3914.431005030555 343086.2960510263, -3907.901005026484 343080.92605101224))",1799465.0714384771,0.039,0.013
1706,1.13595609291231,1.37751548187973,0.583644619972478,0.566243584866125,1.14256826748955,5,5141504.32943659,436147.515532533,"GEOMETRYCOLLECTION (POLYGON ((-5791.871007800372 342608.29605216254, -5808.841007831734 342597.156052161, -5809.601007833538 342596.65605216287, -5812.0010078373425 342595.07605216093, -5826.58100786944 342577.18605214823, -5831.873206038906 342567.761049463, -5831.875707884755 342567.76335213706, -5836.16590788672 342571.7121521486, -5836.181007886467 342571.72605215106, -5828.641007871526 342579.0360521525, -5818.891007851691 342588.4860521564, -5811.351007836367 342595.79605216347, -5802.521007820982 342601.46605216153, -5792.320107801472 342608.0122521641, -5791.585884828937 342608.4834253201, -5791.871007800372 342608.29605216254)), POLYGON ((-5690.181007602204 342695.2860521972, -5693.5110076074225 342693.2860522, -5697.4410076131835 342692.5660522012, -5717.431007641574 342689.4660522174, -5717.438032041934 342689.4651741675, -5717.403107641345 342689.48125221767, -5716.611007640278 342689.84605221637, -5712.171007633722 342690.5360522112, -5697.511007612724 342692.79605220165, -5693.561007607758 342693.4060522001, -5690.158435396948 342695.2996236477, -5690.181007602204 342695.2860521972)), POLYGON ((-5664.951007547392 342723.54605221935, -5676.491007564743 342719.92605222296, -5677.481007566297 342719.6160522215, -5677.48375587348 342719.61517276324, -5677.482407566077 342719.6211522268, -5677.371007566516 342720.11605222523, -5664.458907546042 342723.9368522186, -5664.433017366416 342723.94450620207, -5664.951007547392 342723.54605221935)), POLYGON ((-5643.431007507372 342740.2060522232, -5643.451007506991 342740.0960522201, -5651.7588388878685 342733.70755243144, -5645.491007510801 342738.5960522229, -5643.430513406201 342740.2085867792, -5643.431007507372 342740.2060522232)), POLYGON ((-5611.441007446766 342763.8560522292, -5611.481007447087 342763.7660522256, -5616.161007454614 342761.9260522295, -5621.481007463259 342759.8660522308, -5624.991007468029 342759.06605223194, -5637.731007486495 342756.14605224226, -5637.7386502215 342756.1443682498, -5637.72680748638 342756.1629522415, -5637.59100748602 342756.3760522455, -5636.7710074859115 342756.5660522422, -5624.601007467926 342759.39605223294, -5622.961007464063 342759.7760522347, -5611.447107447496 342763.8553522285, -5611.440253270602 342763.85778110084, -5611.441007446766 342763.8560522292)), POLYGON ((-5565.1410073196785 342849.5560523169, -5574.351007331256 342850.0460523302, -5575.951007332689 342850.12605232745, -5575.95528291416 342850.1262773581, -5575.331007331302 342850.7260523336, -5573.331007328975 342850.68605232704, -5565.331007318876 342850.5360523155, -5563.707403598081 342850.5117881283, -5565.1410073196785 342849.5560523169)), POLYGON ((-5542.751007263445 342883.5360523481, -5545.101007268344 342882.39605234936, -5549.101007274833 342880.42605234776, -5549.103951657671 342880.4246086504, -5549.001007274452 342880.5460523525, -5546.881007270412 342881.55605235044, -5545.104807268317 342882.4107523486, -5543.312107265571 342883.2731523486, -5541.9308474300315 342883.9377251586, -5542.751007263445 342883.5360523481)), POLYGON ((-5497.0810071701635 342928.22605237365, -5497.1910071709235 342927.99605237506, -5515.51913909581 342916.93717955746, -5515.513707202156 342916.9468523748, -5515.441007202006 342917.076052377, -5499.991007175311 342926.5560523737, -5497.084007169908 342928.2260523727, -5497.07991516173 342928.22840299876, -5497.0810071701635 342928.22605237365)), POLYGON ((-5422.401007067313 342937.96605231334, -5438.881007085452 342940.48605233245, -5451.111007099704 342942.8460523505, -5457.461007106368 342944.65605236124, -5460.851007110521 342945.1060523614, -5462.441007114163 342943.9860523632, -5464.91100712034 342938.08605235536, -5468.871007128403 342934.8760523554, -5471.861007132743 342934.79605236184, -5474.691007134752 342936.6060523633, -5475.381007134519 342937.196052365, -5485.841007141071 342946.1660523899, -5488.971007146029 342945.69605239294, -5491.051007151853 342941.206052389, -5491.097189683661 342941.1066412345, -5491.090307151518 342941.12325238716, -5489.001007145272 342946.1660523927, -5485.541007140631 342946.5560523905, -5480.301007137282 342941.9160523787, -5474.461007133609 342936.7960523637, -5472.121007132198 342935.4060523594, -5468.9820071286795 342935.53605235554, -5468.741007127247 342935.54605235904, -5464.661007120235 342938.73605235945, -5462.351007112879 342944.5260523632, -5460.311007109469 342945.5660523642, -5451.51100709882 342943.6860523531, -5424.491007068969 342938.8360523181, -5421.731007066366 342938.4160523135, -5401.294007039137 342939.7287522955, -5400.711007037798 342939.7660522936, -5422.401007067313 342937.96605231334)), POLYGON ((-5400.711007037798 342939.7660522936, -5400.584007037999 342939.8019522922, -5390.1210070222505 342942.7560522901, -5400.711007037798 342939.7660522936)), POLYGON ((-5321.931006946943 342929.16605219524, -5320.129106944322 342928.64495219756, -5319.9088244099985 342928.5811233621, -5321.931006946943 342929.16605219524)), POLYGON ((-5319.045806967394 342928.4789297018, -5319.045006942832 342928.47895219177, -5316.62100693953 342928.54605219234, -5319.045806967394 342928.4789297018)), POLYGON ((-5259.311006862971 342934.71605214383, -5257.178906858278 342937.24095214624, -5256.541006856449 342937.99605214596, -5259.311006862971 342934.71605214383)), POLYGON ((-5120.271006629882 343004.76605211385, -5108.153906610443 343008.5107521061, -5104.64100660601 343009.5960521074, -5120.271006629882 343004.76605211385)), POLYGON ((-5080.681006571363 343014.75605208986, -5079.801006563605 343022.1360521037, -5078.586506553742 343032.2609521169, -5078.49110655365 343033.0560521176, -5078.491006857403 343033.0560495799, -5080.681006571363 343014.75605208986)), POLYGON ((-5057.081006526092 343032.51605209615, -5047.391006510011 343038.1060520923, -5047.3859065096685 343038.10895209387, -5037.861006493716 343043.59605209343, -5057.081006526092 343032.51605209615)), POLYGON ((-4890.450489884203 343117.8628435122, -4890.387906246526 343117.901852062, -4890.381006245722 343117.9060520623, -4890.450489884203 343117.8628435122)), POLYGON ((-4855.661006190524 343132.15605204925, -4873.561006215609 343130.17605206184, -4862.6310061995255 343131.3860520553, -4848.691006181584 343132.93605204206, -4837.761006165917 343134.1460520346, -4855.661006190524 343132.15605204925)), POLYGON ((-4753.7510060592185 343134.0660519488, -4736.195006032344 343140.43295193836, -4736.021006032516 343140.49605194107, -4753.7510060592185 343134.0660519488)), POLYGON ((-4707.34100599091 343145.1360519212, -4700.501005982653 343144.6160519151, -4690.641005972245 343143.8610519022, -4689.531005970296 343143.7760518994, -4707.34100599091 343145.1360519212)), POLYGON ((-4670.711005952435 343135.136051869, -4666.491005947414 343135.196051863, -4662.858005942998 343135.24225186, -4639.821005913277 343135.53605183493, -4639.604005912306 343135.5389518365, -4628.8210058997865 343135.6760518234, -4670.711005952435 343135.136051869)), POLYGON ((-4618.0910058840045 343138.10605181847, -4587.753905840021 343144.97675179876, -4587.271005839422 343145.08605179936, -4618.0910058840045 343138.10605181847)), POLYGON ((-4573.001005819167 343147.1460517859, -4527.008005758644 343150.5977517478, -4526.36100575702 343150.6460517477, -4573.001005819167 343147.1460517859)), POLYGON ((-4475.231005681959 343163.5860517137, -4451.443005650228 343164.62205169443, -4450.891005650282 343164.6460516909, -4475.231005681959 343163.5860517137)), POLYGON ((-4374.99100555072 343167.9460516218, -4450.891005650282 343164.6460516909, -4385.891005566048 343167.4760516295, -4364.001005536074 343168.4260516111, -4315.46100547224 343170.526051566, -4374.99100555072 343167.9460516218)), POLYGON ((-4315.46100547224 343170.526051566, -4314.020005471038 343170.5967515614, -4301.171005453866 343171.2260515513, -4315.46100547224 343170.526051566)), POLYGON ((-4301.171005453866 343171.2260515513, -4288.6500054378985 343171.7857515393, -4288.641005438132 343171.78605154064, -4285.165005432552 343171.9378515361, -4277.651005423228 343172.2660515271, -4301.171005453866 343171.2260515513)), POLYGON ((-4277.651005423228 343172.2660515271, -4266.7110054086315 343173.41605152003, -4233.448090599269 343176.9024389397, -4277.651005423228 343172.2660515271)), POLYGON ((-4085.531005202339 343143.98605128936, -4085.3650052012526 343143.9978512926, -4048.471005152581 343146.60505125485, -4038.029527039509 343147.33874770574, -4085.531005202339 343143.98605128936)), POLYGON ((-4036.62921743322 343147.18095067283, -4026.7710051262775 343144.97605123, -4013.4610051115546 343141.99605121557, -4036.62921743322 343147.18095067283)), POLYGON ((-3992.3110050947025 343130.186051175, -3992.306905094016 343130.17005117517, -3992.268824574385 343130.0201647584, -3992.3110050947025 343130.186051175)), LINESTRING (-5390.1210070222505 342942.7560522901, -5383.201007010886 342944.7060522847), LINESTRING (-5383.201007010886 342944.7060522847, -5379.2310070060685 342946.10605228506), LINESTRING (-5379.2310070060685 342946.10605228506, -5375.571007000363 342947.3960522786), LINESTRING (-5375.571007000363 342947.3960522786, -5368.881006989395 342949.82605227735), LINESTRING (-5365.01100698511 342948.7860522717, -5351.251006974273 342940.09605224244), LINESTRING (-5351.251006974273 342940.09605224244, -5348.671006973871 342936.43605223764), LINESTRING (-5348.671006973871 342936.43605223764, -5346.281006977004 342928.3860522257), LINESTRING (-5346.281006977004 342928.3860522257, -5344.63100697619 342927.78605221957), LINESTRING (-5344.63100697619 342927.78605221957, -5332.4910069571315 342932.24605221394), LINESTRING (-5316.62100693953 342928.54605219234, -5311.231006933133 342928.71605218854), LINESTRING (-5311.231006933133 342928.71605218854, -5305.751006925037 342930.256052183), LINESTRING (-5305.751006925037 342930.256052183, -5288.931006908651 342923.8560521528), LINESTRING (-5288.931006908651 342923.8560521528, -5278.60100689322 342927.636052154), LINESTRING (-5278.60100689322 342927.636052154, -5269.641006877991 342930.9260521494), LINESTRING (-5269.641006877991 342930.9260521494, -5259.311006862971 342934.71605214383), LINESTRING (-5256.541006856449 342937.99605214596, -5254.241006849699 342942.2460521506), LINESTRING (-5217.571006790381 342957.70605213754, -5207.091006774639 342961.04605212994), LINESTRING (-5207.091006774639 342961.04605212994, -5200.081006763376 342963.27605212945), LINESTRING (-5200.081006763376 342963.27605212945, -5189.601006748619 342966.61605212186), LINESTRING (-5178.751006723153 342979.62605213374, -5162.741006694611 342990.19605213497), LINESTRING (-5162.741006694611 342990.19605213497, -5152.971006678629 342995.24605213385), LINESTRING (-5152.971006678629 342995.24605213385, -5148.001006669822 342997.82605213206), LINESTRING (-5148.001006669822 342997.82605213206, -5143.801006662174 342999.9960521292), LINESTRING (-5143.801006662174 342999.9960521292, -5138.231006653684 343002.87605212815), LINESTRING (-5089.201006586738 343009.2660520887, -5080.681006571363 343014.75605208986), LINESTRING (-5006.761006439109 343061.22605209146, -4999.991006428577 343064.65605209116), LINESTRING (-4990.181006412063 343069.62605208624, -4986.391006405999 343071.5460520843), LINESTRING (-4939.001006329291 343090.5860520648, -4924.341006306017 343096.78605206124), LINESTRING (-4924.341006306017 343096.78605206124, -4915.001006289865 343102.59605206177), LINESTRING (-4890.381006245722 343117.9060520623, -4884.751006233648 343124.3460520664), LINESTRING (-4837.761006165917 343134.1460520346, -4826.7810061533455 343133.57605202124), LINESTRING (-4736.021006032516 343140.49605194107, -4723.821006015237 343141.47605193127), LINESTRING (-4723.821006015237 343141.47605193127, -4707.34100599091 343145.1360519212), LINESTRING (-4689.531005970296 343143.7760518994, -4677.361005960362 343136.8960518744), LINESTRING (-4677.361005960362 343136.8960518744, -4670.711005952435 343135.136051869), LINESTRING (-4628.8210058997865 343135.6760518234, -4618.0910058840045 343138.10605181847), LINESTRING (-4587.271005839422 343145.08605179936, -4578.501005826329 343146.3160517914), LINESTRING (-4574.691005821649 343146.79605179094, -4573.001005819167 343147.1460517859), LINESTRING (-4514.2110057371165 343155.4460517429, -4507.101005723495 343162.1260517463), LINESTRING (-4496.111005708507 343162.6260517342, -4477.171005683584 343163.4860517187), LINESTRING (-4161.321005266134 343184.46605143044, -4155.201005257675 343184.97605142836), LINESTRING (-4155.201005257675 343184.97605142836, -4136.6610052566775 343156.31605136115), LINESTRING (-4136.6610052566775 343156.31605136115, -4118.40100523259 343157.3760513421), LINESTRING (-4013.4610051115546 343141.99605121557, -4007.021005107997 343136.2860511979), LINESTRING (-3997.881005099377 343131.75605118275, -3992.3110050947025 343130.186051175), LINESTRING (-3983.8810050872703 343124.64605115727, -3980.361005081587 343126.8760511596), LINESTRING (-3980.361005081587 343126.8760511596, -3962.2010050634053 343120.70605112985), POINT (-4002.7110051066634 343131.076051184), POINT (-4037.5010051372215 343147.3760512499), POINT (-4764.091006076264 343130.3160519535), POINT (-4099.141005217655 343145.52605130523), POINT (-5024.46100647291 343047.3860520851), POINT (-5234.511006820321 342946.766052139))",6212326.489790952,0.828,0.07
1801,2.59859101838192,2.81376571611026,1.61001581646903,1.15971547155691,2.51465197967209,5,158672.03693841095,12171.45729293022,"POLYGON ((1099.8496993064803 343765.71876469074, 1100.56900188678 343770.5560470456, 1101.0718782768147 343770.48122239835, 1099.8496993064803 343765.71876469074))",712250.2334090464,0.223,0.017
1802,1.56938845939285,0.384409505171375,0.565878712331526,0.697767455183455,0.956557947611822,5,74768.17037177696,0.0,"POLYGON ((933.2407010436812 342978.6442459561, 936.7718010606237 342994.0190459788, 950.2959010753871 342991.59084595926, 946.6459010589052 342976.2473459421, 933.2407010436812 342978.6442459561))",816668.4348703024,0.092,0.0
1803,0.862852803478348,-0.283421485498373,0.157613088408207,0.354231180136225,0.309041413603693,4,12551.417965187295,0.0,"POLYGON ((737.779000102099 342110.5660447711, 736.7978030557251 342107.8570877155, 717.5890000792796 342113.00604479853, 745.0490001891462 342207.61604491994, 754.4190002134125 342222.606044936, 769.5590002288546 342217.9060449125, 771.0216199360078 342207.58543454594, 770.8690002221788 342207.0060448935, 770.7839755504555 342206.68160864705, 766.8690002174759 342207.36604489665, 764.6390001953321 342184.5560448654, 764.6355942551629 342184.5455894212, 764.5990001962977 342184.55604486726, 764.1934580379105 342183.1883340598, 751.7679313965161 342145.0448570171, 745.3054134791427 342127.212101808, 737.9939523805386 342110.48788030655, 737.779000102099 342110.5660447711))",729291.3117927355,0.017,0.0
1804,1.23890777657058,0.866570137484891,0.502577206819126,0.594054387512902,0.98177862043585,5,10561.148727968006,0.0,"POLYGON ((-602.9910007777679 343141.07604776695, -616.9710007960483 343140.31604778115, -624.9910008060788 343139.88604778703, -655.9510008469903 343138.2060478162, -656.7610008477043 343138.17604781594, -657.5710008488536 343138.15604781825, -658.3910008504323 343138.1360478187, -659.2010008511262 343138.1260478208, -660.0110008522036 343138.1060478203, -660.8210008535808 343138.1060478231, -661.6410008546181 343138.0960478233, -662.451000855127 343138.09604782425, -663.2610008560157 343138.106047824, -664.0710008581198 343138.1160478238, -664.8910008587752 343138.12604782823, -665.7010008595971 343138.1460478259, -666.5110008597412 343138.16604782734, -667.3210008615703 343138.18604782876, -668.131000862092 343138.2160478309, -668.9510008637866 343138.2460478321, -669.7610008638985 343138.2860478265, -670.5710008656882 343138.3260478331, -671.3810008661409 343138.3760478338, -672.1910008682161 343138.4160478348, -673.0010008682934 343138.4760478344, -673.8110008702296 343138.52604783326, -674.6210008705818 343138.5860478347, -675.4310008717082 343138.6560478406, -676.2410008723785 343138.7260478372, -677.051000872355 343138.79604784027, -677.8610008745156 343138.87604784314, -678.671000875035 343138.95604784135, -679.4810008769845 343139.03604784235, -680.2810008770113 343139.12604784314, -681.0910008777588 343139.2160478458, -681.9010008788034 343139.3160478454, -682.7010008798061 343139.41604784876, -683.5110008805652 343139.5160478484, -684.3210008828121 343139.6260478478, -684.6710008816522 343139.67604784854, -685.1210008827379 343139.73604784906, -685.921000883619 343139.85604784917, -686.7310008837522 343139.9760478493, -687.5310008859711 343140.0960478503, -688.3310008866081 343140.2260478558, -689.1410008878792 343140.3660478527, -689.941000888498 343140.4960478563, -690.7410008894881 343140.6360478569, -691.5410008897147 343140.7860478563, -692.3410008909775 343140.9260478541, -693.1310008912913 343141.0760478601, -693.9310008933082 343141.23604786117, -694.7310008939819 343141.3960478613, -695.5210008946432 343141.55604786146, -696.3210008953372 343141.72604786325, -697.1110008964091 343141.8960478632, -697.9110008970171 343142.0760478657, -698.7010008981925 343142.2560478654, -699.4910008989532 343142.4360478688, -700.2810009004596 343142.6260478711, -701.0710009016191 343142.81604787055, -701.8610009014859 343143.00604786817, -702.6510009029735 343143.2060478721, -703.4310009040234 343143.40604787227, -704.2210009042807 343143.61604787316, -704.8765009040478 343143.803547875, -704.872700904459 343143.8156478759, -704.6510009034561 343144.5160478754, -704.3388009027074 343145.49964787625, -703.8510009004565 343147.0360478787, -700.6810008981987 343146.29604787566, -699.1210008954486 343145.9260478737, -693.8710008893936 343144.7660478661, -688.6010008842211 343143.7360478584, -684.8010008788954 343143.15604785364, -680.971000875895 343142.71604784764, -680.7968008748359 343143.1835478479, -680.7810008738628 343143.22604784835, -680.6810008750579 343143.20604784973, -676.6410008700686 343142.77604784444, -667.8610008594487 343142.1560478341, -657.5610008461191 343142.1360478271, -623.201000801146 343143.96604779456, -619.1910007959559 343144.17604778707, -616.1210007910355 343144.346047787, -613.6510007882405 343144.3860477833, -604.4610007767988 343144.22604777664, -603.311000775829 343144.0860477742, -603.2635007754974 343144.08364777546, -603.1110007753138 343144.0760477716, -600.6610007720226 343143.9660477694, -600.6119007722581 343143.9644477712, -600.3610007722731 343143.9560477687, -599.9854007712893 343143.81864776835, -599.4318007710634 343143.5873477664, -599.0701007702567 343143.41654776596, -598.5398007692868 343143.13614776917, -598.0254007697735 343142.8274477646, -597.5285007686781 343142.4912477648, -597.0505007692793 343142.1286477633, -596.7431007687188 343141.8727477649, -596.2999007685074 343141.4684477607, -595.87920076863 343141.04074775893, -595.6119007692903 343140.7432477586, -595.2316007687261 343140.27924775705, -594.9923007678498 343139.95874775667, -594.6554007684578 343139.46234775614, -594.4459007682982 343139.1216477575, -594.1552007689894 343138.59684775304, -594.0152470340812 343138.308280046, -602.9910007777679 343141.07604776695))",772766.6476353268,0.014,0.0
1805,1.97130010770785,2.24443089901488,1.12316510984227,1.03153118076373,1.95818986447958,5,1082269.6988718784,71708.34734994105,"GEOMETRYCOLLECTION (POLYGON ((-3256.9766033105197 344570.0070854274, -3253.511003004872 344568.9560527131, -3242.9810029952937 344565.75605269615, -3256.9766033105197 344570.0070854274)), POLYGON ((-3124.991002839235 344572.5060525881, -3114.011002823648 344573.9560525799, -3069.3110027627827 344579.84605254047, -3124.991002839235 344572.5060525881)), POLYGON ((-2993.071002659705 344587.8560524797, -3001.5410026698164 344588.4260524893, -2999.9910026678876 344588.32605248503, -2992.532876463063 344587.8198806046, -2993.071002659705 344587.8560524797)), POLYGON ((-2983.4010026474707 344587.20605247095, -2971.1310026344386 344583.99605244957, -2961.11300262487 344581.3691524379, -2961.1068026237226 344581.36755243596, -2960.491002623377 344581.20605243836, -2983.4010026474707 344587.20605247095)), POLYGON ((-2957.001002618912 344580.2560524298, -2949.561002610414 344579.99605242163, -2931.6510025887733 344579.3460524045, -2957.001002618912 344580.2560524298)), POLYGON ((-2931.6510025887733 344579.3460524045, -2927.0910025821972 344579.18605239876, -2916.101002569285 344578.7960523879, -2931.6510025887733 344579.3460524045)), POLYGON ((-2811.9810024795397 344524.34605219495, -2813.36100247076 344538.40605221875, -2813.9310024674455 344544.0160522284, -2814.491002463246 344549.47605224047, -2815.6010024547304 344562.69605225883, -2817.271002440625 344582.5460522929, -2916.101002569285 344578.7960523879, -2905.1110025545186 344579.28605237603, -2836.104002464228 344582.3229523115, -2832.171002458954 344582.4958523102, -2826.197002451804 344582.75695230253, -2821.1810024454376 344582.9760522982, -2817.1810024405095 344582.836052292, -2817.1609024399804 344582.61355229095, -2816.2916024461406 344572.9959522793, -2816.2907024477126 344572.98605227657, -2815.371302453697 344562.87105225865, -2815.3709024533828 344562.8660522606, -2814.2012024622295 344549.3160522394, -2814.200402462914 344549.3081522379, -2813.851502465457 344546.1829522308, -2813.8508024650996 344546.1760522323, -2813.66180246648 344543.87095222715, -2813.6605024662845 344543.85605222825, -2811.8413024798842 344524.2860521944, -2811.8405024797908 344524.27715219464, -2810.9170629294726 344513.48434086883, -2811.9810024795397 344524.34605219495)), POLYGON ((-2809.591002522797 344466.55605210457, -2809.6510025204384 344470.0060521066, -2809.371002507396 344485.786052132, -2809.2993495758105 344488.20898268156, -2809.320902507925 344486.15205213334, -2809.3210025075064 344486.14605213236, -2809.5435080357174 344463.7116599056, -2809.591002522797 344466.55605210457)), LINESTRING (-3347.381003108469 344588.6360528404, -3303.31100305889 344582.32605278306), LINESTRING (-3303.31100305889 344582.32605278306, -3292.4210030450377 344580.7660527704), LINESTRING (-3242.9810029952937 344565.75605269615, -3243.4810029967266 344564.27605269384), LINESTRING (-3243.4810029967266 344564.27605269384, -3227.701002980204 344559.46605267096), LINESTRING (-3227.701002980204 344559.46605267096, -3226.951002979577 344559.55605267175), LINESTRING (-3226.951002979577 344559.55605267175, -3216.0510029638226 344560.92605266254), LINESTRING (-3216.0510029638226 344560.92605266254, -3147.1010028695828 344569.58605260495), LINESTRING (-3026.211002704591 344583.68605250586, -3001.5410026698164 344588.4260524893), LINESTRING (-2960.491002623377 344581.20605243836, -2957.001002618912 344580.2560524298), POINT (-3379.491003143341 344596.66605288535))",3312570.857130892,0.327,0.022
1901,1.13461335173629,1.48329269273851,0.519237763453265,0.679668540692179,1.19027129353589,5,2449555.24624069,1209237.599871925,"GEOMETRYCOLLECTION (POLYGON ((929.01400776903 349667.3360574419, 924.6224519373056 349664.54847036675, 924.6162032919685 349664.5584967235, 929.01400776903 349667.3360574419)), POLYGON ((922.6990063446481 349654.34605653584, 927.9490063546125 349657.8860565396, 927.4029944222789 349658.74839780445, 927.7882286077648 349658.99709462374, 928.6121063547744 349657.80605653767, 919.4566636739903 349652.12136729714, 919.3406084610891 349652.30367207807, 922.6990063446481 349654.34605653584)), POLYGON ((920.2090063372126 349649.58605653327, 919.5594566525174 349650.6551070581, 919.8386081424553 349650.8288273858, 920.6021063381029 349649.6260565324, 917.2021063312039 349647.38605653215, 919.2221063318527 349644.0960565228, 916.6521063272362 349642.45605652593, 917.4713063271219 349641.42435652483, 582.1183057345156 349430.3840565281, 362.38864532689564 349290.9816218978, 378.0290314702978 349301.13551594695, 466.9990055313407 349357.58605652954, 473.1190055420761 349361.46605653036, 604.7790057746458 349445.0060565267, 625.0090058110482 349457.736056529, 692.1890059295931 349499.9960565269, 745.4190060241618 349533.48605652526, 779.9690060848307 349555.2260565255, 845.6890062006005 349596.6560565261, 890.58900628067 349624.9360565245, 913.2190063208171 349639.30605652276, 916.3890063263668 349641.3260565223, 915.7701154237243 349642.34484616824, 916.2739378670428 349642.66295408737, 916.2525249223871 349642.7077643139, 918.3090063303188 349643.9560565306, 917.7455810125863 349644.8790547906, 918.4035830314871 349645.2651812183, 916.9153428600413 349647.5793772459, 920.2090063372126 349649.58605653327)), POLYGON ((167.31900502617387 349200.2860565828, 171.14900503246062 349202.01605658233, 174.99900503924425 349203.68605658226, 176.54900504121622 349204.3760565799, 190.33900506345657 349210.46605657693, 192.839005067567 349211.5660565775, 196.6290050737329 349213.22605657857, 203.22900508423072 349216.12605657335, 251.72900516206428 349237.42605655827, 282.7561727180675 349251.1736900151, 312.5714131139453 349263.96614963654, 254.37150516594434 349237.5050565554, 160.28394601004186 349196.04968590423, 167.31900502617387 349200.2860565828)), POLYGON ((102.68900494517938 349201.2660566494, 107.60900495047613 349200.8060566457, 123.20900496976869 349199.33605662733, 141.30973633399532 349197.62788315624, 158.9251679484038 349195.9470641501, 76.3121049091529 349198.5760566713, 0.6076447766077244 349166.9560890915, 7.371450461715597 349172.30950766336, 76.43090589673585 349198.83271973557, 102.68900494517938 349201.2660566494)), POLYGON ((-5.795643619836177 349161.8880340922, -0.5552988517534423 349166.03564401343, -29.720995278789957 349131.3860566756, -24.26028420230113 349138.95516141056, -10.480660791450791 349157.99933712557, -5.795643619836177 349161.8880340922)), POLYGON ((-59.9909953618073 349074.2260566158, -48.38971549938799 349087.58418823883, -45.696860229496814 349090.64312988054, -59.857895361222255 349074.21605661605, -63.6803106360369 349057.9268155508, -62.94786572478879 349061.3647991571, -59.9909953618073 349074.2260566158)), POLYGON ((-279.3635513744185 348754.3744659694, -270.63401874180204 348755.17420202494, -276.8578958914129 348754.3460563272, -279.3635513744185 348754.3744659694)), POLYGON ((-238.6289095078951 348759.43289558124, -237.16135062615726 348759.8024571724, -237.4778958370955 348759.5860562967, -238.6289095078951 348759.43289558124)), POLYGON ((-134.60516963940282 348850.9507512329, -134.24167260394174 348852.06210836116, -132.69845698496405 348879.0027256757, -134.1378956336236 348851.6060563363, -134.60516963940282 348850.9507512329)), POLYGON ((-131.23909032558066 348904.47978897486, -130.12136300930007 348909.1601520153, -131.25280060044932 348904.2404391961, -131.23909032558066 348904.47978897486)), POLYGON ((-105.67305655100199 348981.47188610863, -95.85038045023447 348999.1163696591, -91.41060482858714 349005.7057471927, -94.95789546607786 348999.9960565334, -105.67305655100199 348981.47188610863)), POINT (930.9990063664644 349668.59605655074))",6878651.286371012,0.356,0.176
1902,-0.383195084629134,-0.665053882070614,-0.823365401172326,-0.83092987868395,-0.693808371554894,2,22148.5831208823,532.1006194234227,"POLYGON ((2292.299004873116 345621.7772487765, 2324.809005017668 345751.18354894966, 2398.599105095375 345731.65224884823, 2365.7190049516603 345603.183548674, 2292.299004873116 345621.7772487765))",565625.9475229187,0.039,0.001
1903,0.514242727673164,-1.10481515321148,-0.129990831928342,0.54239979294083,-0.142198027381583,3,11706.42650845501,395.6707349458985,"MULTIPOLYGON (((2527.189004692283 345020.1260475889, 2525.419004687819 345016.72604758386, 2523.669004682603 345013.33604757953, 2521.9390046779113 345009.9260475747, 2517.2090046636226 344999.9960475648, 2512.539004650488 344990.0360475555, 2509.5790046408115 344983.48604754545, 2500.9090046149404 344964.2960475292, 2500.0090046125238 344962.4960475229, 2419.4090043823685 344801.4960473506, 2391.6190043009915 344743.7960472889, 2364.2090042207874 344686.8960472243, 2328.6190041164514 344612.04604714364, 2326.409004109312 344607.3960471386, 2325.4490041066056 344605.2860471327, 2323.9090041018617 344601.88604713045, 2313.1090040674067 344576.2960471036, 2295.009004009145 344531.89604704734, 2282.7090039680265 344499.7960470095, 2263.3090038994687 344444.8960469421, 2236.0090038028716 344366.7960468447, 2223.6090037558383 344327.7960467981, 2210.609003707556 344287.99604674615, 2201.7090036729296 344257.69604670815, 2193.7090036388286 344228.1960466681, 2190.679003623429 344214.55604665074, 2190.5290036232113 344214.5460466519, 2187.149003619283 344214.38604665454, 2184.4590036163313 344214.25604665745, 2180.2457380799738 344214.0519045885, 2193.8242036672295 344263.5162467249, 2218.9597037683016 344350.8289468372, 2254.6785039013885 344460.63124697655, 2294.366104028462 344557.2043470908, 2328.7620041366695 344639.22534718364, 2384.324604300374 344754.3193473127, 2488.835204588174 344950.11144751403, 2528.080061262494 345021.81805388065, 2527.189004692283 345020.1260475889)), ((2595.8490048646186 345127.0860476885, 2587.289004844309 345114.2860476775, 2578.719004822201 345101.4760476658, 2570.129004801672 345088.69604765344, 2557.1890047693887 345069.50604763627, 2548.7290047482584 345056.59604762215, 2540.5290047277613 345043.4960476104, 2534.549004712726 345033.5860476019, 2533.4543647336377 345031.6377626567, 2595.991704879779 345145.9034477193, 2605.071219729293 345140.9334712068, 2595.8490048646186 345127.0860476885)))",616862.1633196413,0.019,0.001
1904,0.837026154683695,0.190463958847231,0.151068290866424,0.163578477699486,0.43832516311981,4,105895.02168646909,3738.18881106762,"POLYGON ((1968.1484036211953 344565.42464742996, 2022.4348037938566 344694.9252475817, 2041.0024038155632 344693.0369475577, 1973.8131036279974 344564.1658474235, 1968.1484036211953 344565.42464742996))",1235930.1998487932,0.086,0.003
1905,0.93307398969922,1.40361951854487,0.446594179867251,0.138515841253398,0.972698055866091,5,138565.1163928614,263.39942770665397,"POLYGON ((1183.779328990088 345244.9759170229, 1185.349003212761 345298.7772493847, 1250.0090032873677 345289.6210493073, 1295.4190033401856 345283.1835492486, 1288.8079358425352 345208.7464158619, 1287.762330110937 345209.10564237216, 1275.8825032593913 345213.191349159, 1280.5190032734452 345223.75604917016, 1260.119003252434 345229.74604919925, 1259.1590032489867 345226.4860491939, 1186.759003173748 345247.7760493029, 1185.6016701475103 345244.2360776634, 1183.779328990088 345244.9759170229))",1494042.9778172274,0.093,0.0
1906,1.63910300679714,3.35087715092823,1.30488362676328,1.14625336601349,2.29946011141874,5,2654950.5049536326,179532.18362158275,"MULTIPOLYGON (((-499.83953822643144 348784.52263453207, -499.9909961503813 348784.54605660494, -500.0645907475341 348784.56458796473, -499.83953822643144 348784.52263453207)), ((-578.2309962329999 348805.5660567153, -567.8213284002114 348801.9776945139, -591.2586001283556 348809.46203480987, -578.2309962329999 348805.5660567153)), ((-631.6009962805614 348831.46605681255, -624.9909962750645 348827.2460567979, -663.8650192735838 348849.1475240104, -642.5446049818238 348838.2097503761, -631.6009962805614 348831.46605681255)), ((-729.0409963731739 348869.35605696775, -721.5753400518626 348867.8207971948, -712.821876352707 348865.5675652381, -797.6109964638824 348865.62605703156, -792.2994749920713 348866.4578488104, -774.2559850584389 348868.9148720829, -752.4959146969338 348869.31711150816, -729.0409963731739 348869.35605696775)), ((-797.6109964638824 348865.62605703156, -801.081016658845 348866.10816602316, -801.0804965302314 348866.1081082328, -797.6109964638824 348865.62605703156)), ((-1060.2609968940583 348742.6860571038, -1059.0409968902889 348744.9860571064, -1062.5799981534115 348738.30735299736, -1062.5551728025298 348738.3560484907, -1060.2609968940583 348742.6860571038)), ((-1178.9195476098923 348578.69912777434, -1178.9181122150594 348578.6999845505, -1179.5107852548933 348577.6929466706, -1179.3322375883458 348578.02077710396, -1178.9195476098923 348578.69912777434)), ((-1302.1639656863824 348404.1958206871, -1302.1548619273665 348404.1965552848, -1302.6209974715096 348403.7860568119, -1302.1639656863824 348404.1958206871)), ((-1302.6209974715096 348403.7860568119, -1409.33474142903 348395.54802997597, -1332.4782721388638 348401.7497081537, -1302.6209974715096 348403.7860568119)), ((-1524.390997758887 348396.04605702776, -1578.5814978632527 348351.7247570101, -1603.7978978900933 348358.4560570475, -1606.4509865754762 348356.36343137117, -1599.995059381967 348361.8146467166, -1568.0474939138253 348371.9945279425, -1536.563214617429 348389.39525813796, -1524.390997758887 348396.04605702776)), ((-1763.7755921256967 348232.34027048683, -1763.6813073826731 348232.3528026445, -1763.7278981929046 348232.3160570096, -1763.8284771190895 348232.30282007676, -1763.7755921256967 348232.34027048683)), ((-914.1494246700338 348834.76138180774, -913.8437594784803 348834.88387342915, -914.1478966353322 348834.75605710037, -914.1494246700338 348834.76138180774)), ((-691.9434823412195 348860.1933271047, -669.5441330631979 348852.0610389253, -669.4038717952535 348851.98908159137, -702.7362398574078 348862.97144418675, -691.9434823412195 348860.1933271047)), ((-396.46224065200056 348770.30315699335, -395.1706412579075 348770.07172272075, -411.5097496662619 348771.9252197463, -396.46224065200056 348770.30315699335)))",5550756.586761911,0.478,0.032
1907,1.39292444223677,2.27671792333698,1.02531700614957,0.90282955887786,1.71425643871067,5,2633158.1729900525,182378.3047310767,"POLYGON ((-1047.8009991885317 345841.5860524997, -1046.880999186362 345842.7660525013, -1047.210999185448 345844.4860525057, -1062.6209991961218 345855.24605253804, -1072.7809992056148 345860.8360525556, -1084.0309992135817 345868.5960525824, -1093.6709992173182 345878.0060526086, -1103.2309992232133 345887.0560526317, -1103.1709992207975 345889.2660526326, -1117.0009992267856 345904.256052671, -1133.3309992368843 345916.94605270587, -1155.3909992519878 345933.68605275825, -1165.380999258652 345940.1160527766, -1186.7009992775534 345950.4260528153, -1196.2609992859252 345956.30605283286, -1204.7209992934058 345961.19605284836, -1210.0409992967666 345964.6360528609, -1245.7609993265844 345983.66605293006, -1243.940999321911 345986.296052929, -1248.2609993246042 345989.5760529395, -1260.5709993461157 345983.1560529405, -1286.5809993596497 346006.6160530029, -1316.1609993764093 346034.07605307736, -1320.1709993782963 346037.556053089, -1326.5809993827743 346042.3160531018, -1347.7709993950468 346061.09605315235, -1364.440999404948 346074.84605319146, -1367.9409994071018 346077.48605320044, -1378.3209994138006 346084.91605322156, -1392.9409994233793 346096.746053257, -1409.2909994348663 346108.1360532921, -1415.0809994374197 346113.97605330683, -1422.1709994377413 346124.51605332736, -1424.5809994371614 346129.3460533377, -1426.9209994358273 346135.0760533521, -1415.0159498800049 346141.15387207415, -1413.2588994161654 346138.7379533453, -1413.0314994157181 346138.4118533395, -1412.685899415737 346137.85615333915, -1412.3774994163955 346137.2790533388, -1412.2760994162472 346137.0672533391, -1404.963899419953 346121.3179533072, -1394.3898994123597 346113.1840532813, -1394.369499411822 346113.168353281, -1370.3012993964512 346094.5556532284, -1370.2722993962825 346094.5331532294, -1345.5621993803893 346075.2785531767, -1345.4700993803156 346075.2059531724, -1308.8863993573318 346046.0031530885, -1308.5314993567076 346045.7061530901, -1308.0538993569376 346045.25885308813, -1307.9638993571496 346045.1675530849, -1283.5098993451409 346020.0784530239, -1261.559799333372 346000.63695297204, -1260.3701993328477 345999.7117529679, -1259.8585993322079 345999.9826529687, -1259.2624993304685 346000.2527529653, -1258.650099329772 346000.48325296305, -1258.0238993284497 346000.6732529672, -1257.3865993282295 346000.8218529634, -1256.7409993272406 346000.92835296504, -1256.0896993261201 346000.9925529631, -1255.435699324714 346001.013952964, -1255.1654993250831 346001.0102529619, -1243.291899310362 346000.68935294915, -1242.908099310083 346000.6716529522, -1242.2567993090993 346000.6074529514, -1241.6111993076806 346000.50095294975, -1240.9738993070314 346000.35235295165, -1240.34769930707 346000.1623529475, -1239.7352993060656 345999.931852947, -1239.139199305495 345999.66175294574, -1238.5620993051182 345999.35335294344, -1238.4170993048917 345999.2679529451, -1228.7897992971423 345993.49155292753, -1228.3790992973604 345993.2313529253, -1227.9762992968117 345992.9476529248, -1218.8933992906852 345986.2086529024, -1203.5090992764685 345979.27075287886, -1203.1972992760798 345979.1235528765, -1202.6201992759688 345978.81515287515, -1202.3201992751697 345978.6348528778, -1187.0556992641564 345969.09455284476, -1161.203999242884 345954.0941527933, -1160.6670992422862 345953.75945279375, -1160.6565992427873 345953.75245279353, -1128.565599218591 345932.25145273004, -1128.044199219043 345931.8772527259, -1127.5382992184 345931.4621527251, -1127.5306992185924 345931.45545272715, -1106.3505992062348 345912.8426526757, -1105.8805992063312 345912.4020526735, -1105.6071992059385 345912.1176526733, -1083.095599196687 345887.75575261004, -1051.005999171672 345867.77545254864, -1037.1029991584387 345862.3350525219, -1036.9201991589014 345862.2614525221, -1036.3240991585117 345861.9913525237, -1035.7469991574512 345861.68295252137, -1035.191299156794 345861.33735251706, -1034.6593991558573 345860.95615252014, -1034.1534991561489 345860.54105251655, -1033.6758991556583 345860.0937525183, -1033.2285991552094 345859.6161525184, -1039.744899170552 345851.27415250894, -1033.5347991675037 345846.0527524939, -1040.744799183096 345837.3405524874, -1040.9303991833538 345837.12275249045, -1041.3776991843195 345836.64515248965, -1041.5275001897721 345836.50485519075, -1047.8009991885317 345841.5860524997))",3895758.749982977,0.676,0.047
1908,0.473866575857888,0.0674140464905567,-0.0724446503395586,-0.180580090895392,0.153444708329492,3,32754.338175071665,0.0,"MULTIPOLYGON (((47.57900129263349 344701.4060495896, 46.702490818080264 344701.6186176406, 47.2390012949998 344703.9335495932, 58.842276744447894 344701.4465649567, 47.57900129263349 344701.4060495896)), ((64.25900131475302 344701.4660495715, 62.914796895239725 344701.4612143053, 69.21900132296025 344705.2160495734, 64.25900131475302 344701.4660495715)), ((186.19900146701113 344697.67604944296, 174.47900145079083 344698.42604945507, 174.50861657146726 344699.5119371414, 186.28808878395188 344698.87377891724, 186.19900146701113 344697.67604944296)), ((258.86850904239105 344694.9417018882, 266.3175015656719 344694.5381493559, 266.31739489820006 344694.5368907273, 258.86850904239105 344694.9417018882)))",728165.0870523178,0.045,0.0
1909,1.86113629033553,2.00753610445231,1.16179605287879,1.14042880175849,1.8570838406517,5,9483.538881435681,0.0,"POLYGON ((427.1790013712044 344195.62104840204, 427.0790014484404 344291.55854855385, 487.64900152472393 344292.12104849424, 487.73900144881577 344195.3710483406, 427.1790013712044 344195.62104840204))",700574.5167552839,0.014,0.0
1910,1.17256092012293,1.83454039513902,0.81159589261307,0.751561146934544,1.40163300786573,5,422477.66344114183,18204.565286662197,"POLYGON ((-1225.2410001499168 344918.6522512175, -1231.8109001425141 344936.8710512556, -1217.6910001365186 344922.8397512166, -1203.6809001285897 344910.7147511821, -1180.3011001085858 344898.1522511393, -1158.5511000871393 344891.8397511076, -1174.1310001092672 344887.5897511188, -1183.8109001290463 344878.33975111414, -1186.8011001546122 344851.433551074, -1225.2410001499168 344918.6522512175))",3265060.4480326255,0.129,0.006
2001,-0.97658034584081,-0.996334378363638,-1.44766228444603,-1.01343008355816,-1.18512958176827,1,203799.91548150868,667233.7065464148,"POLYGON ((3510.5790059717738 345060.64604665805, 3517.94900598642 345066.2860466596, 3560.00900608575 345125.85604670923, 3564.109006093058 345128.43604671117, 3579.8590060978177 345108.7760466635, 3585.0690060945158 345097.6060466394, 3515.8190059744093 345056.2760466477, 3510.5790059717738 345060.64604665805))",1323168.4588837763,0.154,0.504
2002,-0.610967302649183,-0.99033362673976,-1.11587904828877,-0.92371404722845,-0.969682554548429,1,140552.4190996391,317195.682452641,"POLYGON ((3965.759005704923 343999.99604451377, 4048.4499058579936 344061.80854453053, 4094.8120058682703 343999.9960443834, 4117.8088058729345 343969.3397443108, 4035.5691057187973 343906.21474429313, 3965.759005704923 343999.99604451377))",964105.0842637059,0.146,0.329
2003,0.173054439063585,-0.744696653206725,-0.47710234967077503,-0.281737954891807,-0.351848259383678,2,30289.012844388024,0.0,"POLYGON ((2819.4093034996426 343057.7316441769, 2821.2613034985316 343052.5723441681, 2824.3041034993753 343049.0004441561, 2827.479103501749 343046.8837441541, 2832.179003505844 343044.28604414314, 2828.361503499226 343042.3530441439, 2822.1874034915786 343041.9889441496, 2814.77900348095 343041.0629441552, 2809.487403475582 343041.9889441617, 2811.074903483155 343049.66184417065, 2813.4561034980134 343064.34624419175, 2815.9697035015147 343065.27234419156, 2819.4093034996426 343057.7316441769))",466141.5322519388,0.065,0.0
2004,-0.596754118780001,-0.89788660807944,-0.632246388695292,-0.41802599914659,-0.747222284266854,2,95209.0532531092,129994.81628456517,"POLYGON ((2304.8090037898705 344240.85604657605, 2302.9590037964877 344251.7260465957, 2305.3590038181615 344275.6960466299, 2314.299003851663 344303.2360466672, 2325.6990038788203 344318.086046678, 2338.619003899056 344323.90604667086, 2352.1090039148667 344322.24604665674, 2363.629003924728 344316.1260466371, 2374.1290039248574 344299.42504659854, 2373.879003914199 344286.6860465789, 2371.3890039032167 344277.88604656886, 2365.239003888721 344268.26604656037, 2349.709003858384 344255.0960465539, 2312.529003798448 344240.15604656935, 2304.8090037898705 344240.85604657605))",649470.1599322392,0.147,0.2
2005,-0.037598985092661,-1.00992165502051,-0.732560857141007,-0.565707589614154,-0.627682349306274,2,43921.90859541575,53041.76310118491,"POLYGON ((2628.659003189831 342970.70604423154, 2627.76900318782 342970.3360442333, 2624.78900318365 342969.1060442347, 2624.279003183289 342970.5260442365, 2623.759003184013 342971.9460442355, 2623.239003185065 342973.366044241, 2622.709003184563 342974.7760442421, 2622.579003184648 342975.1360442452, 2622.179003185626 342976.1860442441, 2621.6490031847475 342977.6060442487, 2621.449003186502 342978.13604424894, 2621.1190031858546 342979.0160442516, 2620.5790031864453 342980.42604425456, 2620.2990031866934 342981.1360442564, 2620.0290031863733 342981.8360442575, 2619.479003187315 342983.2360442607, 2619.129003187481 342984.1360442629, 2618.9290031876903 342984.6460442636, 2618.3790031885774 342986.0460442677, 2618.1290031890635 342986.6660442678, 2617.819003188193 342987.446044269, 2617.249003189643 342988.84604427125, 2616.6790031894157 342990.2460442744, 2616.1090031896388 342991.64604427665, 2615.5390031907123 342993.03604427725, 2615.259003190933 342993.70604428276, 2614.959003190157 342994.43604428414, 2614.379003190973 342995.82604428567, 2614.2890031917736 342996.03604428563, 2613.789003191752 342997.21604429, 2613.1990031919972 342998.60604428966, 2612.6090031909957 342999.996044294, 2612.0290031917734 343001.32604429685, 2611.459003192445 343002.65604430065, 2610.879003193147 343003.97604430467, 2610.2890031935895 343005.3060443029, 2610.069003193185 343005.80604430847, 2609.709003194114 343006.6260443097, 2609.1190031945066 343007.94604430906, 2608.519003193436 343009.26604431216, 2607.9190031943194 343010.58604431525, 2607.849003193888 343010.7460443154, 2607.3190031940617 343011.8960443195, 2606.7190031949654 343013.21604431886, 2606.5090031951504 343013.6660443228, 2606.109003194801 343014.5260443222, 2605.4990031963757 343015.84604432713, 2604.879003196652 343017.15604432765, 2604.2590031958775 343018.4560443312, 2603.6390031963797 343019.7660443336, 2603.0190031962366 343021.07604433503, 2602.3890031968544 343022.37604434136, 2583.4290032027893 343059.8560444182, 2582.9690032025305 343060.6960444199, 2582.5090032018024 343061.52604442183, 2582.4390032024567 343061.6560444245, 2582.0490032024395 343062.3660444226, 2581.579003203436 343063.19604442175, 2581.0990032024415 343064.0260444265, 2580.6290032032894 343064.8560444312, 2580.1490032024512 343065.6760444306, 2579.6690032033434 343066.4960444309, 2579.1790032031563 343067.3260444347, 2578.6890032024735 343068.14604443684, 2578.199003203685 343068.95604443736, 2577.6990032040676 343069.77604444046, 2577.1990032039294 343070.586044441, 2576.6990032038548 343071.39604444336, 2576.189003203174 343072.20604444854, 2575.679003202802 343073.01604444627, 2575.1590032037325 343073.816044447, 2574.649003202904 343074.6160444487, 2574.129003203195 343075.41604445316, 2573.59900320338 343076.2160444567, 2573.069003202977 343077.01604445465, 2572.539003203783 343077.80604445655, 2572.009003203326 343078.5960444603, 2571.469003202657 343079.3860444622, 2570.929003203024 343080.17604446504, 2570.4690032024378 343080.8360444661, 2570.3890032029417 343080.95604446623, 2569.8390032031643 343081.73604446463, 2569.2890032031396 343082.5160444705, 2568.7290032025107 343083.2960444717, 2568.179003202268 343084.066044474, 2567.6190032021505 343084.8460444724, 2567.0490032030484 343085.6160444757, 2566.4790032019278 343086.37604447827, 2565.909003202861 343087.1460444806, 2565.3390032023826 343087.9060444776, 2564.759003201804 343088.6660444811, 2564.179003202058 343089.4260444846, 2563.599003201965 343090.18604448624, 2563.0090032011326 343090.93604448903, 2562.4190032017373 343091.68604448903, 2561.8290032016494 343092.4360444918, 2561.2290032006063 343093.18604449555, 2560.629003201143 343093.9260444939, 2560.0290032005723 343094.6660444988, 2559.4290032000818 343095.406044499, 2558.8190031996483 343096.1360445004, 2558.209003200462 343096.8660445027, 2557.5890032000716 343097.59604450595, 2556.9690031997097 343098.3260445073, 2556.3490031993747 343099.05604450963, 2555.729003198877 343099.77604450844, 2555.099003199578 343100.49604451377, 2554.469003198976 343101.2060445156, 2553.839003198402 343101.92604451533, 2553.1990031988157 343102.63604451995, 2552.559003198247 343103.3460445218, 2551.369003197877 343104.7060445212, 2550.179003196765 343106.06604452804, 2548.9890031968694 343107.4160445314, 2547.7990031968 343108.7660445301, 2546.5990031962137 343110.11604453623, 2545.3990031942817 343111.46604453865, 2544.1990031954456 343112.80604454316, 2542.9890031949612 343114.1460445458, 2541.779003193867 343115.4860445522, 2540.559003193911 343116.82604455296, 2539.349003192985 343118.1560445549, 2538.129003192209 343119.48604455777, 2536.9090031929118 343120.8160445634, 2535.6790031921623 343122.1360445693, 2534.459003191302 343123.4660445675, 2533.2190031906453 343124.7860445706, 2531.989003189868 343126.096044573, 2530.7490031896855 343127.4060445791, 2529.509003189984 343128.7160445843, 2528.26900318793 343130.02604458574, 2527.0190031875645 343131.3360445872, 2525.7690031873904 343132.6360445926, 2524.5190031865013 343133.936044598, 2523.2690031865554 343135.2360445978, 2522.0090031859395 343136.5260445997, 2520.749003185471 343137.81604460534, 2519.489003185857 343139.10604461003, 2518.219003184214 343140.38604461215, 2516.9490031839846 343141.676044615, 2515.6790031824235 343142.9560446199, 2514.3990031813296 343144.2260446204, 2513.1290031819076 343145.5060446244, 2511.849003181072 343146.7760446295, 2510.559003180284 343148.04604463466, 2509.279003179136 343149.30604463443, 2507.989003179629 343150.56604463886, 2506.689003178475 343151.82604464144, 2505.399003178005 343153.086044644, 2502.429003177004 343156.4760446539, 2500.0090031763057 343159.2260446623, 2478.709003168313 343183.47604472004, 2477.807758340061 343183.561637806, 2487.5626031855945 343189.9989447221, 2542.86060321041 343134.70094458014, 2613.7691032185485 343032.3069443451, 2635.6205773240295 342973.60425230215, 2628.659003189831 342970.70604423154))",429410.2321818729,0.102,0.124
2006,-0.844316367358551,-1.09633132427071,-1.90932423114255,-2.34456672653031,-1.50481779895242,1,57672.47716320352,35469.743790454144,"POLYGON ((2270.649003312149 343695.8760457467, 2269.7590033110328 343695.48604574706, 2267.1490033067726 343694.0660457453, 2265.059003303458 343693.1460457491, 2245.2388757497347 343684.7733607066, 2218.48080329407 343755.4146458935, 2198.637003372831 343886.6482461188, 2198.9016034836554 344025.29014633875, 2229.939903522205 344024.3324463088, 2244.4920034454767 343903.9468461005, 2265.6587033428805 343742.5506458236, 2283.1385915473265 343701.37583317986, 2270.649003312149 343695.8760457467))",536274.0822717515,0.108,0.066
2007,-0.698622084154344,-0.917744863204181,-1.05855565088556,-0.966540673934364,-0.972574710233779,1,65859.27801995305,150077.22665098784,"POLYGON ((3322.6679051242645 344295.5587456338, 3304.198505114391 344312.0845456766, 3351.877905204764 344349.305345688, 3363.677105209384 344336.5897456566, 3368.0019052107173 344331.9023456462, 3327.18810512693 344291.49614562467, 3322.6679051242645 344295.5587456338))",708368.3213281559,0.093,0.212
2008,-0.291681872691339,-0.836423370623562,-0.371791592644929,-0.00210067414041993,-0.486507041209305,2,358.67089753205124,0.0,"POLYGON ((4128.619005601279 343610.4860437298, 4106.399005558916 343593.73604372796, 4106.929005559063 343593.0060437238, 4079.9690055082115 343571.85604371876, 4077.2401998068162 343569.51785893884, 4076.2149055036252 343572.2573437225, 4076.214905506052 343573.9771437282, 4076.8764055084016 343576.226143728, 4079.654505513665 343579.00424372964, 4127.015005602809 343615.25224374235, 4129.8264472027995 343611.39701529505, 4128.619005601279 343610.4860437298))",630581.1891657421,0.001,0.0
2101,-0.133905923486537,0.837229577760006,0.999072689330879,0.724817934926854,0.579075758581928,4,3275680.5879950006,82380.91303666779,"POLYGON ((3785.947312195907 352461.63735806383, 3814.2771122399286 352471.4586580517, 3845.5295122893904 352484.26705804, 3881.9052123505894 352502.7110580327, 3909.4198123905653 352510.14445801545, 3935.8782124388354 352528.66535801813, 3964.100512486659 352542.77645801567, 3990.5589125312968 352556.8875580076, 4003.8409125547955 352566.752958009, 4006.433912569366 352580.70015802793, 4002.0242125813406 352601.86685806606, 3990.558912589426 352630.9710581228, 3979.9755125920306 352651.2558581643, 3954.6568125676718 352660.5101582026, 3914.6947125248507 352670.2445582617, 3878.5517124843063 352676.8322583074, 3848.5655124548553 352688.2975583598, 3840.5866124542567 352699.5279583819, 3866.526912492305 352706.1887583658, 3868.8503124933104 352703.2906583594, 3880.8806125043866 352698.42295833956, 3916.475412544513 352691.8253582949, 3950.0458125845644 352690.22555825673, 3976.687212608585 352677.4172582105, 4004.353312624069 352653.3375581438, 4022.308912617292 352615.9779580636, 4030.2464125962547 352576.29045799654, 4071.697912635843 352559.53345792834, 4116.677212683124 352547.18615786266, 4129.63091269516 352543.8277578475, 4134.269012708721 352552.04675785266, 4134.781112708866 352552.78195785545, 4135.147712711103 352553.1766578583, 4135.526412711404 352554.0049578557, 4135.813312712726 352554.4464578554, 4140.723512724028 352561.19565786235, 4140.807185671618 352561.3080113763, 4141.227282281205 352561.7870397512, 4141.706310654752 352562.20713636, 4141.890768197495 352562.34192301985, 4142.236074485362 352562.56111323554, 4142.8075093656025 352562.84291373007, 4143.37171272926 352563.0370578598, 4143.43163920326 352563.2870531278, 4143.635441329612 352563.88743482996, 4143.915865436425 352564.45607866533, 4143.971115724174 352564.549351261, 4144.268113391371 352564.98325498216, 4144.686158133133 352565.4599436503, 4145.037112732669 352565.77815786377, 4154.245412750257 352573.3545578681, 4154.390555486126 352573.4705920629, 4154.898203153534 352573.8097913917, 4155.119208652714 352573.92957049794, 4155.44578222204 352574.0798274996, 4156.02392346088 352574.2760800058, 4156.099112753729 352574.2955578659, 4156.292611502427 352574.57317414414, 4156.551075407468 352574.87493284605, 4156.611407140918 352574.9366909014, 4156.9749238967615 352575.2554865368, 4157.108712755759 352575.35345786903, 4187.908712813364 352598.733757874, 4188.449612814298 352599.0896578701, 4188.521245471229 352599.18578387704, 4188.847330566143 352599.5627732836, 4188.888111401967 352599.60411429405, 4189.306441820582 352599.97098022606, 4189.309412815934 352599.9732578723, 4196.2586128291905 352605.4936578758, 4196.340673381278 352605.55810402986, 4196.84575940248 352605.8955917228, 4197.07690158228 352606.0204612324, 4197.390575325953 352606.1642652005, 4197.965799199562 352606.3595273951, 4197.987012832149 352606.36515787244, 4198.135697562396 352606.5733817676, 4198.456508084939 352606.9391960595, 4198.6288833753815 352607.1009490285, 4198.822322375048 352607.2600065777, 4199.22688124884 352607.53032417595, 4199.44011283503 352607.644357875, 4208.444412850181 352612.7627578769, 4209.198612851789 352613.1239578761, 4209.389212851329 352613.2669578716, 4247.3407129170455 352634.3788578687, 4249.44401292108 352637.22635787074, 4231.746712908887 352648.55505790934, 4231.228512907145 352648.93595790956, 4231.130212907906 352649.0342579093, 4231.009905439479 352649.06414985843, 4230.589607735521 352649.2068217015, 4230.50529278744 352649.24309035484, 4230.191528150175 352649.4031328289, 4229.932512905881 352649.5687579075, 4218.961512898208 352656.4950579321, 4214.393512894531 352659.3789579421, 4214.009640785076 352659.6450875215, 4213.5339284000975 352660.06227608584, 4213.248009444471 352660.37438619044, 4213.116739834656 352660.5379884718, 4212.765213301859 352661.06408510543, 4212.485363517719 352661.63156433497, 4212.467312894319 352661.6757579474, 4212.081493313884 352661.762791208, 4211.46788827518 352661.9710820513, 4211.025176132089 352662.180669222, 4210.886720122808 352662.2576824669, 4210.34793280541 352662.61768864654, 4209.860745124592 352663.04494077526, 4209.8055128916885 352663.10105795227, 4205.95821288993 352667.06245796196, 4203.064812888997 352670.0416579712, 4202.6848713041445 352670.48133569676, 4202.321510919353 352671.0251429472, 4202.032240221031 352671.61172589567, 4201.891460623092 352671.99520508014, 4201.8220087119025 352672.2310479507, 4201.694413512867 352672.8725123368, 4201.651637812613 352673.5251434231, 4201.694413514158 352674.1777745038, 4201.706912890686 352674.26655797753, 4198.884012891404 352679.0499579888, 4198.428110971331 352679.28277010657, 4197.886873740726 352679.64441326354, 4197.39747077458 352680.0736081442, 4196.968275892497 352680.5630111145, 4196.630533203763 352681.06330430694, 4196.606632737443 352681.10424834304, 4196.318729125009 352681.68805911765, 4196.109491165153 352682.30445427075, 4195.982498976928 352682.9428871153, 4195.939925433887 352683.5924338829, 4195.957412890813 352684.0092579974, 4195.827928944738 352684.17088035215, 4195.468615804762 352684.7086304696, 4195.302240154303 352685.02230107505, 4195.182567113587 352685.2886798354, 4194.974677244189 352685.90110364556, 4194.91191289156 352686.16385800205, 4193.483112895009 352692.90285801236, 4193.416024592065 352693.29225225374, 4193.373472295801 352693.92862660903, 4193.373456115708 352693.94172169734, 4193.416024592828 352694.59119114, 4193.4777128966625 352694.95495801885, 4193.459912901222 352701.78435802925, 4193.41771723292 352702.41920267045, 4193.4177013109165 352702.43217720557, 4193.456612902562 352703.05425803177, 4193.460431277532 352703.0839599129, 4193.587821910018 352703.72439586837, 4193.797716364794 352704.3427249938, 4194.0865232890765 352704.92836749926, 4194.449301116231 352705.47130288556, 4194.879842618371 352705.96224137675, 4195.272128204232 352706.3150912672, 4195.3707811084405 352706.39278287627, 4195.913716495529 352706.75556070264, 4196.499359003984 352707.0443676254, 4197.117688125575 352707.2542620804, 4197.758124081224 352707.3816527091, 4198.4097088324 352707.4243598329, 4198.84141291316 352707.4056580337, 4239.038512961421 352703.9660579851, 4239.265023434655 352703.94147362094, 4239.90637909825 352703.8139000479, 4240.203022375775 352703.724475733, 4240.525596180619 352703.60370417405, 4241.112079709373 352703.3144825008, 4241.277512963509 352703.2146579828, 4268.061212983834 352686.34025792964, 4268.254312983676 352686.1980579309, 4269.026712984333 352685.83735792525, 4277.199512990818 352681.1354579115, 4277.916712992372 352680.6336579062, 4278.533012992005 352680.0173579091, 4278.678085943027 352679.8376002861, 4279.020305501806 352679.3254325213, 4279.14893781502 352679.08705322817, 4279.292746015958 352678.7729778057, 4279.490745953977 352678.1896887943, 4279.528712991759 352678.03795790486, 4280.094029300507 352677.99638850987, 4280.726752914505 352677.87053195573, 4281.337635912753 352677.6631651195, 4281.469489828398 352677.6062860377, 4281.916225919772 352677.3778361026, 4282.452623098404 352677.0194269689, 4282.937649545169 352676.5940701887, 4283.082112994407 352676.443357897, 4287.992312998049 352671.13485788833, 4288.151912997436 352670.9536578832, 4288.330212997572 352670.6990578817, 4288.73011299731 352670.3006578842, 4293.226012998757 352664.9833578719, 4293.408412999374 352664.7242578715, 4293.581412999489 352664.55125786643, 4293.6567129986925 352664.45945786964, 4296.926212999525 352660.36955786124, 4296.98740265226 352660.2914324282, 4297.350778120487 352659.74760260805, 4297.640060826256 352659.16099530645, 4297.76868837404 352658.81481883023, 4297.850301061636 352658.54164754413, 4297.977901557729 352657.90015653055, 4298.020679032758 352657.2474983558, 4298.017312998767 352657.0640578512, 4301.290812995411 352647.1470578341, 4301.352049213415 352647.0688762367, 4301.715409295546 352646.5250694407, 4302.0046797512805 352645.93848698214, 4302.133303738085 352645.5923238797, 4302.214911083612 352645.319165444, 4302.342506176661 352644.67770159803, 4302.385281840777 352644.0250710556, 4302.381912994016 352643.8415578287, 4302.171812989244 352638.1212578211, 4302.133622670527 352637.6577515919, 4302.011708944633 352637.0448498996, 4302.01035115561 352637.0397870941, 4301.810838481872 352636.4531046022, 4301.607212986403 352636.02335781604, 4301.713893801285 352635.4712531017, 4301.753306012519 352634.9411345357, 4301.754025511698 352634.8589615021, 4301.713893800289 352634.24666991085, 4301.645212984466 352633.8544578152, 4300.216312976957 352627.1137578022, 4300.153952578238 352626.8510285858, 4299.95656302851 352626.2695377255, 4299.894052575878 352626.12548642233, 4299.684962385223 352625.7187861027, 4299.362212975045 352625.2323578028, 4299.372469278492 352624.922052199, 4299.332259189986 352624.30856479704, 4299.31481835256 352624.1881591389, 4299.212316929177 352623.7055743346, 4299.037812973799 352623.1802577991, 4296.797212966132 352617.45995779335, 4296.471712964311 352616.7835577922, 4296.044412964257 352616.17325779144, 4295.839712963529 352615.4091577912, 4295.546712963051 352614.7546577919, 4292.477212953734 352609.03595778346, 4292.397249307117 352608.8918684637, 4292.043870131156 352608.3629991524, 4291.624482865837 352607.8847796293, 4291.543355584 352607.8055231711, 4291.146263343018 352607.465392367, 4290.61739403152 352607.1120131882, 4290.270712949016 352606.9300577827, 4290.249655346933 352606.7410832448, 4290.12789653754 352606.12896037847, 4289.927281324824 352605.53796702065, 4289.882662105861 352605.4337646412, 4289.651242291982 352604.97821523435, 4289.304502540404 352604.4592825286, 4289.03661294446 352604.140057778, 4285.365412937349 352600.0587577736, 4285.1806942270505 352599.8637478715, 4284.693081671413 352599.4361231411, 4284.153824480318 352599.07580300234, 4283.734120978857 352598.85944995284, 4283.572149494196 352598.78895264585, 4282.958009333894 352598.58048015554, 4282.321912105896 352598.45395254716, 4281.759412931567 352598.41225777846, 4281.702234271872 352598.17529960256, 4281.497392171747 352597.57185423654, 4281.215537098919 352597.0003086906, 4280.945072613731 352596.5826704372, 4280.861491671663 352596.47044226155, 4280.4413137038955 352595.99132112134, 4279.962192559205 352595.5711431522, 4279.463512926287 352595.23525777366, 4257.3192128883375 352582.0259577725, 4256.966612887351 352581.8577577779, 4256.6414128863025 352581.6354577765, 4245.162712866719 352575.2840577755, 4244.769812867043 352575.1051577786, 4214.757612812253 352555.175257775, 4208.837812800887 352549.65425777435, 4208.496973107839 352549.3649533037, 4208.278073406222 352549.20710482076, 4208.003629218047 352549.035311454, 4207.654912798193 352548.8536577737, 4207.491835067193 352548.6224513324, 4207.203570119535 352548.29169379827, 4207.188274166644 352548.2763064662, 4206.842129299632 352547.97274556756, 4206.647212796245 352547.83345777355, 4198.067512780941 352541.4927577749, 4197.595812779575 352541.18375777453, 4196.794912778124 352540.8124577729, 4196.420412777458 352540.4460577732, 4195.961212776767 352540.10355777293, 4179.381512747399 352529.1581577733, 4172.104212728541 352516.17865776084, 4161.627312700942 352497.49245774094, 4161.460812699695 352497.27655774076, 4161.372312699357 352497.12325774226, 4161.072212697987 352496.4827577416, 4154.743912681322 352485.67045772634, 4154.395409198426 352485.15220717713, 4153.9641933337425 352484.6604997199, 4153.848587590031 352484.5485557113, 4153.472485878338 352484.2292838581, 4152.92870008347 352483.8659378048, 4152.671412677114 352483.72725772485, 4108.950012564197 352410.71585765947, 4108.874512564619 352410.59995765425, 4108.6199125634475 352410.2136576576, 4091.905412521365 352383.0223576287, 4091.7457125212204 352382.75025763176, 4091.6060125201034 352382.5401576292, 4091.5145125197128 352382.40645763, 4087.1305125098875 352375.58905762434, 4086.762512507854 352375.0908576241, 4086.172812506961 352374.50115762465, 4085.9295125065314 352373.97945762146, 4085.4644125051914 352373.30735762324, 4064.858112452975 352340.01675758976, 4058.500412430464 352323.00745756924, 4058.15031243046 352322.26705756877, 4057.947612429536 352321.9775575707, 4057.7654124292367 352321.2973575685, 4057.564012427972 352320.82205756847, 4052.4658124136986 352310.33095755614, 4027.3911123338203 352250.2645574864, 4027.313312334123 352250.01025748905, 4027.2556123341474 352249.88645748515, 4027.0264123332986 352249.247257486, 4027.012812333035 352249.09155748505, 4026.808812331565 352248.30985748395, 4023.7286123212407 352239.4984574728, 4023.3494123196547 352238.67845747154, 4023.246812320213 352238.53195747547, 4023.053112318674 352237.80875747185, 4022.981812318239 352237.62435747124, 4022.005212315126 352235.23895746935, 4001.843712244753 352178.9928573994, 4001.948467215417 352178.44058017153, 4001.991010820714 352177.7914901767, 4001.9576921589282 352177.2168045454, 4001.948467214144 352177.14240017626, 4001.8215643277404 352176.50441629067, 4001.612473507173 352175.8884545965, 4001.4390122417904 352175.5143573964, 4001.1991122407685 352174.6378573943, 3989.942112203735 352145.5696573602, 3989.6277122033625 352144.9127573613, 3989.596712203171 352144.82635736, 3989.5458122028863 352144.63555735815, 3989.40181220173 352144.2825573599, 3983.4815121845672 352131.21305734385, 3983.26689344233 352130.79301623534, 3983.0920989269566 352130.5138201816, 3982.932188731366 352130.29209523555, 3982.5875121819663 352129.89255734347, 3982.521821174285 352129.6085965065, 3982.3614972531122 352129.1276448248, 3982.343966131053 352129.0846524453, 3982.0992442395896 352128.5884055393, 3981.995912180298 352128.4187573418, 3975.4552121636625 352117.79845733196, 3975.1698209938477 352117.38253532257, 3974.7832960802994 352116.9386990415, 3974.76014723337 352116.9153919285, 3974.2930038400023 352116.5057181679, 3973.9329121601404 352116.2549573276, 3973.73857848371 352115.68445916753, 3973.52786770577 352115.2426093202, 3973.4676234434614 352115.1350166984, 3973.1272698282983 352114.62564151734, 3972.899712158245 352114.3513573287, 3965.1151121412527 352105.5721573243, 3964.9377121408193 352105.3636573227, 3964.779812139911 352105.19735732395, 3964.6146121401353 352105.02735732216, 3955.3912121204694 352094.9754573144, 3955.2438653766353 352094.8212290723, 3954.78395176859 352094.4178956626, 3954.7665362834355 352094.4045972945, 3954.275327211011 352094.07804359775, 3954.049212117729 352093.9556573164, 3953.580912116682 352093.28695731424, 3952.951712115003 352092.65985731315, 3942.3184120944234 352083.85915731173, 3942.165674558247 352083.7368810298, 3941.6488049497925 352083.3915197961, 3941.362990269677 352083.23924651556, 3941.091278546769 352083.1165782027, 3940.5026347789226 352082.9167605676, 3940.2875120916556 352082.8644573102, 3940.0460195946494 352082.5149622252, 3939.6784388666547 352082.0958167361, 3939.574318727005 352081.995174516, 3939.259293378756 352081.72823600844, 3938.7957548264253 352081.4185094498, 3938.6586120886573 352081.3426573118, 3925.5288120657897 352073.962057312, 3925.4157120662953 352073.90215731226, 3913.969212046016 352067.55715731625, 3913.4596288635125 352067.3112338837, 3912.843768405039 352067.10217742994, 3912.351116725469 352066.9966005562, 3912.205889375198 352066.9752954049, 3911.556906061249 352066.9327587914, 3910.907922747299 352066.9752954049, 3910.638812041999 352067.0182573162, 3910.1993452370434 352066.5195900779, 3909.680371783076 352066.0644625714, 3909.3661111931615 352065.8410781482, 3909.1064321589993 352065.68096837867, 3908.4873466310064 352065.37566918135, 3907.833707924178 352065.15378874075, 3907.7806120359032 352065.1398573192, 3899.4095120241036 352063.09925732296, 3898.9099887390657 352063.0051106578, 3898.611112794663 352062.9756709095, 3898.3107687185693 352062.9658357017, 3897.803412022042 352062.99395732395, 3897.454604017233 352062.8289642213, 3897.05436015504 352062.6879843669, 3896.967993948682 352062.66378235817, 3896.4639863368548 352062.5635290118, 3896.258512019712 352062.5419573253, 3888.85361200999 352061.72805733234, 3888.378612008991 352061.6808573315, 3866.854311979969 352059.64275734965, 3866.377558368272 352059.61899870075, 3865.751655980646 352059.6600225121, 3865.467913845755 352059.7060684329, 3865.136462955525 352059.7823920138, 3864.542505417742 352059.98401342984, 3864.157711976955 352060.1637573512, 3863.8730314094523 352060.0347152557, 3863.28430389322 352059.83486919105, 3862.8333977851107 352059.7372302655, 3862.6745278778526 352059.7135772016, 3862.0541367981023 352059.6729146233, 3861.4423119723238 352059.7124573542, 3851.4338119620784 352060.9328573663, 3851.3812085021323 352060.9394966336, 3850.7457366327303 352061.06589984894, 3850.132200243144 352061.2741673887, 3850.0713894788255 352061.2998328898, 3849.5510971117747 352061.56073574163, 3849.0123700746176 352061.9207016397, 3848.8677119595136 352062.0360573726, 3848.3571123121524 352061.94030754734, 3847.7343828298863 352061.8994916994, 3847.473899924606 352061.9066076763, 3847.1116533477893 352061.94030754734, 3846.4995789397385 352062.0620567156, 3846.102511956177 352062.1872573765, 3836.273111946499 352065.673857389, 3835.463911946044 352066.04915739223, 3835.164111945528 352066.25745738856, 3834.319511944267 352066.4831573963, 3833.874511944466 352066.6699573966, 3827.500826866538 352069.7143765809, 3836.994994446962 352098.9063975364, 3835.829994329247 352105.193454423, 3839.2323119877465 352113.634757461, 3839.250375037163 352113.6789637301, 3839.539633710178 352114.2655222928, 3839.902978989924 352114.80930693075, 3840.3341939397183 352115.3010133393, 3840.8259003503954 352115.7322282884, 3841.3696849901735 352116.09557356965, 3841.463506153051 352116.1484008329, 3841.956243553085 352116.38483224064, 3842.57553985848 352116.59505500924, 3843.2169775761135 352116.72264490183, 3843.8695815280903 352116.76541882474, 3844.522185479608 352116.7226449009, 3844.7820119975036 352116.6814574618, 3874.8911120312987 352110.8154574204, 3912.2671120881823 352124.0049574077, 3933.75641213333 352145.6431574179, 3964.5626122348435 352225.3023575144, 3964.72531223656 352225.914457513, 3967.9964122477513 352235.92455752473, 3968.0506122482475 352236.08155752625, 3968.20651224769 352236.41585752554, 3968.340112248729 352236.906257526, 3970.7974122569703 352243.4670575373, 3971.1551122572055 352244.2222575359, 3979.3663122931603 352275.42715757526, 3977.6041122981474 352284.36885759234, 3977.5588896986756 352284.649540578, 3977.5278741009556 352284.9615224702, 3977.516721335762 352285.2929054806, 3977.5239122987746 352285.5590575924, 3977.137612303243 352291.2892576037, 3976.9490487503685 352291.8550557988, 3976.821917450835 352292.49418800976, 3976.790584771379 352292.8092937339, 3976.7792972698617 352293.14444632083, 3976.821917451353 352293.7947046263, 3976.9304123055745 352294.3621576084, 3979.09331231515 352303.33735761885, 3979.1515267791196 352303.61292155366, 3979.182677039032 352303.73536564317, 3979.225212315453 352303.8847576203, 3979.3922834269774 352304.35285322834, 3979.680665137606 352304.9376334883, 3979.6848459471116 352304.9448621562, 3980.0429088429287 352305.4797695037, 3980.376212319054 352305.8706576219, 3982.5630123237856 352309.6437576264, 3982.6734622442914 352309.8458535094, 3983.0307369457473 352310.3805528851, 3983.312973307998 352310.71623668727, 3983.454747385351 352310.86404412705, 3983.938238627497 352311.2880545659, 3984.319312328626 352311.552857629, 3984.6197123292927 352311.87935762946, 3984.869102259924 352312.37211681437, 3985.233644899927 352312.91769343056, 3985.5215820423196 352313.2601638278, 3985.6662808663423 352313.4110202007, 3986.159607637125 352313.8436561674, 3986.7051842537776 352314.20819880813, 3986.8225123335046 352314.27385762706, 3991.6530123432904 352318.42205763236, 3991.727742772162 352318.4984255843, 3992.0019491645194 352318.7525817314, 3992.2125764934635 352318.923613349, 3992.381412344338 352319.0475576315, 4002.6704123627533 352326.3384576319, 4015.558812398655 352351.000757657, 4015.7657123993654 352351.47055765893, 4021.317812418188 352366.8098576786, 4021.4885124202665 352367.25755767804, 4021.6356124198087 352367.62175767776, 4025.148512431259 352377.08845769055, 4006.232012414498 352385.24585772026, 3987.182012395171 352390.0084577482, 3971.8361123701143 352383.65835775156, 3958.6069123612506 352393.1834577825, 3952.7861123557695 352397.416757795, 3936.9111123401763 352403.2376578171, 3921.565212328028 352410.6459578471, 3905.1610123127675 352419.11265787575, 3874.4693122829385 352429.16685792524, 3832.6905122474195 352451.93595800176, 3792.121012188611 352442.23455802724, 3751.5514121381616 352443.11655806843, 3739.2042121256854 352446.64435808826, 3733.3753735493897 352460.2449441198, 3733.976802266825 352465.16515309736, 3755.07921215964 352465.16515810136, 3785.947312195907 352461.63735806383), (4004.6700125342163 352538.36675796285, 3957.9269124520188 352510.1444579642, 3901.482312360094 352483.68605797924, 3866.256712303727 352468.7829579944, 3927.386012352454 352432.87095787656, 3987.7112124128557 352412.762657783, 4016.2862124455346 352408.5292577464, 4042.342012473836 352402.9630577136, 4104.489412630133 352501.21265780646, 4104.884812630519 352501.75365780387, 4105.126212632177 352501.9732578043, 4105.521012633 352502.77875780594, 4114.818512657783 352518.407457822, 4102.56601264488 352522.4916578401, 4037.302012578379 352543.6583579378, 4022.308912565667 352550.7139579654, 4004.6700125342163 352538.36675796285))",9152221.49141212,0.358,0.009
2102,-0.697579203193195,0.0262653034066723,0.503791104309421,0.432873558453042,-0.0750936153628631,3,18970.724448211666,47.47070535655372,"MULTIPOLYGON (((5798.349012971497 350229.10605251323, 5798.342320045723 350229.1198349826, 5798.344912972464 350229.1210525157, 5798.483963077507 350229.15748540295, 5798.349012971497 350229.10605251323)), ((5846.60888454103 350240.5531994262, 5848.885013046466 350242.2460524859, 5852.685262479602 350232.88078816264, 5846.60888454103 350240.5531994262)))",1179068.983212603,0.016,0.0
2103,-0.872005441405931,0.000272323610328767,0.544647697740941,0.252979081166435,-0.174958014447443,3,326548.6122901979,65070.78791602476,"POLYGON ((6784.448913888959 349813.83975086175, 6798.819113937895 349851.0272509083, 6885.46901401923 349816.40225076675, 6870.509013970414 349778.99605072197, 6784.448913888959 349813.83975086175))",2193702.6012576055,0.149,0.03
2104,-0.645020906316998,-0.0118406825333775,0.284807583681986,-0.164996395712584,-0.220845588193956,3,41066.78053584799,0.0,"POLYGON ((8680.209215504485 348828.62104739156, 8552.949415309115 348785.2772474522, 8547.369415306075 348789.68354746606, 8556.119015398901 348892.8460476184, 8582.52901543646 348898.4360475978, 8586.780515435043 348889.6522475807, 8614.262015474364 348895.3570475634, 8617.039015468998 348883.41604754515, 8635.621915492606 348884.58464752417, 8659.019015523016 348886.05604750384, 8658.839015533144 348898.1460475223, 8660.569015549438 348916.1760475524, 8666.25901556493 348926.80604756065, 8666.68901556782 348930.55604756624, 8692.306915598303 348927.2460475378, 8691.984615594782 348924.4022475295, 8681.379115507485 348830.3397473926, 8680.209215504485 348828.62104739156))",1322959.2924023576,0.031,0.0
2105,-1.45365262624506,-1.01459418044542,-1.8472990327173,-2.43483765991449,-1.70522940533676,1,198265.05548942054,4289.935232221184,"POLYGON ((7645.874312988077 347303.24874602724, 7620.203312988196 347344.42164611723, 7678.986213047059 347324.5792460302, 7673.653613037277 347320.23874602653, 7665.840713018956 347310.19354601763, 7664.228513011535 347303.62084601074, 7663.980512999887 347288.86304598674, 7665.096612990449 347275.2214459665, 7645.874312988077 347303.24874602724))",3167333.605791759,0.063,0.001
2106,0.165038014508353,-0.0949739710438026,0.394533144702837,0.285461319613243,0.151703348972671,3,17243.58152660196,609.5621804698042,"POLYGON ((8460.249013824303 347058.20604482014, 8485.899013857255 347060.126044794, 8495.909013870576 347059.8760447847, 8500.009013873234 347057.33604477625, 8502.149013871578 347051.6460447656, 8500.009013866185 347048.6060447609, 8494.589013856725 347044.6060447609, 8483.994613842537 347044.0623447718, 8477.22901383349 347044.23604477756, 8462.140213814948 347044.61084479187, 8437.213013784793 347045.20714481827, 8409.20251374877 347045.8710448472, 8376.929013708721 347046.6460448811, 8371.109013705784 347052.3160448978, 8373.939013714527 347058.9860449061, 8382.099013727731 347061.9560449021, 8427.029013780688 347057.40604484826, 8460.249013824303 347058.20604482014))",709740.0855750068,0.024,0.001
2107,-0.867382166690186,-0.71652409261462,-0.797485488464132,-0.770478722556278,-0.876007114767088,1,43669.97135893786,1601.3769986888035,"POLYGON ((6323.664111059349 346979.7707468532, 6309.606311058198 347000.8657469023, 6309.048111063783 347009.27724691574, 6347.493811122674 347022.1522468962, 6437.50751120198 346978.90574673656, 6436.146311197783 346975.5234467322, 6371.832211098573 346952.21484676097, 6323.664111059349 346979.7707468532))",2325697.4819335956,0.019,0.001
2108,-1.30675670886983,-0.726087516825022,-0.587608022421698,-1.30892334448462,-1.10287018979476,1,223294.54216074725,846.8538634875442,"POLYGON ((6674.1090128004325 348616.1360490881, 6688.319012838048 348641.14604911115, 6692.7890128424 348638.75604910124, 6774.691012900464 348580.85904892813, 6760.587012860192 348553.97704889905, 6674.1090128004325 348616.1360490881))",1565628.4724480421,0.143,0.001
2109,-1.08753797137677,-0.450868952046946,-0.706924028689667,-0.864261428201398,-0.859770359111817,2,11857.724631513818,0.0,"POLYGON ((5900.8274119094685 348725.8217500383, 5903.263711918326 348732.6265500495, 5910.1525119290345 348734.7268500449, 5917.125311938241 348736.82705003954, 5946.108811973077 348733.9707500087, 5937.203711944714 348712.71624998376, 5900.8274119094685 348725.8217500383))",977702.5952875346,0.012,0.0
2110,-1.46833563497558,-1.22039075667783,-2.50606182558207,-1.80906097653405,-1.79289811534498,1,4736.395013612856,0.0,"POLYGON ((5968.369011821853 348507.80604962725, 5991.309011877395 348540.896049656, 5978.4590118687065 348549.46604968514, 5996.439011911266 348576.43604971, 6057.969011957225 348535.4360495787, 6016.999011858108 348475.4360495256, 5968.369011821853 348507.80604962725))",512587.6009429838,0.009,0.0
2111,-0.904743927158985,-0.321009452312657,0.111856011628814,0.134344435148213,-0.407929708259143,2,77149.65654619243,24131.918425964588,"POLYGON ((5445.206011077108 348403.79204999283, 5416.685811049991 348414.9335500384, 5442.975811141185 348488.05855012964, 5444.678911147423 348492.7772501325, 5459.791211204512 348539.9647501912, 5500.07881124455 348525.80855012964, 5520.243911262452 348517.71475009527, 5514.329811239129 348497.2147500692, 5513.147211230096 348487.3397500543, 5516.301011223427 348473.55855003, 5520.637911218067 348461.3397500077, 5523.004111215277 348452.6522499891, 5524.185811211009 348446.3397499798, 5522.609111203623 348438.4647499677, 5520.243911196518 348434.902249963, 5518.273211194246 348434.52724996675, 5499.348811177038 348441.9960499974, 5495.983111164965 348432.6522499863, 5460.696011042308 348334.40224986523, 5438.009011020454 348343.1522499025, 5327.812210915957 348386.58975008037, 5332.953710933767 348400.957550101, 5432.317611035146 348370.8163499534, 5445.206011077108 348403.79204999283))",662425.409081621,0.116,0.036
2112,-1.3236283609831,-0.884519782902818,-1.19630854016471,-1.92931261958714,-1.39507703175292,1,140205.0594125173,32608.50913328537,"POLYGON ((5046.13891074254 348616.996150733, 5088.449910702238 348499.8711505057, 5064.229310677154 348506.0273505403, 5064.110110676151 348506.0587505391, 5045.500110657103 348510.7897505658, 5007.903710681693 348602.2216507485, 4912.649910597734 348648.46955091786, 4934.679910660783 348692.0587509619, 4973.201910765961 348763.02735103853, 5000.009110729269 348675.7461508699, 5022.299110704587 348608.8087507421, 5046.13891074254 348616.996150733))",1179338.6009798876,0.119,0.028
2113,-0.126713444628378,0.82291464099584,0.984975742011127,0.796023199912682,0.587004478015078,4,534346.0135756733,62767.96490476144,"POLYGON ((4058.317590088289 350403.08690773183, 4018.073130048885 350327.7535780777, 4018.069010798045 350327.7560544703, 4015.8495944244332 350329.0357179667, 4021.3491108798344 350425.2772546215, 4047.1983903805462 350409.763841303, 4058.317590088289 350403.08690773183))",3778671.134163645,0.141,0.017
2114,-1.47394301663951,-0.98753909335767,-2.02707200197596,-2.20447797322731,-1.69336943548349,1,10063.872431767677,2624.0543255031785,"POLYGON ((3953.4590099766183 349394.41605306324, 3946.2790099656013 349393.8160530701, 3895.529009948772 349452.68605321646, 3887.579009946591 349461.7860532366, 3884.5217237339784 349465.2847196404, 3921.148410023376 349505.42365327384, 3953.8491073432037 349394.49927556014, 3953.4590099766183 349394.41605306324))",681271.6241993775,0.015,0.004
2115,-0.747468314043852,-0.375425610668444,-0.241845232608045,-0.543988374885666,-0.56077854112613,2,21156.109485009492,5859.196845554816,"POLYGON ((3931.8483462425984 347953.3603570477, 3933.009008808563 347955.99605081324, 3936.339108810954 347954.6835508086, 3943.648908818419 347952.24605079833, 3942.1165502956387 347947.6226924172, 3931.8483462425984 347953.3603570477))",516764.881761089,0.041,0.011
2116,-0.257774847361498,0.816367920903543,0.991508177547755,1.07075987652954,0.588124115705742,4,1338858.8052195865,549337.1225678996,"POLYGON ((3469.9090077637716 347378.9160503689, 3442.209007717541 347365.0860503772, 3436.5390077067846 347360.87605037633, 3367.8590075781967 347309.87605036236, 3349.386068560455 347302.6987367149, 3349.3860075505304 347302.69885037, 3294.7735075595797 347402.2980505815, 3182.749707582452 347608.57095102407, 3149.4899075871967 347668.02425115183, 3246.7151077570647 347726.8665511487, 3254.4209077551814 347712.5100511154, 3259.3430077539233 347703.3397510927, 3309.9941077430935 347608.93355089426, 3405.533307727273 347436.03535052575, 3435.3964077762203 347449.8115505148, 3472.5000077707487 347384.3030503737, 3474.4991706535984 347380.77337785496, 3469.9090077637716 347378.9160503689))",2894268.493740434,0.463,0.19
2117,-1.55242945207381,-1.27500305016756,-2.55715864165136,-2.49757025728232,-1.98102254208085,1,383116.5505538365,183453.16764001973,"POLYGON ((4565.789008752061 346876.09604846686, 4552.379008725337 346864.5160484612, 4535.419008692605 346850.666048456, 4518.2690086583925 346834.52604844887, 4371.879008404791 346748.23604846187, 4371.850684673577 346748.19133872597, 4362.985608396681 346753.57604847755, 4511.240408653772 346839.77064846456, 4534.529308694041 346853.24974846095, 4576.748308776045 346889.60684847645, 4578.809381623016 346888.0995162402, 4565.789008752061 346876.09604846686))",1226424.3320610223,0.312,0.15
2118,-0.839915053442685,-0.598518006632647,-0.694966670456736,-1.02530901578925,-0.85036292036329,2,5603.505252386446,0.0,"POLYGON ((4171.619808808275 347576.18354997225, 4210.001208911941 347643.9960500421, 4259.558808952462 347616.99604994524, 4261.538808949233 347610.4022499351, 4225.069108853323 347547.12104987353, 4171.619808808275 347576.18354997225))",404543.65534242813,0.014,0.0
2119,-1.05152915659094,-0.573827662889666,0.043367762246451,-0.139766965325577,-0.619137014042616,2,24569.631388700247,959.8466689827183,"POLYGON ((4590.928909992385 348398.4335508449, 4633.689210008574 348350.05855072755, 4559.387909768514 348167.0897505125, 4556.389909763388 348164.9022505125, 4555.049009760195 348162.7147505125, 4473.169209683231 348196.9647506466, 4465.799009677105 348199.99605065957, 4520.959209852112 348333.4960508151, 4507.318109866026 348372.99605089147, 4524.388909891361 348377.9647508813, 4531.919209907033 348385.15225088596, 4548.379109932424 348390.55855087657, 4558.618909951808 348399.3710508812, 4569.840109974707 348409.02725088503, 4584.158909978635 348392.18355084304, 4590.928909992385 348398.4335508449), (4557.606209904869 348342.1210507918, 4561.511909911643 348344.08975079097, 4561.511909914749 348347.9960507974, 4562.29320991684 348349.1522507975, 4566.199909925334 348353.8397508031, 4567.7619099311205 348359.30855080765, 4566.19990993296 348363.21475081705, 4562.683809932302 348367.1210508263, 4558.386909927221 348368.30855083186, 4557.700909926435 348368.2147508338, 4552.137909918837 348367.52725083753, 4547.840109911059 348364.7772508394, 4546.278009904707 348358.1522508282, 4543.5432098988995 348356.18355083, 4540.809809892088 348351.49605082534, 4541.981209888627 348346.43355081417, 4543.154009886456 348342.1210508067, 4552.137909898063 348341.74605079554, 4557.606209904869 348342.1210507918))",586404.4001022894,0.042,0.002
2121,-1.13539670802953,-1.11515220601907,-1.55247606967331,-1.17075403710679,-1.33633045467867,1,13846.9202605594,0.0,"POLYGON ((4682.134942219117 346972.7812769086, 4682.354108975511 346972.64844850264, 4682.288701937995 346972.36365528865, 4682.134942219117 346972.7812769086))",422612.97769939905,0.033,0.0
2122,-0.55455669250203,-0.644139264740989,-0.304852254603004,-0.452653235290116,-0.58358168688672,2,378789.8086305906,174466.35010480872,"POLYGON ((4837.6799088435655 346558.32474769186, 4819.89990885302 346598.3298477689, 4857.788308901172 346598.96484773513, 4837.6799088435655 346558.32474769186))",1238254.2890409718,0.306,0.141
2123,-0.572626572046867,-0.608555584168095,-0.435825270667445,-0.775174647329058,-0.66098819015742,2,5348.678893072261,0.4215262579186835,"POLYGON ((5803.797534568606 346059.99041368655, 5803.800109670735 346059.9961459236, 5851.449002565264 346033.9520973039, 5803.797534568606 346059.99041368655))",453336.9294673442,0.012,0.0
2124,-0.249325101821767,-0.0654647485879774,0.450656706926189,0.459476398464882,0.0518957696926804,3,38311.79886336999,204.45529408702163,"POLYGON ((6891.658733073439 346575.5179461638, 6898.08521146553 346576.8397456333, 6918.395754305697 346579.0983426769, 6891.658733073439 346575.5179461638))",693784.656640047,0.055,0.0
2125,-0.388507622227481,-0.179824698331723,0.859427630320789,0.585189624096706,0.0569639777511627,3,84121.11257322875,756.2883866013383,"POLYGON ((6376.039009784532 345290.99604412634, 6373.049009777064 345286.0360441189, 6372.329009775146 345284.84604411945, 6145.179009594069 345418.876044563, 6151.287624832978 345429.0438047639, 6196.276609644149 345401.39164448436, 6271.440309703081 345354.96904433146, 6376.051444011 345291.01672178437, 6376.039009784532 345290.99604412634))",1619110.4737093938,0.052,0.0
2126,-0.275324311539089,-0.258995007740635,-0.155353773339482,0.0774476102092607,-0.212083774430354,3,61475.152964232126,172.9612088224032,"MULTIPOLYGON (((5744.47900927813 345659.996045351, 5671.477038181547 345683.3504465403, 5697.669309231576 345676.50094542094, 5734.494509269281 345664.22464536596, 5785.247609317998 345645.81084528565, 5788.153521552249 345644.438912579, 5744.47900927813 345659.996045351)), ((5849.748814728057 345614.5487213228, 5866.027509389048 345606.41734514013, 5876.768709398189 345600.64984512236, 5877.516629998548 345601.903989736, 5879.109313577431 345604.5332375644, 5880.316814997958 345606.4903041199, 5881.50330941059 345608.3839451298, 5891.708209435543 345624.54824514315, 5891.908867120756 345624.85713202227, 5892.451212112125 345625.6139735803, 5893.041895708547 345626.33372362424, 5893.678388510522 345627.0133000724, 5894.357964959108 345627.64979287237, 5895.0777150030935 345628.24047646765, 5895.834556562378 345628.78282145876, 5896.000068374224 345628.8917535711, 5896.625248725424 345629.2745054411, 5897.446405627033 345629.71342294663, 5898.294510946708 345630.0976944687, 5899.165932967474 345630.4256744925, 5900.056940127339 345630.6959585594, 5900.963716995731 345630.9073892683, 5901.717309454314 345631.03634514473, 6004.25620953958 345575.54734495096, 6018.549009547265 345562.3360449169, 6027.456709527718 345523.02774484735, 5982.32990948912 345547.00814493, 5981.812549891256 345544.9617785169, 5981.143272871528 345542.61808628216, 5980.397670729921 345540.29754701164, 5979.576541876055 345538.00264561176, 5978.68076559583 345535.73583951127, 5978.576631827334 345535.49563202966, 5849.748814728057 345614.5487213228)))",584286.1534114401,0.105,0.0
2127,0.666911932404402,1.43426682731729,1.08169543070188,1.16235080579954,1.19243281034284,5,721368.7604224168,608399.8672779949,"POLYGON ((4699.6590070191605 344482.7060445389, 4699.0890070185 344483.4660445424, 4686.829007016406 344499.9960445808, 4593.369006997571 344625.91604487505, 4494.079006980057 344760.9760451894, 4435.259006969741 344843.0460453769, 4375.009006963017 344929.44604557473, 4370.959006962402 344935.25604559015, 4364.709006960856 344944.2860456053, 4326.149006956724 344999.9960457366, 4300.169006953767 345037.5360458214, 4296.409006953472 345042.9760458376, 4296.189006953115 345043.28604583535, 4294.791425598954 345045.3064623606, 4506.089007330693 345183.026045843, 4688.727807276 344823.55884508975, 4818.549607235714 344566.2860445501, 4702.547402434831 344478.9800760306, 4699.6590070191605 344482.7060445389))",2084584.7940258945,0.346,0.292
2128,-1.58297983217687,-1.01056898833236,-0.930814083063342,-2.59398874029436,-1.61149632375774,1,937.077937346782,95.21068156274141,"POLYGON ((5508.789810145659 347128.702247913, 5505.879410140183 347124.99814790953, 5503.762710137101 347124.4689479107, 5500.323110131682 347124.20434791315, 5499.0002101320015 347126.5856479211, 5500.587710150934 347148.0168479532, 5517.521110173031 347148.81064793654, 5514.346110161254 347138.7564479215, 5508.789810145659 347128.702247913))",645381.1000301649,0.001,0.0
2129,-0.645463900861948,-0.3641934946948,0.549350867115051,0.253209443797174,-0.225070910736182,3,15898.816856266392,11198.988523339374,"POLYGON ((4585.019010107778 348554.2060510991, 4544.649010095004 348601.98605121765, 4525.7784300195135 348631.22540889826, 4527.17361009434 348629.504851277, 4534.446510108914 348635.39945128094, 4534.591545786478 348635.515094053, 4535.133520107223 348635.87722971477, 4535.718125950455 348636.16552541126, 4536.3353605506245 348636.37504832353, 4536.97466285231 348636.50221345853, 4537.625094213345 348636.5448449822, 4538.275525574724 348636.5022134576, 4538.914827875463 348636.3750483217, 4539.473255839464 348636.1894455394, 4539.532062475035 348636.16552540846, 4540.116668319591 348635.8772297073, 4540.658642639376 348635.5150940474, 4541.148712105491 348635.08531465847, 4541.578491491616 348634.5952451909, 4541.940627154373 348634.05327086896, 4542.228922852726 348633.4686650252, 4542.438445765858 348632.85143042356, 4542.565610898667 348632.2121281242, 4542.572910117277 348632.15405126754, 4542.704617791775 348632.101712157, 4543.279735330582 348631.8180955695, 4543.750643594329 348631.50883636717, 4543.812913267345 348631.46183746215, 4544.295028777555 348631.03903350513, 4544.709110118497 348630.56825126056, 4558.137710121293 348613.24475122057, 4558.2878101221595 348613.05485122185, 4602.130710131634 348556.50735108554, 4602.146048598073 348556.4874647483, 4602.509409752449 348555.9436563514, 4602.798681061951 348555.3570721578, 4602.8342402002445 348555.2688608337, 4603.008913014286 348554.73774879426, 4603.136508483384 348554.09628305305, 4603.160010131002 348553.88225108106, 4605.859510131678 348551.5142510757, 4605.939010133351 348551.4394510742, 4634.53761013392 348507.8886509761, 4665.931610148344 348474.9756508926, 4715.554210169036 348422.82125076186, 4707.346663141736 348412.6825274282, 4702.2090101490485 348418.936050768, 4701.559167551847 348418.62888473255, 4660.361710134927 348467.88675088435, 4647.575456961232 348479.29064926243, 4639.947938401842 348488.51321479236, 4635.550310128303 348498.7742509581, 4615.172148616819 348517.81107547245, 4585.019010107778 348554.2060510991))",411447.3265508371,0.039,0.027
2201,-0.499297612936237,0.519263017452475,1.04414292941417,1.05584030580791,0.395833679410697,4,690996.0601077605,333608.5734217892,"POLYGON ((12500.009019538344 347830.6960419547, 12427.889019429678 347809.14604199305, 12296.769019241596 347780.78604207654, 12272.849019211597 347779.94604209997, 12253.099019191419 347785.86604212783, 12190.089019132769 347813.0160422353, 12084.239019047422 347873.2160424413, 12064.550565779924 347880.9054383812, 12068.726319040039 347889.26344248094, 12077.852319065925 347907.52994250134, 12109.288619092193 347890.60274243914, 12109.35291909238 347890.56744244136, 12109.611919092576 347890.4230424408, 12109.677119093052 347890.3860424403, 12109.747519092898 347890.3446424408, 12110.024319093181 347890.17874244135, 12110.09231909282 347890.13724244013, 12167.55521913691 347854.44074232783, 12221.787119184257 347827.75514222775, 12271.427119232392 347808.22464214545, 12305.994419278 347812.1527421186, 12390.3358193969 347826.9342420576, 12464.328019505527 347846.08504201565, 12532.488919606987 347866.18394197244, 12585.050319687067 347883.704241951, 12585.19261968726 347883.7493419489, 12585.766719688625 347883.92184194736, 12585.911419688182 347883.96294194926, 12586.067919688261 347884.0022419505, 12586.694919690142 347884.14874194656, 12586.851919689474 347884.18274194654, 12622.069219740762 347891.226241922, 12622.074319740399 347891.22724192403, 12622.236019740254 347891.25664192624, 12622.881619741202 347891.36314192135, 12623.042819741651 347891.38704192266, 12623.204919741283 347891.4057419207, 12623.856219742018 347891.4699419234, 12624.019719742277 347891.4833419211, 12624.183219742712 347891.49134192243, 12624.837219743864 347891.5127419187, 12625.00071974385 347891.5154419225, 12625.16421974417 347891.51274192147, 12625.818219744742 347891.49134192057, 12625.981719745281 347891.4833419211, 12626.145219745335 347891.4699419206, 12626.796519745501 347891.40574191883, 12626.958619746343 347891.38704191986, 12627.119819746613 347891.3631419204, 12627.765419747597 347891.2566419216, 12627.927119747415 347891.2272419175, 12628.087019748033 347891.1927419165, 12628.724319749206 347891.04414191656, 12628.883019748879 347891.00434191804, 12629.040619748726 347890.9593419153, 12629.666819749526 347890.76934191585, 12629.822319749084 347890.7194419177, 12629.976419750039 347890.66424191557, 12630.588819751354 347890.4337419132, 12630.740919749958 347890.3736419119, 12630.891119750066 347890.30854191165, 12631.487219750294 347890.0384419104, 12631.635019751526 347889.9685419118, 12631.780219752436 347889.89394191373, 12632.357319750936 347889.5855419114, 12632.500719751934 347889.5058419099, 12632.641319752021 347889.42164190765, 12633.197019752946 347889.076041908, 12633.33431975221 347888.98744191043, 12633.469019752707 347888.8942419067, 12634.000919752942 347888.51304190606, 12634.132119752754 347888.41574190557, 12634.259919753667 347888.3143419083, 12634.765819752634 347887.89924190566, 12634.890919753965 347887.7930419063, 12635.01211975438 347887.6832419038, 12635.489719753594 347887.2359419046, 12635.607319753099 347887.12204190344, 12635.72121975376 347887.0044419067, 12636.168519754427 347886.52684190404, 12636.278319754325 347886.40564190224, 12636.384519754314 347886.28054190055, 12636.799619753849 347885.7746419003, 12636.90101975394 347885.64684189763, 12636.998319753571 347885.51564189885, 12637.379519754644 347884.9837418981, 12637.4727197547 347884.84904189873, 12637.561319754148 347884.7117418973, 12637.90691975479 347884.1560418969, 12637.991119754126 347884.0154418973, 12638.070819755036 347883.872041896, 12638.379219754557 347883.29494189564, 12638.453819754213 347883.14974189457, 12638.523719754623 347883.0019418923, 12638.79381975389 347882.4058418935, 12638.858919753893 347882.2556418916, 12638.919019754381 347882.1035418939, 12639.149519753822 347881.49114189204, 12639.204719753847 347881.33704189025, 12639.254619753807 347881.18154189177, 12639.444619753842 347880.5553418882, 12639.489619754298 347880.3977418905, 12639.529419753 347880.23904188816, 12639.678019752575 347879.6017418867, 12639.712519752225 347879.44184188824, 12639.741919753067 347879.2801418882, 12639.848419752689 347878.6345418859, 12639.87231975329 347878.4733418869, 12639.89101975237 347878.3112418838, 12639.955219752072 347877.6599418819, 12639.968619751638 347877.49644188397, 12639.976619751114 347877.3329418814, 12639.998019750918 347876.6789418841, 12640.00071975159 347876.5154418843, 12640.000719739784 347861.9469456479, 12500.009019538344 347830.6960419547))",4973508.239252538,0.139,0.067
2202,-0.624758481804209,0.350986189608825,1.28266437219877,1.0086388971098,0.322554271798248,4,2292136.8804067285,270906.8318517974,"POLYGON ((13399.029017704972 344082.77603510674, 13388.169017682187 344070.13603509776, 13366.873133074072 344072.327886329, 13366.802517657066 344072.5397351226, 13357.674317648067 344075.71473513544, 13353.705617651594 344086.03353515547, 13353.705617653768 344089.60533516295, 13375.533717681985 344090.39913514163, 13377.915017688203 344093.5741351452, 13611.674817999732 344115.00543494057, 13641.440518037152 344115.00543491077, 13640.249918028441 344105.8773349002, 13612.071717989613 344101.11473491695, 13611.32531198557 344098.581849279, 13399.029017704972 344082.77603510674))",10043777.237910809,0.228,0.027
2203,-0.750764063624222,0.049838023255057,0.519638090079543,1.05612280521452,0.0321690332059704,3,337720.26164225896,76314.62044872982,"POLYGON ((14361.559018982238 344160.8260342581, 14346.64343080479 344159.4420567856, 14346.781218962671 344159.66363426857, 14347.048018963364 344160.03593427036, 14347.338618964812 344160.39003426954, 14347.651818965136 344160.7243342707, 14347.986118965462 344161.0375342695, 14348.340218966063 344161.3281342704, 14348.712518966877 344161.594934267, 14349.101518968442 344161.8368342696, 14349.505518969163 344162.0527342707, 14349.922718970098 344162.24183426984, 14350.35141897013 344162.4031342706, 14350.789818970314 344162.5361342691, 14351.235918971386 344162.64013426844, 14351.687818971466 344162.71473426744, 14352.143718973075 344162.75963426847, 14352.60151897314 344162.77463426907, 14353.0593189738 344162.7596342666, 14353.515218974184 344162.7147342656, 14353.693218974156 344162.68893426843, 14361.675569168017 344161.42857672466, 14361.559018982238 344160.8260342581))",4367429.717543231,0.077,0.017
2204,-0.790241350726626,0.329776410800376,1.13251193199377,1.09021566324521,0.240801905531385,4,519187.43080232915,19320.8345655667,"POLYGON ((13845.869016776662 342198.8060316611, 13840.899016770456 342198.57603166625, 13659.179016550084 342209.9260318661, 13569.449016437846 342211.1060319599, 13565.255958161353 342210.6996943572, 13573.970716449308 342219.2829319695, 13697.257816600244 342212.6706318306, 13702.180716621177 342232.22073185723, 13812.753716757958 342228.90763173904, 13813.252315754566 342228.8674371466, 13813.298328251756 342228.8611599272, 13813.834516760062 342228.75503173936, 13808.602716736734 342208.15233171266, 13813.783716743479 342208.24013170693, 13813.450916742417 342206.9293317059, 13813.430736058193 342206.85128300637, 13813.23716433962 342206.2810391132, 13813.158860360565 342206.10275818035, 13812.970816891202 342205.74093992077, 13812.715416739773 342205.34653170407, 13840.899316775083 342203.58093167376, 13841.209916773523 342203.55623167194, 13841.767216775106 342203.5000316715, 13842.600816776214 342203.28993166983, 13842.666816777373 342203.6728316704, 13842.984116778474 342204.9484316744, 13847.51881678181 342202.4647316616, 13852.235816803091 342221.4309316892, 13953.321616927124 342217.2709315801, 13953.52631692749 342217.25703158416, 13953.988423530272 342217.2179955328, 13954.01108132222 342217.21495951526, 13954.489416928107 342217.1257315781, 13949.829316906566 342197.7461315505, 13964.929916925885 342197.05873153545, 13969.695016946891 342216.5161315622, 14072.371417073187 342211.7600314524, 14072.601817072975 342211.7437314512, 14073.040401402348 342211.7056414541, 14073.678489824277 342211.578717771, 14074.294552446583 342211.3695926918, 14074.878048267467 342211.081844395, 14075.41899351127 342210.7203963399, 14075.908132454206 342210.29143299814, 14076.337095795174 342209.80229405314, 14076.398612942483 342209.7203922896, 14076.698543850502 342209.26134880725, 14076.986292145499 342208.6778529845, 14077.195417226198 342208.06179036386, 14077.322340904337 342207.42370194197, 14077.364891480544 342206.7745055929, 14077.322340902998 342206.1253092401, 14077.196917075244 342205.4928314397, 14077.080217073843 342205.0445314348, 14073.417817057916 342191.02623141743, 14073.404001490802 342190.9734780276, 14073.2026255936 342190.3802437708, 14072.925539887136 342189.8183695385, 14072.88626938678 342189.7516000867, 14072.577485383386 342189.2974691624, 14072.16441739143 342188.8264553929, 14072.013117054139 342188.681631417, 14072.084657729032 342188.44081300404, 14072.203559432675 342187.84305377584, 14072.242538368839 342187.3254786171, 14072.243420678822 342187.23488867003, 14072.22650622282 342186.9768239432, 13845.869016776662 342198.8060316611))",4643517.343431559,0.112,0.004
2205,-0.2691989643692,-0.122969553922808,0.562365502141981,0.333987711398632,0.0207203535101314,3,504238.4328985101,59903.93739761101,"POLYGON ((13269.033315853205 341953.78333185334, 13267.381615838078 341936.4397318298, 13265.13891582448 341923.27723181155, 13258.500915798793 341901.75373178255, 13241.92891578324 341907.99603180867, 13237.3986157682 341895.402231792, 13181.089115708959 341912.18353187665, 13166.569015648076 341858.62643180694, 12913.57901537201 341912.98603214975, 12872.21331533264 341928.7542322157, 12857.539015318147 341934.1660322407, 12843.209015303268 341938.6660322603, 12837.929015297994 341941.5860322686, 12816.369015276296 341947.24603230413, 12812.209015274533 341951.20603231154, 12810.409015276151 341954.98603232205, 12810.01781527749 341958.95603232644, 12818.439015316288 341994.9560323758, 12829.23901534743 342015.73603239655, 12832.629115375928 342047.37103244755, 12825.999215392305 342078.43353250064, 12820.897715391953 342086.2147325156, 13018.079315598088 342032.21473223343, 13043.219015697043 342116.0897323387, 13096.864515752259 342100.2772322623, 13254.07931591372 342054.02723202854, 13264.207915924337 342051.1363320155, 13269.03331587685 341983.5150319012, 13269.033315853205 341953.78333185334))",5683434.458691969,0.089,0.011
2206,-1.2983811468239,-0.64575814615918,-0.757777695006092,-1.16269254380279,-1.07448167194222,1,153279.50330627643,3399.6582569006982,"POLYGON ((11603.18901533987 343960.57603672706, 11593.079726469654 343959.9025928854, 11561.888515285873 343957.8845367655, 11557.25831528548 343964.4991367813, 11552.958815283475 343969.4600367956, 11557.258315295594 343977.3975368021, 11796.653715613429 343995.99863659125, 11798.438464702056 343975.68918606284, 11603.18901533987 343960.57603672706))",1814206.509680354,0.084,0.002
2207,-0.576052464735456,0.492825085071214,1.04983568803551,1.16486645042206,0.378877506131987,4,374327.56708324415,150908.00565848284,"POLYGON ((10097.779013670042 344254.8960387185, 10059.859013639725 344276.6860387912, 10054.579013632618 344275.4060387956, 10046.279013625617 344280.80603881273, 10015.469013600992 344298.6760388715, 10002.79901358806 344301.6060388889, 9983.089013571602 344312.63603892643, 9980.85901356765 344311.696038926, 9956.689013547473 344324.8360389704, 9947.249013537974 344327.9360389868, 9939.286793542633 344330.43072933296, 9927.386013523344 344340.4022390228, 10034.558813684855 344373.62103897147, 10113.959213762813 344345.65223884396, 10204.38891385182 344313.71473870333, 10153.68871372417 344233.7147386279, 10149.56861371794 344231.8085386306, 10142.222113710079 344234.28883863986, 10139.567262157612 344229.70307623077, 10097.779013670042 344254.8960387185))",5505824.908005132,0.068,0.027
2208,-1.00598877125847,-0.719122929034298,-0.589530958383909,-0.833233895451159,-0.901388013995838,1,133527.1709025467,0.0,"POLYGON ((9377.879013202542 344812.43604033254, 9371.829013199827 344818.2860403452, 9349.819013189393 344841.39604040794, 9320.575290568677 344866.48491724447, 9324.069813181373 344870.5784404762, 9337.3708131882 344858.94014044665, 9348.706913194377 344848.8132404182, 9367.449213203015 344829.164040369, 9377.727213207934 344819.33944034204, 9379.359031665263 344812.71027904603, 9377.879013202542 344812.43604033254))",3430645.432607257,0.039,0.0
2209,-0.840355517678783,-0.626251896319865,-0.694640115290332,-1.07845021800607,-0.870555569008094,1,63039.388634438874,0.0,"MULTIPOLYGON (((7764.7863834211685 345716.25262766535, 7766.221411881869 345717.0013433965, 7844.30894325649 345703.73713327735, 7764.7863834211685 345716.25262766535)), ((7849.388837920267 345702.874245323, 7851.398111979342 345702.5329432888, 7842.76381192465 345648.39324320946, 7840.652131476162 345649.8068434624, 7849.388837920267 345702.874245323)))",1254416.7788147137,0.05,0.0
2210,0.137196809969292,0.0546305894187942,0.572315850584484,0.658526148421065,0.298643868233197,4,65577.780710131,356.39785588142644,"POLYGON ((7847.128111740976 345410.9824428279, 7888.613011842865 345471.7362428829, 7957.527811893281 345426.3976427382, 7916.723011792111 345364.73704268504, 7847.128111740976 345410.9824428279))",987020.076720464,0.066,0.0
2211,-0.18008176054857,-0.200316630549519,-0.448087567789437,-0.289130614933137,-0.277097473596252,3,1139277.0763400823,1624187.4070431704,"POLYGON ((7168.556308406093 342295.2191385664, 7208.744408430797 342261.8812384717, 7231.795808444454 342242.75903842226, 7231.780408444979 342242.73183842096, 7233.92330844562 342240.9505384164, 7234.670408448075 342242.0404384155, 7242.726608451535 342233.63253839314, 7268.129108462699 342207.121038327, 7404.759008521922 342064.21473796107, 7467.768808550817 341999.9960377971, 7500.009008565655 341967.15223770775, 7505.049008567709 341961.99603769835, 7529.399108578316 341936.9335376313, 7530.42890857528 341930.9335376201, 7620.839108615193 341837.37103738077, 7625.638908621367 341838.43353737704, 7652.788808630548 341806.71473729983, 7653.908908630273 341804.3085372951, 7754.439208682994 341709.83973704185, 7759.2390086905925 341710.9022370372, 7799.268808708898 341671.1210369365, 7799.10910870422 341665.15223692637, 7826.839108712789 341632.8397368472, 7846.788808729098 341621.589736809, 7852.388908726052 341608.3085367838, 7866.408908735484 341597.80853675306, 7848.76880870296 341584.5897367522, 7846.598808688739 341570.339736728, 7852.05880868117 341551.71473669447, 7852.359108673202 341540.9960366767, 7832.645408633181 341522.34073666576, 7801.7071086161 341551.46613674704, 7794.847108618701 341564.84403677005, 7792.039908626332 341579.2713367976, 7778.452208616222 341588.2307368256, 7520.479208500784 341852.82793750893, 7468.875008476763 341905.7595376447, 7354.302408409314 342003.63743791543, 7346.604708405418 342010.384737934, 7342.263208415397 342029.7893379703, 7337.768708426081 342050.2916380074, 7292.935508403569 342093.5468381224, 7280.814408397814 342106.59253815375, 7283.560408382354 342081.53203811496, 7261.92770834894 342073.9658381222, 7171.489808281819 342133.18213830795, 7162.733008282119 342148.16693833936, 7056.768308218915 342237.6776385885, 7026.592108203739 342266.03543866426, 7071.838508302211 342318.9943387024, 7135.166308335252 342258.5897385413, 7168.556308406093 342295.2191385664), (7805.097908701128 341652.5897369003, 7762.089108680799 341695.3397370111, 7752.118908660354 341686.37103700824, 7792.997808677713 341642.2147368947, 7805.097908701128 341652.5897369003))",3877237.747720691,0.294,0.419
2212,-0.231580967709944,-0.0258860314317405,-0.173492314632495,0.149578753776191,-0.0996741025876256,3,24997.69249749849,0.0,"POLYGON ((7977.114625209677 343764.62721783266, 7954.217510566042 343760.66014010366, 7950.9590105777825 343780.2060401356, 7949.3591105874775 343794.33974016085, 8004.368910667774 343809.8397401292, 8046.799010731622 343821.8085401086, 8082.288810780667 343826.90224007703, 8080.63901077253 343819.05604006816, 8079.209010761617 343806.9460400492, 8068.419010735707 343792.78604003694, 8049.545310706092 343785.0505400477, 8050.6670648391355 343777.38570250146, 7977.114625209677 343764.62721783266))",699060.5351697414,0.036,0.0
2213,-0.68288418548175,-0.661876152428739,-0.812789585086269,-0.696776976320655,-0.776732203679436,2,15465.1466951969,0.0,"POLYGON ((8084.0990112153095 344371.0860409383, 8066.377762720722 344391.199687197, 8041.358911200645 344420.6080410611, 8142.58471130718 344393.7071409151, 8145.751211300025 344378.6522408882, 8171.651111237303 344259.4022406731, 8170.240911233765 344257.1522406703, 8164.441111227676 344257.83974068053, 8143.0412112280965 344293.1835407559, 8111.041211222895 344337.6210408611, 8093.056911217822 344359.8397409115, 8092.8829573541 344360.04421459715, 8084.0990112153095 344371.0860409383))",488694.73789219913,0.032,0.0
2214,-0.995965663368304,-0.13676951144177,0.148378889846909,0.181372741265965,-0.358062355218481,2,26264.64132053601,0.0,"POLYGON ((8136.197265727256 344753.29850874224, 8136.562311585078 344753.1867414918, 8129.085781690472 344737.9642882382, 8136.197265727256 344753.29850874224))",743626.664149027,0.035,0.0
2215,-1.24025744512364,-0.732694047130223,-1.06989009496272,-1.47885508321964,-1.20135688889835,1,82637.03595371523,0.0,"POLYGON ((8407.3947107419 343258.77723884303, 8360.736510818053 343430.058539168, 8364.48901082455 343432.1760391677, 8376.469010832316 343422.0360391373, 8395.849010845799 343408.9960390944, 8431.165810875917 343391.04633902945, 8410.079010741541 343254.0168388365, 8407.3947107419 343258.77723884303))",868026.4579054439,0.095,0.0
2216,-1.19350010642349,-0.727520872610065,-0.314108273886112,0.15163370907609,-0.74074120582893,2,36619.260498731426,762.1619725342495,"MULTIPOLYGON (((8642.099010157754 342151.57603685, 8634.109010145115 342148.4160368508, 8632.430738781592 342148.1497955039, 8642.733955610609 342152.05203229625, 8642.099010157754 342151.57603685)), ((8653.619010181976 342162.7160368571, 8649.529010170752 342157.14603684936, 8643.642290801039 342152.7329780569, 8652.740810179663 342162.1723368531, 8656.781806693329 342170.4313434823, 8653.619010181976 342162.7160368571)))",1048021.0362652928,0.035,0.001
2217,0.405626869274684,0.970599623943241,1.20615169063596,1.21005426759179,0.956080125357514,5,344033.01081967837,227435.78568239472,"POLYGON ((8368.289008426578 340410.5760343531, 8367.449741546417 340411.42376798805, 8534.062583024546 340590.847711484, 8368.289008426578 340410.5760343531))",2075840.5132251505,0.166,0.11
2218,-0.417327832678392,-0.231180209202827,0.295789340605713,0.0962560581478841,-0.167398254601696,3,176228.01304055113,0.0,"MULTIPOLYGON (((8675.659009984975 341879.69603638165, 8653.849009954469 341877.3260364011, 8636.859009929773 341873.9460364105, 8636.27174903237 341876.9420730156, 8664.276609969356 341879.2147363927, 8683.25303519358 341880.34292405, 8675.659009984975 341879.69603638165)), ((9126.45304357215 341835.3255070373, 9126.699410520037 341835.27723585535, 9126.69940339992 341835.2772202675, 9126.45304357215 341835.3255070373)))",767929.4893435952,0.229,0.0
2219,-0.824342627465054,-0.666529949699006,-0.279050534326666,-0.514421500251931,-0.698326231594043,2,2988.139954426173,0.0,"MULTIPOLYGON (((9044.04901095108 342509.91603701, 9014.499010890173 342479.5560369957, 9010.787883026858 342481.4999611162, 9040.311110948962 342512.36363701895, 9055.18131096802 342512.55103700515, 9068.279910985488 342514.0200369973, 9090.891311015324 342515.4574369751, 9091.594828228886 342515.49398469727, 9044.04901095108 342509.91603701)), ((9103.160150830183 342516.0948032548, 9116.15791104876 342516.77003695257, 9145.491711087028 342518.0839369241, 9145.334840253623 342517.56229194347, 9103.160150830183 342516.0948032548)))",429627.1326379378,0.007,0.0
2220,-1.05916329861876,-0.748710760817976,-0.847608538141257,-1.04438636682231,-1.01880269080316,1,176258.57445513443,2379.0643824475947,"POLYGON ((10076.69901332904 343857.9860381102, 10083.701088917025 343837.96743512567, 10076.66921331073 343835.4960380709, 10000.00901320718 343827.214738138, 9948.528513138268 343821.6210381808, 9865.619413028413 343815.9960382562, 9782.106712914398 343805.2772383252, 9776.952412907165 343804.5272383308, 9770.905512899022 343803.6460383339, 9778.039312919727 343818.90223835036, 9816.443812994989 343852.08643836156, 9829.095913019786 343862.246038368, 9880.930113087923 343866.72553832177, 9885.239013090599 343862.2560383091, 9890.256313096383 343862.19673830457, 9895.10901310416 343864.3860383043, 9895.871513115257 343877.8212383259, 9916.344913143696 343879.9022383047, 9911.840313132541 343873.8784383023, 9923.748713148298 343875.34433829226, 9923.617713149473 343876.3628382925, 9923.576902542882 343877.0003794022, 9923.619679509982 343877.6530298004, 9923.747278486308 343878.29451317154, 9923.95751621719 343878.9138535522, 9924.246795477651 343879.50045386236, 9924.610166617742 343880.04427720234, 9924.88689960888 343880.37443785183, 9925.041412258075 343880.5360186128, 9925.533153664464 343880.967264249, 9926.07697700704 343881.3306353921, 9926.663577316287 343881.6199146481, 9927.282917699005 343881.83015237935, 9927.924401068516 343881.95775135513, 9928.577051468186 343882.00052831974, 9928.769113160512 343881.99683829956, 9962.024713202387 343880.71783826407, 9966.761413213631 343888.79173826985, 9967.107224781214 343889.3053902993, 9967.538459582529 343889.79711934645, 9968.030188633335 343890.2283541495, 9968.57399830885 343890.59171615634, 9969.160583875919 343890.8809881462, 9969.77990869454 343891.091220594, 9970.421375943342 343891.2188163595, 9971.074009941673 343891.2615922522, 9971.72664393936 343891.21881635673, 9972.368111188582 343891.0912205875, 9972.987436006424 343890.88098814525, 9973.25789634557 343890.7594447611, 9973.574021573286 343890.5917161554, 9974.117831248246 343890.228354143, 9974.609560297107 343889.7971193399, 9975.040795098903 343889.30539029, 9975.404157107452 343888.76158061344, 9975.693429096262 343888.1749950461, 9975.903661542954 343887.5556702288, 9976.031257311086 343886.91420297604, 9976.074033203497 343886.2615689812, 9976.031257310637 343885.6089349855, 9975.903661541462 343884.9674677327, 9975.729413222007 343884.4374382552, 9971.802313209075 343874.41733824275, 9971.754113208795 343874.3055382399, 9971.433213208267 343873.6276382394, 9971.230213207275 343873.3252382381, 9970.944113207388 343872.90643823985, 9961.006213182633 343858.24983822554, 9992.96871322567 343861.8204382006, 9984.705113200554 343842.89673817996, 9988.020713204736 343843.2772381734, 9987.318613206591 343846.058538178, 10000.009013222329 343845.9647381678, 10004.289313227911 343845.93353816494, 10045.518813281946 343848.3085381258, 10064.207213334854 343884.7147381641, 10067.9082133396 343885.7586381603, 10071.589013337254 343876.18603814486, 10078.536178425886 343858.4270777426, 10076.69901332904 343857.9860381102))",1030785.0060491421,0.171,0.002
2221,0.384712694510118,0.4089109070764,1.10326896033821,0.886492165576357,0.661662262550683,4,8127.878910403293,62.89576978953636,"POLYGON ((10253.544713058987 343236.43603694346, 10251.944513066155 343248.63753696624, 10250.344413071156 343256.4384369785, 10256.94511308159 343259.6387369782, 10271.146813092117 343250.03763694596, 10281.548013099864 343243.4368369272, 10254.344813053767 343228.73513693083, 10253.544713058987 343236.43603694346))",597576.3028986729,0.014,0.0
2222,-0.874311148415102,-0.313875133127035,0.402639720436764,0.666843150009192,-0.241743801350276,3,54545.151408465885,0.0,"POLYGON ((10392.109012043587 341737.2660344178, 10363.019898555092 341752.020058601, 10363.995412021677 341754.7553344751, 10390.3977120443 341740.7553344276, 10393.023787826629 341739.1741707462, 10392.109012043587 341737.2660344178))",949199.6534098433,0.057,0.0
2223,-0.1471465537617,0.0876988983585523,0.763957395067976,0.518382370794284,0.215209812128319,4,38200.74140111861,0.0,"POLYGON ((11717.00901375097 341777.46473314054, 11761.178913852464 341833.6522331899, 11766.005113863577 341840.74603319354, 11769.917213873132 341846.496033201, 11796.699413895374 341832.08973314986, 11799.459213886377 341815.5897331154, 11811.108613892278 341804.37103309017, 11849.629113910018 341766.27723299246, 11851.789313905661 341756.52723297384, 11717.00901375097 341777.46473314054))",1098266.457287488,0.035,0.0
2224,-0.410359121191887,0.269521141978883,0.885098018103606,0.707725757373506,0.242531454040452,4,158695.67041498865,270.8232389497159,"POLYGON ((12145.439013025922 340181.80603016727, 12140.70504134855 340183.33850177366, 12145.37661302718 340182.7393301707, 12145.719470224652 340182.70752891526, 12146.001304993018 340182.69943359867, 12146.06371302726 340182.6998301707, 12146.66803535062 340182.7422225671, 12146.785271933026 340182.7590774931, 12147.306872929628 340182.869295259, 12147.490613029237 340182.9223301653, 12147.596722476883 340181.43694828555, 12145.439013025922 340181.80603016727))",2250856.607570481,0.071,0.0
2225,0.511873851263148,1.23112245586724,1.44388974042676,1.12533957167595,1.1200733885532,5,1600.5465780035233,0.0,"POLYGON ((10053.639011316433 341360.07603416033, 10053.633792745022 341360.0765808153, 10053.638911315917 341360.08973416034, 10118.196763518377 341355.56811758253, 10053.639011316433 341360.07603416033))",603721.3755243814,0.003,0.0
2226,0.228332266092608,0.930391930319056,1.04043053568131,1.20134505823944,0.843349017113946,4,3267403.4190854994,1400448.2256317234,"MULTIPOLYGON (((11250.00901171684 339960.0560307214, 11123.12901147688 339860.72603068873, 11056.939011307117 339752.58603058476, 11026.259011192911 339657.0160304634, 11250.009011220875 339336.1360297259, 11520.689011296057 338999.9960289132, 11672.329011351429 338827.8260284839, 11668.5090112559 338713.9960283078, 11615.469011090621 338590.6260281643, 11507.669010613075 338161.7260275865, 11623.72901063125 337999.9960272126, 11633.659010621466 337972.3560271561, 11646.619010618793 337948.2760271048, 11650.139010612464 337934.6560270814, 11638.499010587951 337922.3560270723, 11635.736721109683 337919.591134121, 11549.36941053925 338002.8767272914, 11259.25811039323 338280.9318280313, 11222.088110374782 338316.8419281244, 11198.909410362663 338338.7343281852, 11175.678110351622 338361.30192824267, 11139.171910332861 338396.038128335, 11098.683110312304 338434.9782284368, 11063.39381029534 338469.3826285284, 11036.740510281872 338495.3835285986, 11002.256310265637 338529.52152868547, 10973.256310251549 338558.02162876166, 10945.50641023951 338587.52172883507, 10925.256310231342 338608.52172889095, 10850.16811020083 338690.08982909936, 10847.58831020019 338692.82582910545, 10827.568910191243 338714.14672915824, 10819.611010187837 338722.4971291814, 10813.350110186037 338729.89662919566, 10801.318910183549 338745.86532923765, 10789.620310181679 338761.7930292757, 10785.887810180762 338767.49592928495, 10787.063610183799 338768.9126292877, 10773.897610180682 338786.52732933033, 10780.076310193643 338792.8562293323, 10765.752210189314 338809.878829374, 10756.34561018122 338814.43032938894, 10751.794110174822 338814.1269293921, 10746.888710169535 338814.1538294023, 10742.588010166473 338818.5585294105, 10731.327810163295 338832.9350294471, 10693.317510154075 338881.4648295613, 10691.577310154564 338883.96082956716, 10688.7081101525 338886.9647295736, 10686.460410153786 338891.300729583, 10637.088010147505 338962.1211297475, 10612.557710139527 338991.0584298186, 10605.027510137594 339000.12112984154, 10592.805010131113 339012.2070298735, 10587.737410128626 339016.52722988464, 10551.807810110744 339051.3709299769, 10508.048010089477 339094.1835300904, 10483.90321007898 339118.9108301522, 10474.537210072 339126.08983017225, 10443.907410053667 339150.62103024404, 10435.683410047688 339157.0054302644, 10421.907410037751 339166.3398302905, 10374.248210006223 339203.6836303966, 10320.918109972472 339245.7773305215, 10294.884209956805 339267.3268305827, 10282.458109948566 339276.8710306082, 10275.786709945234 339282.31743062194, 10250.772109926866 339299.2996306764, 10250.666909926991 339299.4749306785, 10230.812909914483 339315.9609307246, 10232.009009917181 339317.0860307254, 10279.184210046466 339405.24473081715, 10255.431610041967 339437.06673089135, 10236.786210007403 339422.6293308884, 10183.367109908233 339384.1876308806, 10167.39130989811 339396.66873091646, 10136.937409882345 339425.12563099246, 10117.96620988904 339463.0681310743, 10097.996409889494 339495.51903114375, 10105.984309909863 339508.9985311562, 10137.820509953348 339513.5758311311, 10173.93140999669 339510.6074310923, 10147.920809992494 339545.94263117295, 10169.388310034863 339564.4146311823, 10208.356410050725 339522.3971310742, 10223.831910076591 339530.79243107326, 10272.205610093719 339474.6648309352, 10326.452910110262 339409.97173077613, 10326.53571011133 339410.0661307778, 10400.505610271066 339494.35743083525, 10407.545210270178 339481.78673081193, 10443.246010325944 339495.86593079474, 10468.387410331268 339461.6736307163, 10481.460910346354 339460.1651307, 10505.09391040864 339499.8886307422, 10550.85121043967 339466.70193064027, 10575.992610506522 339510.95083068684, 10595.602910523121 339500.391430649, 10632.309410619097 339562.7421307089, 10674.04411066042 339547.65723064635, 10679.072410683528 339568.2732306747, 10698.179810699585 339558.2166306367, 10705.219410682166 339526.0356305791, 10706.727910672727 339512.4593305541, 10700.19121062919 339467.707630489, 10703.449710633678 339467.1409304859, 10706.377810647678 339479.8089305032, 10709.227710675308 339510.74603054766, 10710.527610697241 339536.0271305889, 10699.647710725028 339588.8399306834, 10699.206810727235 339591.2489306871, 10694.797810740694 339615.3399307309, 10694.030810749637 339628.3603307521, 10693.5276107559 339636.90213076584, 10695.198210763041 339643.68853077944, 10704.017610802868 339679.5139308218, 10709.647710823141 339696.0581308454, 10713.361210831006 339700.3545308495, 10721.312910847842 339709.554130855, 10727.130710857868 339711.16523085255, 10735.325610869919 339713.43453084584, 10741.036710878941 339715.01603084616, 10757.320310900215 339716.9062308287, 10775.021710923778 339718.96093081497, 10791.291610943485 339718.42553080246, 10821.144510981463 339717.443130767, 10838.440511003846 339718.35393074993, 10853.308711021835 339717.7470307378, 10871.059711042995 339715.7742307149, 10885.927811059864 339713.6501306966, 10911.720611091421 339711.5261306651, 10934.47781111747 339708.4920306392, 10947.525811131673 339705.15413061995, 10957.539611141785 339701.81613060646, 10971.497611153489 339694.53403057996, 10978.17281116048 339692.40993056726, 10986.61831117739 339701.09443057235, 10987.750011180706 339702.2581305746, 10990.04781118485 339704.6210305728, 10995.226611200931 339716.82533058804, 10999.197611213265 339726.1832305994, 11007.48471123752 339742.46993061807, 11011.377811248243 339750.12103062775, 11014.96391125862 339757.059730635, 11020.357611273404 339767.49603064544, 11034.417811311932 339793.6210306706, 11044.640111335832 339808.57123068534, 11050.977711352556 339817.8399306983, 11056.473911364452 339825.0748307025, 11070.847711398488 339843.9960307153, 11073.861211404135 339847.2152307192, 11092.417611442977 339867.0380307296, 11114.264711487514 339887.3681307426, 11118.16681149567 339891.3927307436, 11134.536911529876 339908.2771307556, 11163.737611584098 339930.02713076025, 11184.047811623765 339947.183230767, 11208.937611665406 339960.1931307614, 11210.471111667566 339960.6921307584, 11231.187711698518 339967.4332307521, 11251.570611729243 339973.99993074127, 11261.947611746627 339978.46493073925, 11273.720911762646 339978.24803072587, 11274.065211762616 339978.3084307257, 11286.007811778763 339980.4021307146, 11291.565611786498 339981.3173307115, 11301.947611800715 339983.0271307025, 11319.44581182562 339985.6224306915, 11323.939911831136 339986.28903068695, 11333.570911845762 339988.58423068095, 11346.837811865273 339991.7460306743, 11356.40631187871 339993.99263066426, 11367.594211894566 339996.61963066086, 11368.797911896076 339996.9022306558, 11387.714511926133 340003.7726306496, 11395.551611938961 340006.61913064774, 11395.606411938643 340006.6282306481, 11400.528711944975 340007.44873064384, 11410.116611958507 340009.0469306363, 11412.1832932495 340009.4115352005, 11250.00901171684 339960.0560307214), (10309.34661008137 339400.1710307803, 10314.019210083608 339395.80313076545, 10318.895010093695 339401.35923077073, 10309.34661008137 339400.1710307803)), ((11454.897502415914 340022.4110152778, 11469.589912049842 340028.77013060916, 11484.913712071377 340032.5630305968, 11502.512812098652 340038.32893058937, 11527.849812138265 340047.8869305812, 11560.772812191624 340062.90703057125, 11577.607612219272 340070.55823056586, 11585.048512231027 340072.92013056297, 11590.206712237446 340072.92013055645, 11598.71781225181 340077.3082305556, 11612.053812274247 340083.84413055144, 11627.347712301129 340093.4332305528, 11635.418712313536 340097.4990305519, 11642.094612325256 340101.140030548, 11647.252712334735 340104.47803055216, 11648.003512335526 340104.87283054926, 11653.227712344786 340107.62103054766, 11655.73761234752 340108.08993054554, 11661.208512355443 340108.9021305423, 11668.087812363741 340107.90213053394, 11674.117612369835 340106.3710305225, 11680.41781237434 340101.4960305104, 11687.003512378551 340096.5888304971, 11687.378312379029 340096.34703049343, 11687.329012378323 340095.4760304941, 11690.461446405736 340094.101650703, 11454.897502415914 340022.4110152778)))",7209828.097899361,0.453,0.194
2227,-0.404151131877114,0.512618862883557,1.01815749528273,0.810224322988167,0.378335506882023,4,173664.97201127617,92.99657417564656,"POLYGON ((14190.90372756215 340475.0209971716, 14191.119515848102 340478.2582285721, 14203.71378795175 340479.13283995556, 14190.90372756215 340475.0209971716))",3215753.89740552,0.054,0.0
2228,-0.564842467985047,0.189361158249847,0.83056190199558,0.469448898787776,0.101560977351577,3,66343.2421681284,821.4067225613321,"POLYGON ((14665.696017361279 341630.2608299246, 14652.313817348711 341635.1911299471, 14644.91841734044 341636.2476299554, 14568.968617287634 341690.95023011696, 14685.182317386627 341630.84782990813, 14678.491217364795 341613.474429884, 14665.696017361279 341630.2608299246))",947004.6151388714,0.07,0.001
2229,-0.73872507862826,0.205662020722557,0.766435446635756,1.13526053255798,0.154560737762032,3,50380.274066768885,0.0,"POLYGON ((15048.219016864283 340394.08602757007, 15033.779016852423 340402.676027596, 14955.039016784252 340441.37602774147, 14897.55901673305 340469.0060278429, 14837.379016672046 340486.46602792945, 14804.069016636986 340496.96602798253, 14777.389016612395 340508.67602802627, 14762.709016602133 340518.5260280566, 14732.209016576653 340534.6560281133, 14689.409016534119 340549.50602817815, 14641.30901648114 340559.35602824483, 14605.059016443229 340568.6860282961, 14482.68901629856 340581.2260284396, 14461.26866958521 340586.4519435142, 14461.251416275323 340586.7694284683, 14461.171516275843 340588.2391284732, 14461.1582162768 340588.48462847434, 14464.954916281495 340587.8512284681, 14466.060116281926 340587.37822846696, 14497.307916319407 340584.5320284292, 14596.855616437706 340575.46482831426, 14663.327316508792 340558.0898282211, 14663.812616508862 340557.9648282174, 14699.364416546243 340548.839828169, 14811.347816653102 340505.15232798737, 14894.38391673245 340472.6835278515, 14895.16421673273 340472.37102785055, 14917.347816753918 340463.80852781236, 14927.907316763783 340459.71482779644, 14930.06851676666 340458.8398277918, 15003.0153168271 340420.2734276587, 15009.628116833263 340416.7773276437, 15013.133516836382 340414.9233276397, 15090.988416901946 340373.74602749385, 15132.454216933897 340348.05852741003, 15199.12411698593 340306.7773272786, 15199.57481698623 340306.1426272774, 15202.558716986865 340301.9335272657, 15202.43861698618 340301.4648272656, 15201.951916983886 340299.3274272606, 15203.871463930614 340297.9626229964, 15203.49210563276 340296.274476208, 15048.219016864283 340394.08602757007))",1917068.7712615428,0.026,0.0
2232,0.777952399039382,0.512961703501368,0.692788763561184,1.01371842246426,0.793241009360396,4,944806.6964469922,633610.6234774166,"POLYGON ((6918.577037781304 344294.36799147294, 6918.539009679825 344294.6160419956, 6918.779009684554 344301.09604200814, 6944.549009733641 344321.1460420117, 6944.507009736286 344325.6960420199, 6958.55320978318 344360.82144206297, 6979.765909821192 344374.7843420645, 7008.044609874478 344397.81214206945, 7022.544709921519 344433.74734211154, 7041.9326099576465 344447.3805421153, 7078.611710012824 344459.26164209563, 7142.339510125505 344498.5636420939, 7155.813410125385 344477.56684204657, 7140.51881009579 344464.6835420411, 7139.029010091797 344463.06604204234, 7123.643990376119 344450.5919483765, 7106.127216360001 344438.8469849764, 7087.378609997662 344426.5754420338, 7074.479009974705 344417.8160420358, 7071.039826455225 344414.9828116754, 7068.119009963231 344412.8460420333, 7047.249009923193 344396.0460420279, 7027.359009884466 344379.436042021, 7020.438134105644 344373.2967031727, 7019.298109868688 344372.3575420175, 7002.388349929066 344357.4539044546, 6996.369385878981 344352.5560364086, 6981.649009795968 344341.2282420043, 6979.239440000516 344339.3698631069, 6951.279009739516 344318.47604200244, 6925.403239019163 344297.63959980634, 6919.469009680589 344294.8260419974, 6919.10751065756 344294.61106117646, 6918.577037781304 344294.36799147294))",2365463.467542382,0.399,0.268
2301,-0.860348063927033,-0.191281022282231,0.0485779926400471,0.275360223597623,-0.329132269118453,2,216374.42663216952,43860.31458266631,"POLYGON ((2107.1566953820375 334027.6510304706, 2147.0199955000394 334110.6995305624, 2161.304295512199 334103.0590305347, 2142.369295417925 334016.02423041407, 2107.1566953820375 334027.6510304706))",1041711.3366628706,0.208,0.042
2302,-0.718523132725469,-0.397389241164576,0.286776423048362,0.57909524535926,-0.252669136296419,3,17905.031749085494,9810.751810346199,"POLYGON ((70.18899323180511 334579.0585334124, 43.41899320415461 334586.55853345525, 55.38899325405292 334631.05853350926, 14.997993212765039 334642.3085335726, 18.348993228519383 334657.558533594, 105.91899332141168 334633.65223346464, 90.31199325347637 334573.6835333882, 70.18899323180511 334579.0585334124))",1248566.6459079,0.014,0.008
2303,-0.41170644149815,0.400274193514285,0.403883093647307,0.478018848546985,0.158901687665628,3,141293.41410567056,132861.97809857992,"POLYGON ((-648.3110081832691 333955.7620331412, -648.1835081825352 333955.78433313966, -647.9253081829122 333954.3067331379, -648.043908183259 333954.221233136, -652.0039081905355 333952.4149331404, -665.6039082124981 333946.21123313904, -666.3873082148012 333944.4312331397, -668.0906082206163 333940.56123313215, -670.511308227774 333935.0612331275, -672.7339082342925 333930.011233123, -673.2539082352347 333930.29123312235, -674.1661082318718 333935.06123313215, -675.217808228859 333940.5612331433, -675.9578082265838 333944.4312331481, -678.463908220167 333957.4112331718, -678.8553082181546 333959.3412331734, -679.7051082166372 333963.5312331831, -681.8528082108761 333974.12123320345, -681.9339082099419 333974.5212332038, -681.6755082082635 333976.4942332087, -681.1139082044368 333980.781233212, -681.1886082042417 333981.0996332122, -681.2854082039966 333981.5123332143, -679.6210082014297 333981.8160332106, -655.5410081721626 333980.14603318553, -654.5826081713719 333979.51643318497, -654.9663081725375 333979.2604331821, -654.283908171245 333978.8712331811, -653.6739081715041 333978.3612331804, -653.5339081708864 333978.21123317815, -653.363908171016 333978.03123317845, -652.7539081712641 333977.2912331773, -652.2539081712063 333976.48123317957, -652.0039081712615 333975.9634331763, -651.8339081705974 333975.61123317573, -651.4239081714085 333974.2612331733, -651.1639081720659 333972.8612331683, -651.1239081722869 333972.6112331664, -650.848508173398 333971.0351331653, -650.9557081734912 333971.0164331673, -651.833608175578 333970.86303316616, -650.5524081798626 333963.5312331533, -649.1686081842896 333955.61223313864, -648.3110081832691 333955.7620331412))",1465016.1150967304,0.096,0.091
2304,-0.563681722208329,-0.527184890206668,0.188647804321019,0.237424996338955,-0.324755813141574,2,75780.2840487586,543.7782510980172,"MULTIPOLYGON (((-1232.5721908042133 333161.8895306674, -1232.5647095632457 333161.9362324523, -1230.4559351981934 333162.3943180449, -1232.5721908042133 333161.8895306674)), ((-1214.778227094837 333166.1338989991, -1214.7706095372348 333166.1954324432, -1210.576927828616 333167.13602881395, -1214.778227094837 333166.1338989991)))",1474316.260210727,0.051,0.0
2305,-0.876964014473138,-0.341522700038963,-0.101848109857907,-0.34363997571669,-0.533187466172658,2,278994.2349494298,59766.38833498414,"POLYGON ((-1857.1742253404732 331346.0325611111, -1867.5844370993445 331353.9846538799, -1852.7910118005695 331360.95603018254, -1747.411011635648 331398.98603013624, -1658.9910115067269 331418.5560300788, -1579.9310113975598 331430.1860300191, -1449.4610112254554 331435.6860298924, -1447.602831555143 331429.57663831953, -1448.3397270534679 331424.3308809353, -1449.7967158093452 331407.27428869717, -1449.9663268836844 331404.95224443614, -1450.6810112570959 331399.74602983706, -1450.9136371148768 331396.46943978453, -1455.0210112843808 331372.5060297977, -1458.691011348773 331297.976029682, -1459.8127113974074 331239.36112959124, -1458.584679539342 331239.7688286919, -1479.8650216461563 331231.3360242239, -1484.1610114355456 331229.6660295967, -1514.141011481824 331220.1260296134, -1557.971011535222 331224.08602966554, -1568.6254349704552 331225.04667441273, -1567.8190115436187 331227.8390296791, -1569.7752115323835 331245.2303297082, -1571.007011520549 331262.3980297409, -1574.3159115087842 331282.2517297743, -1577.1884114986337 331299.48662980273, -1594.2996115114172 331310.67472983897, -1639.2239115664051 331313.4252298875, -1680.3205116309666 331298.13342990447, -1699.67121166735 331283.6311299028, -1716.5284116971031 331272.9408299029, -1717.5844160940394 331271.84461315296, -1726.241011705041 331278.0160299195, -1731.0210117095667 331281.416029932, -1731.9268094515742 331281.7022962008, -1731.9503159836167 331281.71898233704, -1741.1187841104797 331284.6141329633, -1786.9910117661007 331299.156030016, -1831.3969256624769 331328.55710670503, -1856.1274336423123 331345.2914166056, -1857.1742253404732 331346.0325611111))",1765355.3450173335,0.158,0.034
2306,-0.22154473824378,-0.111487779361455,0.599811714352175,0.859170246055066,0.146670949148796,3,13536.127749892417,2413.044941387475,"POLYGON ((-3543.0510127466628 332865.2860343121, -3542.9810127411542 332873.63603432477, -3497.0510126829176 332871.89603427425, -3496.441012682083 332872.0460342746, -3492.4310126766086 332873.37603427377, -3466.221012637143 332881.2960342616, -3463.7510126328575 332882.3960342584, -3366.761012472125 332927.206034231, -3364.0610124687246 332928.7160342308, -3334.681012411215 332953.61603424046, -3323.4710123888185 332963.6760342466, -3313.201012361283 332980.81603426393, -3311.927397497878 332984.41366799356, -3304.681012355869 332974.6460342463, -3291.8110123329097 332982.86603424326, -3276.9260123050512 332993.4165342478, -3278.98101231082 332989.18353424035, -3279.0558123103924 332989.1539342422, -3279.8709123190342 332981.05363423005, -3294.670912353413 332960.2411342142, -3358.271012461194 332928.95993422717, -3357.6609124659553 332920.45993421134, -3361.021012471843 332920.116134217, -3360.874112475488 332915.1161342049, -3382.8970125068586 332909.95993422065, -3506.400912715882 332846.678634244, -3523.2910127401296 332842.2724342542, -3544.2899934445404 332843.8942584913, -3543.0510127466628 332865.2860343121))",2236228.36028939,0.006,0.001
2307,-0.582088527060535,-0.242245343266796,-0.0546503639206313,-0.0286503469832183,-0.320373356417908,2,71460.39769783629,69733.66843914143,"POLYGON ((-3313.201012361283 332980.81603426393, -3323.4710123888185 332963.6760342466, -3334.681012411215 332953.61603424046, -3364.0610124687246 332928.7160342308, -3366.761012472125 332927.206034231, -3463.7510126328575 332882.3960342584, -3466.221012637143 332881.2960342616, -3492.4310126766086 332873.37603427377, -3496.441012682083 332872.0460342746, -3497.0510126829176 332871.89603427425, -3542.9810127411542 332873.63603432477, -3543.0510127466628 332865.2860343121, -3544.2899934445404 332843.8942584913, -3544.3311127658467 332843.8974342793, -3543.05111274694 332865.99113431294, -3542.9810127397236 332874.334934324, -3542.937512739882 332874.33343432564, -3541.971012726344 332890.15223435126, -3544.051112722654 332898.05853436515, -3508.0811126756366 332898.6835343307, -3475.981012628636 332906.3085343102, -3471.3111126212334 332908.87103430834, -3381.5511124729264 332950.7460342841, -3376.6809124647043 332952.8397342842, -3358.611112433537 332963.05853427947, -3345.001012405871 332975.464734287, -3333.701012380676 332989.65223429725, -3330.206112367538 332999.9960343139, -3328.1011123599687 333006.2147343196, -3311.927397497878 332984.41366799356, -3313.201012361283 332980.81603426393))",1304948.1432766218,0.055,0.053
2308,-0.209478730646185,0.0167375234358258,0.428548902159053,-0.147146861605683,-0.0192524169150473,3,120254.2441840561,41007.881147270884,"POLYGON ((-3161.6031110098693 334423.0838364288, -3111.332110956669 334409.8546363553, -3180.123911059916 334390.0108363917, -3161.6031110098693 334423.0838364288))",1457207.7593065633,0.083,0.028
2309,0.00783977015763141,0.462461384699022,0.200166193360452,0.0591446348247918,0.221955659211103,4,24122.06867205951,13146.61126757288,"POLYGON ((-3389.18611100065 334796.7461372549, -3390.7210109934704 334807.52733727917, -3379.0721109104816 334892.1523373993, -3357.0210108848855 334889.683737373, -3295.091010812379 334880.5280372966, -3296.530110828387 334863.21473727096, -3305.834010895286 334795.808737169, -3389.18611100065 334796.7461372549))",1333796.4333689124,0.018,0.01
2310,-0.634212486910447,-0.301599038996166,-0.377918863762676,-1.14712705227062,-0.628303729718819,2,97658.05728754861,36405.00462937842,"POLYGON ((-3814.5721127279057 333320.6522353152, -3819.961012737463 333316.33973531146, -3930.08111283721 333367.7772355098, -3879.951012629126 333546.90223574825, -3852.972012600669 333538.99603570346, -3852.5210126253137 333508.6835356606, -3849.2400126633615 333454.96473556757, -3809.640912723473 333318.21473530773, -3814.5721127279057 333320.6522353152))",656338.6812636487,0.149,0.055
2311,-0.155319994934726,0.0800054526231248,0.238621067744598,0.362021140374671,0.0832418250325565,3,33483.377251063794,45316.73547046695,"POLYGON ((-4227.150513552192 332949.8083351385, -4218.192213525867 332968.8935351595, -4173.140913484039 332948.51003508177, -4183.137913513549 332928.3863350572, -4227.150513552192 332949.8083351385))",747831.4445901482,0.045,0.061
2312,-0.215391156228981,0.259543541052622,-0.404796281193234,-0.802294245891861,-0.206949005277995,3,79699.61682164126,72357.127038636,"POLYGON ((-5746.661015924676 332410.6260358039, -5747.081111593798 332411.47048281657, -5745.696915922873 332411.4614358032, -5745.690757612243 332406.3269052776, -5746.661015924676 332410.6260358039))",1184286.2754949476,0.067,0.061
2313,0.813708553582265,1.24839310918057,0.813618804946615,0.913581331710908,1.0823717748716,5,159270.79057674215,7600.495505948062,"POLYGON ((-4958.212713727997 333891.3746373886, -4957.010813713016 333908.20113741234, -4922.155813668721 333908.2011373788, -4922.155813687912 333884.1632373398, -4941.38621371358 333882.9613373568, -4958.212713727997 333891.3746373886))",1430897.261155851,0.111,0.005
2314,0.805722022914833,1.28008433407022,0.697478024775466,0.621575534943539,1.01564389437319,5,25200.79858887676,67779.29452361104,"POLYGON ((-4876.071113123431 334514.0272383047, -4878.107213063576 334591.62103843316, -4842.389913016834 334592.62103839684, -4815.560812982385 334593.3710383745, -4811.191212955645 334619.8710384108, -4781.901212920521 334616.24603837635, -4759.7112128945355 334613.6835383475, -4761.232812903935 334603.24903833494, -4761.261012904273 334603.24603833444, -4768.532012925635 334589.5460383175, -4778.091012941564 334584.20603832044, -4783.091012978853 334545.58603826445, -4744.408612934562 334540.16273821425, -4741.8969129300385 334539.96553821024, -4746.4910129569 334515.18353817705, -4838.350913075451 334513.1210382674, -4874.341113122592 334512.30853830185, -4876.071113123431 334514.0272383047))",1302562.3120528695,0.019,0.052
2315,1.26761975862353,2.07698631828181,1.03215943405517,0.955198519110528,1.60496104006165,5,537388.2063093587,108389.17283747096,"MULTIPOLYGON (((-5921.371013684701 335475.16604090296, -5898.945363108904 335495.2114170274, -5893.561013629199 335499.99604091514, -5892.091013625794 335501.30604091566, -5830.6110135040235 335556.0960409418, -5819.2910134809645 335566.20604094677, -5760.231013363314 335618.9160409691, -5748.591013339883 335629.276040975, -5693.671013230032 335678.4960409999, -5682.3610132082185 335688.65604100376, -5679.685913202204 335691.06014100276, -5673.667013199686 335684.57204098906, -5670.847013198573 335681.6370409839, -5660.312013178982 335690.5500409845, -5651.016013160267 335698.96104098856, -5641.056013142983 335705.1590409884, -5640.392013140705 335705.60104098823, -5640.992013147368 335699.36304097995, -5641.44101315181 335693.7460409701, -5639.419013158304 335684.3090409525, -5635.824013160108 335674.1980409324, -5634.701013167971 335662.739040914, -5634.925013176122 335653.30204090104, -5637.84601318759 335643.41604088806, -5642.115013201048 335634.2040408766, -5647.732013212494 335628.3620408736, -5654.698013227163 335622.0710408706, -5664.809013244047 335616.004040868, -5669.52701325254 335613.083040867, -5678.96401326882 335607.69104086794, -5685.031013280193 335602.74704087246, -5698.512013310961 335586.5700408565, -5714.914013344453 335570.6170408465, -5730.193013374729 335557.1360408431, -5749.067013416856 335534.66704082396, -5768.839013463113 335508.8280408038, -5802.093013542425 335462.99204076175, -5806.30311355113 335458.11724075954, -5810.631013560896 335453.10604075436, -5816.429013571155 335450.13404075615, -5824.005013580674 335449.8820407633, -5834.107013600201 335442.55804076325, -5853.805013637501 335426.64804075565, -5890.67501369381 335415.284040777, -5912.898013728473 335406.44504078384, -5923.252013742862 335405.1830407921, -5947.496013771771 335407.45504082274, -6008.862013841999 335418.31504089944, -6016.186013849508 335420.33504090924, -6020.479013855137 335419.83004091587, -6020.7310138615485 335413.2640409041, -6022.499013881157 335391.5460408721, -6027.297013897385 335378.1610408509, -6035.522013912933 335372.76204085443, -6036.467013918594 335366.1470408477, -6038.433013947086 335334.2520407941, -6050.04201400667 335277.6170407152, -6054.02401402934 335256.5980406888, -6055.794014038087 335248.85404067487, -6055.62901404657 335238.0960406577, -6056.831014075481 335203.0270405989, -6057.453014081579 335197.1920405943, -6058.339014086997 335191.8820405863, -6060.330014093995 335184.80204057787, -6060.9320140999 335179.26304057054, -6063.206014117541 335160.90704054106, -6062.9240141269665 335148.93904052395, -6066.781014148461 335128.3710404914, -6066.244014154673 335119.50204048026, -6076.321014174661 335111.30804047827, -6083.065014196949 335093.60504045524, -6087.421014210218 335083.6210404439, -6072.884014194197 335081.210040424, -6055.441014181047 335069.73604038823, -6051.62911417121 335076.20874039363, -6042.782014161778 335074.1270403825, -6027.288014146916 335067.26604035497, -6015.7790141353935 335063.0610403381, -6005.1550141250855 335059.96204032004, -5994.973014114407 335056.421040304, -5986.120014103694 335055.53504029755, -5975.938014091766 335053.7650402831, -5966.864014081741 335052.43604027014, -5968.751014090673 335044.3160402598, -5949.556614074102 335035.65634022746, -5958.703014111504 335003.68404018227, -5958.911014114174 334999.87104017846, -5967.3410141567365 334959.7460401254, -5969.171014164833 334953.0270401137, -5972.151014175534 334944.46504010353, -5975.471014187411 334936.2150400933, -5981.941014212566 334914.3080400629, -5990.051014222879 334913.4960400723, -5998.041014231602 334915.05804008245, -6012.551014244181 334921.9960401086, -6021.771014253686 334925.4960401263, -6027.41101429236 334887.0900400672, -6028.991014315714 334860.2460400257, -6030.701014332574 334842.27703999914, -6030.996014346724 334824.2930399701, -6031.218014365423 334801.9380399352, -6005.321014338634 334794.19103989843, -5954.192014290617 334773.38503980916, -5934.9360142722135 334765.1960397763, -5901.072014241331 334749.92403971776, -5888.898014231998 334742.3980396986, -5881.594014227091 334737.0860396782, -5874.290014223221 334729.1180396583, -5861.231014215789 334719.37903962936, -5840.771014199529 334706.62103958614, -5851.571014230757 334685.1210395675, -5853.591014275152 334631.52703947946, -5854.099014277194 334630.64503948204, -5862.628402078119 334615.84279643535, -5865.861014302648 334617.6060394719, -5871.161014307172 334620.84603948053, -5877.411014311975 334624.49603949394, -5876.741014310483 334625.42603949644, -5883.7610143152115 334630.33603951056, -5897.30101432405 334640.306039541, -5919.791014340085 334655.77603958454, -5927.681014346699 334660.79603960365, -5934.601014352855 334664.8360396167, -5941.641014358321 334668.656039631, -5947.791014363035 334671.8160396442, -5952.421014367823 334674.08603964746, -5969.761014382683 334682.0260396786, -5985.961014398829 334688.5760397054, -5992.981014405599 334691.0860397164, -6001.481014414019 334693.79603973124, -6010.091014422507 334696.2060397435, -6047.071014462934 334705.9260397935, -6052.251014468284 334707.2160398038, -6057.371014472821 334708.766039812, -6062.411014478257 334710.56603982113, -6067.611014483348 334712.74603982735, -6072.7010144877395 334715.19603983685, -6078.361014492742 334718.1860398473, -6082.0810144956695 334720.2660398558, -6086.381014499 334722.83603986446, -6090.6110145024595 334725.5360398721, -6105.051014514507 334733.2760398993, -6113.4710145224335 334737.4960399149, -6121.981014529995 334741.5660399301, -6142.421014550195 334748.00603995845, -6143.04101455112 334748.2560399622, -6154.551014562446 334751.8260399783, -6157.02101456544 334752.9360399861, -6159.571014567883 334753.8560399851, -6162.181014571448 334754.5860399874, -6164.841014572985 334755.11603999324, -6167.541014575795 334755.4560399996, -6169.871014579316 334755.5860399995, -6172.211014582411 334755.5960399993, -6174.541014585973 334755.4460400017, -6176.851014589206 334755.11604000535, -6179.121014592253 334754.5860400079, -6181.6010145961545 334753.74604000896, -6184.011014599432 334752.69604000915, -6186.301014603579 334751.4360400103, -6188.481014608238 334749.9660400087, -6190.521014612108 334748.3160400102, -6194.391014620724 334744.4660400087, -6196.551014623579 334742.62604000606, -6198.851014628407 334740.98604000546, -6201.301014632306 334739.5460400069, -6203.861014636836 334738.33604000695, -6211.201014648005 334736.21604000963, -6216.29101465476 334735.7560400143, -6224.241014664 334736.81604002137, -6229.411014668886 334738.39604003355, -6229.411014668803 334738.68604003266, -6239.211014678298 334742.2260400504, -6271.161014706298 334758.5760401031, -6282.521014718745 334761.76604012307, -6293.621014730794 334763.62604013924, -6382.271014838507 334770.40604023915, -6403.451014862683 334773.5960402647, -6409.831014870365 334774.8860402731, -6414.0010148747 334776.0060402807, -6419.871014881389 334776.92604028713, -6426.641014889687 334777.1060402924, -6432.81101489788 334776.4060402997, -6437.201014904786 334775.12604030315, -6440.691014910762 334773.6960403016, -6451.751014930054 334767.0260403007, -6459.70101493927 334767.7160403114, -6463.991014944007 334768.8560403185, -6743.84101537835 334672.4260404464, -6934.1209956261 335000.4442909996, -6931.689406199226 335001.917170056, -6623.811889114934 335179.66010437376, -6428.833814479011 335291.6247411212, -6404.8610144381255 335305.32604112104, -6386.631014405748 335315.74604111724, -6379.811714394198 335319.6440411182, -6350.524714343731 335335.507841113, -6343.5710143330225 335337.74604110885, -6292.361014254518 335354.24604108464, -6272.371014224178 335360.686041072, -6260.47101420676 335364.46604106575, -6239.511014172848 335371.12604105845, -6234.89101416681 335372.5960410563, -6214.871014136421 335378.94604104664, -6175.851014076557 335391.34604102373, -6155.841014045355 335397.70604101475, -6115.361013983289 335410.55604099575, -6095.3510139534965 335416.91604098864, -6055.301013891368 335429.6360409651, -6035.291013860485 335435.9960409552, -6010.491013823365 335443.82604094315, -5999.991013806875 335447.306040938, -5989.50101379075 335450.786040931, -5936.611013710121 335467.46604090557, -5926.181013694108 335470.9760409007, -5923.427247828317 335473.4282995514, -5921.371013684701 335475.16604090296), (-5684.001013271717 335611.38604088314, -5669.181013247285 335619.38604088034, -5663.901013237929 335622.23604088, -5660.120013232192 335623.05304087605, -5656.491013227301 335623.83604087494, -5649.263213211065 335631.6767408801, -5645.30101320259 335637.3790408829, -5643.391013197963 335640.126040888, -5639.031013178513 335656.5260409098, -5640.521013166128 335674.49604094215, -5649.351013161735 335694.4160409793, -5708.751013278848 335642.26604095753, -5684.001013271717 335611.38604088314)), ((-5822.68101434046 334501.7060392434, -5781.418083038542 334579.05041528045, -5780.885014225868 334578.8300393224, -5798.592014273746 334545.85103928857, -5812.205014311833 334520.72903925925, -5822.608014340544 334501.03003923874, -5834.393967202585 334479.85831839836, -5822.68101434046 334501.7060392434)), ((-5865.821014466274 334414.2960391464, -5849.251014414709 334452.14603918977, -5834.684460931476 334479.3164716095, -5850.053014417381 334449.23703918513, -5865.325014465043 334414.9300391441, -5867.338399561138 334409.5983811924, -5865.821014466274 334414.2960391464)), ((-5863.931014474987 334400.8560391227, -5869.471014480139 334402.9960391298, -5869.446197233316 334403.0728706061, -5817.627014427598 334384.93903904967, -5793.834014404902 334376.6390390117, -5734.808970540304 334355.7913647193, -5863.931014474987 334400.8560391227)))",1736301.1290187954,0.31,0.062
2316,-0.0384462791512117,0.315259748094833,0.839465740432705,0.834992500834973,0.412143261956376,4,4979837.137383367,347859.9532652062,POINT (-8422.201019901362 331715.9860373894),6141338.191190127,0.811,0.057
2317,-0.41083330194754,0.503588671385711,0.921774428194238,1.08810906820147,0.40609620757337,4,171485.8446478011,31582.823743116773,"POLYGON ((2416.776294354541 332253.118227303, 2420.1598943585286 332252.5153273009, 2422.705294362627 332253.7860273002, 2424.114294366462 332256.1192273032, 2440.0292943852687 332254.46352728363, 2439.1153409420604 332250.350715504, 2425.5029940895442 332249.6032194765, 2414.4254599991623 332251.457781625, 2415.1858943542097 332254.5858273087, 2416.776294354541 332253.118227303))",2150676.5107165226,0.08,0.015
2318,-1.13805416433534,-0.177752809588188,-0.123181689721106,0.210760658749169,-0.470586530762376,2,211951.18641329926,4391.600604862944,"POLYGON ((1057.013530462821 332759.1672522435, 1055.28302005243 332759.44979410525, 1057.058993029534 332759.77602949087, 1057.013530462821 332759.1672522435))",2786809.2807610272,0.076,0.002
2319,-0.63772724080964,0.119943612588685,0.326024338936671,0.481803369610559,-0.0421264505611869,3,108720.05072030262,6093.068400110311,"POLYGON ((-2361.3610100860296 334303.52603542805, -2366.1610100839416 334313.80603545066, -2367.7710100842014 334316.20603545476, -2373.1810100858092 334322.86603547167, -2374.9310100867724 334324.7060354771, -2378.7510100880672 334327.99603548646, -2383.901010092752 334331.19603549223, -2387.521010096485 334332.92603550106, -2391.3810100995333 334334.366035508, -2371.0010100681884 334340.6860354962, -2355.1010100445937 334346.2160354918, -2341.63101002192 334352.2660354851, -2328.9610099996476 334359.02603548486, -2317.9410099810275 334365.86603548285, -2309.3910099655113 334371.9460354857, -2298.601009945175 334380.3860354889, -2288.1710099221295 334391.1760354936, -2279.4210099032834 334400.7760355016, -2271.311009885307 334411.6460355101, -2261.131009857922 334427.99603552744, -2253.131009836837 334441.91603554133, -2248.7710098248876 334450.2360355528, -2241.951009806103 334462.5060355626, -2236.56100979337 334470.0660355706, -2223.2610097587262 334491.54603558965, -2220.5510097527463 334494.3160355929, -2218.1610097485927 334496.306035595, -2220.511009749827 334498.5260355957, -2206.6810097150783 334520.6760356212, -2176.4010096482216 334555.73603564687, -2152.5410095923776 334587.21603567246, -2150.6110095872377 334590.186035675, -2146.401009584145 334587.5560356686, -2134.181009567432 334590.406035658, -2131.8010095601426 334593.74603566155, -2131.801009552852 334602.6360356761, -2131.961009549588 334607.8760356847, -2128.911009544943 334608.3060356835, -2126.761009536823 334615.1260356931, -2123.7710095276216 334622.5960356984, -2115.6910095049257 334638.06603571586, -2106.041009474313 334660.4460357409, -2098.8110094496333 334679.7160357656, -2091.9610094237105 334700.4660357926, -2086.4910093976105 334725.4660358308, -2077.901009349597 334771.98603589274, -2074.5610093335085 334786.3960359143, -2070.4710093186955 334798.5160359265, -2061.291009291485 334817.2360359486, -2057.341009278892 334825.84603596013, -2049.961009261218 334836.83603596967, -2041.2610092419986 334847.1960359756, -2032.331009224752 334854.6960359765, -2019.20100919998 334863.71603598166, -1998.641009166218 334874.08603597805, -1983.4410091429577 334879.0960359713, -1974.3910091303123 334880.8560359627, -1945.0259607019777 334883.97037116234, -1944.2110091130046 334853.00603588857, -1974.5710091604105 334843.0660359021, -1991.8010092233392 334791.1160358349, -2051.751009304642 334785.93203588855, -2073.5710094021547 334698.7460357733, -2088.001009473475 334632.53603567835, -2086.348009498293 334598.7760356236, -2082.5574095094207 334579.4311355874, -2084.8968095135297 334577.53433558904, -2083.8345095142695 334576.59013558645, -2081.006409508208 334578.5797355864, -2080.29330950968 334575.17373558134, -2079.116609514418 334567.7217355678, -2139.204909626523 334523.62713555526, -2144.998709625107 334534.44273557793, -2144.1710096160114 334543.74763559457, -2147.0776096275067 334535.23423558194, -2158.146409646994 334527.5712355813, -2161.268409657367 334520.1920355763, -2175.459109683479 334509.69093557354, -2205.021909738087 334487.5223355666, -2242.1434098123236 334455.1846355498, -2254.613409846093 334432.60923552606, -2265.5238098766276 334412.9887355082, -2276.2407098996946 334399.95963549893, -2306.307109963374 334369.66433547623, -2371.5669100752075 334332.2615354825, -2356.16521008302 334298.87663541455, -2358.908813041257 334297.624813253, -2361.3610100860296 334303.52603542805))",579649.6063615086,0.188,0.011
