{
"type": "FeatureCollection",
"name": "ugbs_socioecon_census",
"crs": { "type": "name", "properties": { "name": "urn:ogc:def:crs:EPSG::31256" } },
"features": [
{ "type": "Feature", "properties": { "ZBEZ": "0101", "university_share": 1.6049539390788701, "avg_income": 1.74139903973317, "unemprate": 1.1259229187320701, "benefit_share": 1.1230076666169599, "SSI": 1.6539920854583401, "quintile": 5.0, "green_area_sum": 377557.21138046926, "blue_area_sum": 377557.21138046938, "census_area_m2": 377355.80253780127, "green_ratio": 1.001, "blue_ratio": 1.001 }, "geometry": { "type": "Polygon", "coordinates": [ [ [ 3497.001853947908785, 341023.555644788721111 ], [ 3494.08900273571453, 341024.776040259748697 ], [ 3505.828902761572863, 341038.863440269604325 ], [ 3507.486602765529824, 341041.014640272594988 ], [ 3510.430278841205563, 341044.675335258827545 ], [ 3497.001853947908785, 341023.555644788721111 ] ] ] } },
{ "type": "Feature", "properties": { "ZBEZ": "0102", "university_share": 1.6538122938640001, "avg_income": 2.5652334386776299, "unemprate": 1.2369995281743, "benefit_share": 1.13944040004503, "SSI": 2.0004335052647702, "quintile": 5.0, "green_area_sum": 379376.7513863073, "blue_area_sum": 402127.19069485797, "census_area_m2": 379174.17769289529, "green_ratio": 1.001, "blue_ratio": 1.061 }, "geometry": { "type": "MultiPolygon", "coordinates": [ [ [ [ 3696.979002812086947, 340797.926039692014456 ], [ 3696.649002811453556, 340797.246039696969092 ], [ 3695.089002807859742, 340794.366039691492915 ], [ 3642.769002654816632, 340687.056039572693408 ], [ 3642.199002653712796, 340685.896039569750428 ], [ 3641.629002651942301, 340684.736039568670094 ], [ 3641.059002649851664, 340683.586039568297565 ], [ 3640.479002647984544, 340682.436039565131068 ], [ 3639.899002646027839, 340681.286039564758539 ], [ 3639.309002644879001, 340680.126039566472173 ], [ 3638.729002643218791, 340678.986039562150836 ], [ 3638.139002642125433, 340677.836039558984339 ], [ 3637.539002640789477, 340676.696039560250938 ], [ 3636.939002638134298, 340675.546039561741054 ], [ 3636.339002636936584, 340674.406039556488395 ], [ 3635.729002634800963, 340673.276039553806186 ], [ 3635.129002633849723, 340672.13603955693543 ], [ 3634.50900263143194, 340670.996039554476738 ], [ 3633.899002630728774, 340669.866039554588497 ], [ 3633.27900262828507, 340668.736039551906288 ], [ 3632.649002626677429, 340667.606039548292756 ], [ 3632.029002624849909, 340666.47603955026716 ], [ 3631.399002623045362, 340665.356039547361434 ], [ 3630.759002621291984, 340664.226039548404515 ], [ 3630.129002620267784, 340663.106039545498788 ], [ 3629.489002619148323, 340661.986039543524384 ], [ 3628.839002616784001, 340660.866039544343948 ], [ 3628.199002615398058, 340659.756039544008672 ], [ 3627.549002613291123, 340658.636039545759559 ], [ 3626.88900261169556, 340657.52603954076767 ], [ 3626.239002610094303, 340656.416039538569748 ], [ 3625.579002608416886, 340655.306039539165795 ], [ 3624.909002606390459, 340654.206039540469646 ], [ 3624.23900260537448, 340653.106039537116885 ], [ 3623.569002603135687, 340651.996039533987641 ], [ 3622.899002601058328, 340650.896039536222816 ], [ 3622.219002599337273, 340649.806039535440505 ], [ 3621.539002598461138, 340648.706039532087743 ], [ 3620.859002595112543, 340647.616039531305432 ], [ 3620.169002594757785, 340646.526039530523121 ], [ 3619.479002592028792, 340645.436039528809488 ], [ 3618.779002590341861, 340644.346039528027177 ], [ 3618.089002589264965, 340643.266039525158703 ], [ 3617.389002587796313, 340642.176039526239038 ], [ 3616.679002585091439, 340641.096039526164532 ], [ 3615.969002583632118, 340640.016039522364736 ], [ 3615.259002582499306, 340638.946039523929358 ], [ 3614.549002580275555, 340637.866039521992207 ], [ 3613.829002579360804, 340636.796039523556828 ], [ 3613.109002576786224, 340635.726039520464838 ], [ 3612.389002575386712, 340634.656039517372847 ], [ 3611.65900257391786, 340633.596039515919983 ], [ 3610.92900257173369, 340632.536039513535798 ], [ 3610.199002570489483, 340631.47603951767087 ], [ 3609.459002567919015, 340630.416039515286684 ], [ 3608.719002566602285, 340629.356039513833821 ], [ 3607.96900256393792, 340628.306039513088763 ], [ 3607.229002561919515, 340627.256039513275027 ], [ 3606.479002560267418, 340626.206039512529969 ], [ 3605.729002558798129, 340625.156039509922266 ], [ 3604.969002557201748, 340624.106039509177208 ], [ 3604.209002555708139, 340623.066039508208632 ], [ 3603.449002554810704, 340622.026039507240057 ], [ 3602.679002551348731, 340620.986039505340159 ], [ 3601.909002550109108, 340619.956039505079389 ], [ 3601.139002547348355, 340618.926039504818618 ], [ 3600.369002546918182, 340617.88603950291872 ], [ 3599.589002544633786, 340616.866039500571787 ], [ 3598.809002542730013, 340615.836039502173662 ], [ 3598.019002540925612, 340614.816039500758052 ], [ 3597.119002538998302, 340613.636039500124753 ], [ 3596.20900253703212, 340612.476039499044418 ], [ 3595.279002534452957, 340611.286039498634636 ], [ 3594.339002533059102, 340610.096039498224854 ], [ 3505.88900233146569, 340498.35603940859437 ], [ 3505.499002331724569, 340498.686039412394166 ], [ 3489.859002294897891, 340478.956039395183325 ], [ 3489.529002295008468, 340479.256039392203093 ], [ 3484.799002284379185, 340473.596039392054081 ], [ 3479.687564748684508, 340467.109934953099582 ], [ 3508.973002348278442, 340515.350439433008432 ], [ 3509.097202348718838, 340515.556939433328807 ], [ 3509.10530234967564, 340515.548839433118701 ], [ 3684.775802805963394, 340807.836439722217619 ], [ 3697.615863708306733, 340799.236997300933581 ], [ 3696.979002812086947, 340797.926039692014456 ] ] ], [ [ [ 3723.939002891345808, 340853.966039756312966 ], [ 3721.319002882876248, 340848.546039751730859 ], [ 3707.549002843435574, 340820.086039718240499 ], [ 3707.709002843626422, 340819.996039717458189 ], [ 3702.229002828016746, 340808.766039705835283 ], [ 3701.939002826537489, 340808.136039705947042 ], [ 3701.539432266795302, 340807.313536599336658 ], [ 3695.531102819970329, 340810.151539717800915 ], [ 3724.106202900653443, 340865.396639774553478 ], [ 3725.094753023145131, 340856.357915923581459 ], [ 3723.939002891345808, 340853.966039756312966 ] ] ], [ [ [ 3466.096902328305532, 340558.496039547026157 ], [ 3464.029002319111441, 340551.277239534072578 ], [ 3379.177002260272729, 340610.933539718389511 ], [ 3416.239002351022009, 340665.464739765971899 ], [ 3497.009002546945339, 340783.496039872989058 ], [ 3611.640102825945633, 340951.527240023948252 ], [ 3646.819102864641991, 340943.058539977297187 ], [ 3734.236402946055478, 340906.321139828301966 ], [ 3691.37380282125514, 340818.214739732444286 ], [ 3684.775802805963394, 340807.836439722217619 ], [ 3509.097202348718838, 340515.556939433328807 ], [ 3466.096902328305532, 340558.496039547026157 ] ], [ [ 3556.677502555242881, 340699.449639679864049 ], [ 3561.757502560758439, 340697.967939671128988 ], [ 3575.727502580436521, 340700.296239659190178 ], [ 3581.019202594618491, 340708.974639667198062 ], [ 3581.654202607443494, 340724.003039690665901 ], [ 3584.829202620010619, 340735.009639706462622 ], [ 3588.427602627738452, 340738.608039707876742 ], [ 3591.602602635041876, 340742.418039712123573 ], [ 3593.084202638839542, 340745.381339712068439 ], [ 3593.719202641962056, 340748.133039720356464 ], [ 3593.507602643856899, 340751.519739724695683 ], [ 3588.427602641853809, 340755.964739733375609 ], [ 3583.55920264035376, 340762.526439750567079 ], [ 3584.40590264653656, 340768.664739761501551 ], [ 3585.887602652126589, 340772.474739763885736 ], [ 3589.485902660344891, 340777.766439769417048 ], [ 3588.639202661701802, 340782.211439776234329 ], [ 3582.077602650309018, 340777.343139776028693 ], [ 3576.785902637769595, 340769.934739768505096 ], [ 3574.034202631036351, 340765.701439764350653 ], [ 3574.88090262644937, 340758.716439753770828 ], [ 3574.880902618922391, 340749.826339741237462 ], [ 3571.494202607033458, 340739.878039727918804 ], [ 3562.392502590218555, 340733.52803972363472 ], [ 3554.137502575710641, 340728.659639726392925 ], [ 3550.539202565976211, 340721.674639719538391 ], [ 3547.787502556761865, 340713.842939708381891 ], [ 3547.787502550147565, 340706.222939697094262 ], [ 3551.385802550291828, 340700.507939683273435 ], [ 3556.677502555242881, 340699.449639679864049 ] ] ] ] } },
{ "type": "Feature", "properties": { "ZBEZ": "0103", "university_share": 1.7065982714257899, "avg_income": 3.80503268908206, "unemprate": 1.6410286437177399, "benefit_share": 1.23251891262258, "SSI": 2.5705823288839098, "quintile": 5.0, "green_area_sum": 465496.86038257991, "blue_area_sum": 465496.86038257985, "census_area_m2": 465247.39306349377, "green_ratio": 1.001, "blue_ratio": 1.001 }, "geometry": { "type": "MultiPolygon", "coordinates": [ [ [ [ 2656.019001043949174, 340238.286039852537215 ], [ 2647.079001029365372, 340233.246039856225252 ], [ 2638.209001013527541, 340227.486039855517447 ], [ 2629.73900099793309, 340221.176039850339293 ], [ 2600.500111011695481, 340197.501229754358064 ], [ 2600.819100943747344, 340198.746039846912026 ], [ 2637.698901012049191, 340227.808539853431284 ], [ 2648.888901032561989, 340234.589739852584898 ], [ 2659.148901050020868, 340240.183539852499962 ], [ 2662.328099247351474, 340241.341689571447205 ], [ 2656.019001043949174, 340238.286039852537215 ] ] ], [ [ [ 2694.419001105270127, 340252.626039839349687 ], [ 2690.105323156806207, 340251.460651041474193 ], [ 2693.119101103173762, 340252.558539837598801 ], [ 2695.627178621631629, 340252.872780317033175 ], [ 2694.419001105270127, 340252.626039839349687 ] ] ] ] } },
{ "type": "Feature", "properties": { "ZBEZ": "0104", "university_share": 1.8459750108586299, "avg_income": 3.1559999447072902, "unemprate": 1.69771329969692, "benefit_share": 1.3132895227105399, "SSI": 2.4074596088123701, "quintile": 5.0, "green_area_sum": 835823.04524255078, "blue_area_sum": 835823.04524255078, "census_area_m2": 835377.45818124688, "green_ratio": 1.001, "blue_ratio": 1.001 }, "geometry": { "type": "Polygon", "coordinates": [ [ [ 2506.199001113790473, 340562.476040521636605 ], [ 2402.249001009648964, 340597.626040684059262 ], [ 2370.147064565167511, 340633.374656778760254 ], [ 2500.009001254129089, 340748.933540825732052 ], [ 2531.539001315196401, 340774.933540835976601 ], [ 2620.259001339751649, 340664.558540569618344 ], [ 2640.556101376975221, 340679.496040570549667 ], [ 2645.448901378282699, 340673.371040557511151 ], [ 2644.620159740693907, 340663.441042156773619 ], [ 2506.199001113790473, 340562.476040521636605 ] ] ] } },
{ "type": "Feature", "properties": { "ZBEZ": "0105", "university_share": 1.68130345477823, "avg_income": 2.4249530363805398, "unemprate": 1.19250244409644, "benefit_share": 1.25213376659957, "SSI": 1.97132150631255, "quintile": 5.0, "green_area_sum": 333293.03810332017, "blue_area_sum": 333293.0381033218, "census_area_m2": 333116.26289756881, "green_ratio": 1.001, "blue_ratio": 1.001 }, "geometry": { "type": "Polygon", "coordinates": [ [ [ 3148.31638157256566, 341741.767496303771622 ], [ 3147.439602868361362, 341743.658041753806174 ], [ 3159.581227001834122, 341749.765436944493558 ], [ 3148.31638157256566, 341741.767496303771622 ] ] ] } },
{ "type": "Feature", "properties": { "ZBEZ": "0106", "university_share": 1.7465427299812599, "avg_income": 2.38113616530838, "unemprate": 1.11691114459184, "benefit_share": 1.1375022491990801, "SSI": 1.9440600471048199, "quintile": 5.0, "green_area_sum": 236202.3062758841, "blue_area_sum": 236202.30627588413, "census_area_m2": 236076.66068359622, "green_ratio": 1.001, "blue_ratio": 1.001 }, "geometry": { "type": "MultiPolygon", "coordinates": [ [ [ [ 2442.317278896451626, 341467.316479397355579 ], [ 2443.889001755714162, 341466.586042026057839 ], [ 2443.536589143983747, 341465.938768056745175 ], [ 2442.317278896451626, 341467.316479397355579 ] ] ], [ [ [ 2439.055737994317042, 341457.385992572817486 ], [ 2439.309001741578868, 341457.206042014993727 ], [ 2438.779001739935211, 341456.406042018905282 ], [ 2438.629001740710464, 341456.516042014583945 ], [ 2438.593243658093797, 341456.503967856813688 ], [ 2439.055737994317042, 341457.385992572817486 ] ] ], [ [ [ 2416.769001698552529, 341438.83604200836271 ], [ 2424.469001711890087, 341442.536042004823685 ], [ 2434.389001728770836, 341448.486042006872594 ], [ 2437.50230427344286, 341454.423433187301271 ], [ 2437.559001737896324, 341454.226042014546692 ], [ 2438.729001737944145, 341453.656042010523379 ], [ 2439.43900173895554, 341453.646042009815574 ], [ 2438.039001736698992, 341452.066042007878423 ], [ 2435.689001731063399, 341449.38724200706929 ], [ 2435.609001730631917, 341449.296042006462812 ], [ 2435.319001730180844, 341448.956042009405792 ], [ 2434.989001729763913, 341448.666042005643249 ], [ 2434.379001729070751, 341448.316042004153132 ], [ 2424.999001712205427, 341442.676042005419731 ], [ 2423.349001709585082, 341441.726042008027434 ], [ 2416.979001698582124, 341438.556042009033263 ], [ 2416.9212079051199, 341438.490228371869307 ], [ 2416.769001698552529, 341438.83604200836271 ] ] ] ] } },
{ "type": "Feature", "properties": { "ZBEZ": "0107", "university_share": 1.3827935784435801, "avg_income": 2.70868880277107, "unemprate": 1.2899331303583601, "benefit_share": 1.25012518864608, "SSI": 1.98350662360755, "quintile": 5.0, "green_area_sum": 241028.25084004554, "blue_area_sum": 241028.2508400449, "census_area_m2": 240899.80034809629, "green_ratio": 1.001, "blue_ratio": 1.001 }, "geometry": { "type": "Polygon", "coordinates": [ [ [ 3248.819002825314783, 341528.156041307374835 ], [ 3250.999002828301855, 341526.562541305087507 ], [ 3252.759002828698613, 341525.276041300967336 ], [ 3252.468802828347634, 341524.932141302153468 ], [ 3255.87840283082005, 341522.451241292990744 ], [ 3254.688902827078891, 341520.737641291692853 ], [ 3250.700202817562968, 341513.865341287106276 ], [ 3249.801802814499752, 341511.960541281849146 ], [ 3249.609902813859662, 341511.553441278636456 ], [ 3248.089002812429044, 341512.250141285359859 ], [ 3246.179002811136797, 341513.125141287222505 ], [ 3245.301702810220831, 341513.526941290125251 ], [ 3244.25900280845508, 341514.004641292616725 ], [ 3242.929002807692541, 341514.613941294141114 ], [ 3241.570902807052335, 341515.23604129627347 ], [ 3235.239002801582046, 341518.136641304008663 ], [ 3234.389002800036906, 341518.526041308417916 ], [ 3234.799002801622919, 341519.40604130923748 ], [ 3234.121502800348026, 341519.716041311621666 ], [ 3234.039002800607705, 341519.753841312602162 ], [ 3230.999002797831963, 341521.144841318950057 ], [ 3228.569002795299184, 341522.256741318851709 ], [ 3225.379802792344435, 341523.71604132745415 ], [ 3224.309002792037063, 341524.20604132860899 ], [ 3224.074902791236582, 341523.716041328385472 ], [ 3223.879002790692084, 341523.306041325442493 ], [ 3222.988102790318862, 341523.716041328385472 ], [ 3220.77180278727883, 341524.736041333526373 ], [ 3220.221202787019138, 341524.989441332407296 ], [ 3216.534602783481205, 341526.686041340231895 ], [ 3212.840702780807078, 341528.386041348800063 ], [ 3209.929002778108952, 341529.726041353307664 ], [ 3209.888002777970087, 341530.516041351482272 ], [ 3209.649002781593026, 341535.126041360199451 ], [ 3212.803602788655098, 341538.876041360199451 ], [ 3213.729002790926188, 341539.976041363552213 ], [ 3214.071102791409885, 341539.683741361834109 ], [ 3215.016402791368364, 341538.876041360199451 ], [ 3222.069002795168217, 341532.850141344591975 ], [ 3223.344502796340748, 341531.76034133695066 ], [ 3224.800802797139568, 341530.516041336581111 ], [ 3225.819002797496523, 341529.64604133553803 ], [ 3226.55220279972491, 341530.516041336581111 ], [ 3230.999002810080583, 341535.792641337960958 ], [ 3231.339002810174406, 341536.196041340008378 ], [ 3230.999002809592639, 341536.487541341222823 ], [ 3228.213202808141432, 341538.876041349023581 ], [ 3227.076502808001806, 341539.850641349330544 ], [ 3222.069002804711999, 341544.143941361457109 ], [ 3220.970202803989196, 341545.086041363887489 ], [ 3219.62060280372134, 341546.243141368031502 ], [ 3219.279002802918512, 341546.536041371524334 ], [ 3222.069002809236281, 341549.775441370904446 ], [ 3222.259002809640151, 341549.996041370555758 ], [ 3223.070802810383157, 341549.30454137083143 ], [ 3228.022902813283963, 341545.086041356436908 ], [ 3229.07720281318052, 341544.187941354699433 ], [ 3230.999002815662607, 341542.550841349177063 ], [ 3234.039002817320579, 341539.961241342127323 ], [ 3234.409002817363671, 341539.64604134298861 ], [ 3235.349902817609745, 341538.876041339710355 ], [ 3240.519002820059995, 341534.646041326224804 ], [ 3242.929002822038456, 341532.761641321703792 ], [ 3244.259002823401715, 341531.721641323529184 ], [ 3245.80080282461131, 341530.516041317023337 ], [ 3248.464502826022908, 341528.433241307735443 ], [ 3248.819002825314783, 341528.156041307374835 ] ], [ [ 3213.049002784867298, 341533.536041353829205 ], [ 3212.609002783842243, 341533.386041354387999 ], [ 3212.20900278385443, 341533.146041356027126 ], [ 3211.869002783405904, 341532.826041353866458 ], [ 3211.609002782311109, 341532.436041354201734 ], [ 3211.429002782215321, 341532.006041352637112 ], [ 3211.359002780649462, 341531.546041352674365 ], [ 3211.379002780669452, 341531.076041350141168 ], [ 3211.509002781052459, 341530.626041351817548 ], [ 3211.56800278112587, 341530.516041352413595 ], [ 3211.729002780053179, 341530.216041351668537 ], [ 3212.029002780607698, 341529.85604134760797 ], [ 3212.399002780547562, 341529.5760413473472 ], [ 3212.829002781510553, 341529.376041350886226 ], [ 3213.279002781124746, 341529.276041344739497 ], [ 3213.749002782800744, 341529.276041346602142 ], [ 3214.209002783592041, 341529.376041348092258 ], [ 3214.629002784045952, 341529.576041344553232 ], [ 3214.999002784709319, 341529.856041346676648 ], [ 3215.299002785248376, 341530.216041349805892 ], [ 3215.460002786177483, 341530.516041346825659 ], [ 3215.519002785569683, 341530.626041347160935 ], [ 3215.649002786256915, 341531.076041346415877 ], [ 3215.669002787094087, 341531.546041346155107 ], [ 3215.599002786927031, 341532.006041350774467 ], [ 3215.419002787118643, 341532.436041348613799 ], [ 3215.159002787737336, 341532.826041352003813 ], [ 3214.819002786083729, 341533.146041349507868 ], [ 3214.419002786887177, 341533.386041356250644 ], [ 3213.979002786005822, 341533.536041351035237 ], [ 3213.519002785473731, 341533.586041352711618 ], [ 3213.049002784867298, 341533.536041353829205 ] ] ] } },
{ "type": "Feature", "properties": { "ZBEZ": "0201", "university_share": 0.70297645071951398, "avg_income": -0.180877189031355, "unemprate": 0.25634200857007799, "benefit_share": 0.45546037246200599, "SSI": 0.32481879396357799, "quintile": 4.0, "green_area_sum": 1807245.1087026119, "blue_area_sum": 1832151.0596783799, "census_area_m2": 1806116.304978461, "green_ratio": 1.001, "blue_ratio": 1.014 }, "geometry": { "type": "Polygon", "coordinates": [ [ [ 4586.689005002685008, 342130.76604091655463 ], [ 4563.619004930391384, 342075.106040849350393 ], [ 4561.08900492110115, 342068.316040844656527 ], [ 4558.556022499826213, 342065.755385640426539 ], [ 4560.91930492238771, 342070.308740845881402 ], [ 4586.379105002884899, 342131.621140916831791 ], [ 4586.801058403966636, 342131.942864656273741 ], [ 4586.689005002685008, 342130.76604091655463 ] ] ] } },
{ "type": "Feature", "properties": { "ZBEZ": "0202", "university_share": 0.36153085022984399, "avg_income": -0.65624622756612205, "unemprate": -0.59778042845588997, "benefit_share": -0.40007263936589699, "SSI": -0.29361010897327, "quintile": 3.0, "green_area_sum": 378311.62563084334, "blue_area_sum": 378311.62563084322, "census_area_m2": 378112.22127523727, "green_ratio": 1.001, "blue_ratio": 1.001 }, "geometry": { "type": "Polygon", "coordinates": [ [ [ 4081.503304517744255, 342325.162241734564304 ], [ 4101.664604571253221, 342360.087241769768298 ], [ 4174.161404617486369, 342302.975141607224941 ], [ 4169.768504606407987, 342296.428341602906585 ], [ 4081.503304517744255, 342325.162241734564304 ] ] ] } },
{ "type": "Feature", "properties": { "ZBEZ": "0203", "university_share": 1.2787376884647801, "avg_income": 0.034316904618333699, "unemprate": 0.24383803322313999, "benefit_share": 0.51796485319182195, "SSI": 0.62668391041701099, "quintile": 4.0, "green_area_sum": 1135654.0897131211, "blue_area_sum": 1163432.9934192775, "census_area_m2": 1135055.50477157, "green_ratio": 1.001, "blue_ratio": 1.025 }, "geometry": { "type": "Polygon", "coordinates": [ [ [ 3169.246211556259823, 341754.627050146926194 ], [ 3172.779502911415875, 341756.404341750778258 ], [ 3172.835082727387089, 341756.26022821420338 ], [ 3169.246211556259823, 341754.627050146926194 ] ] ] } },
{ "type": "Feature", "properties": { "ZBEZ": "0204", "university_share": 0.83406601458762897, "avg_income": -0.063820293111005205, "unemprate": 0.24045369394119501, "benefit_share": 0.38167260602795799, "SSI": 0.40003332873962799, "quintile": 4.0, "green_area_sum": 560710.66620335134, "blue_area_sum": 568921.51333007799, "census_area_m2": 560413.64525530254, "green_ratio": 1.001, "blue_ratio": 1.015 }, "geometry": { "type": "Polygon", "coordinates": [ [ [ 3594.409003266046057, 341529.656040962785482 ], [ 3573.699003241966238, 341532.306040987372398 ], [ 3551.199003215561333, 341535.596041014418006 ], [ 3516.399003176205952, 341541.996041061356664 ], [ 3501.267335891051516, 341545.41933042841265 ], [ 3507.500703179495758, 341559.641641098074615 ], [ 3537.395003213685868, 341554.991441059857607 ], [ 3587.219003273137332, 341550.341141002252698 ], [ 3598.166423936987485, 341549.681657100794837 ], [ 3594.409003266046057, 341529.656040962785482 ] ] ] } },
{ "type": "Feature", "properties": { "ZBEZ": "0205", "university_share": 0.865794449012386, "avg_income": -0.13545682319188301, "unemprate": 0.029831128218407499, "benefit_share": 0.227233166697967, "SSI": 0.317741344241669, "quintile": 4.0, "green_area_sum": 417571.65104438708, "blue_area_sum": 440209.31394739321, "census_area_m2": 417350.0400977988, "green_ratio": 1.001, "blue_ratio": 1.055 }, "geometry": { "type": "Polygon", "coordinates": [ [ [ 4495.189004501113232, 341646.796040238812566 ], [ 4492.209004488126084, 341634.216040221042931 ], [ 4488.947624791348971, 341620.10342093068175 ], [ 4413.284704401634372, 341652.0040403297171 ], [ 4422.203004427708947, 341670.172640345990658 ], [ 4496.806425099670378, 341647.575111939630006 ], [ 4495.189004501113232, 341646.796040238812566 ] ] ] } },
{ "type": "Feature", "properties": { "ZBEZ": "0206", "university_share": 0.58289424446506899, "avg_income": 0.19792120732979801, "unemprate": 0.0019787863349210199, "benefit_share": 0.30900853690456098, "SSI": 0.346390250976439, "quintile": 4.0, "green_area_sum": 3658609.89521561, "blue_area_sum": 3718897.1011534515, "census_area_m2": 3656655.9300021576, "green_ratio": 1.001, "blue_ratio": 1.017 }, "geometry": { "type": "Polygon", "coordinates": [ [ [ 4492.209004488126084, 341634.216040221042931 ], [ 4495.189004501113232, 341646.796040238812566 ], [ 4496.806425099670378, 341647.575111939630006 ], [ 4535.133904543646167, 341635.965640179812908 ], [ 4605.248604590598916, 341583.04894002713263 ], [ 4672.717504613566234, 341504.996639835648239 ], [ 4741.509304609919127, 341389.902639582753181 ], [ 4795.851804585427089, 341272.757339341565967 ], [ 4800.469004582872913, 341263.07603931799531 ], [ 4802.767904580253344, 341256.423539305105805 ], [ 4859.569004521307761, 341092.056038986891508 ], [ 4876.699004481697557, 341013.996038845740259 ], [ 4888.282104412101035, 340909.281638666987419 ], [ 4888.339004378938625, 340867.006038598716259 ], [ 4874.559004358033235, 340863.546038607135415 ], [ 4874.039004356023725, 340860.206038603559136 ], [ 4846.761904317254448, 340856.050738624297082 ], [ 4834.545804419268279, 341003.245638871565461 ], [ 4829.127004446771934, 341046.217338945716619 ], [ 4800.032004502634663, 341162.135939159430563 ], [ 4751.496104548773474, 341297.976139424368739 ], [ 4730.043104563752422, 341350.876539530232549 ], [ 4684.799304575158203, 341436.337139712646604 ], [ 4636.380404578017078, 341518.358139888383448 ], [ 4565.207404535754904, 341578.154040059074759 ], [ 4504.353104486955999, 341613.608240175060928 ], [ 4488.947624791348971, 341620.10342093068175 ], [ 4492.209004488126084, 341634.216040221042931 ] ] ] } },
{ "type": "Feature", "properties": { "ZBEZ": "0207", "university_share": 0.194077734605763, "avg_income": -0.957496178515997, "unemprate": -0.81864665700860395, "benefit_share": -0.21064030964400601, "SSI": -0.47282268793090299, "quintile": 2.0, "green_area_sum": 384261.51944819617, "blue_area_sum": 384261.51944819628, "census_area_m2": 384058.3883041782, "green_ratio": 1.001, "blue_ratio": 1.001 }, "geometry": { "type": "Polygon", "coordinates": [ [ [ 5422.86900624903501, 342363.466040439903736 ], [ 5425.579006251321516, 342362.086040436290205 ], [ 5427.349006251927676, 342360.706040432676673 ], [ 5428.53550625231037, 342359.194940428249538 ], [ 5429.580906252474961, 342357.863440425135195 ], [ 5431.589006253296247, 342355.306040421128273 ], [ 5432.179006252952604, 342353.746040415018797 ], [ 5432.639006251723913, 342352.156040414236486 ], [ 5432.90900625161612, 342350.80604041274637 ], [ 5433.0890062497283, 342348.946040405891836 ], [ 5432.779006247849793, 342347.226040404289961 ], [ 5432.739006247422367, 342344.936040400527418 ], [ 5432.079006243840922, 342342.756040398962796 ], [ 5431.379006241821116, 342341.166040395386517 ], [ 5430.799006240141352, 342340.146040397696197 ], [ 5429.589006238076763, 342338.816040395759046 ], [ 5428.449006235543493, 342337.476040394976735 ], [ 5427.269006232020729, 342336.006040392443538 ], [ 5425.759006230198793, 342335.216040393337607 ], [ 5424.799006226513484, 342332.726040392182767 ], [ 5421.679006223177566, 342332.996040396392345 ], [ 5420.119006221042582, 342332.606040393002331 ], [ 5418.349206218996187, 342332.634040396660566 ], [ 5415.849806215801436, 342332.673640399239957 ], [ 5414.318006213903573, 342332.697840400971472 ], [ 5413.059006211841734, 342333.006040403619409 ], [ 5410.0090062086947, 342333.816040409728885 ], [ 5408.229006207650855, 342334.786040406674147 ], [ 5406.009006206098093, 342336.456040414981544 ], [ 5404.619006205221922, 342337.876040418632329 ], [ 5403.089006204701036, 342340.056040423922241 ], [ 5401.669006205567712, 342343.216040432453156 ], [ 5400.889006207673447, 342346.946040434762836 ], [ 5401.109006209938343, 342349.996040442027152 ], [ 5401.599006213144094, 342352.706040443852544 ], [ 5402.469006216074376, 342355.616040444932878 ], [ 5403.609006219111507, 342357.096040448173881 ], [ 5405.98900622511519, 342360.246040450409055 ], [ 5408.339006228810831, 342361.746040455065668 ], [ 5410.409006232908723, 342363.176040453836322 ], [ 5412.22900623543137, 342363.856040452606976 ], [ 5414.679006239025512, 342364.416040452197194 ], [ 5416.519006241691386, 342364.336040450260043 ], [ 5419.329006245164237, 342364.426040446385741 ], [ 5420.749006246177487, 342364.146040446124971 ], [ 5422.86900624903501, 342363.466040439903736 ] ] ] } },
{ "type": "Feature", "properties": { "ZBEZ": "0208", "university_share": -0.45589898819574798, "avg_income": -0.15858746291843401, "unemprate": 0.179498377375826, "benefit_share": -0.035828000740942702, "SSI": -0.20075539628931199, "quintile": 3.0, "green_area_sum": 8372348.2864716724, "blue_area_sum": 8617064.693288058, "census_area_m2": 8367813.5057149753, "green_ratio": 1.001, "blue_ratio": 1.03 }, "geometry": { "type": "MultiPolygon", "coordinates": [ [ [ [ 9774.96900804787947, 337696.186028594151139 ], [ 9775.19900804259305, 337689.136028585024178 ], [ 9766.812976152988995, 337659.2986754765152 ], [ 9758.170508001734561, 337663.86682855989784 ], [ 9732.241307976513781, 337674.450128607451916 ], [ 9714.514207959122359, 337682.123128633014858 ], [ 9688.585007934425448, 337690.589728675782681 ], [ 9592.541007846604771, 337734.246128842234612 ], [ 9499.40750775997185, 337773.13992899749428 ], [ 9465.276207728262307, 337787.95662905741483 ], [ 9424.265707690383351, 337806.212929125875235 ], [ 9355.473907627216249, 337835.581729242578149 ], [ 9015.483607315371046, 337984.542429827153683 ], [ 8860.033807170490036, 338050.475930088199675 ], [ 8833.388007173694859, 338096.826030188240111 ], [ 8833.458307173852518, 338096.796030190773308 ], [ 8824.266107174998979, 338112.402330222539604 ], [ 8818.445207175063842, 338122.28503024764359 ], [ 8814.060007175334249, 338129.729130262508988 ], [ 8810.382807176078131, 338135.789630277082324 ], [ 8811.496307178000279, 338136.408430276438594 ], [ 8824.679007182658097, 338122.406030237674713 ], [ 8938.369007281760787, 338065.456030033528805 ], [ 9218.573707552101041, 337958.777029578574002 ], [ 9303.409007632611974, 337924.316029437817633 ], [ 9330.205007652435597, 337906.429029383696616 ], [ 9448.839007755548664, 337848.606029172427952 ], [ 9597.861507897858246, 337789.350928926840425 ], [ 9601.37410790055219, 337787.845328917726874 ], [ 9619.956407918205514, 337779.880228890106082 ], [ 9644.064707939927757, 337768.630528843961656 ], [ 9673.11160796590957, 337755.076428791508079 ], [ 9692.991507983299016, 337745.799928759224713 ], [ 9703.617907993180779, 337740.768328740261495 ], [ 9737.657208022812483, 337724.650728679262102 ], [ 9750.719008034555372, 337718.466028658673167 ], [ 9754.09900803747405, 337716.636028651148081 ], [ 9757.21900804010329, 337714.85602864343673 ], [ 9761.407308043371813, 337712.036828636191785 ], [ 9761.869008044062866, 337711.726028635166585 ], [ 9764.859008045439623, 337709.716028629802167 ], [ 9768.849008048866381, 337707.34602861944586 ], [ 9773.478008052090445, 337704.96022860892117 ], [ 9773.626808052615161, 337704.883528611622751 ], [ 9771.799708047463355, 337701.517928606830537 ], [ 9771.352208046801024, 337700.693528606556356 ], [ 9770.479208044682309, 337698.90292860660702 ], [ 9771.027008044546164, 337698.654528604820371 ], [ 9774.946242332143811, 337696.87771886860719 ], [ 9774.96900804787947, 337696.186028594151139 ] ] ], [ [ [ 12141.529010009991907, 336395.866024121642113 ], [ 12130.57901000651691, 336408.446024149656296 ], [ 12116.889010001259521, 336423.286024188622832 ], [ 12095.789009989863189, 336442.736024244688451 ], [ 12056.029009965282967, 336476.656024335883558 ], [ 11942.509009899275043, 336573.926024608314037 ], [ 11865.599009855004624, 336639.446024788543582 ], [ 11850.779009844927714, 336651.516024825163186 ], [ 11837.01900983573978, 336661.206024858169258 ], [ 11808.839009814812016, 336679.286024912260473 ], [ 11792.809009805781898, 336693.766024952754378 ], [ 11721.624204147134151, 336742.912743901775684 ], [ 11742.092509776010047, 336738.179825075902045 ], [ 11776.016809802385978, 336716.761925008147955 ], [ 11798.776909819745924, 336701.481224958784878 ], [ 11815.975109831373629, 336689.816524920985103 ], [ 11863.04840986005911, 336650.05392481200397 ], [ 11974.097609924459903, 336553.819224543869495 ], [ 11999.381009938249917, 336531.465024480596185 ], [ 12029.825809955853401, 336505.172424408607185 ], [ 12044.909209963650937, 336492.14612437505275 ], [ 12059.875409972957641, 336480.164824339561164 ], [ 12076.568909983900085, 336466.800724301487207 ], [ 12095.875309997061777, 336451.344824258238077 ], [ 12111.407010006043492, 336438.910824221558869 ], [ 12127.127010015507039, 336425.495124182663858 ], [ 12130.194810014098039, 336419.459324173629284 ], [ 12136.149010010032725, 336404.386024141684175 ], [ 12138.789010011518258, 336401.416024136357009 ], [ 12139.397110011315817, 336400.751724134199321 ], [ 12139.439010011610662, 336400.706024131737649 ], [ 12140.709010011636565, 336399.28602412622422 ], [ 12142.00961001073847, 336396.415924120694399 ], [ 12142.209010011198188, 336395.976024121046066 ], [ 12142.276355290938227, 336395.079813851043582 ], [ 12141.529010009991907, 336395.866024121642113 ] ] ] ] } },
{ "type": "Feature", "properties": { "ZBEZ": "0209", "university_share": -0.446621956329603, "avg_income": -0.863534014230115, "unemprate": -1.14364772984338, "benefit_share": -1.0939130161916499, "SSI": -0.89859199019132896, "quintile": 1.0, "green_area_sum": 1277351.744450504, "blue_area_sum": 1316915.2761486829, "census_area_m2": 1276675.6313216323, "green_ratio": 1.001, "blue_ratio": 1.032 }, "geometry": { "type": "Polygon", "coordinates": [ [ [ 6139.719706748508543, 341850.845138900913298 ], [ 6152.419706743986353, 341823.593038845807314 ], [ 6228.884406871967258, 341863.015938827767968 ], [ 6246.541606877172853, 341841.971638780087233 ], [ 6210.709306803402797, 341806.351438759826124 ], [ 6181.276906743109066, 341776.968138743191957 ], [ 6144.133506718884746, 341805.927338826470077 ], [ 6106.382106693107744, 341833.38263890799135 ], [ 6139.719706748508543, 341850.845138900913298 ] ] ] } },
{ "type": "Feature", "properties": { "ZBEZ": "0301", "university_share": 1.1689389994960899, "avg_income": 0.24109218420731801, "unemprate": 0.56830911697810704, "benefit_share": 0.66417906438193497, "SSI": 0.74962636888297496, "quintile": 4.0, "green_area_sum": 560766.95505500759, "blue_area_sum": 560766.95505500771, "census_area_m2": 560467.99511551543, "green_ratio": 1.001, "blue_ratio": 1.001 }, "geometry": { "type": "Polygon", "coordinates": [ [ [ 4359.239804040077615, 341283.76393979601562 ], [ 4341.287404015457469, 341280.481239813379943 ], [ 4344.668603994059595, 341249.43753975816071 ], [ 4368.472404001872746, 341221.187039689160883 ], [ 4381.193004016351551, 341218.314639674499631 ], [ 4389.399804028187646, 341220.981839668005705 ], [ 4395.96520404101193, 341226.111139670945704 ], [ 4399.863404049591736, 341231.445539674721658 ], [ 4395.760004053389821, 341241.704039694741368 ], [ 4385.091204050218948, 341255.655639727599919 ], [ 4380.372304050173625, 341262.836539745330811 ], [ 4386.84010406383004, 341269.200539748184383 ], [ 4412.173604072663693, 341240.678239673376083 ], [ 4432.485504077721998, 341215.647439616732299 ], [ 4395.669204002015249, 341178.058539591729641 ], [ 4370.618903993185995, 341207.839739664457738 ], [ 4348.274103987138915, 341234.43353973235935 ], [ 4324.960203979290782, 341262.152239797636867 ], [ 4309.819103973785786, 341278.96473983861506 ], [ 4352.229204055719492, 341313.839739850722253 ], [ 4367.651704058810537, 341295.048239809460938 ], [ 4375.934504060639483, 341283.407639777287841 ], [ 4376.156304061276387, 341283.095939779654145 ], [ 4370.524104049259222, 341276.993339776992798 ], [ 4359.239804040077615, 341283.76393979601562 ] ] ] } },
{ "type": "Feature", "properties": { "ZBEZ": "0302", "university_share": 1.37104306683892, "avg_income": 0.95367612712759797, "unemprate": 0.80562452159988895, "benefit_share": 0.86901249879988496, "SSI": 1.1698049482277699, "quintile": 5.0, "green_area_sum": 517194.87047998537, "blue_area_sum": 517194.87047998596, "census_area_m2": 516918.0206155515, "green_ratio": 1.001, "blue_ratio": 1.001 }, "geometry": { "type": "MultiPolygon", "coordinates": [ [ [ [ 3701.939002826537489, 340808.136039705947042 ], [ 3702.229002828016746, 340808.766039705835283 ], [ 3707.709002843626422, 340819.996039717458189 ], [ 3707.549002843435574, 340820.086039718240499 ], [ 3721.319002882876248, 340848.546039751730859 ], [ 3723.939002891345808, 340853.966039756312966 ], [ 3725.094753023145131, 340856.357915923581459 ], [ 3731.049002859369011, 340801.915739664807916 ], [ 3736.188902856473305, 340790.947039646096528 ], [ 3701.539432266795302, 340807.313536599336658 ], [ 3701.939002826537489, 340808.136039705947042 ] ] ], [ [ [ 3703.609002817520832, 340794.106039682403207 ], [ 3696.649002811453556, 340797.246039696969092 ], [ 3696.979002812086947, 340797.926039692014456 ], [ 3697.615863708306733, 340799.236997300933581 ], [ 3697.723902814402209, 340799.164639694616199 ], [ 3709.787871350212754, 340796.04529495065799 ], [ 3703.609002817520832, 340794.106039682403207 ] ] ], [ [ [ 3724.183899537372326, 340790.460869975562673 ], [ 3724.699902841108724, 340790.214739652350545 ], [ 3724.524667853445862, 340789.878170905751176 ], [ 3724.183899537372326, 340790.460869975562673 ] ] ], [ [ [ 3778.147682850601086, 340699.015228413103614 ], [ 3782.099102842239517, 340700.027239449322224 ], [ 3774.60937094734345, 340673.838063468632754 ], [ 3778.147682850601086, 340699.015228413103614 ] ] ] ] } },
{ "type": "Feature", "properties": { "ZBEZ": "0303", "university_share": 1.3079783269929199, "avg_income": 1.6936762135201699, "unemprate": 0.82488798141953301, "benefit_share": 0.86410641660245602, "SSI": 1.42289490432128, "quintile": 5.0, "green_area_sum": 965378.85251524078, "blue_area_sum": 965378.85251524323, "census_area_m2": 964859.12012644834, "green_ratio": 1.001, "blue_ratio": 1.001 }, "geometry": { "type": "MultiPolygon", "coordinates": [ [ [ [ 3688.169001260721416, 338867.236036622896791 ], [ 3684.375837018134462, 338866.278166867501568 ], [ 3686.279001257780237, 338867.02723662275821 ], [ 3689.23974453365463, 338867.48617664683843 ], [ 3688.169001260721416, 338867.236036622896791 ] ] ], [ [ [ 3879.179001506967779, 338871.326036436483264 ], [ 3875.896667166519364, 338871.289711358549539 ], [ 3879.178901506851616, 338871.339736436493695 ], [ 3879.180418265370918, 338871.339636594231706 ], [ 3879.179001506967779, 338871.326036436483264 ] ] ] ] } },
{ "type": "Feature", "properties": { "ZBEZ": "0304", "university_share": 0.478071785123106, "avg_income": -0.51105588770782095, "unemprate": -0.135149934325935, "benefit_share": -0.094498122679281302, "SSI": -0.054682043451418097, "quintile": 3.0, "green_area_sum": 286636.10047121637, "blue_area_sum": 286636.10047121526, "census_area_m2": 286481.0443857722, "green_ratio": 1.001, "blue_ratio": 1.001 }, "geometry": { "type": "Polygon", "coordinates": [ [ [ 4252.369001958310946, 338843.01603601500392 ], [ 4228.709001929675651, 338844.796036041341722 ], [ 4185.639001877932969, 338848.626036091707647 ], [ 4050.359001713261023, 338858.78603624086827 ], [ 3957.359001601755608, 338865.506036346778274 ], [ 3948.82900159142855, 338866.106036357581615 ], [ 3948.827207200103658, 338866.106196132139303 ], [ 3948.829101591340986, 338866.121036357246339 ], [ 4050.138901713707583, 338858.964736242778599 ], [ 4271.959201982237573, 338842.777235993184149 ], [ 4280.06773260650607, 338836.899456199200358 ], [ 4252.369001958310946, 338843.01603601500392 ] ] ] } },
{ "type": "Feature", "properties": { "ZBEZ": "0305", "university_share": 0.96128805877077605, "avg_income": 0.41916479794393202, "unemprate": 0.53867197784688503, "benefit_share": 0.72816895995890596, "SSI": 0.74503823224728005, "quintile": 4.0, "green_area_sum": 504559.86669613206, "blue_area_sum": 504796.62495038449, "census_area_m2": 504287.44881742931, "green_ratio": 1.001, "blue_ratio": 1.001 }, "geometry": { "type": "Polygon", "coordinates": [ [ [ 4901.237002949619637, 339053.962235695682466 ], [ 4900.046402945598857, 339050.91953568905592 ], [ 4895.151602938160067, 339049.332035692408681 ], [ 4894.754702937815637, 339049.464235693216324 ], [ 4892.373502935512079, 339049.99343569856137 ], [ 4888.537002932604992, 339051.580935703590512 ], [ 4883.113002928196693, 339054.623635713942349 ], [ 4876.366202922274169, 339058.460135725326836 ], [ 4886.552602944860155, 339070.763235736638308 ], [ 4898.988102951581823, 339059.783035709522665 ], [ 4901.237002949619637, 339053.962235695682466 ] ] ] } },
{ "type": "Feature", "properties": { "ZBEZ": "0306", "university_share": 0.20659257549405999, "avg_income": -0.44808802050526197, "unemprate": -0.28220311264400899, "benefit_share": -0.025254473541957902, "SSI": -0.14621434424537, "quintile": 3.0, "green_area_sum": 568229.80882592767, "blue_area_sum": 568229.80882592557, "census_area_m2": 567923.54678900086, "green_ratio": 1.001, "blue_ratio": 1.001 }, "geometry": { "type": "Polygon", "coordinates": [ [ [ 5283.08518999122407, 339289.319250804081094 ], [ 5282.749003622038799, 339289.616035683080554 ], [ 5288.049003633492248, 339295.556035687215626 ], [ 5288.31567740911305, 339295.32213249464985 ], [ 5283.08518999122407, 339289.319250804081094 ] ] ] } },
{ "type": "Feature", "properties": { "ZBEZ": "0307", "university_share": 0.070407187842325497, "avg_income": -0.55019885901340304, "unemprate": -0.13156957827020499, "benefit_share": 0.015782040499842699, "SSI": -0.19891827587604699, "quintile": 3.0, "green_area_sum": 1552668.1771494793, "blue_area_sum": 1552668.1771494807, "census_area_m2": 1551826.4133657953, "green_ratio": 1.001, "blue_ratio": 1.001 }, "geometry": { "type": "Polygon", "coordinates": [ [ [ 5826.039004702705824, 339780.926035922020674 ], [ 5826.899004703092032, 339779.806035919114947 ], [ 5827.759004703269966, 339778.686035912483931 ], [ 5828.629004703198007, 339777.576035910286009 ], [ 5829.499004703239734, 339776.456035907380283 ], [ 5830.369004704873987, 339775.346035907976329 ], [ 5831.249004704288382, 339774.236035904847085 ], [ 5832.129004704745967, 339773.136035898700356 ], [ 5833.019004704008694, 339772.026035896502435 ], [ 5833.899004703615901, 339770.926035895943642 ], [ 5834.789004705783555, 339769.826035891659558 ], [ 5835.689004704656327, 339768.736035889014602 ], [ 5836.579004705879925, 339767.636035887524486 ], [ 5837.479004705473017, 339766.546035885810852 ], [ 5839.2190047063159, 339764.456035885028541 ], [ 5840.969004706553278, 339762.376035877503455 ], [ 5842.719004707500972, 339760.296035869978368 ], [ 5844.469004707972999, 339758.216035862453282 ], [ 5846.219004708435023, 339756.136035858653486 ], [ 5847.979004709261062, 339754.066035856492817 ], [ 5849.739004709586879, 339751.996035848744214 ], [ 5851.509004710853333, 339749.926035846583545 ], [ 5853.279004710368099, 339747.856035840697587 ], [ 5855.049004711417183, 339745.796035835519433 ], [ 5856.819004711629532, 339743.736035828478634 ], [ 5858.599004713210888, 339741.676035823300481 ], [ 5860.369004713461436, 339739.616035820916295 ], [ 5862.159004714361799, 339737.566035815514624 ], [ 5863.939004713635768, 339735.516035806387663 ], [ 5865.729004714798066, 339733.466035801917315 ], [ 5867.519004715737537, 339731.426035797223449 ], [ 5869.319004716506242, 339729.386035795323551 ], [ 5871.109004716881827, 339727.346035790629685 ], [ 5872.909004718334472, 339725.306035785004497 ], [ 5874.719004718836914, 339723.266035777516663 ], [ 5876.519004719252735, 339721.23603577259928 ], [ 5878.329004720266312, 339719.206035770475864 ], [ 5880.139004720469529, 339717.176035761833191 ], [ 5881.959004721647034, 339715.156035757623613 ], [ 5883.779004722068748, 339713.136035754345357 ], [ 5885.599004722684185, 339711.116035749204457 ], [ 5887.419004723250509, 339709.096035741269588 ], [ 5889.249004724168117, 339707.086035737767816 ], [ 5891.079004725738741, 339705.076035734266043 ], [ 5892.909004725361228, 339703.066035729832947 ], [ 5894.749004726536441, 339701.066035723313689 ], [ 5896.579004727552274, 339699.056035720743239 ], [ 5898.429004727571737, 339697.056035711430013 ], [ 5900.269004728289474, 339695.066035706549883 ], [ 5902.11900472988691, 339693.066035703755915 ], [ 5903.969004729837252, 339691.07603569701314 ], [ 5905.81900473020778, 339689.086035693995655 ], [ 5907.67900473134705, 339687.096035687252879 ], [ 5909.539004732514513, 339685.116035681217909 ], [ 5911.399004732228605, 339683.136035677976906 ], [ 5913.259004734270093, 339681.156035672873259 ], [ 5915.129004734918453, 339679.176035668700933 ], [ 5916.999004734620939, 339677.206035663373768 ], [ 5918.869004736595343, 339675.236035656183958 ], [ 5920.749004737095674, 339673.266035650856793 ], [ 5922.629004738078947, 339671.306035649031401 ], [ 5924.509004739328702, 339669.346035643480718 ], [ 5926.399004739605516, 339667.38603563606739 ], [ 5928.279004740556047, 339665.426035632379353 ], [ 5929.039004740963719, 339664.646035630255938 ], [ 5930.17900474158705, 339663.476035630330443 ], [ 5932.069004741665594, 339661.526035621762276 ], [ 5933.959004743933292, 339659.576035617850721 ], [ 5935.859004743016158, 339657.626035610213876 ], [ 5937.769004744553058, 339655.686035607941449 ], [ 5939.669004745369421, 339653.746035601012409 ], [ 5941.579004746326973, 339651.806035596877337 ], [ 5943.489004748275875, 339649.876035596244037 ], [ 5945.399004748051084, 339647.946035586297512 ], [ 5947.319004748574116, 339646.0160355810076 ], [ 5949.239004750615095, 339644.08603557664901 ], [ 5951.159004751008979, 339642.166035571135581 ], [ 5953.079004751891262, 339640.246035564690828 ], [ 5955.009004753143017, 339638.326035561971366 ], [ 5956.939004753101472, 339636.416035556234419 ], [ 5958.869004754560592, 339634.496035549789667 ], [ 5960.809004754968555, 339632.596035544760525 ], [ 5962.749004756486102, 339630.686035540886223 ], [ 5964.689004757097791, 339628.786035535857081 ], [ 5966.629004759071904, 339626.886035529896617 ], [ 5968.579004759704731, 339624.986035527661443 ], [ 5970.529004759386225, 339623.086035521700978 ], [ 5972.479004760535645, 339621.196035515516996 ], [ 5974.439004761903561, 339619.30603551119566 ], [ 5976.399004762450204, 339617.426035506650805 ], [ 5978.35900476405277, 339615.536035500466824 ], [ 5980.319004764847705, 339613.656035497784615 ], [ 5982.28900476587205, 339611.77603548951447 ], [ 5984.259004767002807, 339609.906035485677421 ], [ 5986.229004768162667, 339608.03603548090905 ], [ 5988.199004769579005, 339606.166035478003323 ], [ 5990.179004769886888, 339604.296035473234951 ], [ 5992.159004771103355, 339602.436035466380417 ], [ 5994.139004771756845, 339600.576035459525883 ], [ 5996.129004773417364, 339598.716035456396639 ], [ 5998.119004774179302, 339596.866035453043878 ], [ 6000.109004774911227, 339595.016035446897149 ], [ 6002.09900477631345, 339593.166035442613065 ], [ 6004.099004777822302, 339591.316035438328981 ], [ 6006.089004778407798, 339589.476035432890058 ], [ 6008.099004779777715, 339587.636035428382456 ], [ 6010.099004780796349, 339585.796035423874855 ], [ 6012.109004781513249, 339583.966035417281091 ], [ 6013.309004782414377, 339582.86603541392833 ], [ 6014.119004783036871, 339582.13603541161865 ], [ 6016.129004783950222, 339580.306035406887531 ], [ 6018.139004784486133, 339578.47603540122509 ], [ 6020.159004786252808, 339576.656035398133099 ], [ 6022.179004787253689, 339574.836035390384495 ], [ 6024.199004789376886, 339573.016035384498537 ], [ 6026.229004789416649, 339571.206035386770964 ], [ 6027.309004789689425, 339570.246035381220281 ], [ 6028.259004791075313, 339569.39603537786752 ], [ 6030.28900479197091, 339567.586035371758044 ], [ 6032.319004792930173, 339565.786035367287695 ], [ 6034.359004793980603, 339563.986035362817347 ], [ 6036.399004794926441, 339562.186035356484354 ], [ 6038.439004795999608, 339560.38603535387665 ], [ 6040.479004797019115, 339558.596035345457494 ], [ 6042.529004797636844, 339556.806035344488919 ], [ 6063.64900480984852, 339538.216035290621221 ], [ 6083.039004822497191, 339521.146035242825747 ], [ 6092.829004827862263, 339512.526035220362246 ], [ 6228.769004904244866, 339392.866034894250333 ], [ 6259.589004921424021, 339365.736034817062318 ], [ 6388.399004994614188, 339252.356034509837627 ], [ 6395.93900499863048, 339245.706034491769969 ], [ 6517.039005067663311, 339139.11603419482708 ], [ 6522.879005070132735, 339133.976034184917808 ], [ 6583.98900510578369, 339080.17603403609246 ], [ 6585.829005106885234, 339078.556034030392766 ], [ 6587.679005107811463, 339076.936034025624394 ], [ 6589.529005108117417, 339075.326034020632505 ], [ 6591.379005109768514, 339073.716034015640616 ], [ 6593.229005110400976, 339072.106034012511373 ], [ 6595.08900511201773, 339070.506034008227289 ], [ 6596.949005112962368, 339068.906034004874527 ], [ 6598.809005113945204, 339067.306033998727798 ], [ 6600.679005115129257, 339065.706033995375037 ], [ 6602.539005116238513, 339064.116033990867436 ], [ 6604.409005117590823, 339062.526033983565867 ], [ 6606.289005118498608, 339060.946033981628716 ], [ 6608.159005120001893, 339059.356033974327147 ], [ 6610.039005121025184, 339057.776033972389996 ], [ 6611.919005122122144, 339056.206033970229328 ], [ 6613.799005122787094, 339054.626033967360854 ], [ 6615.679005124056857, 339053.056033958680928 ], [ 6617.569005124799332, 339051.486033953726292 ], [ 6619.459005127244382, 339049.926033949479461 ], [ 6621.349005127401142, 339048.356033949181437 ], [ 6623.249005128744102, 339046.806033940985799 ], [ 6625.14900512972963, 339045.246033938601613 ], [ 6627.049005130830665, 339043.69603393226862 ], [ 6628.949005132388265, 339042.146033928729594 ], [ 6630.849005133703031, 339040.596033925190568 ], [ 6632.759005134315885, 339039.056033921428025 ], [ 6634.669005136027408, 339037.506033914163709 ], [ 6636.579005137061358, 339035.976033912971616 ], [ 6638.499005138250141, 339034.436033910140395 ], [ 6640.409005140153567, 339032.906033903360367 ], [ 6642.32900514073026, 339031.376033898442984 ], [ 6644.249005141964517, 339029.856033893302083 ], [ 6646.179005142758797, 339028.3260338883847 ], [ 6648.109005143556715, 339026.806033886037767 ], [ 6650.039005145377814, 339025.296033880673349 ], [ 6651.969005146506788, 339023.786033875308931 ], [ 6653.899005147886783, 339022.276033870875835 ], [ 6655.839005149428885, 339020.766033868305385 ], [ 6657.779005149910518, 339019.256033862009645 ], [ 6659.71900515176003, 339017.756033859215677 ], [ 6661.659005153565886, 339016.266033855266869 ], [ 6663.609005153908583, 339014.766033849678934 ], [ 6665.559005155510022, 339013.276033843867481 ], [ 6667.509005157194224, 339011.786033840849996 ], [ 6669.459005157626962, 339010.306033839471638 ], [ 6671.41900515971065, 339008.826033835299313 ], [ 6673.369005160890993, 339007.346033826470375 ], [ 6675.339005161908972, 339005.866033824160695 ], [ 6677.299005163793481, 339004.396033819764853 ], [ 6679.259005164880364, 339002.92603381536901 ], [ 6681.229005165911076, 339001.456033812835813 ], [ 6683.199005167753967, 338999.996033805422485 ], [ 6685.18900516838039, 338998.526033801957965 ], [ 6687.16900516970054, 338997.066033797338605 ], [ 6689.159005171203717, 338995.596033793874085 ], [ 6691.149005172099351, 338994.13603379111737 ], [ 6693.149005174106605, 338992.686033782549202 ], [ 6695.139005175406055, 338991.226033779792488 ], [ 6697.139005176919454, 338989.78603377379477 ], [ 6699.139005178463776, 338988.336033773608506 ], [ 6701.149005179268897, 338986.896033767610788 ], [ 6703.149005181192479, 338985.456033762544394 ], [ 6705.159005183400041, 338984.016033759340644 ], [ 6707.169005184380694, 338982.586033753119409 ], [ 6709.179005185392271, 338981.156033749692142 ], [ 6711.199005186370414, 338979.726033746264875 ], [ 6713.209005188158699, 338978.306033743545413 ], [ 6715.229005189433337, 338976.876033738255501 ], [ 6717.249005190588832, 338975.466033735312521 ], [ 6719.27900519222294, 338974.046033729799092 ], [ 6721.299005193355697, 338972.6360337221995 ], [ 6723.329005195732861, 338971.236033719964325 ], [ 6725.359005197183251, 338969.826033714227378 ], [ 6727.399005198185478, 338968.426033710129559 ], [ 6729.429005199277526, 338967.026033706963062 ], [ 6731.469005201279288, 338965.636033702641726 ], [ 6733.509005202429762, 338964.246033699251711 ], [ 6735.549005205102731, 338962.856033694930375 ], [ 6737.59900520498104, 338961.476033688522875 ], [ 6739.639005207016453, 338960.096033686771989 ], [ 6741.689005208633716, 338958.716033681295812 ], [ 6743.739005210444702, 338957.336033676750958 ], [ 6745.789005211450785, 338955.966033675707877 ], [ 6747.849005212724478, 338954.59603366907686 ], [ 6749.909005214779427, 338953.236033665016294 ], [ 6751.969005215999459, 338951.876033662818372 ], [ 6754.029005216864789, 338950.516033656895161 ], [ 6756.089005219440878, 338949.166033651679754 ], [ 6758.159005221084044, 338947.816033646464348 ], [ 6760.229005222292471, 338946.466033644042909 ], [ 6762.299005224242137, 338945.116033636033535 ], [ 6764.36900522565611, 338943.776033633388579 ], [ 6766.449005227684211, 338942.4360336298123 ], [ 6768.51900522816868, 338941.106033626012504 ], [ 6770.599005230265902, 338939.776033620350063 ], [ 6772.679005232068448, 338938.446033617481589 ], [ 6774.769005233207281, 338937.126033612526953 ], [ 6776.849005235142613, 338935.806033609434962 ], [ 6778.939005236178673, 338934.486033605411649 ], [ 6781.029005237617639, 338933.166033601388335 ], [ 6783.119005240204388, 338931.856033597141504 ], [ 6785.21900524135981, 338930.556033590808511 ], [ 6787.309005243220781, 338929.24603359028697 ], [ 6789.409005245662229, 338927.946033583953977 ], [ 6791.509005246984088, 338926.646033579483628 ], [ 6793.619005247850509, 338925.356033574789762 ], [ 6795.719005249376096, 338924.066033572889864 ], [ 6797.829005251275703, 338922.776033565402031 ], [ 6799.939005252086645, 338921.496033563278615 ], [ 6802.049005255094926, 338920.216033559292555 ], [ 6804.159005256527053, 338918.936033554375172 ], [ 6806.279005256962591, 338917.666033549234271 ], [ 6808.389005259826263, 338916.396033547818661 ], [ 6810.509005260411868, 338915.126033541746438 ], [ 6812.629005262479041, 338913.866033539175987 ], [ 6814.75900526517762, 338912.606033534742892 ], [ 6816.87900526649355, 338911.346033528447151 ], [ 6819.009005268171677, 338910.096033523790538 ], [ 6821.139005269844347, 338908.846033523790538 ], [ 6823.269005271297829, 338907.59603351727128 ], [ 6825.399005272721297, 338906.356033515185118 ], [ 6827.539005274687952, 338905.11603350751102 ], [ 6829.67900527664824, 338903.876033503562212 ], [ 6831.809005277999859, 338902.646033502183855 ], [ 6833.959005280434212, 338901.416033496148884 ], [ 6836.099005281718746, 338900.196033494547009 ], [ 6838.239005283655388, 338898.966033491306007 ], [ 6840.38900528450722, 338897.756033484824002 ], [ 6842.539005287928376, 338896.536033478565514 ], [ 6844.689005288366388, 338895.326033473014832 ], [ 6846.83900529049879, 338894.116033471189439 ], [ 6848.999005292484981, 338892.916033467277884 ], [ 6851.159005294070084, 338891.716033462435007 ], [ 6853.319005295016723, 338890.516033459454775 ], [ 6855.47900529697381, 338889.31603345554322 ], [ 6857.639005298946358, 338888.12603345233947 ], [ 6859.799005300969839, 338886.946033448912203 ], [ 6861.969005302629739, 338885.756033442914486 ], [ 6864.139005305200044, 338884.576033440418541 ], [ 6866.309005305887695, 338883.396033436991274 ], [ 6868.479005308882734, 338882.2260334296152 ], [ 6870.659005310653811, 338881.056033426895738 ], [ 6872.829005312290064, 338879.896033423021436 ], [ 6875.009005313354464, 338878.726033420301974 ], [ 6877.139005316040311, 338877.596033414825797 ], [ 6879.279005316936491, 338876.466033412143588 ], [ 6881.419005320261022, 338875.336033405736089 ], [ 6883.549005321645382, 338874.21603340189904 ], [ 6885.689005322911726, 338873.086033400148153 ], [ 6887.839005324941354, 338871.976033398881555 ], [ 6889.979005326736115, 338870.85603338945657 ], [ 6892.129005328470157, 338869.746033386327326 ], [ 6894.26900533026037, 338868.636033385060728 ], [ 6896.419005332509187, 338867.536033380776644 ], [ 6898.569005333763926, 338866.43603337649256 ], [ 6900.729005335667352, 338865.336033371277153 ], [ 6902.879005337720628, 338864.24603336956352 ], [ 6905.03900534053173, 338863.156033365987241 ], [ 6907.19900534246699, 338862.066033358685672 ], [ 6909.35900534297889, 338860.986033354885876 ], [ 6911.519005344995094, 338859.906033352017403 ], [ 6913.679005347342354, 338858.826033345423639 ], [ 7290.299005691713319, 338691.646032700315118 ], [ 7358.559005754279497, 338662.736032586544752 ], [ 7348.159372182974039, 338638.57612354576122 ], [ 7259.194105641410715, 338677.886332710273564 ], [ 7041.176905438383983, 338771.019833077676594 ], [ 6848.559905274247285, 338870.503433434292674 ], [ 6655.942805128642249, 338995.386933828704059 ], [ 6488.725805041539388, 339152.020634244196117 ], [ 6274.942104924754858, 339344.637634769082069 ], [ 5974.37480474691165, 339600.754835481755435 ], [ 5819.769104690609311, 339776.165335918776691 ], [ 5825.937256000554953, 339781.060344207682647 ], [ 5826.039004702705824, 339780.926035922020674 ] ] ] } },
{ "type": "Feature", "properties": { "ZBEZ": "0308", "university_share": 0.31639403415645601, "avg_income": 0.019275714653502501, "unemprate": -1.64894165792893, "benefit_share": -0.073865508029067703, "SSI": -0.19449674488427199, "quintile": 3.0, "green_area_sum": 1103169.4495135008, "blue_area_sum": 1103169.4495134992, "census_area_m2": 1102569.0259493536, "green_ratio": 1.001, "blue_ratio": 1.001 }, "geometry": { "type": "Polygon", "coordinates": [ [ [ 4723.982031586017911, 337458.061189539148472 ], [ 4737.839001468055358, 337457.086033306084573 ], [ 4773.024901514140765, 337458.909033275209367 ], [ 4795.98120154501521, 337461.303733255714178 ], [ 4817.70900157311371, 337462.476033234968781 ], [ 4824.719001577147537, 337455.46603321749717 ], [ 4825.909001574933427, 337450.496033209376037 ], [ 4818.835001564567392, 337448.405333214439452 ], [ 4814.679001556318326, 337445.836033209227026 ], [ 4814.688931102497008, 337442.728084428119473 ], [ 4804.601143459097329, 337444.237270386132877 ], [ 4747.981101477935226, 337452.831633290275931 ], [ 4744.237101224568505, 337453.270260604622308 ], [ 4744.199001473021781, 337453.276033294387162 ], [ 4743.5290014716511, 337453.36603329423815 ], [ 4742.869001471645788, 337453.456033299677074 ], [ 4742.199001471230076, 337453.536033296026289 ], [ 4741.539001470499898, 337453.61603329796344 ], [ 4740.869001469243813, 337453.686033299192786 ], [ 4740.199001468491588, 337453.756033300422132 ], [ 4739.939001467936578, 337453.786033297888935 ], [ 4739.539001467547678, 337453.826033299788833 ], [ 4739.344521947208705, 337453.843449376930948 ], [ 4738.61400146687356, 337453.929033301770687 ], [ 4738.291047624936255, 337453.937790361407679 ], [ 4738.199001465827678, 337453.946033300831914 ], [ 4737.529001464995417, 337453.996033303439617 ], [ 4736.859001464004905, 337454.04603330232203 ], [ 4736.189001463323621, 337454.096033303067088 ], [ 4735.519001462104825, 337454.136033306829631 ], [ 4734.849001461225271, 337454.176033305935562 ], [ 4734.449001460942782, 337454.196033305488527 ], [ 4734.179001461270673, 337454.206033308058977 ], [ 4733.509001459306091, 337454.236033308319747 ], [ 4732.839001459352403, 337454.266033307649195 ], [ 4732.169001458963976, 337454.286033308133483 ], [ 4731.499001458474595, 337454.306033309549093 ], [ 4731.159001457943305, 337454.306033309549093 ], [ 4730.829001457125742, 337454.316033308394253 ], [ 4730.159001456639999, 337454.326033312827349 ], [ 4729.489001455612197, 337454.336033311672509 ], [ 4729.039001454747449, 337454.336033312603831 ], [ 4728.809001454691497, 337454.336033313535154 ], [ 4728.139001453710989, 337454.326033312827349 ], [ 4727.469001453190685, 337454.326033311896026 ], [ 4727.069001451824988, 337454.316033315844834 ], [ 4726.799001452605808, 337454.316033315844834 ], [ 4726.129001451512522, 337454.296033315360546 ], [ 4725.459001450172764, 337454.276033314876258 ], [ 4724.789001450478281, 337454.256033315323293 ], [ 4724.302322345522953, 337454.234241714817472 ], [ 4724.071562506003829, 337455.554323743795976 ], [ 4723.982031586017911, 337458.061189539148472 ] ] ] } },
{ "type": "Feature", "properties": { "ZBEZ": "0309", "university_share": 1.4023433325175501, "avg_income": 0.97609002022819802, "unemprate": 0.86567501639629996, "benefit_share": 1.0220102943781, "SSI": 1.2290855699068499, "quintile": 5.0, "green_area_sum": 454257.45545104251, "blue_area_sum": 454257.45545104181, "census_area_m2": 454013.44063617574, "green_ratio": 1.001, "blue_ratio": 1.001 }, "geometry": { "type": "Polygon", "coordinates": [ [ [ 3906.770363356925372, 340345.229498890868854 ], [ 3914.958102728080576, 340345.013238750398159 ], [ 3918.249002720008775, 340328.718038721010089 ], [ 3927.832002687497152, 340274.517038624733686 ], [ 3949.53900271584007, 340274.216038606129587 ], [ 3950.259002680701997, 340229.176038531586528 ], [ 3950.779002669464717, 340215.286038510501385 ], [ 3956.709002647039142, 340176.986038438975811 ], [ 3955.59900262907604, 340156.204038410447538 ], [ 3958.132402579561585, 340090.199238301254809 ], [ 3951.471897073176478, 340091.623681390483398 ], [ 3906.770363356925372, 340345.229498890868854 ] ] ] } },
{ "type": "Feature", "properties": { "ZBEZ": "0310", "university_share": 0.17397116055594, "avg_income": -0.64655938734188301, "unemprate": -0.38403297738935899, "benefit_share": -0.68504095903009199, "SSI": -0.372588864148721, "quintile": 2.0, "green_area_sum": 397098.3718872348, "blue_area_sum": 397098.37188723445, "census_area_m2": 396884.92855583079, "green_ratio": 1.001, "blue_ratio": 1.001 }, "geometry": { "type": "MultiPolygon", "coordinates": [ [ [ [ 5728.489004589532669, 339793.426036039367318 ], [ 5728.47149923883444, 339793.420588004519232 ], [ 5729.519004591153134, 339794.424636040814221 ], [ 5730.689004592690253, 339795.546036042273045 ], [ 5730.746057917703183, 339795.494016834127251 ], [ 5728.489004589532669, 339793.426036039367318 ] ] ], [ [ [ 5744.06010811276974, 339807.692753904208075 ], [ 5744.189004620338892, 339807.816036044619977 ], [ 5744.076104619506623, 339807.946036045439541 ], [ 5743.85900461975325, 339808.196036045439541 ], [ 5745.529004623366745, 339809.773236048407853 ], [ 5746.559004625104535, 339810.746036046184599 ], [ 5746.96372312362746, 339810.35313414549455 ], [ 5744.06010811276974, 339807.692753904208075 ] ] ] ] } },
{ "type": "Feature", "properties": { "ZBEZ": "0311", "university_share": 0.37408528111477801, "avg_income": -0.18642081743765701, "unemprate": -0.16444807515812301, "benefit_share": -0.19859478694179999, "SSI": 0.00227263259856371, "quintile": 3.0, "green_area_sum": 493083.92226328363, "blue_area_sum": 493083.92226328433, "census_area_m2": 492816.26143300894, "green_ratio": 1.001, "blue_ratio": 1.001 }, "geometry": { "type": "Polygon", "coordinates": [ [ [ 4787.612161644843582, 338599.12740192480851 ], [ 4807.810902452069968, 338578.645535029470921 ], [ 4806.640602447783749, 338574.868235024623573 ], [ 4830.970802459990409, 338551.533934963867068 ], [ 4867.821902482475707, 338520.801034876145422 ], [ 4867.964202481222856, 338520.65873487573117 ], [ 4867.821902482929545, 338520.658734876662493 ], [ 4936.544102532352554, 338474.417034734971821 ], [ 4941.808602529499694, 338462.892234710976481 ], [ 4940.243502520272159, 338452.932434697635472 ], [ 4938.251502518009147, 338453.928434696048498 ], [ 4933.556202513304925, 338455.635834705084562 ], [ 4930.283702509653267, 338455.920434708707035 ], [ 4921.177702469150972, 338419.496134661138058 ], [ 4922.031402469153363, 338417.504234655760229 ], [ 4928.576302475695229, 338415.939134649932384 ], [ 4926.157502466878213, 338408.967334638349712 ], [ 4925.303802461100531, 338402.849134629592299 ], [ 4924.548920464743787, 338400.500540817156434 ], [ 4924.079002458798641, 338401.63603463023901 ], [ 4914.44900246222187, 338421.556034671142697 ], [ 4900.479002463479446, 338445.216034722514451 ], [ 4874.75900245981029, 338480.936034806072712 ], [ 4851.109002450931257, 338508.876034873537719 ], [ 4825.079002439628312, 338535.38603494502604 ], [ 4795.229002421328914, 338560.786035009659827 ], [ 4779.918460843498906, 338574.50334767694585 ], [ 4779.749302414906197, 338576.575635051354766 ], [ 4778.611002417109376, 338581.128635063767433 ], [ 4778.041902419069629, 338584.543435068801045 ], [ 4777.472702421782742, 338588.527335073798895 ], [ 4777.653882936720947, 338591.244660799740814 ], [ 4787.612161644843582, 338599.12740192480851 ] ] ] } },
{ "type": "Feature", "properties": { "ZBEZ": "0401", "university_share": 1.79449933444666, "avg_income": 0.76617185298623602, "unemprate": 0.94802900408451196, "benefit_share": 0.96830056717850599, "SSI": 1.3018034945847701, "quintile": 5.0, "green_area_sum": 271220.30952666828, "blue_area_sum": 271220.30952666857, "census_area_m2": 271074.53100792703, "green_ratio": 1.001, "blue_ratio": 1.001 }, "geometry": { "type": "Polygon", "coordinates": [ [ [ 2464.277700596221166, 339982.397139638662338 ], [ 2477.849100607541459, 339974.183739611878991 ], [ 2443.539100520304601, 339919.121139558963478 ], [ 2443.697300517958865, 339916.833739555440843 ], [ 2440.516500515556345, 339918.372939561493695 ], [ 2436.893100515106198, 339922.484139571897686 ], [ 2436.67890051407494, 339922.121139572933316 ], [ 2422.496300509077173, 339938.283139610663056 ], [ 2422.701700509037892, 339938.585539613850415 ], [ 2420.491100508318596, 339941.093739618547261 ], [ 2425.668900523222874, 339951.496139629743993 ], [ 2433.48810054382011, 339963.683739639818668 ], [ 2440.667100560056952, 339974.87113965023309 ], [ 2447.709100578905236, 339985.839739662595093 ], [ 2452.378500588467887, 339990.873939664103091 ], [ 2464.269100596306998, 339982.396139637567103 ], [ 2464.277700596221166, 339982.397139638662338 ] ] ] } },
{ "type": "Feature", "properties": { "ZBEZ": "0402", "university_share": 1.174651147089, "avg_income": 0.61405567863435795, "unemprate": -0.0468867500602504, "benefit_share": 0.88759158859638398, "SSI": 0.81724782481698099, "quintile": 4.0, "green_area_sum": 673739.89598153799, "blue_area_sum": 673739.89598153718, "census_area_m2": 673375.8687569591, "green_ratio": 1.001, "blue_ratio": 1.001 }, "geometry": { "type": "Polygon", "coordinates": [ [ [ 3018.989000281120298, 338703.777237034402788 ], [ 3067.619100366289786, 338733.246037038043141 ], [ 3072.979000368952256, 338728.433537024073303 ], [ 3066.898900300724563, 338652.339736906811595 ], [ 3053.529000276187617, 338644.246036907657981 ], [ 3018.989000281120298, 338703.777237034402788 ] ] ] } },
{ "type": "Feature", "properties": { "ZBEZ": "0403", "university_share": 1.5967259325998899, "avg_income": 0.72557723892912995, "unemprate": 0.84966428720703402, "benefit_share": 0.81074539765033005, "SSI": 1.1662794119109401, "quintile": 5.0, "green_area_sum": 562547.03726237186, "blue_area_sum": 562547.03726237162, "census_area_m2": 562243.39095675212, "green_ratio": 1.001, "blue_ratio": 1.001 }, "geometry": { "type": "Polygon", "coordinates": [ [ [ 2288.148299609864353, 339025.549538291990757 ], [ 2326.51299968211697, 339055.976738299243152 ], [ 2342.38799969107049, 339041.424538260325789 ], [ 2297.408799611135237, 339012.320338257588446 ], [ 2288.148299609864353, 339025.549538291990757 ] ] ] } },
{ "type": "Feature", "properties": { "ZBEZ": "0404", "university_share": 1.0040547004465701, "avg_income": 0.082338795911033796, "unemprate": 0.10535688928584699, "benefit_share": 0.147575639318137, "SSI": 0.44870095876986898, "quintile": 4.0, "green_area_sum": 268833.12542103539, "blue_area_sum": 268833.12542103539, "census_area_m2": 268687.35251979437, "green_ratio": 1.001, "blue_ratio": 1.001 }, "geometry": { "type": "Polygon", "coordinates": [ [ [ 2709.51899985577711, 338663.277237285859883 ], [ 2741.788999854133635, 338609.871037165634334 ], [ 2709.589099797586641, 338590.527237168513238 ], [ 2696.859099775711911, 338583.12103717122227 ], [ 2663.958999718763607, 338563.996037172153592 ], [ 2629.898899717647055, 338617.246037293225527 ], [ 2621.258999716767448, 338629.933537323027849 ], [ 2571.411099714108786, 338706.589737495407462 ], [ 2576.833999724582554, 338710.121037495322526 ], [ 2584.016099737388231, 338714.808537496253848 ], [ 2590.708999738561033, 338705.121037470176816 ], [ 2624.048999797536908, 338726.933537473902106 ], [ 2617.677899797097325, 338736.621037496253848 ], [ 2623.559999807325767, 338740.371037497185171 ], [ 2647.958999851226508, 338756.058537497185171 ], [ 2653.046099860915092, 338759.33973749447614 ], [ 2701.148899856703338, 338677.996037315577269 ], [ 2709.51899985577711, 338663.277237285859883 ] ] ] } },
{ "type": "Feature", "properties": { "ZBEZ": "0501", "university_share": 1.13031235185171, "avg_income": 0.145262702751592, "unemprate": 0.61019862625017296, "benefit_share": 0.70015011345469902, "SSI": 0.714286305802184, "quintile": 4.0, "green_area_sum": 529945.37166874297, "blue_area_sum": 529953.34104479628, "census_area_m2": 529659.00563129631, "green_ratio": 1.001, "blue_ratio": 1.001 }, "geometry": { "type": "Polygon", "coordinates": [ [ [ 2106.238999086181593, 338659.336037889122963 ], [ 2079.474358983637558, 338699.095472217013594 ], [ 2080.200099085991951, 338699.685137977823615 ], [ 2111.950199094050276, 338659.997537884861231 ], [ 2107.82670021691365, 338657.729616623546463 ], [ 2106.238999086181593, 338659.336037889122963 ] ] ] } },
{ "type": "Feature", "properties": { "ZBEZ": "0502", "university_share": -0.17993532652206901, "avg_income": -0.9671781026538, "unemprate": -0.97754707850800504, "benefit_share": -0.90321497860604605, "SSI": -0.77227458193694998, "quintile": 2.0, "green_area_sum": 671018.54122511134, "blue_area_sum": 671018.54122511193, "census_area_m2": 670653.54709259304, "green_ratio": 1.001, "blue_ratio": 1.001 }, "geometry": { "type": "Polygon", "coordinates": [ [ [ 1410.552297691785498, 338021.751437574625015 ], [ 1410.425497701494578, 338033.283837592229247 ], [ 1408.271097700436712, 338034.93123759701848 ], [ 1408.017697731984754, 338075.104437662288547 ], [ 1402.061397724904737, 338075.611337669193745 ], [ 1402.94849774656177, 338101.464137709699571 ], [ 1438.052497792212307, 338103.111537677235901 ], [ 1431.462597733443545, 338040.127137583680451 ], [ 1427.407197712002016, 338019.723737552762032 ], [ 1410.552297691785498, 338021.751437574625015 ] ] ] } },
{ "type": "Feature", "properties": { "ZBEZ": "0503", "university_share": 0.32630881456708999, "avg_income": -0.78464698039984004, "unemprate": -0.33785500044737599, "benefit_share": -0.308263329246031, "SSI": -0.28908019115533301, "quintile": 3.0, "green_area_sum": 520968.92494462105, "blue_area_sum": 520968.92494462093, "census_area_m2": 520686.22818793677, "green_ratio": 1.001, "blue_ratio": 1.001 }, "geometry": { "type": "MultiPolygon", "coordinates": [ [ [ [ 1568.461398290004354, 338518.514238209463656 ], [ 1562.748898283962717, 338520.146338214166462 ], [ 1559.756698282375964, 338521.778438222594559 ], [ 1555.40429827887624, 338525.31473823171109 ], [ 1545.339398284021854, 338547.620738280005753 ], [ 1545.067398285784066, 338550.068938281387091 ], [ 1545.339398288023858, 338552.517138284631073 ], [ 1552.411998299295647, 338555.509438283741474 ], [ 1604.456998388752481, 338585.055738277733326 ], [ 1614.977498393181804, 338572.646938249468803 ], [ 1568.461398290004354, 338518.514238209463656 ] ] ], [ [ [ 1604.640598388197759, 338585.159938277676702 ], [ 1604.456998388752481, 338585.055738277733326 ], [ 1604.368598388990449, 338585.159938278608024 ], [ 1604.640598388197759, 338585.159938277676702 ] ] ] ] } },
{ "type": "Feature", "properties": { "ZBEZ": "0504", "university_share": 0.94426765869881302, "avg_income": -0.43900560074202799, "unemprate": 0.32264463042453401, "benefit_share": 0.26802526760805701, "SSI": 0.29618316665213501, "quintile": 4.0, "green_area_sum": 289708.76518113085, "blue_area_sum": 289715.23731729935, "census_area_m2": 289551.93157010613, "green_ratio": 1.001, "blue_ratio": 1.001 }, "geometry": { "type": "Polygon", "coordinates": [ [ [ 1178.828997966152883, 338732.79603894520551 ], [ 1130.068997886449552, 338711.426038958132267 ], [ 1128.396795145662736, 338710.657614373252727 ], [ 1102.308997892821253, 338762.933539067395031 ], [ 1147.288997983280296, 338803.90223908610642 ], [ 1182.607313076114679, 338734.404714987438638 ], [ 1178.828997966152883, 338732.79603894520551 ] ] ] } },
{ "type": "Feature", "properties": { "ZBEZ": "0601", "university_share": 1.3747087771592501, "avg_income": 0.52077118085512297, "unemprate": 0.36659425976352, "benefit_share": 1.02310265734967, "SSI": 0.95829945204228795, "quintile": 5.0, "green_area_sum": 473167.07490615209, "blue_area_sum": 473480.73185027367, "census_area_m2": 472912.84106443712, "green_ratio": 1.001, "blue_ratio": 1.001 }, "geometry": { "type": "Polygon", "coordinates": [ [ [ 1711.706799462879871, 339758.221140041016042 ], [ 1710.687699461000648, 339757.745940041728318 ], [ 1710.423999460422465, 339757.841840044595301 ], [ 1709.812699460313297, 339758.213640043511987 ], [ 1709.289299459869881, 339758.553540041670203 ], [ 1709.0575994597516, 339758.737440045922995 ], [ 1708.626199459846703, 339759.193040046840906 ], [ 1707.891299459214451, 339760.456040050834417 ], [ 1708.655099461607051, 339762.417840053327382 ], [ 1709.566799463812686, 339764.375640054233372 ], [ 1709.159899466105117, 339766.813340057618916 ], [ 1727.084199494400991, 339774.076840052381158 ], [ 1728.290599495017204, 339772.741740050725639 ], [ 1712.486199463138291, 339758.584540043026209 ], [ 1711.706799462879871, 339758.221140041016042 ] ] ] } },
{ "type": "Feature", "properties": { "ZBEZ": "0602", "university_share": 0.92623274884460205, "avg_income": -0.35091089746089998, "unemprate": -0.20184438392535201, "benefit_share": 0.43909731311612099, "SSI": 0.25672817651004898, "quintile": 4.0, "green_area_sum": 421755.80134282575, "blue_area_sum": 422682.28122061846, "census_area_m2": 421527.7854511016, "green_ratio": 1.001, "blue_ratio": 1.003 }, "geometry": { "type": "Polygon", "coordinates": [ [ [ 472.456297268548212, 338983.186740055680275 ], [ 461.872897288999354, 339025.5201401328668 ], [ 494.945897281518, 338963.34294000454247 ], [ 543.893897314216133, 338927.624139898456633 ], [ 561.091897335186673, 338926.301239877007902 ], [ 512.143897259066307, 338907.780339895747602 ], [ 500.237597241892729, 338906.457439906895161 ], [ 472.456297268548212, 338983.186740055680275 ] ] ] } },
{ "type": "Feature", "properties": { "ZBEZ": "0603", "university_share": 1.2723469973908199, "avg_income": 0.068861514344838601, "unemprate": 0.57297087077636899, "benefit_share": 0.70360911975950902, "SSI": 0.73232116917870604, "quintile": 4.0, "green_area_sum": 560161.87280656386, "blue_area_sum": 560161.87280656374, "census_area_m2": 559859.82276286441, "green_ratio": 1.001, "blue_ratio": 1.001 }, "geometry": { "type": "MultiPolygon", "coordinates": [ [ [ [ 465.528997579410202, 339383.536040701903403 ], [ 466.258997580691926, 339383.296040701679885 ], [ 466.267577393675879, 339383.319351574522443 ], [ 467.188997580945227, 339382.976040701381862 ], [ 457.308997548615707, 339357.836040670983493 ], [ 437.658997481290271, 339304.236040603369474 ], [ 436.414686169752201, 339301.409737526613753 ], [ 465.528997579410202, 339383.536040701903403 ] ] ], [ [ [ 399.868997364551035, 339218.456040503457189 ], [ 420.088997432459337, 339272.056040572933853 ], [ 419.428997431705227, 339272.296040571294725 ], [ 419.878997433259826, 339273.406040573492646 ], [ 420.198997433861393, 339273.286040572449565 ], [ 433.599075768345472, 339295.014418070262764 ], [ 399.88899736422087, 339218.446040504612029 ], [ 399.865816699811035, 339218.452345518453512 ], [ 399.868997364551035, 339218.456040503457189 ] ] ] ] } },
{ "type": "Feature", "properties": { "ZBEZ": "0701", "university_share": 1.7360158220991, "avg_income": 0.398208742268642, "unemprate": 0.64552285493157502, "benefit_share": 0.96253659301417704, "SSI": 1.0870156295490601, "quintile": 5.0, "green_area_sum": 289037.27272771881, "blue_area_sum": 289037.27272771852, "census_area_m2": 288882.67855750443, "green_ratio": 1.001, "blue_ratio": 1.001 }, "geometry": { "type": "Polygon", "coordinates": [ [ [ 1425.656999628773747, 340421.982141385786235 ], [ 1426.503699631059362, 340423.887141393497586 ], [ 1446.29459965541264, 340422.193841368891299 ], [ 1448.940399657634543, 340421.029641365632415 ], [ 1451.692099659721862, 340419.230441360734403 ], [ 1453.17379965983946, 340416.584641352295876 ], [ 1454.86709965978298, 340414.044641348533332 ], [ 1456.560399657166045, 340407.694641336798668 ], [ 1426.609499614536389, 340402.826241359114647 ], [ 1425.656999628773747, 340421.982141385786235 ] ] ] } },
{ "type": "Feature", "properties": { "ZBEZ": "0702", "university_share": 2.1333934504140402, "avg_income": 0.98354359366581201, "unemprate": 1.09604081231696, "benefit_share": 1.2726066666807101, "SSI": 1.5912638048618299, "quintile": 5.0, "green_area_sum": 290600.1528820747, "blue_area_sum": 290600.15288207488, "census_area_m2": 290444.36528677592, "green_ratio": 1.001, "blue_ratio": 1.001 }, "geometry": { "type": "Polygon", "coordinates": [ [ [ 1918.729000499025915, 340727.996041379868984 ], [ 1922.119000503092593, 340726.652241373434663 ], [ 2033.17900054367442, 340601.308541061356664 ], [ 2039.169000545601648, 340594.371041043661535 ], [ 2150.299000586730472, 340468.37104073073715 ], [ 2133.029000547994201, 340448.746040717698634 ], [ 2122.599100523074412, 340433.714740703813732 ], [ 2116.599100515652026, 340433.839740709401667 ], [ 2110.569100502884339, 340427.214740705676377 ], [ 2046.069100492049529, 340515.996040911413729 ], [ 2014.939100495441153, 340568.308541026897728 ], [ 2012.30900049358911, 340572.433541035279632 ], [ 2006.049000492893128, 340580.214741056784987 ], [ 1968.14900047773699, 340623.214741161093116 ], [ 1900.847442521467201, 340712.919043686182704 ], [ 1918.729000499025915, 340727.996041379868984 ] ] ] } },
{ "type": "Feature", "properties": { "ZBEZ": "0703", "university_share": 1.60757760305469, "avg_income": 0.722088090581542, "unemprate": 0.738563875707132, "benefit_share": 1.06567942399419, "SSI": 1.1956090280167899, "quintile": 5.0, "green_area_sum": 290973.13673341618, "blue_area_sum": 290973.13673341624, "census_area_m2": 290816.81302804878, "green_ratio": 1.001, "blue_ratio": 1.001 }, "geometry": { "type": "Polygon", "coordinates": [ [ [ 515.799120868529485, 339770.765557848382741 ], [ 521.088997963924044, 339775.896041275002062 ], [ 529.258997977050967, 339779.17604127060622 ], [ 540.498997990582325, 339777.946041256189346 ], [ 548.288997995606678, 339772.076041241176426 ], [ 553.418997983752092, 339749.376041200011969 ], [ 526.99069793548199, 339731.104241196997464 ], [ 516.027358150097825, 339769.867900998913683 ], [ 515.799120868529485, 339770.765557848382741 ] ] ] } },
{ "type": "Feature", "properties": { "ZBEZ": "0704", "university_share": 1.51459324745155, "avg_income": 0.34172532666511402, "unemprate": 0.77723121057621203, "benefit_share": 1.0037885143010099, "SSI": 1.0161970848042801, "quintile": 5.0, "green_area_sum": 424711.28191687027, "blue_area_sum": 424711.28191687021, "census_area_m2": 424483.69910121826, "green_ratio": 1.001, "blue_ratio": 1.001 }, "geometry": { "type": "Polygon", "coordinates": [ [ [ 472.447026287118661, 339995.412785478576552 ], [ 470.161998078413319, 339999.996041681617498 ], [ 468.168998078886375, 340003.996041689068079 ], [ 450.488998116116932, 340078.18354182690382 ], [ 453.698998120155636, 340078.683541825972497 ], [ 448.786998130424365, 340099.527241861447692 ], [ 463.766998152190467, 340102.589741850271821 ], [ 471.42399816326224, 340104.152241844683886 ], [ 497.338998114220658, 340001.871041658334434 ], [ 495.046827040466951, 340001.262716004217509 ], [ 472.447026287118661, 339995.412785478576552 ] ] ] } },
{ "type": "Feature", "properties": { "ZBEZ": "0705", "university_share": 1.35572813171837, "avg_income": -0.035827065497843702, "unemprate": 0.64058534935621902, "benefit_share": 0.41963013057203002, "SSI": 0.68441608172103696, "quintile": 4.0, "green_area_sum": 312926.81279639667, "blue_area_sum": 312926.81279639667, "census_area_m2": 312759.66403206269, "green_ratio": 1.001, "blue_ratio": 1.001 }, "geometry": { "type": "Polygon", "coordinates": [ [ [ 1042.278999379638663, 340720.683542250655591 ], [ 1073.088999420377377, 340721.058542222715914 ], [ 1073.748999380462692, 340670.402242140844464 ], [ 1043.93909934236126, 340670.339742170646787 ], [ 1042.278999379638663, 340720.683542250655591 ] ] ] } },
{ "type": "Feature", "properties": { "ZBEZ": "0801", "university_share": 1.43762761932886, "avg_income": 0.50887342064804597, "unemprate": 0.99683525359521896, "benefit_share": 1.0632419821916901, "SSI": 1.10117941218252, "quintile": 5.0, "green_area_sum": 267740.40096662095, "blue_area_sum": 267740.40096662164, "census_area_m2": 267598.24690239911, "green_ratio": 1.001, "blue_ratio": 1.001 }, "geometry": { "type": "Polygon", "coordinates": [ [ [ 1061.049000067205952, 341550.92604355700314 ], [ 1067.799000095533074, 341575.826043590903282 ], [ 1100.499000130710101, 341567.516043541952968 ], [ 1093.759000102232903, 341542.348043511621654 ], [ 1061.049000067205952, 341550.92604355700314 ] ] ] } },
{ "type": "Feature", "properties": { "ZBEZ": "0802", "university_share": 1.86510440179277, "avg_income": 1.0585897683882199, "unemprate": 1.0351266699208399, "benefit_share": 1.1806105598585599, "SSI": 1.4914882541889001, "quintile": 5.0, "green_area_sum": 521907.76389379933, "blue_area_sum": 521907.76389379799, "census_area_m2": 521629.73790660989, "green_ratio": 1.001, "blue_ratio": 1.001 }, "geometry": { "type": "Polygon", "coordinates": [ [ [ 958.407099609067927, 341141.101543007418513 ], [ 953.484699621269556, 341163.252043048851192 ], [ 1002.708099674516006, 341152.176842979155481 ], [ 1002.708099663457347, 341138.640342961996794 ], [ 958.407099609067927, 341141.101543007418513 ] ] ] } },
{ "type": "Feature", "properties": { "ZBEZ": "0803", "university_share": 1.3832493441698299, "avg_income": 0.53035583861713198, "unemprate": 0.27175421178700798, "benefit_share": 0.89938027159284595, "SSI": 0.92457603044242498, "quintile": 4.0, "green_area_sum": 300293.32225910726, "blue_area_sum": 300293.32225910679, "census_area_m2": 300133.66219007148, "green_ratio": 1.001, "blue_ratio": 1.001 }, "geometry": { "type": "Polygon", "coordinates": [ [ [ 692.817899324397899, 341206.899243382737041 ], [ 696.522099339842953, 341219.863943398930132 ], [ 723.377399369530849, 341214.439943361096084 ], [ 722.054499356870224, 341201.078443340957165 ], [ 692.817899324397899, 341206.899243382737041 ] ] ] } },
{ "type": "Feature", "properties": { "ZBEZ": "0901", "university_share": 1.2200660615787999, "avg_income": -0.23496366080696299, "unemprate": 0.44867788835104599, "benefit_share": 0.35777782083344301, "SSI": 0.51361677324697597, "quintile": 4.0, "green_area_sum": 681074.04624670278, "blue_area_sum": 681074.0462467015, "census_area_m2": 680717.13551022613, "green_ratio": 1.001, "blue_ratio": 1.001 }, "geometry": { "type": "Polygon", "coordinates": [ [ [ 1593.819001589574782, 342612.056044707074761 ], [ 1579.259001576273931, 342618.306044730357826 ], [ 1579.256924396814611, 342618.306836789823137 ], [ 1579.259001576254377, 342618.308544730767608 ], [ 1593.819101589797128, 342612.058544706553221 ], [ 1607.224487760271359, 342599.240503790206276 ], [ 1593.819001589574782, 342612.056044707074761 ] ] ] } },
{ "type": "Feature", "properties": { "ZBEZ": "0902", "university_share": 1.5347557979451401, "avg_income": 0.38921141027595202, "unemprate": 0.87300181836607704, "benefit_share": 0.97029339792408498, "SSI": 1.0527433902983701, "quintile": 5.0, "green_area_sum": 471286.95874749374, "blue_area_sum": 471286.95874749398, "census_area_m2": 471038.733452758, "green_ratio": 1.001, "blue_ratio": 1.001 }, "geometry": { "type": "Polygon", "coordinates": [ [ [ 2113.14900226618829, 342634.446044215001166 ], [ 2130.968167131578411, 342636.379525996453594 ], [ 2113.149104460511808, 342634.433766295900568 ], [ 2113.14900226618829, 342634.446044215001166 ] ] ] } },
{ "type": "Feature", "properties": { "ZBEZ": "0903", "university_share": 1.4684385482314899, "avg_income": 0.59712576842492104, "unemprate": 0.86668712682406401, "benefit_share": 0.67782667101020999, "SSI": 1.0498601252570601, "quintile": 5.0, "green_area_sum": 515331.18542403268, "blue_area_sum": 515331.18542403227, "census_area_m2": 515058.70271563018, "green_ratio": 1.001, "blue_ratio": 1.001 }, "geometry": { "type": "Polygon", "coordinates": [ [ [ 1251.641700719470464, 342064.819344184361398 ], [ 1268.363400737903248, 342062.59684416372329 ], [ 1258.309300662656142, 341983.539144047535956 ], [ 1252.488400655477335, 341984.70334405452013 ], [ 1253.017600663344638, 341992.958344066515565 ], [ 1221.161700627213804, 341996.980044105090201 ], [ 1206.450800612280318, 342002.271744129247963 ], [ 1213.330000658145536, 342049.050144196487963 ], [ 1223.807500672274955, 342051.272644187323749 ], [ 1219.362500688155478, 342077.307744234800339 ], [ 1222.114200692916256, 342078.471844233572483 ], [ 1220.315000695356275, 342085.245244246907532 ], [ 1256.510100749405183, 342095.934444226324558 ], [ 1251.641700719470464, 342064.819344184361398 ] ] ] } },
{ "type": "Feature", "properties": { "ZBEZ": "0904", "university_share": 1.4546795375060699, "avg_income": -0.0808989989621203, "unemprate": 0.62241058994098897, "benefit_share": 0.80834872919668899, "SSI": 0.77289082738408699, "quintile": 4.0, "green_area_sum": 399841.56314280466, "blue_area_sum": 399841.56314280449, "census_area_m2": 399631.4440559544, "green_ratio": 1.001, "blue_ratio": 1.001 }, "geometry": { "type": "Polygon", "coordinates": [ [ [ 1579.259001576273931, 342618.306044730357826 ], [ 1567.439001553166463, 342608.576044726185501 ], [ 1563.616881166481335, 342595.338079151406419 ], [ 1567.439101553866749, 342608.589744727127254 ], [ 1579.256924396814611, 342618.306836789823137 ], [ 1579.259001576273931, 342618.306044730357826 ] ] ] } },
{ "type": "Feature", "properties": { "ZBEZ": "0905", "university_share": 2.0467105272054198, "avg_income": 1.7275229376549599, "unemprate": 1.1259383201500399, "benefit_share": 1.2839794527487001, "SSI": 1.84206653926524, "quintile": 5.0, "green_area_sum": 502251.66408565443, "blue_area_sum": 502251.66408565547, "census_area_m2": 501986.28227397572, "green_ratio": 1.001, "blue_ratio": 1.001 }, "geometry": { "type": "Polygon", "coordinates": [ [ [ 2118.959001688919216, 341899.98604304343462 ], [ 2118.954270550811543, 341899.99394362361636 ], [ 2118.959001688909211, 341899.996043043211102 ], [ 2160.113285431772965, 341838.460331570124254 ], [ 2118.959001688919216, 341899.98604304343462 ] ] ] } },
{ "type": "Feature", "properties": { "ZBEZ": "0906", "university_share": 2.3038016770069301, "avg_income": 1.73019229235686, "unemprate": 1.50814551385408, "benefit_share": 1.23856297188086, "SSI": 2.0004640321410401, "quintile": 5.0, "green_area_sum": 397600.52068727999, "blue_area_sum": 397600.52068728063, "census_area_m2": 397390.06599094265, "green_ratio": 1.001, "blue_ratio": 1.001 }, "geometry": { "type": "Polygon", "coordinates": [ [ [ 2118.959001688919216, 341899.98604304343462 ], [ 2160.113285431772965, 341838.460331570124254 ], [ 2190.979001693312512, 341792.308542800135911 ], [ 2133.408901589573361, 341753.402242791838944 ], [ 2118.119101568892802, 341750.277242805808783 ], [ 2029.049001468575398, 341767.308542922139168 ], [ 2032.259001481877476, 341778.371042937971652 ], [ 2034.120001487762693, 341783.183542941696942 ], [ 2102.339101661658333, 341892.62104304600507 ], [ 2118.954270550811543, 341899.99394362361636 ], [ 2118.959001688919216, 341899.98604304343462 ] ] ] } },
{ "type": "Feature", "properties": { "ZBEZ": "1001", "university_share": 0.62940445332787298, "avg_income": -0.33295984544741802, "unemprate": 0.60928793228439904, "benefit_share": 0.64561615630394698, "SSI": 0.34179822522067999, "quintile": 4.0, "green_area_sum": 1051400.263015657, "blue_area_sum": 1051400.2630156558, "census_area_m2": 1050827.5898060321, "green_ratio": 1.001, "blue_ratio": 1.001 }, "geometry": { "type": "Polygon", "coordinates": [ [ [ 3556.489000178220977, 337720.066034921444952 ], [ 3550.265900190280718, 337744.919634966179729 ], [ 3549.162100199306224, 337758.423034990206361 ], [ 3549.107000212272396, 337775.265035016462207 ], [ 3580.8490002104827, 337722.196034900844097 ], [ 3580.009000206484416, 337719.166034896858037 ], [ 3563.970200186585316, 337719.058634912595153 ], [ 3556.489000178220977, 337720.066034921444952 ] ] ] } },
{ "type": "Feature", "properties": { "ZBEZ": "1002", "university_share": -1.2743651689206801, "avg_income": -1.41576403608296, "unemprate": -1.9328827699255999, "benefit_share": -2.3325399173427801, "SSI": -1.7842237399245, "quintile": 1.0, "green_area_sum": 767679.05680329469, "blue_area_sum": 767679.05680329329, "census_area_m2": 767258.2967813405, "green_ratio": 1.001, "blue_ratio": 1.001 }, "geometry": { "type": "Polygon", "coordinates": [ [ [ 4814.799001276775016, 337094.726032650098205 ], [ 4709.269001107502845, 337051.016032684594393 ], [ 4665.286751486680259, 337030.314556934172288 ], [ 4654.719001020510404, 337028.856032704003155 ], [ 4599.159000927783381, 336999.996032716706395 ], [ 4561.159000851753262, 336965.686032701283693 ], [ 4554.36900085065281, 336975.296032723970711 ], [ 4578.284100895005395, 336993.190832725726068 ], [ 4582.468100932323068, 337033.437632787041366 ], [ 4688.079001114489984, 337092.776032775640488 ], [ 4699.129001170407719, 337146.256032847799361 ], [ 4712.669001185192428, 337142.78603282943368 ], [ 4707.03210115019192, 337107.944632777012885 ], [ 4705.262201126962282, 337081.0840327385813 ], [ 4710.429001120379326, 337065.146032708697021 ], [ 4788.169001244138599, 337096.206032680347562 ], [ 4791.109001251292284, 337101.018032684922218 ], [ 4819.839001294185437, 337108.84603266697377 ], [ 4847.281699054998171, 337101.833672391541768 ], [ 4846.905242558882492, 337101.667087112902664 ], [ 4836.050000331099909, 337098.994607097411063 ], [ 4814.799001276775016, 337094.726032650098205 ] ] ] } },
{ "type": "Feature", "properties": { "ZBEZ": "1003", "university_share": -1.09541547994717, "avg_income": -1.06791313243084, "unemprate": -1.24035986561353, "benefit_share": -1.16556203483165, "SSI": -1.24536851104241, "quintile": 1.0, "green_area_sum": 658956.59989332361, "blue_area_sum": 658956.59989332326, "census_area_m2": 658593.52253144165, "green_ratio": 1.001, "blue_ratio": 1.001 }, "geometry": { "type": "MultiPolygon", "coordinates": [ [ [ [ 3716.833735468585928, 335744.282216909574345 ], [ 3718.446098804276971, 335744.461331594735384 ], [ 3719.518469207424459, 335744.357560229487717 ], [ 3716.833735468585928, 335744.282216909574345 ] ] ], [ [ [ 3736.961872246205985, 335741.095277926593553 ], [ 3737.678498826588111, 335741.053131569176912 ], [ 3742.060598831345033, 335739.592431562952697 ], [ 3743.957295704437001, 335738.133410915790591 ], [ 3736.961872246205985, 335741.095277926593553 ] ] ], [ [ [ 3769.068998853434096, 335725.106031510978937 ], [ 3747.107834163239204, 335736.530453112209216 ], [ 3755.450298843350083, 335733.749631541781127 ], [ 3770.073486635342761, 335724.59527501068078 ], [ 3769.068998853434096, 335725.106031510978937 ] ] ], [ [ [ 3789.34899886786252, 335711.166031467728317 ], [ 3785.647383633830032, 335714.887371126795188 ], [ 3788.559298870010025, 335713.54343147482723 ], [ 3789.772247424418765, 335711.007241602463182 ], [ 3789.34899886786252, 335711.166031467728317 ] ] ] ] } },
{ "type": "Feature", "properties": { "ZBEZ": "1004", "university_share": -1.0201259013356301, "avg_income": -1.3934074311895199, "unemprate": -1.8336664392503601, "benefit_share": -2.4119820398559302, "SSI": -1.67823853831834, "quintile": 1.0, "green_area_sum": 362360.88343932049, "blue_area_sum": 362360.88343931985, "census_area_m2": 362162.87397883827, "green_ratio": 1.001, "blue_ratio": 1.001 }, "geometry": { "type": "Polygon", "coordinates": [ [ [ 3108.437499954927716, 338152.464436067268252 ], [ 3108.909899973983102, 338176.793036103248596 ], [ 3140.088300015591358, 338179.391236076131463 ], [ 3139.143500023937577, 338191.083136095665395 ], [ 3108.673699983140068, 338188.957336125895381 ], [ 3109.146099996356043, 338204.192336148582399 ], [ 3164.653200065967212, 338203.247436092235148 ], [ 3175.164100039972254, 338153.645435999147594 ], [ 3108.437499954927716, 338152.464436067268252 ] ] ] } },
{ "type": "Feature", "properties": { "ZBEZ": "1005", "university_share": -1.0442281619586999, "avg_income": -1.0355347465132401, "unemprate": -0.81139628181076495, "benefit_share": -1.0965500308110001, "SSI": -1.12233938751706, "quintile": 1.0, "green_area_sum": 567730.00967951049, "blue_area_sum": 567730.00967951131, "census_area_m2": 567418.25879460981, "green_ratio": 1.001, "blue_ratio": 1.001 }, "geometry": { "type": "Polygon", "coordinates": [ [ [ 3046.599098813088403, 336822.464734001085162 ], [ 3066.27899888283946, 336879.464734071865678 ], [ 3103.658898920740285, 336867.371034016832709 ], [ 3084.45899885219751, 336811.121033946052194 ], [ 3046.599098813088403, 336822.464734001085162 ] ] ] } },
{ "type": "Feature", "properties": { "ZBEZ": "1006", "university_share": -1.08992478058378, "avg_income": -1.35615689985548, "unemprate": -1.41524590475233, "benefit_share": -1.8468199422623599, "SSI": -1.50834028066904, "quintile": 1.0, "green_area_sum": 512497.95782054437, "blue_area_sum": 512497.95782054384, "census_area_m2": 512218.32380491903, "green_ratio": 1.001, "blue_ratio": 1.001 }, "geometry": { "type": "Polygon", "coordinates": [ [ [ 2749.349699192922344, 337770.728935816325247 ], [ 2769.418999218280987, 337769.996035797521472 ], [ 2760.719899142136001, 337688.027235674671829 ], [ 2698.668899067004077, 337693.902235748246312 ], [ 2707.081799145942568, 337778.266335877589881 ], [ 2727.340999170935902, 337776.497035848908126 ], [ 2725.95899915794871, 337764.183535833843052 ], [ 2748.698899184862967, 337762.183535806834698 ], [ 2749.349699192922344, 337770.728935816325247 ] ] ] } },
{ "type": "Feature", "properties": { "ZBEZ": "1007", "university_share": -1.0386652513455801, "avg_income": -0.88696450874993404, "unemprate": -0.84509976779818596, "benefit_share": -0.902055726540821, "SSI": -1.0355748727475, "quintile": 1.0, "green_area_sum": 343157.05408419634, "blue_area_sum": 343157.05408419663, "census_area_m2": 342969.12513872428, "green_ratio": 1.001, "blue_ratio": 1.001 }, "geometry": { "type": "Polygon", "coordinates": [ [ [ 2033.927897718055419, 337062.402335410006344 ], [ 2025.027497707889552, 337064.370535421185195 ], [ 2019.199897698850009, 337062.401535423472524 ], [ 2015.997897691266189, 337058.238935420289636 ], [ 1902.967297569017546, 337084.175335576757789 ], [ 1903.919097575334945, 337091.166135585866868 ], [ 1907.799297588858053, 337101.495735597796738 ], [ 1907.8030975879783, 337101.494335599243641 ], [ 1931.887097671142783, 337165.621135677210987 ], [ 2039.019097786575685, 337140.996135531924665 ], [ 2048.138897786151119, 337125.433735491707921 ], [ 2036.797897732754791, 337076.496135428547859 ], [ 2033.927897718055419, 337062.402335410006344 ] ] ] } },
{ "type": "Feature", "properties": { "ZBEZ": "1008", "university_share": -1.1051698804869601, "avg_income": -1.13391698319412, "unemprate": -1.1438714918681101, "benefit_share": -1.0000226967055501, "SSI": -1.2249265410964301, "quintile": 1.0, "green_area_sum": 429118.88593141123, "blue_area_sum": 429118.88593141123, "census_area_m2": 428883.88405552012, "green_ratio": 1.001, "blue_ratio": 1.001 }, "geometry": { "type": "Polygon", "coordinates": [ [ [ 1665.24649687414194, 336593.865735029801726 ], [ 1647.588996861902615, 336606.576035068370402 ], [ 1669.788996892715659, 336609.956035054288805 ], [ 1679.348996910848882, 336617.266035057604313 ], [ 1684.508996916943943, 336616.506035048514605 ], [ 1685.327996907985153, 336603.794935029000044 ], [ 1684.378996896818535, 336590.536035005934536 ], [ 1677.438996883690379, 336587.126035009510815 ], [ 1665.24649687414194, 336593.865735029801726 ] ] ] } },
{ "type": "Feature", "properties": { "ZBEZ": "1009", "university_share": -1.0471973944295501, "avg_income": -0.97634621068535499, "unemprate": -1.0130606926080701, "benefit_share": -0.67002693614551501, "SSI": -1.0599473358620499, "quintile": 1.0, "green_area_sum": 734298.95615848876, "blue_area_sum": 734298.95615848911, "census_area_m2": 733897.34357525734, "green_ratio": 1.001, "blue_ratio": 1.001 }, "geometry": { "type": "MultiPolygon", "coordinates": [ [ [ [ 1306.608996576671416, 336793.24603571370244 ], [ 1306.389822749049472, 336792.786434838839341 ], [ 1269.27269654103111, 336806.283535773865879 ], [ 1291.723396616228001, 336864.85043584369123 ], [ 1307.585296646001325, 336877.295935845933855 ], [ 1335.404496669702212, 336863.63023579493165 ], [ 1316.166260595817221, 336815.781227562343702 ], [ 1306.608996576671416, 336793.24603571370244 ] ] ], [ [ [ 1158.239696365212694, 336763.578535816632211 ], [ 1202.164796428037334, 336772.363535788841546 ], [ 1195.576096399699281, 336747.960635755211115 ], [ 1158.239696365212694, 336763.578535816632211 ] ] ] ] } },
{ "type": "Feature", "properties": { "ZBEZ": "1010", "university_share": -1.3763997374961601, "avg_income": -1.1987741386956901, "unemprate": -1.88955013712596, "benefit_share": -1.7576754507805401, "SSI": -1.6273437872527301, "quintile": 1.0, "green_area_sum": 646412.11055843253, "blue_area_sum": 646412.11055843218, "census_area_m2": 646056.73496451054, "green_ratio": 1.001, "blue_ratio": 1.001 }, "geometry": { "type": "Polygon", "coordinates": [ [ [ 2458.558997687528972, 336350.183533838018775 ], [ 2479.748997795490595, 336450.683533975854516 ], [ 2500.008997817155887, 336446.214733950793743 ], [ 2518.339097837523241, 336442.152233924716711 ], [ 2500.008997751775951, 336364.308533821254969 ], [ 2494.938897728318807, 336342.777233791537583 ], [ 2458.558997687528972, 336350.183533838018775 ] ] ] } },
{ "type": "Feature", "properties": { "ZBEZ": "1011", "university_share": -1.34300932813911, "avg_income": -0.958043901145882, "unemprate": -1.7375197635756301, "benefit_share": -1.47217359727905, "SSI": -1.44499891182304, "quintile": 1.0, "green_area_sum": 1241024.0472660835, "blue_area_sum": 1241024.0472660805, "census_area_m2": 1240338.4851694354, "green_ratio": 1.001, "blue_ratio": 1.001 }, "geometry": { "type": "MultiPolygon", "coordinates": [ [ [ [ 1518.318996426449303, 336268.886034660041332 ], [ 1513.948996424396455, 336271.136034670285881 ], [ 1505.398996416342698, 336276.386034685187042 ], [ 1483.108996394479391, 336284.816034721210599 ], [ 1443.478996353006096, 336295.676034776493907 ], [ 1427.688996334247349, 336297.616034798324108 ], [ 1413.606125364348827, 336299.882357689144555 ], [ 1415.772996326347084, 336304.361034820787609 ], [ 1416.965296325743338, 336303.959334820508957 ], [ 1480.91769652393873, 336449.399334988556802 ], [ 1578.81369660961218, 336400.451334811747074 ], [ 1520.434096430643194, 336269.097134659066796 ], [ 1520.478996430088728, 336269.082034657709301 ], [ 1520.385996431436979, 336268.989034657366574 ], [ 1520.155996429709376, 336268.759034657850862 ], [ 1520.26379643019277, 336268.714134655892849 ], [ 1524.030996433181372, 336267.144034650176764 ], [ 1554.222996462080573, 336254.712034600786865 ], [ 1560.681996468987791, 336252.452034590765834 ], [ 1589.097996494261452, 336240.504034540615976 ], [ 1628.493996532925166, 336224.035034476779401 ], [ 1657.879996559804113, 336211.764034426771104 ], [ 1688.556996588561788, 336198.847034376114607 ], [ 1700.973738473370076, 336193.609003016725183 ], [ 1518.318996426449303, 336268.886034660041332 ] ] ], [ [ [ 1732.378996629089443, 336180.666034301742911 ], [ 1717.819786001866532, 336186.666284537815955 ], [ 1732.42792699774418, 336180.782188155339099 ], [ 1732.378996629089443, 336180.666034301742911 ] ] ], [ [ [ 1736.11973953675556, 336188.294908215699252 ], [ 1747.327996672884865, 336211.44103433471173 ], [ 1757.337996702628971, 336232.754034358076751 ], [ 1768.962996737289814, 336257.941034389659762 ], [ 1780.264996748309841, 336253.420034372247756 ], [ 1772.191996724851833, 336236.629034350626171 ], [ 1760.243996688684092, 336210.47203432302922 ], [ 1747.972996652050142, 336184.639034292660654 ], [ 1782.524996684035841, 336170.108034234493971 ], [ 1814.493996714998275, 336156.868034178391099 ], [ 1829.02499672818567, 336151.056034157052636 ], [ 1842.764224247977609, 336145.440990620933007 ], [ 1736.11973953675556, 336188.294908215699252 ] ] ], [ [ [ 1977.688996868698496, 336091.046033909544349 ], [ 1968.398996860076977, 336094.956033924594522 ], [ 1967.311348776258455, 336095.393093388876878 ], [ 1983.056996913146804, 336136.524033978581429 ], [ 1998.233996960816739, 336172.691034021787345 ], [ 2009.21299697229415, 336170.108034007251263 ], [ 2002.75499695024746, 336152.024033986032009 ], [ 1984.993996892315636, 336107.139033926650882 ], [ 1978.858189144676771, 336090.57102289586328 ], [ 1977.688996868698496, 336091.046033909544349 ] ] ], [ [ [ 2073.330367862210551, 336051.170279292331543 ], [ 2116.259997000072872, 336033.998033678159118 ], [ 2149.519997031016828, 336020.436033624224365 ], [ 2174.061997055118809, 336010.425033583305776 ], [ 2194.728997072825678, 336001.384033548645675 ], [ 2225.082997101335422, 335988.467033497989178 ], [ 2213.780997065654446, 335961.34203346632421 ], [ 2183.103997035511384, 335972.321033511310816 ], [ 2189.56199705817653, 335990.082033534534276 ], [ 2152.103997022265048, 336005.259033598005772 ], [ 2104.634996978322761, 336025.27903367485851 ], [ 2069.759996945098919, 336039.48803373426199 ], [ 2063.623996925252413, 336024.3110337164253 ], [ 2063.62399692595227, 336024.634033717215061 ], [ 2055.844192722032403, 336004.039767473586835 ], [ 2073.330367862210551, 336051.170279292331543 ] ] ], [ [ [ 2010.448996744263241, 335881.686033544130623 ], [ 2013.242546587359811, 335889.215492264542263 ], [ 2069.759996808404139, 335868.342033461667597 ], [ 2130.265996868537968, 335847.231033366173506 ], [ 2147.945996885621753, 335841.176033337600529 ], [ 2157.592996895019951, 335837.66503332182765 ], [ 2155.689937964030833, 335832.068817115330603 ], [ 2010.448996744263241, 335881.686033544130623 ] ] ] ] } },
{ "type": "Feature", "properties": { "ZBEZ": "1012", "university_share": 0.26341504361277202, "avg_income": 0.75233954887506804, "unemprate": 1.16883410947844, "benefit_share": 0.75798036270791203, "SSI": 0.732196614027393, "quintile": 4.0, "green_area_sum": 1314483.8294286712, "blue_area_sum": 1316398.2989415489, "census_area_m2": 1313758.8238505707, "green_ratio": 1.001, "blue_ratio": 1.002 }, "geometry": { "type": "MultiPolygon", "coordinates": [ [ [ [ 864.918995138702712, 335696.906034405343235 ], [ 862.518995131909378, 335693.27603439707309 ], [ 851.858995099061644, 335667.876034370623529 ], [ 756.868994826140352, 335477.996034160256386 ], [ 754.954046497828926, 335472.911817257583607 ], [ 754.558994819049531, 335473.126034155488014 ], [ 794.598994938261058, 335558.426034252159297 ], [ 849.714495093749406, 335665.008134367875755 ], [ 848.827995093396453, 335665.599034370854497 ], [ 873.04699516283506, 335714.683034422807395 ], [ 879.936590965239247, 335728.206207074224949 ], [ 864.918995138702712, 335696.906034405343235 ] ] ], [ [ [ 1128.558995949198106, 336290.876035086810589 ], [ 1112.518995899334186, 336253.856035045348108 ], [ 1103.918995876048712, 336237.93603502586484 ], [ 1095.458995849593293, 336218.956035008653998 ], [ 1059.808995735760845, 336132.666034904308617 ], [ 1020.218995609868671, 336039.036034794524312 ], [ 1010.108995578225517, 336015.766034767962992 ], [ 993.578995526885592, 335977.106034723110497 ], [ 970.438995453944131, 335923.386034657247365 ], [ 947.598995384599334, 335872.686034602113068 ], [ 927.508995323693057, 335828.806034551933408 ], [ 883.438995193038522, 335735.506034446880221 ], [ 882.038134139795261, 335732.586313250649255 ], [ 884.994995198948232, 335741.16203445289284 ], [ 888.546995210073533, 335748.912034462206066 ], [ 904.369995256271636, 335781.849034501239657 ], [ 916.640995293661945, 335807.683034528978169 ], [ 925.035995317591073, 335825.443034548312426 ], [ 943.442995373095528, 335865.162034591659904 ], [ 962.494995430487506, 335907.141034641303122 ], [ 984.775995500944191, 335958.80803470313549 ], [ 1003.504995559602889, 336002.402034753933549 ], [ 1008.348995575445883, 336014.67203476652503 ], [ 1029.337995641605858, 336063.756034824065864 ], [ 1053.879995720560373, 336123.172034895978868 ], [ 1083.588995813440079, 336192.922034978866577 ], [ 1096.020995853758905, 336222.469035008922219 ], [ 1099.572995863681854, 336229.896035020239651 ], [ 1105.707995884003594, 336245.396035037003458 ], [ 1113.134995907087387, 336261.865035057999194 ], [ 1120.239995927333439, 336277.042035075835884 ], [ 1128.634995950157645, 336291.896035089157522 ], [ 1133.155995964734075, 336303.198035102337599 ], [ 1143.637100153746587, 336327.187300568330102 ], [ 1128.558995949198106, 336290.876035086810589 ] ] ], [ [ [ 1157.328996034152624, 336350.41603515483439 ], [ 1153.888996030550743, 336351.876035161316395 ], [ 1150.375058133632365, 336343.413729149266146 ], [ 1156.308996038724217, 336358.772035170346498 ], [ 1158.892996043978428, 336361.355035168118775 ], [ 1161.152996047753959, 336362.001035170629621 ], [ 1163.454066762268894, 336362.419529448263347 ], [ 1157.328996034152624, 336350.41603515483439 ] ] ] ] } },
{ "type": "Feature", "properties": { "ZBEZ": "1013", "university_share": -1.32719788760772, "avg_income": -0.730113133504663, "unemprate": -0.45068927614431298, "benefit_share": -0.093597294314530899, "SSI": -0.86178832423110197, "quintile": 2.0, "green_area_sum": 946582.42212226777, "blue_area_sum": 947199.11234950065, "census_area_m2": 946056.60641112004, "green_ratio": 1.001, "blue_ratio": 1.001 }, "geometry": { "type": "Polygon", "coordinates": [ [ [ 2015.098995997031579, 334941.933532032184303 ], [ 2227.548996212211478, 334873.183531708084047 ], [ 2236.978996247752548, 334902.964731743559241 ], [ 2315.53899632733328, 334876.589731621555984 ], [ 2301.408896275177995, 334834.464731567539275 ], [ 2200.88889616744973, 334858.496031710878015 ], [ 2171.579096130865764, 334860.058531739749014 ], [ 2098.028996049649322, 334876.496031840331852 ], [ 2021.998995965052927, 334890.027231939136982 ], [ 1966.118995899932997, 334898.871032010763884 ], [ 1909.138995833687886, 334905.933532080613077 ], [ 1832.789995743364216, 334913.768032168969512 ], [ 1873.838995881710844, 335021.266032297164202 ], [ 1897.508995906056725, 335015.006032265722752 ], [ 1881.073895845068137, 334964.933532204478979 ], [ 2011.579995984413699, 334930.496032018214464 ], [ 2015.098995997031579, 334941.933532032184303 ] ] ] } },
{ "type": "Feature", "properties": { "ZBEZ": "1014", "university_share": -1.38748664903017, "avg_income": -0.81959754132073803, "unemprate": -0.99533209091808394, "benefit_share": -0.648220567085384, "SSI": -1.12053566545454, "quintile": 1.0, "green_area_sum": 1336240.6353913604, "blue_area_sum": 1336240.6353913639, "census_area_m2": 1335497.7889815918, "green_ratio": 1.001, "blue_ratio": 1.001 }, "geometry": { "type": "Polygon", "coordinates": [ [ [ 4364.211154312790313, 335418.719348251062911 ], [ 4364.2110993656961, 335418.714730420149863 ], [ 4335.109258129339651, 335440.286234744708054 ], [ 4364.211154312790313, 335418.719348251062911 ] ] ] } },
{ "type": "Feature", "properties": { "ZBEZ": "1015", "university_share": -0.858499337246306, "avg_income": -0.35681140479023199, "unemprate": 0.16140170936888301, "benefit_share": -0.45697508307659901, "SSI": -0.50428181647913095, "quintile": 2.0, "green_area_sum": 2159961.7483034204, "blue_area_sum": 2159961.7483034204, "census_area_m2": 2158769.2400758751, "green_ratio": 1.001, "blue_ratio": 1.001 }, "geometry": { "type": "MultiPolygon", "coordinates": [ [ [ [ 4847.281699054998171, 337101.833672391541768 ], [ 4847.42900132358136, 337101.796032630838454 ], [ 4846.905242558882492, 337101.667087112902664 ], [ 4847.281699054998171, 337101.833672391541768 ] ] ], [ [ [ 4709.269001107502845, 337051.016032684594393 ], [ 4814.799001276775016, 337094.726032650098205 ], [ 4836.050000331099909, 337098.994607097411063 ], [ 4819.621501282715144, 337094.95003264490515 ], [ 4749.207001171087541, 337067.022032672539353 ], [ 4666.819001036754344, 337030.526032697409391 ], [ 4665.286751486680259, 337030.314556934172288 ], [ 4709.269001107502845, 337051.016032684594393 ] ] ] ] } },
{ "type": "Feature", "properties": { "ZBEZ": "1016", "university_share": -0.79228537869600102, "avg_income": -0.0153846293594379, "unemprate": -0.14599513681742499, "benefit_share": 0.033089059646276203, "SSI": -0.31968480783969699, "quintile": 2.0, "green_area_sum": 5672058.6315675704, "blue_area_sum": 5676289.5884817103, "census_area_m2": 5668706.2187991869, "green_ratio": 1.001, "blue_ratio": 1.001 }, "geometry": { "type": "Polygon", "coordinates": [ [ [ 7355.389001445523718, 333267.746023945510387 ], [ 7343.379001430087555, 333267.456023953855038 ], [ 7338.849001423362097, 333267.136023961007595 ], [ 7321.389001400605594, 333265.896023975685239 ], [ 7312.619727305112065, 333265.546629423217382 ], [ 7312.780607566674917, 333266.020567390136421 ], [ 7313.070109383108502, 333266.607618998736143 ], [ 7313.433760081713444, 333267.151860727928579 ], [ 7313.865337499214547, 333267.643980455584824 ], [ 7313.873522591126857, 333267.652147114276886 ], [ 7314.357457226452425, 333268.075557871721685 ], [ 7314.901698958163252, 333268.439208571799099 ], [ 7315.4887505672732, 333268.728710385039449 ], [ 7316.108567438194768, 333268.939109859988093 ], [ 7316.750544331741366, 333269.066807004623115 ], [ 7317.403696846185994, 333269.109616883099079 ], [ 7317.608501397854525, 333269.105423982255161 ], [ 7323.385301405736755, 333269.156923978589475 ], [ 7332.668001418340282, 333269.239623966626823 ], [ 7332.690360119812794, 333269.239674700424075 ], [ 7332.981473996199384, 333269.231190943159163 ], [ 7333.293801417835311, 333269.203123967163265 ], [ 7353.029001443201196, 333269.295123947784305 ], [ 7363.267301458355178, 333271.758023940958083 ], [ 7363.678593271276441, 333268.13235949864611 ], [ 7355.389001445523718, 333267.746023945510387 ] ] ] } },
{ "type": "Feature", "properties": { "ZBEZ": "1017", "university_share": -0.91228932191718903, "avg_income": 0.55468586738590597, "unemprate": 1.31572501107315, "benefit_share": 1.1827362397691099, "SSI": 0.329860037755696, "quintile": 4.0, "green_area_sum": 4032312.3359343461, "blue_area_sum": 4032217.1825618725, "census_area_m2": 4029933.053305686, "green_ratio": 1.001, "blue_ratio": 1.001 }, "geometry": { "type": "Point", "coordinates": [ 7583.979000203769829, 331352.196020629256964 ] } },
{ "type": "Feature", "properties": { "ZBEZ": "1018", "university_share": -0.127915035492492, "avg_income": 0.37357020682348102, "unemprate": 0.99668954912124896, "benefit_share": 0.76870961681704197, "SSI": 0.41743808848244002, "quintile": 4.0, "green_area_sum": 2825593.7678880263, "blue_area_sum": 2826810.2789512589, "census_area_m2": 2823916.1645931113, "green_ratio": 1.001, "blue_ratio": 1.001 }, "geometry": { "type": "Polygon", "coordinates": [ [ [ 5168.636540921045707, 331575.758728994580451 ], [ 5140.456097284606585, 331584.504223476164043 ], [ 5059.386097201860139, 331609.759323598816991 ], [ 5041.421197182537981, 331615.22692362498492 ], [ 5031.071797172961851, 331618.937023640610278 ], [ 5016.817097158042998, 331623.037723663263023 ], [ 4999.63319714033878, 331628.505323684774339 ], [ 4961.360097100221537, 331640.416823744773865 ], [ 4939.29449707807089, 331647.251323778182268 ], [ 4912.932897050547581, 331655.452723821625113 ], [ 4837.558396972537594, 331676.151423926465213 ], [ 4805.143396937802208, 331684.938623976893723 ], [ 4768.23719689859081, 331695.092724029906094 ], [ 4736.40799686601531, 331703.684624077752233 ], [ 4710.560796834550274, 331706.513224103488028 ], [ 4708.508596834641139, 331709.191724112257361 ], [ 4708.1474594592828, 331709.732635448686779 ], [ 4707.858177575815716, 331710.319241079501808 ], [ 4707.647937937498682, 331710.938587081618607 ], [ 4707.520337805268355, 331711.580076273530722 ], [ 4707.477560450286546, 331712.232732593081892 ], [ 4707.520337805783129, 331712.885388916358352 ], [ 4707.530325201155392, 331712.957226174883544 ], [ 4707.647937939916119, 331713.526878105476499 ], [ 4707.858177578439609, 331714.146224108524621 ], [ 4708.147459463633822, 331714.732829740270972 ], [ 4708.510833901297701, 331715.276658018119633 ], [ 4708.942083453479427, 331715.768403884954751 ], [ 4709.433829322508245, 331716.199653437361121 ], [ 4709.547196842693666, 331716.284124126657844 ], [ 4724.27689686899339, 331726.937824124470353 ], [ 4724.707111340648225, 331727.21655077021569 ], [ 4725.293719843513827, 331727.505834070965648 ], [ 4725.890098810465133, 331727.709861065261066 ], [ 4725.913068876832767, 331727.716074734926224 ], [ 4726.554561206901781, 331727.843675491400063 ], [ 4727.207220722407328, 331727.886453060433269 ], [ 4727.671796873301901, 331727.864824121817946 ], [ 4744.842096894682982, 331726.262324104085565 ], [ 4745.245696895273795, 331726.207924102433026 ], [ 4745.739696895632733, 331726.09482410363853 ], [ 4906.972297063797669, 331680.443223867565393 ], [ 4907.106497064103678, 331680.403123863972723 ], [ 5173.369116973834025, 331596.888970737869386 ], [ 5168.636540921045707, 331575.758728994580451 ] ] ] } },
{ "type": "Feature", "properties": { "ZBEZ": "1019", "university_share": -0.42128496271467902, "avg_income": 0.41133808092275997, "unemprate": 0.90167778522111197, "benefit_share": 0.76831902018193898, "SSI": 0.30523018445706401, "quintile": 4.0, "green_area_sum": 2969784.9079455184, "blue_area_sum": 2969723.1898530433, "census_area_m2": 2968051.3502341276, "green_ratio": 1.001, "blue_ratio": 1.001 }, "geometry": { "type": "Polygon", "coordinates": [ [ [ 2493.988994449933216, 332248.326027217321098 ], [ 2494.598994451966973, 332251.076027221977711 ], [ 2496.931557126627922, 332261.673881260037888 ], [ 2554.583094526431069, 332248.722027157433331 ], [ 2579.453894560621848, 332251.632427136413753 ], [ 2629.724894613315428, 332237.344927061349154 ], [ 2639.249894619205406, 332230.201127042993903 ], [ 2662.215794644494054, 332225.279927008785307 ], [ 2736.641094727907785, 332211.025726911611855 ], [ 2735.402094722245238, 332205.031626903451979 ], [ 2767.372194757788748, 332200.125126866623759 ], [ 2773.593894787447425, 332225.577326897531748 ], [ 2781.530894797514065, 332226.391326896846294 ], [ 2789.057294790284686, 332205.912326851859689 ], [ 2796.042294793940528, 332197.974826833233237 ], [ 2808.266094804959721, 332192.418526810593903 ], [ 2830.332394828305041, 332187.814826782792807 ], [ 2853.578894850114921, 332178.092726742848754 ], [ 2852.742794847037658, 332175.594626739621162 ], [ 2852.744094846277221, 332174.227826735936105 ], [ 2852.997894846335384, 332173.206326732411981 ], [ 2853.85049484610181, 332171.721226731315255 ], [ 2854.988794845647135, 332170.712926728650928 ], [ 2856.88059484840096, 332169.983426726423204 ], [ 2866.188494858116428, 332168.545026714913547 ], [ 2891.188894887420702, 332164.722326681017876 ], [ 2892.874494890549158, 332164.968626683577895 ], [ 2894.134194892480991, 332165.588226680643857 ], [ 2895.156594893889633, 332166.515126681886613 ], [ 2896.033394896485788, 332168.054426683112979 ], [ 2896.656894885918064, 332152.722126658074558 ], [ 2870.85999485629327, 332158.013826692476869 ], [ 2825.549994815985883, 332179.180526772513986 ], [ 2816.620294803797151, 332178.849826781079173 ], [ 2639.349094607653115, 332214.899327019229531 ], [ 2617.520894586773011, 332224.490527057088912 ], [ 2574.195294541436397, 332236.066127118654549 ], [ 2558.981794519170307, 332232.428027127869427 ], [ 2518.966811268778656, 332240.395786452107131 ], [ 2519.419282631992246, 332242.099975276738405 ], [ 2493.53492597279137, 332246.1930265231058 ], [ 2493.523121426633679, 332246.194905952492263 ], [ 2493.988994449933216, 332248.326027217321098 ] ] ] } },
{ "type": "Feature", "properties": { "ZBEZ": "1020", "university_share": -1.60946810716677, "avg_income": -1.0256540647689401, "unemprate": -1.6198926367462501, "benefit_share": -2.0467401078413099, "SSI": -1.6531116985113199, "quintile": 1.0, "green_area_sum": 799402.68219839106, "blue_area_sum": 799402.68219839176, "census_area_m2": 798956.25939034321, "green_ratio": 1.001, "blue_ratio": 1.001 }, "geometry": { "type": "Polygon", "coordinates": [ [ [ 3799.808997720324442, 334259.546029129065573 ], [ 3808.508997736546462, 334265.396029132418334 ], [ 3808.988997737674254, 334265.716029130853713 ], [ 3819.098997754869288, 334271.97602913249284 ], [ 3818.234810682008174, 334271.908334479259793 ], [ 3822.009097759545966, 334273.746129131875932 ], [ 3834.198897784587643, 334285.433529137633741 ], [ 3855.248997798717937, 334269.152229092083871 ], [ 4163.298998100481185, 334157.121028601191938 ], [ 4230.368898168450869, 334135.183528495021164 ], [ 4438.009098370930587, 334058.652328163385391 ], [ 4442.678898379575912, 334061.777328165248036 ], [ 4458.138898401804909, 334065.121128153987229 ], [ 4469.339098392082633, 334035.246128093451262 ], [ 4468.868898380618703, 334021.871128072962165 ], [ 4461.577898354784338, 333999.996128047816455 ], [ 4459.3298983462455, 333993.246128036640584 ], [ 4459.325498345378037, 333993.247528036125004 ], [ 4456.539098335705603, 333984.88612802606076 ], [ 4258.277298140229504, 334056.71172834187746 ], [ 4253.883498135904119, 334058.303528345189989 ], [ 4036.561097923134639, 334137.034528692252934 ], [ 4030.14689791773435, 334139.358328703790903 ], [ 3839.139097729561854, 334208.555929010733962 ], [ 3818.099097699327103, 334204.115929023362696 ], [ 3764.740918385499754, 334222.856819437234662 ], [ 3799.808997720324442, 334259.546029129065573 ] ] ] } },
{ "type": "Feature", "properties": { "ZBEZ": "1021", "university_share": -0.98285857048958303, "avg_income": -0.17575691714216801, "unemprate": 0.30536328799687501, "benefit_share": 0.038642135542695397, "SSI": -0.36500023566048101, "quintile": 2.0, "green_area_sum": 1727952.2026679809, "blue_area_sum": 1729603.8587462043, "census_area_m2": 1726995.2942016516, "green_ratio": 1.001, "blue_ratio": 1.002 }, "geometry": { "type": "MultiPolygon", "coordinates": [ [ [ [ 941.828994596853704, 334897.386033044196665 ], [ 834.862827516362131, 334925.525919710111339 ], [ 862.889094513000373, 334920.371133159846067 ], [ 909.219094562596752, 334906.839733092114329 ], [ 971.631183346844864, 334890.095415148651227 ], [ 941.828994596853704, 334897.386033044196665 ] ] ], [ [ [ 1150.548994819491327, 334844.846032747067511 ], [ 1150.428994819616264, 334844.876032747328281 ], [ 1141.588994810617123, 334847.136032762005925 ], [ 1122.847720079857709, 334851.926470795471687 ], [ 1154.124094824684335, 334844.48983274307102 ], [ 1153.881905313732886, 334844.402581076486968 ], [ 1150.548994819491327, 334844.846032747067511 ] ] ] ] } },
{ "type": "Feature", "properties": { "ZBEZ": "1022", "university_share": -0.55559151941706897, "avg_income": -0.99285873931178104, "unemprate": -0.78104308056457405, "benefit_share": -1.19648568775292, "SSI": -0.93864985861967098, "quintile": 1.0, "green_area_sum": 233178.37556909607, "blue_area_sum": 233178.37556909589, "census_area_m2": 233051.14377868187, "green_ratio": 1.001, "blue_ratio": 1.001 }, "geometry": { "type": "Polygon", "coordinates": [ [ [ 3570.874069617979785, 337555.996448432502802 ], [ 3569.029000047659792, 337537.43353461753577 ], [ 3487.349099950800792, 337545.996034712530673 ], [ 3491.918899998434426, 337598.121034792624414 ], [ 3574.267642049450387, 337590.15236611047294 ], [ 3570.874069617979785, 337555.996448432502802 ] ] ] } },
{ "type": "Feature", "properties": { "ZBEZ": "1023", "university_share": -1.1455138230634501, "avg_income": -1.1687393383285001, "unemprate": -1.18123103451128, "benefit_share": -1.14731394918469, "SSI": -1.28689057576246, "quintile": 1.0, "green_area_sum": 484130.63729062583, "blue_area_sum": 484130.63729062642, "census_area_m2": 483864.28929603053, "green_ratio": 1.001, "blue_ratio": 1.001 }, "geometry": { "type": "Polygon", "coordinates": [ [ [ 4218.584043268390815, 336558.802362823334988 ], [ 4195.534500074712014, 336574.557132445275784 ], [ 4162.889000056303303, 336603.646032522432506 ], [ 4158.174000052117663, 336605.356032527051866 ], [ 4109.189000023230619, 336648.121032647788525 ], [ 4116.649000039122257, 336655.806032652966678 ], [ 4225.718696424977679, 336566.943343529885169 ], [ 4218.584043268390815, 336558.802362823334988 ] ] ] } },
{ "type": "Feature", "properties": { "ZBEZ": "1101", "university_share": 0.68075646775429299, "avg_income": -0.044081491547213102, "unemprate": 0.69565417209380997, "benefit_share": 0.91019756164731802, "SSI": 0.53258447471582404, "quintile": 4.0, "green_area_sum": 635859.19172176591, "blue_area_sum": 635859.19172176544, "census_area_m2": 635512.82811686955, "green_ratio": 1.001, "blue_ratio": 1.001 }, "geometry": { "type": "Polygon", "coordinates": [ [ [ 7358.559005754279497, 338662.736032586544752 ], [ 7359.099486164697737, 338662.506989113637246 ], [ 7350.210905724105032, 338637.669632554985583 ], [ 7348.159372182974039, 338638.57612354576122 ], [ 7358.559005754279497, 338662.736032586544752 ] ] ] } },
{ "type": "Feature", "properties": { "ZBEZ": "1102", "university_share": -0.84514934431376398, "avg_income": -0.88851713489752204, "unemprate": -0.85084469253319805, "benefit_share": -0.98347410370899302, "SSI": -0.98068066174787405, "quintile": 1.0, "green_area_sum": 1095511.901592246, "blue_area_sum": 1095511.9015922467, "census_area_m2": 1094913.0004500693, "green_ratio": 1.001, "blue_ratio": 1.001 }, "geometry": { "type": "Polygon", "coordinates": [ [ [ 6143.762903597624245, 337889.81773257534951 ], [ 6139.562403597718912, 337896.370432591997087 ], [ 6172.158203669537215, 337934.342932618223131 ], [ 6234.493603706308022, 337881.416732473298907 ], [ 6202.401803644597749, 337856.381732461974025 ], [ 6143.762903597624245, 337889.81773257534951 ] ] ] } },
{ "type": "Feature", "properties": { "ZBEZ": "1103", "university_share": -1.08567644051261, "avg_income": -1.0733327271017701, "unemprate": -1.23390087276614, "benefit_share": -0.94761228293776201, "SSI": -1.2022601895665299, "quintile": 1.0, "green_area_sum": 862421.68705335364, "blue_area_sum": 862421.58212399995, "census_area_m2": 861948.69527392881, "green_ratio": 1.001, "blue_ratio": 1.001 }, "geometry": { "type": "Polygon", "coordinates": [ [ [ 5819.641402321439273, 336806.692531175911427 ], [ 5811.703902327412834, 336826.933231213130057 ], [ 5811.703902331799327, 336831.431131224147975 ], [ 5813.423702338451221, 336837.252031225711107 ], [ 5816.466402352199111, 336849.290531245991588 ], [ 5822.155002367562702, 336859.477031252346933 ], [ 5825.594602372918416, 336860.932231255806983 ], [ 5827.182102374152237, 336859.741631249897182 ], [ 5837.897702374015353, 336842.808231213130057 ], [ 5837.236302369035002, 336836.722831201739609 ], [ 5847.819602365685569, 336816.085331158712506 ], [ 5850.465502371192088, 336818.334231157787144 ], [ 5861.445702390319639, 336824.551931160502136 ], [ 5929.179202392468142, 336720.702830925583839 ], [ 5916.346802369199395, 336712.103830926120281 ], [ 5911.716602363970196, 336711.574630928225815 ], [ 5908.409302360050788, 336712.765330933965743 ], [ 5892.49030235860937, 336736.60193098615855 ], [ 5875.526502326669288, 336722.767430982552469 ], [ 5819.641402321439273, 336806.692531175911427 ] ] ] } },
{ "type": "Feature", "properties": { "ZBEZ": "1104", "university_share": -1.40644476961353, "avg_income": -1.0000085497364799, "unemprate": -1.4519029136516199, "benefit_share": -1.7040405405702701, "SSI": -1.47404951213934, "quintile": 1.0, "green_area_sum": 1129730.8198417565, "blue_area_sum": 1129730.819841757, "census_area_m2": 1129111.3126867097, "green_ratio": 1.001, "blue_ratio": 1.001 }, "geometry": { "type": "MultiPolygon", "coordinates": [ [ [ [ 4814.688931102497008, 337442.728084428119473 ], [ 4814.689001553665548, 337442.706033206544816 ], [ 4804.601143459097329, 337444.237270386132877 ], [ 4814.688931102497008, 337442.728084428119473 ] ] ], [ [ [ 4739.539001467547678, 337453.826033299788833 ], [ 4739.939001467936578, 337453.786033297888935 ], [ 4740.199001468491588, 337453.756033300422132 ], [ 4740.869001469243813, 337453.686033299192786 ], [ 4741.539001470499898, 337453.61603329796344 ], [ 4742.199001471230076, 337453.536033296026289 ], [ 4742.869001471645788, 337453.456033299677074 ], [ 4743.5290014716511, 337453.36603329423815 ], [ 4744.199001473021781, 337453.276033294387162 ], [ 4744.237101224568505, 337453.270260604622308 ], [ 4739.344521947208705, 337453.843449376930948 ], [ 4739.539001467547678, 337453.826033299788833 ] ] ], [ [ [ 4724.789001450478281, 337454.256033315323293 ], [ 4725.459001450172764, 337454.276033314876258 ], [ 4726.129001451512522, 337454.296033315360546 ], [ 4726.799001452605808, 337454.316033315844834 ], [ 4727.069001451824988, 337454.316033315844834 ], [ 4727.469001453190685, 337454.326033311896026 ], [ 4728.139001453710989, 337454.326033312827349 ], [ 4728.809001454691497, 337454.336033313535154 ], [ 4729.039001454747449, 337454.336033312603831 ], [ 4729.489001455612197, 337454.336033311672509 ], [ 4730.159001456639999, 337454.326033312827349 ], [ 4730.829001457125742, 337454.316033308394253 ], [ 4731.159001457943305, 337454.306033309549093 ], [ 4731.499001458474595, 337454.306033309549093 ], [ 4732.169001458963976, 337454.286033308133483 ], [ 4732.839001459352403, 337454.266033307649195 ], [ 4733.509001459306091, 337454.236033308319747 ], [ 4734.179001461270673, 337454.206033308058977 ], [ 4734.449001460942782, 337454.196033305488527 ], [ 4734.849001461225271, 337454.176033305935562 ], [ 4735.519001462104825, 337454.136033306829631 ], [ 4736.189001463323621, 337454.096033303067088 ], [ 4736.859001464004905, 337454.04603330232203 ], [ 4737.529001464995417, 337453.996033303439617 ], [ 4738.199001465827678, 337453.946033300831914 ], [ 4738.291047624936255, 337453.937790361407679 ], [ 4726.702001451870274, 337454.252033312804997 ], [ 4724.309001449000789, 337454.19603331387043 ], [ 4724.302322345522953, 337454.234241714817472 ], [ 4724.789001450478281, 337454.256033315323293 ] ] ], [ [ [ 4724.071562506003829, 337455.554323743795976 ], [ 4723.629001450764008, 337458.086033320985734 ], [ 4723.982031586017911, 337458.061189539148472 ], [ 4724.071562506003829, 337455.554323743795976 ] ] ] ] } },
{ "type": "Feature", "properties": { "ZBEZ": "1105", "university_share": -1.1254562251465099, "avg_income": -0.70093158701441105, "unemprate": -0.65182864522546302, "benefit_share": -0.40776940859329902, "SSI": -0.87167810164370396, "quintile": 1.0, "green_area_sum": 1565198.4406449611, "blue_area_sum": 1565198.4406449613, "census_area_m2": 1564331.7388392396, "green_ratio": 1.001, "blue_ratio": 1.001 }, "geometry": { "type": "Polygon", "coordinates": [ [ [ 6636.359002041923304, 335156.946027703583241 ], [ 6622.81900203839632, 335174.276027745567262 ], [ 6574.809002026485359, 335235.706027893349528 ], [ 6561.269002023209396, 335253.03602793160826 ], [ 6513.559002010837503, 335314.09602808021009 ], [ 6500.009002008010611, 335331.426028120331466 ], [ 6486.49900200430875, 335348.796028163284063 ], [ 6442.83900199461732, 335404.936028297059238 ], [ 6429.329001991430232, 335422.296028342097998 ], [ 6382.409001980453468, 335482.626028484664857 ], [ 6368.899001975751162, 335499.996028525754809 ], [ 6355.389001972640472, 335517.366028565913439 ], [ 6256.759001949077174, 335644.166028870269656 ], [ 6243.259001946249555, 335661.536028906702995 ], [ 6193.627669573433195, 335725.338447143498342 ], [ 6211.393201943647, 335709.875929018482566 ], [ 6211.688161838303131, 335709.603898297995329 ], [ 6212.116379681107901, 335709.115609431639314 ], [ 6212.477199574856058, 335708.57560429815203 ], [ 6212.764447789870246, 335707.993122536689043 ], [ 6212.973209431008399, 335707.378130572848022 ], [ 6213.099912528443383, 335706.74115108884871 ], [ 6213.109333525017064, 335706.665047901682556 ], [ 6213.142389156114405, 335706.093082975596189 ], [ 6213.099912527053675, 335705.445014865137637 ], [ 6212.973209429562303, 335704.808035383932292 ], [ 6212.764447788087637, 335704.193043417297304 ], [ 6212.477199570769699, 335703.610561655834317 ], [ 6212.173601939745822, 335703.146629008464515 ], [ 6216.275701939864121, 335697.952128997072577 ], [ 6231.150101946074756, 335681.669028956443071 ], [ 6231.500401945975682, 335681.240228955633938 ], [ 6255.514401950476895, 335648.263728877529502 ], [ 6566.542402031174788, 335254.405627932399511 ], [ 6566.588902031179714, 335254.3477279311046 ], [ 6566.646899301085796, 335254.273598681204021 ], [ 6566.732736158873195, 335254.158340540714562 ], [ 6566.867402031175516, 335253.962327931076288 ], [ 6567.02700203155382, 335253.741927927359939 ], [ 6631.178902045223367, 335169.702027730643749 ], [ 6631.442265669987137, 335169.386639343574643 ], [ 6631.449623763714044, 335169.37702377513051 ], [ 6631.691802045530494, 335169.030227727256715 ], [ 6646.361702048241568, 335149.812427682802081 ], [ 6646.456902049015298, 335149.689527681097388 ], [ 6646.812256983790576, 335149.156183512881398 ], [ 6647.101520187094138, 335148.569615758955479 ], [ 6647.311746249017233, 335147.950309750624001 ], [ 6647.439338142565248, 335147.30886198207736 ], [ 6647.482112735263399, 335146.656247806735337 ], [ 6647.439338141870394, 335146.003633630461991 ], [ 6647.418514771009541, 335145.861315498128533 ], [ 6647.31174624650339, 335145.36218586191535 ], [ 6647.101520184527544, 335144.742879851721227 ], [ 6646.812256980097118, 335144.156312102451921 ], [ 6646.601183536519784, 335143.840418371721171 ], [ 6636.359002041923304, 335156.946027703583241 ] ] ] } },
{ "type": "Feature", "properties": { "ZBEZ": "1106", "university_share": -1.5522464543799599, "avg_income": 0.070323735692175704, "unemprate": 1.04924826453678, "benefit_share": 0.65742399983449995, "SSI": -0.23254741659497699, "quintile": 3.0, "green_area_sum": 4435320.3964478299, "blue_area_sum": 4435320.3964478318, "census_area_m2": 4432839.0080441125, "green_ratio": 1.001, "blue_ratio": 1.001 }, "geometry": { "type": "Polygon", "coordinates": [ [ [ 7790.691902046666655, 333328.009223600849509 ], [ 7816.440202079636038, 333328.009223573841155 ], [ 7812.538902075859369, 333329.569723581895232 ], [ 7810.978402074510086, 333331.130223583430052 ], [ 7800.425502069914728, 333342.214323611930013 ], [ 7794.119002066493522, 333347.619923628866673 ], [ 7792.767602073505259, 333359.332023648545146 ], [ 7792.767602080640245, 333367.890823665075004 ], [ 7805.831102091734465, 333360.23292363807559 ], [ 7827.903802106863623, 333344.917123589664698 ], [ 7839.16540211273059, 333334.106023560278118 ], [ 7840.516702108619029, 333326.448123548179865 ], [ 7838.714902094524405, 333311.582823527045548 ], [ 7820.245902069481417, 333310.681923541240394 ], [ 7781.614802017949842, 333306.615423574112356 ], [ 7765.830002012862678, 333325.306823618710041 ], [ 7790.691902046666655, 333328.009223600849509 ] ] ] } },
{ "type": "Feature", "properties": { "ZBEZ": "1107", "university_share": -1.2703447619758701, "avg_income": -0.81720285237692802, "unemprate": -1.1100307715487401, "benefit_share": -1.32935747978681, "SSI": -1.2235235991537301, "quintile": 1.0, "green_area_sum": 953869.6953363613, "blue_area_sum": 953869.69533636095, "census_area_m2": 953345.17541579693, "green_ratio": 1.001, "blue_ratio": 1.001 }, "geometry": { "type": "Polygon", "coordinates": [ [ [ 7543.899004338813029, 336591.656029084697366 ], [ 7526.987325509844595, 336536.832345685630571 ], [ 7511.255504260396265, 336545.13532904163003 ], [ 7522.320004281345064, 336553.949329046532512 ], [ 7539.385504334100915, 336592.206229088827968 ], [ 7543.966197651414404, 336592.243120530038141 ], [ 7543.899004338813029, 336591.656029084697366 ] ] ] } },
{ "type": "Feature", "properties": { "ZBEZ": "1108", "university_share": -1.08953242838536, "avg_income": 0.357356151085787, "unemprate": 1.1194466224725901, "benefit_share": 1.1513521254158601, "SSI": 0.14917354498117499, "quintile": 3.0, "green_area_sum": 1330498.6982651397, "blue_area_sum": 1330498.6982651397, "census_area_m2": 1329771.4365420213, "green_ratio": 1.001, "blue_ratio": 1.001 }, "geometry": { "type": "Polygon", "coordinates": [ [ [ 8890.199007168030221, 337998.716029977425933 ], [ 8891.429007167072996, 337996.196029967628419 ], [ 8904.339200911857915, 337974.632118560548406 ], [ 8895.069007157757369, 337979.306029940024018 ], [ 8886.377388904242252, 338000.446086898795329 ], [ 8890.199007168030221, 337998.716029977425933 ] ] ] } },
{ "type": "Feature", "properties": { "ZBEZ": "1109", "university_share": -1.12877993541291, "avg_income": -0.44873377625702898, "unemprate": 0.63905139123820998, "benefit_share": 0.813365054443003, "SSI": -0.31494291544146702, "quintile": 3.0, "green_area_sum": 3823488.1464401549, "blue_area_sum": 3823483.7693190123, "census_area_m2": 3821375.3897352279, "green_ratio": 1.001, "blue_ratio": 1.001 }, "geometry": { "type": "Polygon", "coordinates": [ [ [ 8589.689005069234554, 335844.696026830933988 ], [ 8572.289180864092486, 335850.988496221369132 ], [ 8576.946405057136872, 335849.332826850935817 ], [ 8591.026405070582769, 335844.842826830223203 ], [ 8591.414996369547225, 335844.146138142619748 ], [ 8589.689005069234554, 335844.696026830933988 ] ] ] } },
{ "type": "Feature", "properties": { "ZBEZ": "1110", "university_share": -1.3604215853497199, "avg_income": -0.71036238973919097, "unemprate": -0.464785742892799, "benefit_share": -0.12294166988382201, "SSI": -0.87480821464037695, "quintile": 1.0, "green_area_sum": 2142866.9068532092, "blue_area_sum": 2142866.9068532088, "census_area_m2": 2141672.0281684706, "green_ratio": 1.001, "blue_ratio": 1.001 }, "geometry": { "type": "Polygon", "coordinates": [ [ [ 9132.764405305473701, 335276.695525371469557 ], [ 9145.309005345845435, 335307.206025408580899 ], [ 9224.909005423542112, 335278.096025279723108 ], [ 9210.509005381947645, 335249.926025249063969 ], [ 9132.764405305473701, 335276.695525371469557 ] ] ] } },
{ "type": "Feature", "properties": { "ZBEZ": "1111", "university_share": -1.47530473511496, "avg_income": -0.98861892479774605, "unemprate": -1.1845104342959101, "benefit_share": -2.6814880590927799, "SSI": -1.6266542825683701, "quintile": 1.0, "green_area_sum": 1903013.2617768459, "blue_area_sum": 1903013.2305586331, "census_area_m2": 1901961.380773948, "green_ratio": 1.001, "blue_ratio": 1.001 }, "geometry": { "type": "Polygon", "coordinates": [ [ [ 10351.253545934974682, 335379.007277511234861 ], [ 10402.76880708875251, 335494.496024436317384 ], [ 10402.850607105954623, 335516.14412447065115 ], [ 10410.138007115010623, 335516.14372446294874 ], [ 10409.874907107066974, 335506.870824448764324 ], [ 10405.619007103154217, 335506.836024453863502 ], [ 10405.239007096603018, 335499.406024442985654 ], [ 10413.10300710365118, 335496.67602442856878 ], [ 10417.76900710807422, 335495.236024424433708 ], [ 10428.018507113984015, 335486.002524396404624 ], [ 10429.269007115231943, 335484.876024396158755 ], [ 10433.229007118328809, 335482.076024386100471 ], [ 10430.569007110247185, 335477.24602438043803 ], [ 10448.909007120551905, 335459.726024334318936 ], [ 10448.465007118211361, 335458.658024333417416 ], [ 10435.039007075401969, 335426.376024292781949 ], [ 10429.153507022077974, 335367.683524207212031 ], [ 10358.678906936895146, 335373.55852428637445 ], [ 10357.568606937471486, 335375.621024291031063 ], [ 10355.366820848887073, 335375.870399651466869 ], [ 10351.253545934974682, 335379.007277511234861 ] ] ] } },
{ "type": "Feature", "properties": { "ZBEZ": "1112", "university_share": -1.23092408831793, "avg_income": -0.68377033716854496, "unemprate": -0.29357957198572199, "benefit_share": 0.70577914826326305, "SSI": -0.63209950300440498, "quintile": 2.0, "green_area_sum": 2620371.9005683777, "blue_area_sum": 2643898.1987513476, "census_area_m2": 2618915.1625451897, "green_ratio": 1.001, "blue_ratio": 1.01 }, "geometry": { "type": "Polygon", "coordinates": [ [ [ 11362.506208465798409, 335696.86542378924787 ], [ 11371.120608505618293, 335732.082923838868737 ], [ 11375.427808512155025, 335733.729823835194111 ], [ 11420.273008555481283, 335715.741023760288954 ], [ 11407.098208510706172, 335680.776923720724881 ], [ 11362.506208465798409, 335696.86542378924787 ] ] ] } },
{ "type": "Feature", "properties": { "ZBEZ": "1113", "university_share": -0.88238762574698104, "avg_income": -0.27519395007397601, "unemprate": 0.0221218013372479, "benefit_share": 0.44493352749078802, "SSI": -0.341856403726227, "quintile": 2.0, "green_area_sum": 758220.65581094823, "blue_area_sum": 758220.45922788943, "census_area_m2": 757800.75724152266, "green_ratio": 1.001, "blue_ratio": 1.001 }, "geometry": { "type": "Polygon", "coordinates": [ [ [ 8589.689005069234554, 335844.696026830933988 ], [ 8591.414996369547225, 335844.146138142619748 ], [ 8595.226405070934561, 335837.312826812267303 ], [ 8584.07640503406401, 335808.902826780453324 ], [ 8557.646404932394944, 335723.802826669067144 ], [ 8550.546404922824877, 335722.882826677523553 ], [ 8473.106404841670155, 335744.402826787903905 ], [ 8410.766004777484341, 335763.309426884166896 ], [ 8409.38920478676846, 335777.536726905964315 ], [ 8406.176504790864783, 335786.715626922436059 ], [ 8399.751304788838752, 335794.976626942865551 ], [ 8356.151604743239659, 335806.909127006307244 ], [ 8349.24930475446854, 335832.527327055111527 ], [ 8343.339104759339534, 335847.9647270841524 ], [ 8339.528504772601082, 335870.371127123013139 ], [ 8352.994904828423387, 335919.421627189032733 ], [ 8368.559904893856583, 335976.152327268384397 ], [ 8370.246404898720357, 335980.222827269695699 ], [ 8373.856404907641263, 335984.922827271744609 ], [ 8383.214704914666072, 335978.933327256701887 ], [ 8352.939004789532191, 335870.243527113460004 ], [ 8378.639904791038134, 335831.692127022892237 ], [ 8442.892104862459746, 335818.382826939225197 ], [ 8523.20750494605636, 335795.435526818968356 ], [ 8539.128705010170961, 335851.54552689474076 ], [ 8554.696405035334465, 335857.242826885543764 ], [ 8572.289180864092486, 335850.988496221369132 ], [ 8589.689005069234554, 335844.696026830933988 ] ] ] } },
{ "type": "Feature", "properties": { "ZBEZ": "1201", "university_share": 0.15764674678277801, "avg_income": -0.68640656738570605, "unemprate": -0.010785964888070199, "benefit_share": 0.0910478695992612, "SSI": -0.18076965596251601, "quintile": 3.0, "green_area_sum": 291109.35853546398, "blue_area_sum": 291109.35853546386, "census_area_m2": 290951.34993825539, "green_ratio": 1.001, "blue_ratio": 1.001 }, "geometry": { "type": "Polygon", "coordinates": [ [ [ 81.228796300738821, 338394.782939513213933 ], [ 74.878796303574603, 338408.541339542716742 ], [ 123.032996383434593, 338431.824739531613886 ], [ 131.499696381111761, 338415.949639495462179 ], [ 81.228796300738821, 338394.782939513213933 ] ] ] } },
{ "type": "Feature", "properties": { "ZBEZ": "1202", "university_share": -0.80726402223231997, "avg_income": -1.03244363847499, "unemprate": -1.12219155699067, "benefit_share": -0.860767324307393, "SSI": -1.04740581561104, "quintile": 1.0, "green_area_sum": 664983.12495717581, "blue_area_sum": 664983.12495717616, "census_area_m2": 664620.89588357951, "green_ratio": 1.001, "blue_ratio": 1.001 }, "geometry": { "type": "Polygon", "coordinates": [ [ [ 532.757096396549855, 337796.201438099145889 ], [ 570.696096456462328, 337811.325738085433841 ], [ 593.767096492215956, 337819.785138075239956 ], [ 596.843296490938087, 337813.12013806309551 ], [ 574.541296455337374, 337804.148138071410358 ], [ 554.802696423651014, 337795.688738077878952 ], [ 560.954996416698123, 337776.20653803832829 ], [ 578.899096398173924, 337725.450337939895689 ], [ 522.503296305595086, 337699.559437954798341 ], [ 474.310496227084002, 337677.513837967999279 ], [ 462.774996222986545, 337691.100138004869223 ], [ 457.391796228412545, 337707.50613803230226 ], [ 440.216696248714641, 337758.518738134764135 ], [ 426.886796265170631, 337801.584638217464089 ], [ 427.655796269131486, 337804.917138217948377 ], [ 437.653196285698357, 337809.01863821875304 ], [ 456.109996314341117, 337816.452638207934797 ], [ 476.104896345148632, 337823.373938200995326 ], [ 477.130296343742543, 337819.785138192586601 ], [ 482.257196348140212, 337816.452638182789087 ], [ 487.127696351066731, 337812.094738171435893 ], [ 489.947496350778295, 337807.736938160844147 ], [ 493.53639634995244, 337800.815638145431876 ], [ 497.894196350807988, 337794.919738129712641 ], [ 503.533796356396579, 337793.381638126447797 ], [ 512.505896364074488, 337788.254738108254969 ], [ 532.757096396549855, 337796.201438099145889 ] ] ] } },
{ "type": "Feature", "properties": { "ZBEZ": "1203", "university_share": -1.6337949274511201, "avg_income": -1.6119144130645, "unemprate": -3.0998583366222898, "benefit_share": -2.2340488443784898, "SSI": -2.1874066665276701, "quintile": 1.0, "green_area_sum": 557228.5790500422, "blue_area_sum": 557228.5790500415, "census_area_m2": 556923.30228001124, "green_ratio": 1.001, "blue_ratio": 1.001 }, "geometry": { "type": "Polygon", "coordinates": [ [ [ -182.211665732769319, 337234.120753633149434 ], [ -182.211004962392934, 337234.121037922799587 ], [ -182.211281037377773, 337234.118008181103505 ], [ -182.211665732769319, 337234.120753633149434 ] ] ] } },
{ "type": "Feature", "properties": { "ZBEZ": "1204", "university_share": -0.163493787342184, "avg_income": -0.809064625774227, "unemprate": -0.56046380537399498, "benefit_share": -0.47161115032423401, "SSI": -0.55071033367771505, "quintile": 2.0, "green_area_sum": 377867.98353523546, "blue_area_sum": 377867.98353523546, "census_area_m2": 377661.79888379376, "green_ratio": 1.001, "blue_ratio": 1.001 }, "geometry": { "type": "Polygon", "coordinates": [ [ [ 74.257595619208232, 337554.830738173797727 ], [ 16.049095543511761, 337552.184938232414424 ], [ 14.726195556623653, 337570.705738262273371 ], [ 47.799195602583183, 337575.997438237071037 ], [ 71.611695625343359, 337566.737038201652467 ], [ 79.549295654031184, 337587.903738224878907 ], [ 107.330595679133694, 337575.997438177466393 ], [ 83.517995622574318, 337544.247438152320683 ], [ 74.257595619208232, 337554.830738173797727 ] ] ] } },
{ "type": "Feature", "properties": { "ZBEZ": "1205", "university_share": -0.32081986636901699, "avg_income": -0.75547513162147495, "unemprate": -0.50367830142877301, "benefit_share": -0.65906628432211101, "SSI": -0.61325878461702299, "quintile": 2.0, "green_area_sum": 419329.3977039578, "blue_area_sum": 419329.39770395635, "census_area_m2": 419100.58303091361, "green_ratio": 1.001, "blue_ratio": 1.001 }, "geometry": { "type": "Polygon", "coordinates": [ [ [ -432.391005327767402, 337175.926038083620369 ], [ -469.751005386902932, 337161.116038096137345 ], [ -469.752853721256997, 337161.120552003616467 ], [ -469.751005386507757, 337161.121038096025586 ], [ -432.392005327676088, 337175.933538083918393 ], [ -423.133005323204145, 337166.933538058772683 ], [ -423.136446460741126, 337166.931326424295548 ], [ -432.391005327767402, 337175.926038083620369 ] ] ] } },
{ "type": "Feature", "properties": { "ZBEZ": "1206", "university_share": 0.35791887948148499, "avg_income": -0.38224855685064202, "unemprate": 0.063835792957244494, "benefit_share": 0.28079953862169998, "SSI": 0.054748582189343899, "quintile": 3.0, "green_area_sum": 457659.34716411162, "blue_area_sum": 457659.34716411144, "census_area_m2": 457410.13654245716, "green_ratio": 1.001, "blue_ratio": 1.001 }, "geometry": { "type": "Polygon", "coordinates": [ [ [ -662.691504839518188, 338153.10183987673372 ], [ -661.455704828573516, 338165.106439896859229 ], [ -622.838104782449363, 338160.295739850960672 ], [ -623.588404791020366, 338151.292339836247265 ], [ -662.691504839518188, 338153.10183987673372 ] ] ] } },
{ "type": "Feature", "properties": { "ZBEZ": "1207", "university_share": -0.75577976720430196, "avg_income": -0.65740157648572095, "unemprate": -1.09627836044852, "benefit_share": -1.20355194056744, "SSI": -0.94822492399359504, "quintile": 1.0, "green_area_sum": 840357.71641404927, "blue_area_sum": 840357.71641404857, "census_area_m2": 839897.72809600295, "green_ratio": 1.001, "blue_ratio": 1.001 }, "geometry": { "type": "Polygon", "coordinates": [ [ [ -764.486606007111618, 336855.143337904475629 ], [ -737.47980595429442, 336879.241737918928266 ], [ -669.339605819803523, 336938.656637942418456 ], [ -578.34750564930664, 337006.381337955594063 ], [ -507.714405531858915, 337040.451437939889729 ], [ -500.651105531921928, 337030.479737917892635 ], [ -506.883405549013673, 337018.430537906475365 ], [ -532.228205582759642, 337016.768537931144238 ], [ -616.572505739774556, 336954.445237915962934 ], [ -715.874405927995213, 336876.333337891846895 ], [ -743.712105977672195, 336858.882737891748548 ], [ -749.529005997582658, 336842.678637872450054 ], [ -764.486606007111618, 336855.143337904475629 ] ] ] } },
{ "type": "Feature", "properties": { "ZBEZ": "1208", "university_share": -0.56934906788622996, "avg_income": -0.67948997423351498, "unemprate": -0.42131012241629801, "benefit_share": -0.18259862320414999, "SSI": -0.57372048665762798, "quintile": 2.0, "green_area_sum": 667097.43531613215, "blue_area_sum": 667097.43531613366, "census_area_m2": 666730.83652846119, "green_ratio": 1.001, "blue_ratio": 1.001 }, "geometry": { "type": "Polygon", "coordinates": [ [ [ -321.641005862908742, 336331.326036619953811 ], [ -325.111005850732283, 336352.406036655418575 ], [ -325.710813733343912, 336368.078436509240419 ], [ -318.649505855556924, 336335.125636623241007 ], [ -318.48535253446039, 336331.022051662672311 ], [ -321.641005862908742, 336331.326036619953811 ] ] ] } },
{ "type": "Feature", "properties": { "ZBEZ": "1209", "university_share": -1.51173872323986, "avg_income": -1.4010345895837399, "unemprate": -2.92961379972897, "benefit_share": -3.2878739928884402, "SSI": -2.2276776199727899, "quintile": 1.0, "green_area_sum": 579569.41561688075, "blue_area_sum": 579569.4156168811, "census_area_m2": 579248.78225170681, "green_ratio": 1.001, "blue_ratio": 1.001 }, "geometry": { "type": "Polygon", "coordinates": [ [ [ -269.048606582343098, 335349.19693499058485 ], [ -387.14240670132358, 335388.810635175555944 ], [ -461.137906774010389, 335415.718135292641819 ], [ -547.092306860567419, 335444.120435424149036 ], [ -650.237606975318613, 335464.301035559736192 ], [ -702.557607035883734, 335472.522735628299415 ], [ -672.660406979468007, 335495.693035633303225 ], [ -550.082006858071622, 335452.34213544242084 ], [ -407.323006708564947, 335412.728435233235359 ], [ -331.832706627510902, 335392.547835122793913 ], [ -262.321706555860601, 335371.619835021905601 ], [ -235.414306526900162, 335365.640334988944232 ], [ -124.047306437696548, 335300.614034767262638 ], [ -130.774206454827464, 335290.150034756399691 ], [ -269.048606582343098, 335349.19693499058485 ] ] ] } },
{ "type": "Feature", "properties": { "ZBEZ": "1210", "university_share": -0.51678340168341497, "avg_income": -0.37198413075402798, "unemprate": 0.055649381097987199, "benefit_share": 0.19871836024956199, "SSI": -0.28175006732104402, "quintile": 3.0, "green_area_sum": 1401321.3483290006, "blue_area_sum": 1401321.3483290009, "census_area_m2": 1400547.8969442397, "green_ratio": 1.001, "blue_ratio": 1.001 }, "geometry": { "type": "MultiPolygon", "coordinates": [ [ [ [ -762.821007137496849, 335442.556035640649498 ], [ -766.881007149882748, 335432.076035625301301 ], [ -767.541007151929193, 335430.736035626381636 ], [ -768.211007153926175, 335429.406035625375807 ], [ -768.881007155581187, 335428.066035624593496 ], [ -769.551007157221875, 335426.736035622656345 ], [ -770.231007159694286, 335425.406035619787872 ], [ -770.911007161912266, 335424.076035618782043 ], [ -771.121007162392175, 335423.666035616770387 ], [ -771.431007163462823, 335423.066035619936883 ], [ -771.591007162929259, 335422.74603561591357 ], [ -772.281007166139034, 335421.426035616546869 ], [ -772.971007167784933, 335420.106035615317523 ], [ -773.661007169420714, 335418.77603561244905 ], [ -774.361007171505662, 335417.456035614013672 ], [ -775.061007173588791, 335416.146035610698164 ], [ -775.771007175682939, 335414.826035608537495 ], [ -776.481007177780043, 335413.516035608015954 ], [ -777.191007179147505, 335412.206035605631769 ], [ -777.901007181171849, 335410.886035606265068 ], [ -778.621007182798166, 335409.58603560179472 ], [ -779.341007185167086, 335408.276035599410534 ], [ -780.07100718679726, 335406.976035601459444 ], [ -780.301007187966775, 335406.566035600379109 ], [ -780.721007189525835, 335405.806035600602627 ], [ -780.801007188931408, 335405.666035599075258 ], [ -781.531007191055323, 335404.366035597398877 ], [ -782.271007193217883, 335403.066035596653819 ], [ -783.011007194307012, 335401.776035594753921 ], [ -783.751007197097124, 335400.476035591214895 ], [ -784.501007198117122, 335399.186035593040287 ], [ -785.251007201075822, 335397.896035590209067 ], [ -786.001007202186429, 335396.606035588309169 ], [ -786.761007204833732, 335395.326035588048398 ], [ -787.521007206988656, 335394.036035587079823 ], [ -788.281007208848564, 335392.756035584956408 ], [ -789.051007209995191, 335391.476035584695637 ], [ -789.821007213258326, 335390.196035583503544 ], [ -790.591007214141086, 335388.916035583242774 ], [ -791.371007216670932, 335387.646035583689809 ], [ -793.499887199480327, 335384.188880059926305 ], [ -795.411007225166713, 335384.30853557959199 ], [ -762.821007136813478, 335442.558535641990602 ], [ -762.819876358052397, 335442.558441968110856 ], [ -762.821007137496849, 335442.556035640649498 ] ] ], [ [ [ -805.944707193506133, 335440.572835681959987 ], [ -776.842607155854239, 335440.807535651139915 ], [ -805.944707235223177, 335389.057435595430434 ], [ -805.944707193506133, 335440.572835681959987 ] ] ] ] } },
{ "type": "Feature", "properties": { "ZBEZ": "1211", "university_share": 0.047564646924689598, "avg_income": 0.122305324525309, "unemprate": 0.23828231224499999, "benefit_share": 0.26155295933441702, "SSI": 0.15530163334442701, "quintile": 3.0, "green_area_sum": 1852589.6022262503, "blue_area_sum": 1852589.6022262494, "census_area_m2": 1851568.7945206109, "green_ratio": 1.001, "blue_ratio": 1.001 }, "geometry": { "type": "Polygon", "coordinates": [ [ [ -2141.363908517472737, 335909.780737780965865 ], [ -2131.204408469206555, 335953.602937840856612 ], [ -2127.565208432399231, 335993.937637903727591 ], [ -2071.612208377296611, 335973.467037816531956 ], [ -2104.668408489080775, 335888.400337710976601 ], [ -2141.363908517472737, 335909.780737780965865 ] ] ] } },
{ "type": "Feature", "properties": { "ZBEZ": "1301", "university_share": 1.0891922472301601, "avg_income": 1.3395299860104, "unemprate": 0.88774295152360505, "benefit_share": -0.0403370874521169, "SSI": 1.05526289847619, "quintile": 5.0, "green_area_sum": 2195006.3363023344, "blue_area_sum": 2195008.5669697649, "census_area_m2": 2193809.8277269318, "green_ratio": 1.001, "blue_ratio": 1.001 }, "geometry": { "type": "Polygon", "coordinates": [ [ [ -1234.912405301028457, 338486.590340988710523 ], [ -1208.431705211840153, 338554.631041071377695 ], [ -1044.766105052862031, 338493.57834080979228 ], [ -1045.501605057477491, 338488.797040802426636 ], [ -1041.088205053211141, 338486.59034079592675 ], [ -1035.20360504824157, 338484.015840783715248 ], [ -1031.893505045520897, 338481.809140777215362 ], [ -1028.215605043062169, 338479.602340768091381 ], [ -1025.273305041703907, 338476.292240762151778 ], [ -1023.802205041300567, 338474.821140756830573 ], [ -1021.963205040765047, 338471.143240749835968 ], [ -1021.963205042506956, 338469.304340746253729 ], [ -1021.963205044333449, 338467.465340744704008 ], [ -1022.331005049101464, 338461.948540737852454 ], [ -1023.434405055027241, 338457.167340727522969 ], [ -1026.744505062954204, 338451.650440723635256 ], [ -1030.422305078292766, 338438.777940704487264 ], [ -1031.15790508116379, 338435.835640703327954 ], [ -1033.364605085927906, 338433.628840701654553 ], [ -1035.203605090182919, 338431.789940701797605 ], [ -1041.456005099725417, 338429.583240707404912 ], [ -1049.915105112788751, 338427.744240706786513 ], [ -1064.626605126001778, 338433.261140731163323 ], [ -1069.040105135636622, 338428.847640729509294 ], [ -1234.912405301028457, 338486.590340988710523 ] ] ] } },
{ "type": "Feature", "properties": { "ZBEZ": "1302", "university_share": 1.8790120678803801, "avg_income": 2.2833367158506999, "unemprate": 1.0206729794851099, "benefit_share": 1.1162705304622, "SSI": 1.9351571113164101, "quintile": 5.0, "green_area_sum": 1352434.4430842553, "blue_area_sum": 1352434.443084257, "census_area_m2": 1351699.0502494948, "green_ratio": 1.001, "blue_ratio": 1.001 }, "geometry": { "type": "Polygon", "coordinates": [ [ [ -2719.953007481726218, 338122.493941908702254 ], [ -2718.792807474576421, 338128.525141915306449 ], [ -2613.402907358867196, 338106.525141773745418 ], [ -2616.95400737982709, 338086.400141746737063 ], [ -2719.953007481726218, 338122.493941908702254 ] ] ] } },
{ "type": "Feature", "properties": { "ZBEZ": "1303", "university_share": 0.72345128279537796, "avg_income": 0.39180725484253098, "unemprate": 0.347767313278044, "benefit_share": 0.49921164091660097, "SSI": 0.56926425619186805, "quintile": 4.0, "green_area_sum": 801243.53839835408, "blue_area_sum": 801338.2257526851, "census_area_m2": 800809.86239983572, "green_ratio": 1.001, "blue_ratio": 1.001 }, "geometry": { "type": "Polygon", "coordinates": [ [ [ -4550.683009017727272, 339114.650145342573524 ], [ -4554.712809015183666, 339125.150145364925265 ], [ -4544.852908995194412, 339133.243945367634296 ], [ -4456.692708894477619, 339119.337645256891847 ], [ -4461.203008918629166, 339096.93144522421062 ], [ -4471.413008947940398, 339076.056445199996233 ], [ -4487.843108984421633, 339056.868945186026394 ], [ -4506.81290901857119, 339043.306445185095072 ], [ -4550.683009017727272, 339114.650145342573524 ] ] ] } },
{ "type": "Feature", "properties": { "ZBEZ": "1304", "university_share": 1.4426758103172601, "avg_income": 1.3672464953726899, "unemprate": 0.82462556002688703, "benefit_share": 0.79881531333600098, "SSI": 1.33983715474264, "quintile": 5.0, "green_area_sum": 2772671.3917618599, "blue_area_sum": 2775529.5922846966, "census_area_m2": 2771166.7271554722, "green_ratio": 1.001, "blue_ratio": 1.002 }, "geometry": { "type": "MultiPolygon", "coordinates": [ [ [ [ -5705.311010117172373, 339578.456047249026597 ], [ -5826.941010039054163, 339869.526047836057842 ], [ -5922.593792081877837, 340098.039830918773077 ], [ -5922.571009978263646, 340098.006048297509551 ], [ -5883.211010001091381, 340004.94604810513556 ], [ -5882.724010002495561, 340003.812048103660345 ], [ -5882.181010002511357, 340002.546048104763031 ], [ -5881.801010002206567, 340001.646048101596534 ], [ -5881.491010003251176, 340000.906048102304339 ], [ -5881.104010002880386, 339999.996048098430037 ], [ -5879.741010004047894, 339996.776048091240227 ], [ -5879.507010003962023, 339996.237048090435565 ], [ -5879.468010003983181, 339996.145048091188073 ], [ -5879.391010004512282, 339996.136048092506826 ], [ -5874.941010006720717, 339986.086048069410026 ], [ -5871.479010008446494, 339977.890048050321639 ], [ -5866.041010012065271, 339965.016048025339842 ], [ -5865.931010011659055, 339965.086048029363155 ], [ -5860.221010016514811, 339950.646048001013696 ], [ -5851.307010020821508, 339929.461047957651317 ], [ -5851.232010021934002, 339929.283047957345843 ], [ -5850.824010021456161, 339928.313047952018678 ], [ -5850.719010022162365, 339928.064047953113914 ], [ -5845.801010024941206, 339916.376047929748893 ], [ -5845.031010025669275, 339914.516047926619649 ], [ -5840.598010028346835, 339903.784047903493047 ], [ -5839.641010029508834, 339901.466047899797559 ], [ -5837.431010030640209, 339896.462047888897359 ], [ -5831.621010033740276, 339883.306047863326967 ], [ -5827.226010037516971, 339872.205047841183841 ], [ -5827.131010036659973, 339871.966047838330269 ], [ -5826.559010036787186, 339870.601047836244106 ], [ -5825.411010037416418, 339867.86604783218354 ], [ -5824.980010036946624, 339868.003047830425203 ], [ -5824.8110100376025, 339868.056047833524644 ], [ -5824.775010036477397, 339867.99404782988131 ], [ -5824.690010037175853, 339867.849047830328345 ], [ -5824.361010037397136, 339867.286047829315066 ], [ -5824.61101003703061, 339867.126047831960022 ], [ -5825.001010038224194, 339866.876047828234732 ], [ -5824.451010038960703, 339865.556047825142741 ], [ -5823.989010037453227, 339865.74204782769084 ], [ -5823.831010037472879, 339865.806047827936709 ], [ -5823.471010038083477, 339864.91604782268405 ], [ -5824.061010039236862, 339864.676047826185822 ], [ -5824.031010039349894, 339864.546047824434936 ], [ -5818.141010042996641, 339850.766047794371843 ], [ -5813.121010045445473, 339838.836047772318125 ], [ -5803.261010051431185, 339815.406047725118697 ], [ -5802.37401005249194, 339813.288047720678151 ], [ -5795.471010057633066, 339796.79604768846184 ], [ -5787.43101006190409, 339777.976047649979591 ], [ -5777.021010069078329, 339753.00704759825021 ], [ -5775.446010069322256, 339749.229047589935362 ], [ -5775.394010069250726, 339749.105047590099275 ], [ -5774.682010069589523, 339747.398047586902976 ], [ -5773.681010071156379, 339744.996047582477331 ], [ -5770.889010072453857, 339738.266047569923103 ], [ -5765.691010076869134, 339725.736047544516623 ], [ -5762.463010078361549, 339717.934047527611256 ], [ -5759.522010079817846, 339710.826047516427934 ], [ -5758.866010080016167, 339709.241047510877252 ], [ -5758.781010080091619, 339709.036047508008778 ], [ -5755.996010082501016, 339702.306047496385872 ], [ -5753.116010084343543, 339695.347047485411167 ], [ -5752.617010084833964, 339694.13904748018831 ], [ -5752.340010085324138, 339693.471047475934029 ], [ -5749.408010087468938, 339686.386047465726733 ], [ -5749.131010086903188, 339685.716047465801239 ], [ -5743.079010091529199, 339671.317047436721623 ], [ -5740.143010092845543, 339664.330047422088683 ], [ -5738.061010094055746, 339659.376047413796186 ], [ -5729.927010099014296, 339640.089047372341156 ], [ -5729.061010099489067, 339638.036047369241714 ], [ -5727.721010100359308, 339634.992047360166907 ], [ -5722.651010103066255, 339623.476047337055206 ], [ -5722.305010103362292, 339622.589047335088253 ], [ -5719.261010105245987, 339614.786047322675586 ], [ -5718.591010104189991, 339614.996047319844365 ], [ -5718.261010104204615, 339614.116047316230834 ], [ -5718.89101010649938, 339613.806047320365906 ], [ -5717.650010106538502, 339611.039047311991453 ], [ -5717.321010107361872, 339610.206047310493886 ], [ -5711.078010111627009, 339595.105047278106213 ], [ -5709.02091011264838, 339590.12884726934135 ], [ -5704.241010115337303, 339578.56604724843055 ], [ -5704.278010115691359, 339578.494047248736024 ], [ -5706.121010120680694, 339574.886047241277993 ], [ -5710.501010134271382, 339565.226047234609723 ], [ -5715.511010149166395, 339554.316047222353518 ], [ -5716.572010152645817, 339552.020047218538821 ], [ -5721.452010167186927, 339541.463047206401825 ], [ -5723.641010174536859, 339536.726047200150788 ], [ -5726.91801018357819, 339529.498047190718353 ], [ -5727.743010186810352, 339527.67804719042033 ], [ -5729.082010189995344, 339524.724047183990479 ], [ -5730.176010194187256, 339522.312047185376287 ], [ -5730.628010195323441, 339521.314047182910144 ], [ -5730.905010195674549, 339520.704047185368836 ], [ -5731.242010197295713, 339519.960047179833055 ], [ -5736.91101021423674, 339507.456047168932855 ], [ -5740.34101022451614, 339499.996047156862915 ], [ -5742.426010230000429, 339495.454047154635191 ], [ -5743.798010234942922, 339492.467047149315476 ], [ -5743.864010234874513, 339492.322047150693834 ], [ -5744.478010237326998, 339490.986047146841884 ], [ -5744.579010237069269, 339490.765047146938741 ], [ -5745.958010240949989, 339487.762047146447003 ], [ -5746.1500102417167, 339487.343047142028809 ], [ -5746.669010244091623, 339486.214047143235803 ], [ -5746.910010244724617, 339485.689047140069306 ], [ -5747.032030087763815, 339485.423267161357217 ], [ -5705.311010117172373, 339578.456047249026597 ] ] ], [ [ [ -5784.001010519767988, 339200.706046726554632 ], [ -5715.87101037132652, 339277.656046777032316 ], [ -5771.141010366210139, 339373.496046986430883 ], [ -5774.490137160891209, 339379.528188747295644 ], [ -5768.428810365894606, 339368.937746977433562 ], [ -5768.351810364665653, 339368.803246977739036 ], [ -5766.392410362379451, 339369.870846974663436 ], [ -5712.525510366744129, 339278.57114677503705 ], [ -5906.968822527838711, 339038.846535156597383 ], [ -5784.001010519767988, 339200.706046726554632 ] ] ], [ [ [ -5860.001011019550788, 338697.806045999750495 ], [ -5890.231011032539755, 338731.6160460812971 ], [ -6009.801011151302191, 338771.806046267971396 ], [ -6010.391011151627026, 338773.176046270877123 ], [ -6015.891011148043617, 338785.90604629740119 ], [ -6018.351011147458848, 338790.966046307235956 ], [ -6084.761011118541319, 338931.536046599037945 ], [ -6014.093595740094315, 338950.537625487486366 ], [ -6010.62721101934676, 338937.538646534085274 ], [ -6012.011011020968908, 338937.786046534776688 ], [ -6023.881011039833538, 338933.176046540029347 ], [ -6013.081011041835154, 338913.796046501025558 ], [ -6002.291011043002072, 338894.626046459190547 ], [ -5990.555911043988999, 338875.150146412663162 ], [ -5977.90101104477435, 338854.946046369150281 ], [ -5963.651011045815721, 338829.786046312190592 ], [ -5974.14101106389262, 338824.48604631703347 ], [ -5958.461011068279731, 338793.546046253293753 ], [ -5945.381011053785187, 338790.516046231612563 ], [ -5944.791011055503986, 338788.126046231016517 ], [ -5932.412111040705895, 338787.094446215778589 ], [ -5931.360511043634688, 338782.362646207213402 ], [ -5932.477611044963851, 338782.477546204812825 ], [ -5952.479011068026921, 338785.329046230763197 ], [ -5965.571011082923178, 338786.946046246215701 ], [ -5977.487611097133595, 338787.779646260663867 ], [ -5989.481011112804481, 338787.998046275228262 ], [ -5999.991011126692683, 338787.656046283431351 ], [ -6012.891011143841752, 338786.806046294979751 ], [ -6007.36101114662506, 338774.91604627110064 ], [ -5901.45941103914447, 338739.402946108020842 ], [ -5898.011211037019166, 338738.246646102517843 ], [ -5898.01301103561218, 338738.184046099893749 ], [ -5898.150911038482263, 338735.770946098491549 ], [ -5898.17181103859275, 338735.403546098619699 ], [ -5889.041011029173205, 338732.37604608386755 ], [ -5888.246011028893008, 338731.459046081639826 ], [ -5887.473011028935616, 338730.567046079784632 ], [ -5879.925311025736846, 338721.855246057733893 ], [ -5869.365011022768158, 338709.666046025231481 ], [ -5859.271011019134676, 338698.016045997850597 ], [ -5859.844011021187725, 338696.635045995935798 ], [ -5868.019011046790183, 338676.948045974597335 ], [ -5872.486011061346289, 338666.190045959316194 ], [ -5872.492011061592166, 338666.175045957788825 ], [ -5872.504011061068923, 338666.147045963443816 ], [ -5874.075011066307525, 338662.364045957103372 ], [ -5875.017011069226101, 338660.095045953057706 ], [ -5879.380711083379538, 338649.585845938883722 ], [ -5888.267111112208113, 338628.185145914554596 ], [ -5889.266111115111016, 338625.77914591319859 ], [ -5889.765111117110791, 338624.577345911413431 ], [ -5891.627111122129463, 338620.093245907686651 ], [ -5894.89417023270471, 338612.225379309500568 ], [ -5860.001011019550788, 338697.806045999750495 ] ] ], [ [ [ -5886.141011168560908, 338554.556045795790851 ], [ -5899.425602683932993, 338585.612397229939234 ], [ -5897.839811161114994, 338581.989145851694047 ], [ -5894.486311162775564, 338574.327845836058259 ], [ -5894.350611162371024, 338574.017745836637914 ], [ -5893.158411163355595, 338571.29374582786113 ], [ -5891.895311164253144, 338568.407845824956894 ], [ -5890.15001116444455, 338564.420045817270875 ], [ -5889.732411165631675, 338563.465845813043416 ], [ -5886.021011168045334, 338554.986045799218118 ], [ -5886.394009975559129, 338552.210787031508517 ], [ -5886.141011168560908, 338554.556045795790851 ] ] ], [ [ [ -5791.911011315923133, 338220.656045169569552 ], [ -5876.43101140908766, 338238.706045283935964 ], [ -5876.46134599445304, 338238.738755027821753 ], [ -5859.612911390118825, 338235.326345256529748 ], [ -5847.87401137759116, 338232.9489452438429 ], [ -5824.424511351399815, 338228.199845213443041 ], [ -5796.843111319997661, 338222.613745175302029 ], [ -5791.743911314225443, 338221.580945167690516 ], [ -5791.621011314567113, 338221.556045168079436 ], [ -5790.870011316535965, 338217.640045159496367 ], [ -5790.846811317221182, 338217.519145159982145 ], [ -5790.549311317298816, 338215.968145157210529 ], [ -5786.045323398481742, 338192.487101905164309 ], [ -5791.911011315923133, 338220.656045169569552 ] ] ], [ [ [ -5902.261011953421075, 337600.456044289283454 ], [ -5901.668755516963756, 337602.464914088603109 ], [ -5899.425679351363215, 337599.82865153986495 ], [ -5902.261011953421075, 337600.456044289283454 ] ] ] ] } },
{ "type": "Feature", "properties": { "ZBEZ": "1305", "university_share": 1.2770322994365599, "avg_income": 1.4917394498764001, "unemprate": 0.72886584288386103, "benefit_share": 0.84531829087198096, "SSI": 1.3155020517064899, "quintile": 5.0, "green_area_sum": 1335548.4990876806, "blue_area_sum": 1338687.0809917769, "census_area_m2": 1334818.5189457326, "green_ratio": 1.001, "blue_ratio": 1.003 }, "geometry": { "type": "Polygon", "coordinates": [ [ [ -4409.101009987579346, 337679.716042906977236 ], [ -4414.660810513868455, 337680.367319533543196 ], [ -4414.611009993877815, 337680.736042913980782 ], [ -4407.492009985546247, 337679.796042905189097 ], [ -4407.508741757987082, 337679.655884081264958 ], [ -4409.101009987579346, 337679.716042906977236 ] ] ] } },
{ "type": "Feature", "properties": { "ZBEZ": "1306", "university_share": 1.2018554480285699, "avg_income": 1.5114327385401101, "unemprate": 0.85986733923366498, "benefit_share": 1.0644287240611601, "SSI": 1.35973820593585, "quintile": 5.0, "green_area_sum": 614940.79246635677, "blue_area_sum": 614940.79246635642, "census_area_m2": 614604.60703362792, "green_ratio": 1.001, "blue_ratio": 1.001 }, "geometry": { "type": "Polygon", "coordinates": [ [ [ -3202.836408852390377, 337178.794140887446702 ], [ -3175.726308813324067, 337184.21614086907357 ], [ -3158.91800880280698, 337170.389940828084946 ], [ -3168.135508820304949, 337164.154640829190612 ], [ -3187.112508847801109, 337159.817040838301182 ], [ -3216.120308887655483, 337155.208340861834586 ], [ -3236.724008917195079, 337151.9551408784464 ], [ -3281.997808970415463, 337156.834940930828452 ], [ -3293.113008980970335, 337162.528040953911841 ], [ -3321.8497090114206, 337167.678940989077091 ], [ -3356.550609049922969, 337176.896441036835313 ], [ -3364.141409054188898, 337183.402841057628393 ], [ -3372.816609053194497, 337198.855541089549661 ], [ -3341.097809005631916, 337207.259741074405611 ], [ -3340.555609016922062, 337192.349141050130129 ], [ -3331.609309007166303, 337189.36704103089869 ], [ -3286.606508956970629, 337181.505140976980329 ], [ -3251.90560891954965, 337173.372140928171575 ], [ -3202.836408852390377, 337178.794140887446702 ] ] ] } },
{ "type": "Feature", "properties": { "ZBEZ": "1307", "university_share": 0.17492848311620701, "avg_income": 0.14150843837541599, "unemprate": 0.13905046476968, "benefit_share": -0.81147203654203404, "SSI": -0.0073153980371124501, "quintile": 3.0, "green_area_sum": 437986.17010778713, "blue_area_sum": 437986.17010778689, "census_area_m2": 437746.36119120079, "green_ratio": 1.001, "blue_ratio": 1.001 }, "geometry": { "type": "Polygon", "coordinates": [ [ [ -2524.08290791826812, 337265.837640339508653 ], [ -2500.101907897747878, 337253.181440291926265 ], [ -2472.252807873968322, 337238.493940244428813 ], [ -2484.142907916182139, 337205.056440201587975 ], [ -2500.101907953526279, 337183.27514018304646 ], [ -2507.54480797181759, 337173.087640176527202 ], [ -2522.82290797732685, 337189.681440214626491 ], [ -2600.11290813601363, 337114.49394017457962 ], [ -2584.08580813099752, 337096.337640129961073 ], [ -2591.913008146419543, 337089.525140126235783 ], [ -2614.433008170954054, 337093.618940154090524 ], [ -2631.252808198133607, 337087.025140162557364 ], [ -2636.751808204662211, 337088.493940169923007 ], [ -2632.342908180589802, 337110.431440201587975 ], [ -2693.375808245444205, 337126.306440288200974 ], [ -2689.262808231997042, 337136.65014030225575 ], [ -2677.532808196729547, 337160.993940329179168 ], [ -2663.183008162736769, 337181.650140346959233 ], [ -2655.60290814379232, 337193.025140358135104 ], [ -2655.883908137031085, 337202.775140373036265 ], [ -2631.112908104966209, 337202.493940346874297 ], [ -2632.382908144711564, 337155.931440274231136 ], [ -2599.762808103914267, 337155.118940238840878 ], [ -2598.193008063355137, 337202.243940311484039 ], [ -2552.572908005176942, 337201.556440266780555 ], [ -2551.802907988741936, 337222.993940299376845 ], [ -2668.815808136668238, 337223.337640418671072 ], [ -2681.270908143043471, 337236.212640450336039 ], [ -2590.753807953862633, 337326.806440506130457 ], [ -2545.102907931643131, 337282.74394038785249 ], [ -2524.08290791826812, 337265.837640339508653 ] ], [ [ -2602.302908009124621, 337276.493940437212586 ], [ -2613.302908014760305, 337286.712640463374555 ], [ -2631.492808053023509, 337268.056440451182425 ], [ -2620.262808048010356, 337256.806440423242748 ], [ -2602.302908009124621, 337276.493940437212586 ] ] ] } },
{ "type": "Feature", "properties": { "ZBEZ": "1308", "university_share": 0.42746650411751103, "avg_income": 0.58313826340116204, "unemprate": -0.201181273021319, "benefit_share": -0.24429432264737999, "SSI": 0.29147365272322401, "quintile": 4.0, "green_area_sum": 1587934.9708175175, "blue_area_sum": 1587934.9708175182, "census_area_m2": 1587059.9329483481, "green_ratio": 1.001, "blue_ratio": 1.001 }, "geometry": { "type": "Polygon", "coordinates": [ [ [ -3134.715810069215422, 335552.826838215813041 ], [ -3166.426210103011726, 335561.301138259470463 ], [ -3092.617509892664657, 335706.458238417282701 ], [ -3052.706109852072586, 335692.790038353763521 ], [ -3053.25290993237013, 335593.831638197414577 ], [ -3054.346309958453276, 335563.48813814856112 ], [ -3061.180509976275971, 335552.280138137750328 ], [ -3075.94220999739855, 335548.179638146422803 ], [ -3134.715810069215422, 335552.826838215813041 ] ] ] } },
{ "type": "Feature", "properties": { "ZBEZ": "1309", "university_share": -0.633060104743013, "avg_income": -0.414816965705253, "unemprate": -0.50200285212615703, "benefit_share": -0.60867135205418799, "SSI": -0.59311369678900505, "quintile": 2.0, "green_area_sum": 1482152.1089619165, "blue_area_sum": 1482947.4295270983, "census_area_m2": 1481338.1334499533, "green_ratio": 1.001, "blue_ratio": 1.001 }, "geometry": { "type": "Polygon", "coordinates": [ [ [ -4598.913011356003153, 336275.618940849788487 ], [ -4578.622911326710891, 336280.275140835903585 ], [ -4534.433011270300085, 336279.556440791115165 ], [ -4519.283111252710114, 336277.650140773504972 ], [ -4463.073111196446007, 336258.400140685029328 ], [ -4466.152711209412701, 336246.243940669111907 ], [ -4526.093111270041845, 336265.900140763260424 ], [ -4582.23281133918772, 336269.056440823711455 ], [ -4630.953011413320382, 336254.743940849788487 ], [ -4642.542811423521925, 336260.118940868414938 ], [ -4696.462811457917269, 336302.712640995159745 ], [ -4686.622911444089368, 336304.618940986692905 ], [ -4656.772811425033979, 336280.18144091963768 ], [ -4636.803111409220946, 336267.712640878744423 ], [ -4623.502811393927004, 336266.900140861980617 ], [ -4598.913011356003153, 336275.618940849788487 ] ] ] } },
{ "type": "Feature", "properties": { "ZBEZ": "1311", "university_share": 1.6126667336765399, "avg_income": 2.56198002854032, "unemprate": 1.4582706486489201, "benefit_share": 1.35545279715897, "SSI": 2.0648951262872099, "quintile": 5.0, "green_area_sum": 1637553.8564120212, "blue_area_sum": 1640346.2446363121, "census_area_m2": 1636649.5140368249, "green_ratio": 1.001, "blue_ratio": 1.002 }, "geometry": { "type": "Polygon", "coordinates": [ [ [ -5207.201012243959667, 336134.666041240096092 ], [ -5174.741012203432547, 336134.19604120310396 ], [ -5191.841012229836451, 336127.756041215732694 ], [ -5210.201012260024982, 336119.386041220277548 ], [ -5214.841012268469058, 336116.466041218489408 ], [ -5225.781012289718092, 336107.43604121543467 ], [ -5236.801012306485063, 336103.506041222251952 ], [ -5264.661012337385728, 336109.926041256636381 ], [ -5265.881012307501805, 336148.316041318699718 ], [ -5251.901012285969955, 336153.836041312664747 ], [ -5246.231012277067748, 336155.486041310243309 ], [ -5243.761012269464118, 336160.536041317507625 ], [ -5231.551012248437473, 336167.496041314676404 ], [ -5207.751012210125737, 336177.536041306331754 ], [ -5209.941012237767609, 336147.530041263438761 ], [ -5207.201012243959667, 336134.666041240096092 ] ], [ [ -5214.741012261250944, 336125.476041231304407 ], [ -5214.761012258483788, 336128.266041233204305 ], [ -5233.521012282364609, 336128.896041256375611 ], [ -5233.671012269167477, 336144.976041284389794 ], [ -5214.931012245549027, 336145.976041263900697 ], [ -5214.95101224235259, 336148.766041266731918 ], [ -5236.601012270818501, 336148.56604129076004 ], [ -5237.279512273542423, 336144.93994128704071 ], [ -5263.701012307856217, 336144.716041314415634 ], [ -5263.551012320164773, 336128.616041286848485 ], [ -5240.153612292707294, 336127.339441259391606 ], [ -5240.141012293696804, 336124.816041255369782 ], [ -5214.741012261250944, 336125.476041231304407 ] ] ] } },
{ "type": "Feature", "properties": { "ZBEZ": "1401", "university_share": 0.33863463254328702, "avg_income": -0.2580889154521, "unemprate": 0.20647731574327199, "benefit_share": 0.33204544298523098, "SSI": 0.12941214199298701, "quintile": 3.0, "green_area_sum": 520267.58184132248, "blue_area_sum": 520267.58184132294, "census_area_m2": 519988.59282618086, "green_ratio": 1.001, "blue_ratio": 1.001 }, "geometry": { "type": "Polygon", "coordinates": [ [ [ -1879.031004574169174, 340418.126044723205268 ], [ -1876.952404575765513, 340414.041544714011252 ], [ -1879.636904586713854, 340403.52204470243305 ], [ -1879.651004587197576, 340403.526044701226056 ], [ -1881.631004588587075, 340403.876044701784849 ], [ -1884.599404592775272, 340404.554044707678258 ], [ -1885.571004592855161, 340404.776044706813991 ], [ -1885.851004593918105, 340405.006044711917639 ], [ -1886.061004594546375, 340405.096044708043337 ], [ -1886.301004593419748, 340405.146044708788395 ], [ -1888.931004596469165, 340405.808444713242352 ], [ -1896.742504605121667, 340407.776044723577797 ], [ -1897.7610046057614, 340408.032544727437198 ], [ -1899.601004608641233, 340408.496044728904963 ], [ -1901.021004609829788, 340408.836044731549919 ], [ -1902.085104610925328, 340409.106044730171561 ], [ -1908.391004617969656, 340410.706044740043581 ], [ -1908.9710046187231, 340410.826044742017984 ], [ -1909.811004619368077, 340411.010744743049145 ], [ -1910.381004619755913, 340411.136044745333493 ], [ -1910.871004621108341, 340411.241544743999839 ], [ -1922.23100463329888, 340413.686344762332737 ], [ -1923.391004634967658, 340413.936044761911035 ], [ -1923.971004635250893, 340414.026044759899378 ], [ -1925.241004636282241, 340414.234744763933122 ], [ -1926.101004637650476, 340414.376044762320817 ], [ -1934.391004647160571, 340415.725544771179557 ], [ -1938.571004651790645, 340416.406044781208038 ], [ -1938.817004646293299, 340423.840644791722298 ], [ -1933.98490463961457, 340423.78224478662014 ], [ -1923.517504626744994, 340423.091344775632024 ], [ -1915.801004616684168, 340423.226044767536223 ], [ -1911.051004609564188, 340424.746044767089188 ], [ -1901.041004597829669, 340424.806044756434858 ], [ -1887.574404582842362, 340421.401444737799466 ], [ -1879.031004574169174, 340418.126044723205268 ] ] ] } },
{ "type": "Feature", "properties": { "ZBEZ": "1402", "university_share": -0.42073275205873301, "avg_income": -1.0254294624817299, "unemprate": -0.63171799622973601, "benefit_share": -0.64383498402819495, "SSI": -0.77095912085853302, "quintile": 2.0, "green_area_sum": 389097.88821594499, "blue_area_sum": 389097.888215944, "census_area_m2": 388888.30034911755, "green_ratio": 1.001, "blue_ratio": 1.001 }, "geometry": { "type": "MultiPolygon", "coordinates": [ [ [ [ -1252.515251446715411, 339274.325894712877925 ], [ -1252.51100469125231, 339274.339742264710367 ], [ -1250.86423730718252, 339274.258057372877374 ], [ -1252.515251446715411, 339274.325894712877925 ] ] ], [ [ [ -1209.661004628525689, 339285.596042238175869 ], [ -1243.361004670173998, 339287.266042275354266 ], [ -1245.055978538845693, 339279.360157121205702 ], [ -1243.361004670797001, 339287.277242274023592 ], [ -1209.496587703834621, 339285.600412123138085 ], [ -1209.661004628525689, 339285.596042238175869 ] ] ] ] } },
{ "type": "Feature", "properties": { "ZBEZ": "1403", "university_share": 0.64378106382830003, "avg_income": -0.025310027740548701, "unemprate": 0.121307861179364, "benefit_share": 0.29965282361474899, "SSI": 0.30667294798984701, "quintile": 4.0, "green_area_sum": 939539.10654488462, "blue_area_sum": 940940.15760085394, "census_area_m2": 939030.99917747278, "green_ratio": 1.001, "blue_ratio": 1.002 }, "geometry": { "type": "MultiPolygon", "coordinates": [ [ [ [ -1310.70100514496562, 338800.996041567996144 ], [ -1310.88100514467942, 338800.856041570194066 ], [ -1311.061005146069419, 338800.706041569821537 ], [ -1311.241005146005136, 338800.566041567362845 ], [ -1311.411005145398576, 338800.416041566990316 ], [ -1311.581005147094629, 338800.266041570343077 ], [ -1311.751005146814123, 338800.10604156460613 ], [ -1311.911005147397418, 338799.956041568890214 ], [ -1311.921005147301685, 338799.946041566319764 ], [ -1312.071005147455935, 338799.79604156780988 ], [ -1312.231005148669738, 338799.636041568592191 ], [ -1312.341005147963415, 338799.516041567549109 ], [ -1312.391005149058628, 338799.466041567735374 ], [ -1312.541005148008935, 338799.296041570603848 ], [ -1312.701005149165667, 338799.126041570678353 ], [ -1312.841005149506827, 338798.956041569821537 ], [ -1312.891005149547709, 338798.896041567437351 ], [ -1312.991005150176534, 338798.776041568256915 ], [ -1313.131005149294197, 338798.596041566692293 ], [ -1315.631005151899444, 338799.686041570268571 ], [ -1319.15100516388452, 338789.936041558161378 ], [ -1325.401005186492284, 338772.606041539460421 ], [ -1325.992406391369514, 338770.966882298118435 ], [ -1325.993005188513735, 338770.967041535302997 ], [ -1315.881005152915122, 338799.916041570715606 ], [ -1310.576272973878304, 338801.086125914356671 ], [ -1310.70100514496562, 338800.996041567996144 ] ] ], [ [ [ -1295.981005124072908, 338804.226041560061276 ], [ -1296.901005126245082, 338802.166041556745768 ], [ -1297.101005126856535, 338802.266041553579271 ], [ -1297.311005127220142, 338802.366041558794677 ], [ -1297.521005127096259, 338802.466041558422148 ], [ -1297.731005127229992, 338802.556041556410491 ], [ -1297.941005128083361, 338802.646041558124125 ], [ -1298.151005127827148, 338802.726041560061276 ], [ -1298.361005128316492, 338802.806041559204459 ], [ -1298.571005127897479, 338802.886041559278965 ], [ -1298.79100512753962, 338802.956041558645666 ], [ -1299.011005128270426, 338803.036041558720171 ], [ -1299.231005129350706, 338803.096041561104357 ], [ -1299.451005128418501, 338803.156041561625898 ], [ -1299.671005128782554, 338803.216041563078761 ], [ -1299.891005129498353, 338803.276041562668979 ], [ -1300.111005129509977, 338803.316041561774909 ], [ -1300.286170276302528, 338803.355851822299883 ], [ -1295.941374003980627, 338804.314199562184513 ], [ -1295.981005124072908, 338804.226041560061276 ] ] ] ] } },
{ "type": "Feature", "properties": { "ZBEZ": "1404", "university_share": -0.50516901353752197, "avg_income": -0.55650774042233098, "unemprate": -0.39999376205459802, "benefit_share": -0.43944836372163498, "SSI": -0.54804738544362797, "quintile": 2.0, "green_area_sum": 985514.35212678614, "blue_area_sum": 985514.35212678742, "census_area_m2": 984983.44863242202, "green_ratio": 1.001, "blue_ratio": 1.001 }, "geometry": { "type": "Polygon", "coordinates": [ [ [ -2239.821005885625709, 339352.73604339081794 ], [ -2240.469705886099746, 339352.782093889138196 ], [ -2240.469705883946972, 339355.475943392142653 ], [ -2239.434495324959698, 339355.40693045547232 ], [ -2239.821005885625709, 339352.73604339081794 ] ] ] } },
{ "type": "Feature", "properties": { "ZBEZ": "1405", "university_share": 0.067684267341296706, "avg_income": 0.25455899627509598, "unemprate": 0.32532655734281302, "benefit_share": 0.40242063641366199, "SSI": 0.25383090701656003, "quintile": 4.0, "green_area_sum": 1141220.5553716579, "blue_area_sum": 1141220.5553716584, "census_area_m2": 1140609.1773909749, "green_ratio": 1.001, "blue_ratio": 1.001 }, "geometry": { "type": "Polygon", "coordinates": [ [ [ -2850.58110612170185, 340028.058545082807541 ], [ -2845.051106099481331, 340048.058545108884573 ], [ -2834.930906072322614, 340065.433545127511024 ], [ -2798.120906058400578, 340024.558545023202896 ], [ -2850.58110612170185, 340028.058545082807541 ] ] ] } },
{ "type": "Feature", "properties": { "ZBEZ": "1406", "university_share": -0.24655476822153199, "avg_income": -0.20545998464805501, "unemprate": 0.075201519407390199, "benefit_share": -0.23331055120654101, "SSI": -0.196470604268663, "quintile": 3.0, "green_area_sum": 980015.272060927, "blue_area_sum": 980234.23970485677, "census_area_m2": 979486.94446111447, "green_ratio": 1.001, "blue_ratio": 1.001 }, "geometry": { "type": "Polygon", "coordinates": [ [ [ -4351.881408481503058, 339468.656945708207786 ], [ -4350.117208467094315, 339482.574645728804171 ], [ -4389.125808514426353, 339486.691045773215592 ], [ -4388.929708505445888, 339497.66834579128772 ], [ -4488.313408616281777, 339516.878645922988653 ], [ -4488.705508611687947, 339522.759345930069685 ], [ -4351.489308439798151, 339519.622945788316429 ], [ -4302.091508386161877, 339507.66554571967572 ], [ -4313.264808435976192, 339462.776245659217238 ], [ -4351.881408481503058, 339468.656945708207786 ] ] ] } },
{ "type": "Feature", "properties": { "ZBEZ": "1407", "university_share": -1.3106915281118401, "avg_income": -1.30209349452108, "unemprate": -2.0602931512817202, "benefit_share": -1.7383891580344999, "SSI": -1.6692740640847601, "quintile": 1.0, "green_area_sum": 165026.58267357288, "blue_area_sum": 165026.58267357151, "census_area_m2": 164937.77613875832, "green_ratio": 1.001, "blue_ratio": 1.001 }, "geometry": { "type": "Polygon", "coordinates": [ [ [ -4349.014380377499037, 339951.94733897264814 ], [ -4353.351508102959997, 339943.118146465159953 ], [ -4357.704008109304596, 339942.39274646807462 ], [ -4433.147608182783188, 339970.865346589125693 ], [ -4421.919965114369916, 339995.075003297242802 ], [ -4349.014380377499037, 339951.94733897264814 ] ] ] } },
{ "type": "Feature", "properties": { "ZBEZ": "1408", "university_share": 0.086064552089620605, "avg_income": 0.30225969147012799, "unemprate": 0.0348672283521246, "benefit_share": -0.35400031959466, "SSI": 0.084629568661065593, "quintile": 3.0, "green_area_sum": 1118030.3744048958, "blue_area_sum": 1118030.3744048958, "census_area_m2": 1117431.0059720511, "green_ratio": 1.001, "blue_ratio": 1.001 }, "geometry": { "type": "Polygon", "coordinates": [ [ [ -3586.097507049033993, 340039.213245840743184 ], [ -3557.356207014315714, 340037.606545813381672 ], [ -3558.427307031533473, 340017.791145781055093 ], [ -3735.873707240718886, 340038.499145993962884 ], [ -3734.981107229122699, 340052.244946013204753 ], [ -3585.38350705226776, 340035.642845836468041 ], [ -3586.097507049033993, 340039.213245840743184 ] ] ] } },
{ "type": "Feature", "properties": { "ZBEZ": "1409", "university_share": -0.86579468935349402, "avg_income": -1.27314000187229, "unemprate": -6.2809019183766202, "benefit_share": -4.8585353304809704, "SSI": -2.85183847774592, "quintile": 1.0, "green_area_sum": 1008993.7366912195, "blue_area_sum": 1010234.6698568076, "census_area_m2": 1008456.2636292482, "green_ratio": 1.001, "blue_ratio": 1.002 }, "geometry": { "type": "Polygon", "coordinates": [ [ [ -4454.611006908825402, 341595.826049200259149 ], [ -4455.006115760670582, 341596.58159774763044 ], [ -4357.205006670159491, 341738.880049331113696 ], [ -4342.735006642762528, 341751.060049332678318 ], [ -4310.205006598211185, 341754.090049306862056 ], [ -4254.205006536062683, 341743.280049233697355 ], [ -4243.215006519330018, 341746.940049228258431 ], [ -4234.635006448194872, 341822.720049335621297 ], [ -4222.535006414984309, 341843.910049365833402 ], [ -4209.995006398709847, 341844.230049348436296 ], [ -4185.525006363413013, 341850.72004933282733 ], [ -4157.145006323741654, 341854.740049313753843 ], [ -4104.485006261216768, 341848.300049247220159 ], [ -4075.665006226692185, 341844.740049215964973 ], [ -4036.105006186091032, 341834.880049160681665 ], [ -4038.995006198048486, 341823.350049141794443 ], [ -4037.76413840750638, 341822.889871454739477 ], [ -4037.871006197680799, 341822.606049139983952 ], [ -4038.121006197734005, 341821.956049140542746 ], [ -4028.991006189781729, 341817.956049121916294 ], [ -4028.671006189350919, 341817.806049126200378 ], [ -4028.351006189863256, 341817.656049123965204 ], [ -4028.03100618871531, 341817.506049122661352 ], [ -4027.701006188603515, 341817.366049121133983 ], [ -4027.371006187935109, 341817.226049124263227 ], [ -4027.041006187898802, 341817.096049123443663 ], [ -4026.711006187520979, 341816.966049118898809 ], [ -4026.381006186796185, 341816.836049121804535 ], [ -4026.051006186913582, 341816.706049121916294 ], [ -4025.721006187062358, 341816.59604911878705 ], [ -4025.511006185928181, 341816.516049116849899 ], [ -4025.381006185773003, 341816.476049120537937 ], [ -4025.051006185787628, 341816.366049115546048 ], [ -4024.901006186476479, 341816.316049116663635 ], [ -4024.711006185453698, 341816.256049117073417 ], [ -4024.371006185527222, 341816.146049116738141 ], [ -4024.031006185374736, 341816.046049116179347 ], [ -4023.841006184885373, 341815.996049113571644 ], [ -4023.691006185126753, 341815.956049119122326 ], [ -4023.551006183348818, 341815.916049116291106 ], [ -4023.351006185458573, 341815.856049115769565 ], [ -4023.121006183960162, 341815.796049115248024 ], [ -4023.00100618348597, 341815.766049113124609 ], [ -4022.661006183171139, 341815.686049115844071 ], [ -4022.311006183866539, 341815.60604911390692 ], [ -4022.241006183580794, 341815.586049114353955 ], [ -4021.971006183576719, 341815.526049112901092 ], [ -4021.701006182175661, 341815.466049113310874 ], [ -4021.621006182363089, 341815.446049112826586 ], [ -4021.271006182202655, 341815.376049114391208 ], [ -4020.921006181629764, 341815.316049111075699 ], [ -4020.571006181774464, 341815.256049112416804 ], [ -4020.231006181359589, 341815.196049110963941 ], [ -4019.871006180447694, 341815.1360491104424 ], [ -4019.521006180096265, 341815.086049111559987 ], [ -4019.17100617917913, 341815.046049109660089 ], [ -4018.821006179553933, 341814.996049111708999 ], [ -4018.471006179170672, 341814.956049112603068 ], [ -4018.271006179243159, 341814.946049109101295 ], [ -4018.111006178318348, 341814.926049108617008 ], [ -4017.881006177728068, 341814.90604910813272 ], [ -4017.761006177690433, 341814.896049108356237 ], [ -4017.411006177443141, 341814.866049108095467 ], [ -4017.051006177074214, 341814.846049107611179 ], [ -4016.701006176891042, 341814.826049107126892 ], [ -4016.351006176723786, 341814.816049108281732 ], [ -4015.991006175510847, 341814.806049107573926 ], [ -4015.681006175776474, 341814.796049105934799 ], [ -4015.641006175795155, 341814.796049106866121 ], [ -4015.281006174810045, 341814.796049105003476 ], [ -4014.93100617516393, 341814.796049104072154 ], [ -4014.78100617445034, 341814.796049105003476 ], [ -4014.571006174265676, 341814.796049106866121 ], [ -4014.33100617335549, 341814.806049105711281 ], [ -4014.221006174010199, 341814.806049101985991 ], [ -4013.861006173762235, 341814.816049102693796 ], [ -4013.771006172968555, 341814.826049104332924 ], [ -4013.511006172112502, 341814.836049103178084 ], [ -4013.151006172719008, 341814.856049103662372 ], [ -4012.801006171501285, 341814.886049104854465 ], [ -4012.6510061720046, 341814.896049103699625 ], [ -4012.451006170931123, 341814.91604910325259 ], [ -4012.181006171569152, 341814.936049101874232 ], [ -4012.091006170696801, 341814.946049101650715 ], [ -4011.74100617039403, 341814.986049101687968 ], [ -4011.391006170309083, 341815.026049101725221 ], [ -4011.171006169430711, 341815.056049101054668 ], [ -4011.041006169496541, 341815.066049102693796 ], [ -4010.691006169188313, 341815.116049101576209 ], [ -4010.331006168009935, 341815.17604910209775 ], [ -4009.981006167983196, 341815.226049100980163 ], [ -4009.74100616773876, 341815.266049097292125 ], [ -4009.631006167288433, 341815.286049099639058 ], [ -4009.291006166873103, 341815.356049099005759 ], [ -4008.941006166153329, 341815.426049100235105 ], [ -4008.773482800954298, 341815.459553772467189 ], [ -4000.885006157123826, 341814.200049090199172 ], [ -3996.715480378036318, 341820.768567502498627 ], [ -3996.691006147106691, 341820.786049095913768 ], [ -3996.571006146654781, 341820.876049094833434 ], [ -3996.401006146131294, 341820.99604909773916 ], [ -3996.121006145656793, 341821.21604909747839 ], [ -3995.831006144502226, 341821.426049097441137 ], [ -3995.551006144324674, 341821.646049097180367 ], [ -3995.281006143706236, 341821.866049095056951 ], [ -3995.261006143545728, 341821.886049095541239 ], [ -3995.001006142682854, 341822.096049094572663 ], [ -3994.731006142809292, 341822.326049097813666 ], [ -3994.4610061420085, 341822.556049098260701 ], [ -3994.201006141920061, 341822.786049098707736 ], [ -3993.941006141333673, 341823.026049096137285 ], [ -3993.67100614005949, 341823.26604909915477 ], [ -3993.601006141578182, 341823.336049098521471 ], [ -3993.411006140604968, 341823.506049097515643 ], [ -3993.201006140095615, 341823.716049098409712 ], [ -3993.161006139569054, 341823.756049095652997 ], [ -3992.911006139624988, 341824.00604910030961 ], [ -3992.661006138653192, 341824.256049098446965 ], [ -3992.561006138628272, 341824.356049099005759 ], [ -3992.411006137957429, 341824.516049100086093 ], [ -3992.171006137310542, 341824.76604909915477 ], [ -3991.921006136352844, 341825.026049098931253 ], [ -3991.691006137074964, 341825.286049099639058 ], [ -3991.451006136093838, 341825.556049098260701 ], [ -3991.221006135919652, 341825.826049097813666 ], [ -3990.99100613480141, 341826.096049096435308 ], [ -3990.761006134157014, 341826.366049101576209 ], [ -3990.54100613345463, 341826.646049100905657 ], [ -3990.32100613305056, 341826.92604910209775 ], [ -3990.10100613365239, 341827.206049101427197 ], [ -3989.891006132676921, 341827.486049099825323 ], [ -3989.781006131986942, 341827.626049101352692 ], [ -3989.681006132367202, 341827.77604909799993 ], [ -3989.471006132041111, 341828.056049101054668 ], [ -3989.271006131386457, 341828.346049099229276 ], [ -3989.071006130232945, 341828.636049102991819 ], [ -3988.871006129228135, 341828.93604910094291 ], [ -3988.821006129727266, 341829.016049100086093 ], [ -3988.671006129135094, 341829.236049100756645 ], [ -3988.481006129206435, 341829.536049100570381 ], [ -3988.291006128427853, 341829.836049101315439 ], [ -3988.111006128311601, 341830.136049103923142 ], [ -3988.081006127726141, 341830.1860491046682 ], [ -3987.931006128422268, 341830.4360491046682 ], [ -3987.751006126864468, 341830.746049102395773 ], [ -3987.581006126766169, 341831.056049101985991 ], [ -3987.53100612690605, 341831.146049103699625 ], [ -3987.411006125962103, 341831.366049101576209 ], [ -3987.241006126046159, 341831.6860491046682 ], [ -3987.081006125685235, 341831.996049106121063 ], [ -3986.921006124506675, 341832.316049104556441 ], [ -3986.761006123676452, 341832.626049104146659 ], [ -3986.651006124461219, 341832.866049105301499 ], [ -3986.61100612398559, 341832.956049107946455 ], [ -3986.461006123057814, 341833.276049102656543 ], [ -3986.321006123013831, 341833.596049104817212 ], [ -3986.171006121920982, 341833.926049107685685 ], [ -3986.091006121735063, 341834.116049107164145 ], [ -3986.031006122107556, 341834.246049107983708 ], [ -3985.901006121691807, 341834.576049106195569 ], [ -3985.88100612121616, 341834.62604910787195 ], [ -3985.771006121614391, 341834.906049109064043 ], [ -3980.561006105891011, 341846.686049119569361 ], [ -3979.281006103448817, 341846.336049118079245 ], [ -3969.871006093782398, 341843.69604910723865 ], [ -3965.391006089520943, 341842.806049101054668 ], [ -3958.831006081724354, 341841.496049091219902 ], [ -3947.591006068441857, 341839.91604907810688 ], [ -3946.461006067374001, 341839.846049075014889 ], [ -3936.271006055104408, 341839.196049063466489 ], [ -3930.045193284781362, 341839.031779592682142 ], [ -3930.035006047332899, 341839.030049055814743 ], [ -3929.976699765382818, 341839.029972375778016 ], [ -3928.691006045371978, 341838.996049057692289 ], [ -3924.911006040908433, 341838.89604905154556 ], [ -3913.571006026197665, 341838.906049042008817 ], [ -3908.291006018886037, 341838.94604903459549 ], [ -3902.507463803570317, 341838.993846903031226 ], [ -3890.495005996181135, 341838.978049022145569 ], [ -3853.685005949942024, 341838.929048979654908 ], [ -3783.386465495204902, 341837.034471491002478 ], [ -3779.451005857198197, 341836.436048901639879 ], [ -3779.057355870797437, 341836.377119262819178 ], [ -3715.916005796107129, 341812.898048797622323 ], [ -3704.985698474707533, 341807.276529946015216 ], [ -3700.381005781918702, 341804.516048771329224 ], [ -3698.331177618750189, 341803.287616033339873 ], [ -3671.351005761631768, 341784.716048710979521 ], [ -3687.82100583700003, 341716.736048618331552 ], [ -3684.061005859087345, 341683.626048560254276 ], [ -3727.931005980165992, 341602.146048477850854 ], [ -3678.247606019461273, 341473.109648218378425 ], [ -3666.851006053930178, 341412.466048114933074 ], [ -3680.771006080360166, 341400.97504810988903 ], [ -3899.931006432802405, 341309.596048184670508 ], [ -3880.411006463251397, 341238.546048054471612 ], [ -3967.811006597360574, 341211.446048096753657 ], [ -3995.45100657787907, 341279.366048232652247 ], [ -4094.791006718695371, 341260.656048305332661 ], [ -4264.111006958206417, 341231.586048427037895 ], [ -4254.835007007320201, 341154.960048298351467 ], [ -4443.655007282577571, 341111.220048417337239 ], [ -4490.30500734121415, 341113.030048468150198 ], [ -4561.715007416419212, 341132.630048570223153 ], [ -4618.155007477395884, 341145.620048648677766 ], [ -4636.43500750946987, 341135.470048646442592 ], [ -4676.515007601146863, 341084.500048610381782 ], [ -4690.973007637997398, 341061.374048587866127 ], [ -4745.385007678540205, 341097.600048700347543 ], [ -4747.855007670574196, 341110.890048721805215 ], [ -4716.37500760646526, 341141.46004874072969 ], [ -4686.645007557721328, 341154.490048731677234 ], [ -4665.505007522262531, 341165.730048726312816 ], [ -4651.315007490803509, 341182.140048741362989 ], [ -4642.745007465323397, 341199.640048760920763 ], [ -4631.965007436008818, 341219.760048781521618 ], [ -4610.385007387470068, 341246.440048802644014 ], [ -4501.325007207697126, 341297.040048772469163 ], [ -4486.415007167158365, 341323.490048801526427 ], [ -4480.225007143907533, 341343.490048825740814 ], [ -4500.885007136444983, 341385.590048916637897 ], [ -4524.813573956233995, 341423.271923903550487 ], [ -4523.611007134996726, 341424.006048996932805 ], [ -4541.901007135220425, 341452.576049064286053 ], [ -4543.541007128557794, 341462.276049078442156 ], [ -4542.499809780191754, 341465.188509432598948 ], [ -4536.993333470852122, 341476.61159158666851 ], [ -4454.611006908825402, 341595.826049200259149 ] ], [ [ -3735.231006065521342, 341505.58604833111167 ], [ -3763.522006045178841, 341577.766048472374678 ], [ -3751.681005982888109, 341636.481048555113375 ], [ -3758.471005978111407, 341653.476048590615392 ], [ -3820.091006121689588, 341570.546048521064222 ], [ -3856.061006193590401, 341538.816048509441316 ], [ -3736.081006073613935, 341496.116048313677311 ], [ -3735.231006065521342, 341505.58604833111167 ] ] ] } },
{ "type": "Feature", "properties": { "ZBEZ": "1410", "university_share": 0.63482494125131494, "avg_income": 0.54584334513571198, "unemprate": 0.66949149783425599, "benefit_share": 0.38402538602226999, "SSI": 0.63166743169690698, "quintile": 4.0, "green_area_sum": 3170591.3546386417, "blue_area_sum": 3183782.2230932717, "census_area_m2": 3168897.0789505886, "green_ratio": 1.001, "blue_ratio": 1.005 }, "geometry": { "type": "Polygon", "coordinates": [ [ [ -6034.691009982692776, 340270.266048683784902 ], [ -6044.811009991505671, 340275.796048705466092 ], [ -6056.051009999873713, 340281.596048724837601 ], [ -6059.301010003037845, 340283.086048729717731 ], [ -6067.871010011595899, 340287.026048744097352 ], [ -6073.201010015518477, 340289.376048756763339 ], [ -6078.261010020854883, 340291.596048760227859 ], [ -6078.331010020333451, 340291.626048761419952 ], [ -6084.94101002748539, 340294.206048774532974 ], [ -6101.121010042654234, 340300.756048800423741 ], [ -6114.901010055802544, 340306.046048823744059 ], [ -6128.831010069920922, 340310.796048844233155 ], [ -6141.251010081839922, 340314.91604886110872 ], [ -6148.971010090531308, 340317.406048874370754 ], [ -6152.501010093767945, 340318.546048882417381 ], [ -6165.17101010647275, 340321.966048899106681 ], [ -6175.351010118843078, 340324.336048912256956 ], [ -6175.471010119004859, 340324.366048910655081 ], [ -6178.321010121930158, 340324.826048915274441 ], [ -6179.261010122556399, 340324.96604891680181 ], [ -6185.410630887973639, 340325.9823546706466 ], [ -6185.924610110796493, 340350.241948964074254 ], [ -6169.551110089364556, 340351.558548949658871 ], [ -6138.131110050841016, 340349.371048914268613 ], [ -6098.130210007995629, 340339.496048858389258 ], [ -6057.600909967270127, 340324.652248794212937 ], [ -6017.430909931809765, 340305.183548722416162 ], [ -5977.910909899832404, 340282.902248649857938 ], [ -5938.131109871789704, 340255.339748562313616 ], [ -5749.241009740941081, 340117.121048154309392 ], [ -5740.250809736956398, 340109.058548131026328 ], [ -5657.441209686650836, 340038.871047935448587 ], [ -5603.301109649713908, 339999.99604781717062 ], [ -5566.451009623413483, 339973.558547738939524 ], [ -5485.930909565558068, 339916.964747563935816 ], [ -5471.981209556402064, 339907.121047535911202 ], [ -5467.580809553876861, 339903.402247526682913 ], [ -5456.961209545631391, 339896.152247501537204 ], [ -5305.370909440298419, 339786.527247177436948 ], [ -5323.551109479819388, 339766.464747164398432 ], [ -5478.491009589604801, 339875.652247494086623 ], [ -5489.17120959802196, 339882.808547516353428 ], [ -5493.451009600235921, 339886.402247527614236 ], [ -5507.321109609693849, 339896.121047554537654 ], [ -5584.289576434362061, 339950.219811992894392 ], [ -5616.731009688638551, 339973.276047786697745 ], [ -5624.991009693791966, 339979.166047805920243 ], [ -5654.221009714558932, 339999.996047872118652 ], [ -5659.161009717469824, 340003.51604788005352 ], [ -5695.101009743199938, 340029.036047955043614 ], [ -5698.321009745665833, 340031.34604796487838 ], [ -5706.241439020705911, 340035.934314271959011 ], [ -5761.64090979095181, 340074.871048097498715 ], [ -5771.79080979830178, 340082.121048118919134 ], [ -5937.701009911458641, 340204.58974848035723 ], [ -5988.49100994548462, 340242.964748594909906 ], [ -6018.750809969578768, 340261.339748653583229 ], [ -6032.232609979744666, 340269.531648679636419 ], [ -6034.365697690741399, 340270.080155945208389 ], [ -6034.691009982692776, 340270.266048683784902 ] ] ] } },
{ "type": "Feature", "properties": { "ZBEZ": "1411", "university_share": 1.03170093237153, "avg_income": 1.40991934317465, "unemprate": 1.3304847781115501, "benefit_share": 1.32665784071194, "SSI": 1.39479322654477, "quintile": 5.0, "green_area_sum": 3003787.7672266122, "blue_area_sum": 3011598.2360801534, "census_area_m2": 3002189.7898627063, "green_ratio": 1.001, "blue_ratio": 1.003 }, "geometry": { "type": "Polygon", "coordinates": [ [ [ -6715.921010595705411, 340587.696049878373742 ], [ -6773.198039852180955, 340603.562263034749776 ], [ -6802.041810686971985, 340611.558550004847348 ], [ -6798.261010660718057, 340637.308550039306283 ], [ -6715.81081055901177, 340633.964749951846898 ], [ -6711.761010553829692, 340633.246049948036671 ], [ -6713.080810564506464, 340622.433549930341542 ], [ -6715.651210593666292, 340590.027249881066382 ], [ -6715.708874780680162, 340589.526703384821303 ], [ -6715.921010595705411, 340587.696049878373742 ] ] ] } },
{ "type": "Feature", "properties": { "ZBEZ": "1412", "university_share": 0.66232267069918205, "avg_income": 0.85471924498943996, "unemprate": 0.87874501623769496, "benefit_share": 0.97140952868545005, "SSI": 0.90346902147810004, "quintile": 4.0, "green_area_sum": 20339788.634238031, "blue_area_sum": 20592378.218155742, "census_area_m2": 20327414.800682757, "green_ratio": 1.001, "blue_ratio": 1.013 }, "geometry": { "type": "MultiPolygon", "coordinates": [ [ [ [ -7894.511012256769391, 340388.776050752028823 ], [ -7932.263091799167341, 340412.201700165809598 ], [ -7932.130112286553413, 340412.291950827464461 ], [ -7924.476812280377999, 340407.546950811520219 ], [ -7909.227012268152066, 340398.09205078240484 ], [ -7895.090212256986888, 340389.327750752680004 ], [ -7894.331433343865683, 340388.857311574509367 ], [ -7894.511012256769391, 340388.776050752028823 ] ] ], [ [ [ -7796.209601224664766, 340433.123149116174318 ], [ -7795.871012095984042, 340433.276050720363855 ], [ -7783.969012077825028, 340437.502050718292594 ], [ -7767.312288141229146, 340443.416364113450982 ], [ -7796.209601224664766, 340433.123149116174318 ] ] ], [ [ [ -7510.251011678114992, 340499.996050540357828 ], [ -7516.321011687778991, 340498.266050545498729 ], [ -7528.941011705910569, 340494.676050550304353 ], [ -7595.711011806729402, 340475.646050589159131 ], [ -7657.431011900174781, 340457.826050622388721 ], [ -7693.61101194665298, 340457.006050657480955 ], [ -7730.779831500307409, 340456.388065493956674 ], [ -7730.701011993794054, 340456.41605069488287 ], [ -7728.399011991244151, 340456.47125069051981 ], [ -7662.480011905704487, 340458.052050626836717 ], [ -7659.381011901822603, 340458.126050624996424 ], [ -7658.794411901066269, 340458.29125062469393 ], [ -7658.781011901801321, 340458.295050623826683 ], [ -7655.843011896721691, 340459.12305062264204 ], [ -7524.21801169914761, 340496.228050551377237 ], [ -7512.961911682183199, 340499.401050544343889 ], [ -7510.851011678727446, 340499.996050541289151 ], [ -7509.765511677535869, 340500.263950540684164 ], [ -7506.434264566722049, 340501.086018279602285 ], [ -7510.251011678114992, 340499.996050540357828 ] ] ], [ [ [ -7419.43406437315025, 340481.110217754088808 ], [ -7419.223511577717545, 340481.088050421327353 ], [ -7419.191011577810968, 340480.816050417721272 ], [ -7419.074111580634053, 340477.49445041641593 ], [ -7419.071011580797858, 340477.406050412915647 ], [ -7419.031011580877021, 340476.906050411984324 ], [ -7419.019844670326165, 340476.76367230375763 ], [ -7419.43406437315025, 340481.110217754088808 ] ] ], [ [ [ -7419.001011580319755, 340476.496050411835313 ], [ -7419.001011580362501, 340476.523550408834126 ], [ -7418.991011580684244, 340476.396050414070487 ], [ -7418.989902344640541, 340476.377403773425613 ], [ -7419.001011580319755, 340476.496050411835313 ] ] ], [ [ [ -7412.971011639574499, 340394.29605027474463 ], [ -7413.201913362555388, 340397.643317949783523 ], [ -7412.982011638656331, 340394.806050274521112 ], [ -7412.960011638595461, 340394.534050274640322 ], [ -7412.912465447985596, 340393.765231467841659 ], [ -7412.971011639574499, 340394.29605027474463 ] ] ] ] } },
{ "type": "Feature", "properties": { "ZBEZ": "1501", "university_share": -0.24356032025383301, "avg_income": -0.96447285289669504, "unemprate": -0.64258142177993005, "benefit_share": -0.417861881654361, "SSI": -0.64307237473218604, "quintile": 2.0, "green_area_sum": 447059.35213058768, "blue_area_sum": 447059.35213058739, "census_area_m2": 446819.83108736743, "green_ratio": 1.001, "blue_ratio": 1.001 }, "geometry": { "type": "Polygon", "coordinates": [ [ [ -533.333403101861677, 340120.311842888593674 ], [ -514.515103070117675, 340129.384842885658145 ], [ -507.12230307508878, 340110.790742846205831 ], [ -534.453503112990461, 340107.654342871159315 ], [ -533.333403101861677, 340120.311842888593674 ] ] ] } },
{ "type": "Feature", "properties": { "ZBEZ": "1502", "university_share": 0.081428753002706605, "avg_income": -0.90915572477849704, "unemprate": -0.30468830751257098, "benefit_share": 0.387426668631563, "SSI": -0.29091532780592999, "quintile": 3.0, "green_area_sum": 396462.78728634375, "blue_area_sum": 396462.78728634346, "census_area_m2": 396249.7474858393, "green_ratio": 1.001, "blue_ratio": 1.001 }, "geometry": { "type": "Polygon", "coordinates": [ [ [ -500.979845144871888, 339889.89980114903301 ], [ -500.421003244071187, 339888.62104248534888 ], [ -500.422850972390108, 339888.620287043857388 ], [ -500.979845144871888, 339889.89980114903301 ] ] ] } },
{ "type": "Feature", "properties": { "ZBEZ": "1503", "university_share": 0.067810308058967206, "avg_income": -0.91723169263433002, "unemprate": -0.60564608010987497, "benefit_share": -0.36756299579506901, "SSI": -0.494266634795125, "quintile": 2.0, "green_area_sum": 682263.65420604544, "blue_area_sum": 682263.65420604509, "census_area_m2": 681895.56671044813, "green_ratio": 1.001, "blue_ratio": 1.001 }, "geometry": { "type": "Polygon", "coordinates": [ [ [ 70.333996770155437, 338999.996040490455925 ], [ 65.09899677504535, 339013.652240516617894 ], [ 82.478996800734194, 339019.214740507304668 ], [ 90.079996796364838, 338999.996040470898151 ], [ 98.108996788967417, 338979.714740429073572 ], [ 95.418996785377573, 338978.683540430851281 ], [ 80.518996762046172, 338973.433540437370539 ], [ 70.333996770155437, 338999.996040490455925 ] ] ] } },
{ "type": "Feature", "properties": { "ZBEZ": "1504", "university_share": -0.211458222431847, "avg_income": -1.1305022554916799, "unemprate": -0.55207806441618101, "benefit_share": -0.82090013149000496, "SSI": -0.75043075797748804, "quintile": 2.0, "green_area_sum": 408688.45782280946, "blue_area_sum": 409629.4633760759, "census_area_m2": 408466.75208211673, "green_ratio": 1.001, "blue_ratio": 1.003 }, "geometry": { "type": "Polygon", "coordinates": [ [ [ -215.039004061448082, 338413.960939842276275 ], [ -219.53690407042842, 338409.462939841672778 ], [ -226.945304082659931, 338406.023339841514826 ], [ -231.707804088820865, 338404.965039844624698 ], [ -238.322404097743743, 338404.171339850872755 ], [ -333.572604219112691, 338404.700439947657287 ], [ -334.366304217586958, 338408.93383995629847 ], [ -298.118304165381574, 338414.754639927297831 ], [ -296.795404167709648, 338409.727539917454123 ], [ -290.445404160135467, 338409.992139913141727 ], [ -205.249404027316871, 338439.89013987313956 ], [ -203.66190402714696, 338438.038039867766201 ], [ -215.039004061448082, 338413.960939842276275 ] ] ] } },
{ "type": "Feature", "properties": { "ZBEZ": "1505", "university_share": -0.24558797024583401, "avg_income": -0.87667209201035401, "unemprate": -0.83698890074227805, "benefit_share": -0.58961666337072605, "SSI": -0.67907175655455798, "quintile": 2.0, "green_area_sum": 768162.39890323475, "blue_area_sum": 768327.42780232814, "census_area_m2": 767746.79471832723, "green_ratio": 1.001, "blue_ratio": 1.001 }, "geometry": { "type": "Polygon", "coordinates": [ [ [ -1300.111005129509977, 338803.316041561774909 ], [ -1299.891005129498353, 338803.276041562668979 ], [ -1299.671005128782554, 338803.216041563078761 ], [ -1299.451005128418501, 338803.156041561625898 ], [ -1299.231005129350706, 338803.096041561104357 ], [ -1299.011005128270426, 338803.036041558720171 ], [ -1298.79100512753962, 338802.956041558645666 ], [ -1298.571005127897479, 338802.886041559278965 ], [ -1298.361005128316492, 338802.806041559204459 ], [ -1298.151005127827148, 338802.726041560061276 ], [ -1297.941005128083361, 338802.646041558124125 ], [ -1297.731005127229992, 338802.556041556410491 ], [ -1297.521005127096259, 338802.466041558422148 ], [ -1297.311005127220142, 338802.366041558794677 ], [ -1297.101005126856535, 338802.266041553579271 ], [ -1296.901005126245082, 338802.166041556745768 ], [ -1295.981005124072908, 338804.226041560061276 ], [ -1295.941374003980627, 338804.314199562184513 ], [ -1295.661005123031828, 338804.376041560433805 ], [ -901.221004763814676, 338626.61604087613523 ], [ -1007.351004867090751, 338666.516041047871113 ], [ -1151.431005003510791, 338724.546041284687817 ], [ -1325.992406391369514, 338770.966882298118435 ], [ -1325.401005186492284, 338772.606041539460421 ], [ -1319.15100516388452, 338789.936041558161378 ], [ -1315.631005151899444, 338799.686041570268571 ], [ -1313.131005149294197, 338798.596041566692293 ], [ -1312.991005150176534, 338798.776041568256915 ], [ -1312.891005149547709, 338798.896041567437351 ], [ -1312.841005149506827, 338798.956041569821537 ], [ -1312.701005149165667, 338799.126041570678353 ], [ -1312.541005148008935, 338799.296041570603848 ], [ -1312.391005149058628, 338799.466041567735374 ], [ -1312.341005147963415, 338799.516041567549109 ], [ -1312.231005148669738, 338799.636041568592191 ], [ -1312.071005147455935, 338799.79604156780988 ], [ -1311.921005147301685, 338799.946041566319764 ], [ -1311.911005147397418, 338799.956041568890214 ], [ -1311.751005146814123, 338800.10604156460613 ], [ -1311.581005147094629, 338800.266041570343077 ], [ -1311.411005145398576, 338800.416041566990316 ], [ -1311.241005146005136, 338800.566041567362845 ], [ -1311.061005146069419, 338800.706041569821537 ], [ -1310.88100514467942, 338800.856041570194066 ], [ -1310.70100514496562, 338800.996041567996144 ], [ -1310.576272973878304, 338801.086125914356671 ], [ -1300.286170276302528, 338803.355851822299883 ], [ -1300.111005129509977, 338803.316041561774909 ] ] ] } },
{ "type": "Feature", "properties": { "ZBEZ": "1506", "university_share": -0.28206463321591602, "avg_income": -0.98432797479001999, "unemprate": -0.58363517922733998, "benefit_share": -0.411361888377972, "SSI": -0.65255660395953097, "quintile": 2.0, "green_area_sum": 526947.22081036028, "blue_area_sum": 526947.22081036004, "census_area_m2": 526663.56553292903, "green_ratio": 1.001, "blue_ratio": 1.001 }, "geometry": { "type": "Polygon", "coordinates": [ [ [ -980.291004186742839, 339472.496042307466269 ], [ -999.481004176564056, 339516.496042396873236 ], [ -996.51100416612644, 339525.058542405255139 ], [ -968.531004121094611, 339536.527242396958172 ], [ -962.141004116062277, 339533.714742383919656 ], [ -943.891004126223265, 339491.027242298237979 ], [ -947.0710041355577, 339484.339742292650044 ], [ -973.07100418044331, 339470.214742293581367 ], [ -980.291004186742839, 339472.496042307466269 ] ] ] } },
{ "type": "Feature", "properties": { "ZBEZ": "1507", "university_share": -0.75618412788785705, "avg_income": -0.962503949412708, "unemprate": -0.96046794068417196, "benefit_share": -0.40638205612358902, "SSI": -0.88866864505098497, "quintile": 1.0, "green_area_sum": 688836.47347387718, "blue_area_sum": 688836.47347387683, "census_area_m2": 688467.68049124489, "green_ratio": 1.001, "blue_ratio": 1.001 }, "geometry": { "type": "Polygon", "coordinates": [ [ [ -1125.151003739846374, 340262.621043712832034 ], [ -1121.161003725117325, 340274.49604372587055 ], [ -1079.221003687217944, 340256.121043656952679 ], [ -1084.03100370150355, 340244.652243641205132 ], [ -1125.151003739846374, 340262.621043712832034 ] ] ] } },
{ "type": "Feature", "properties": { "ZBEZ": "1601", "university_share": 0.213389866040405, "avg_income": -0.96503287202205501, "unemprate": -0.524342907992422, "benefit_share": -0.40460842662718899, "SSI": -0.44990660287638001, "quintile": 2.0, "green_area_sum": 511665.41481380258, "blue_area_sum": 511665.41481380223, "census_area_m2": 511393.39670009632, "green_ratio": 1.001, "blue_ratio": 1.001 }, "geometry": { "type": "Polygon", "coordinates": [ [ [ -51.281001490287103, 341370.186044393107295 ], [ -51.171001487527541, 341372.476044395938516 ], [ 27.955398594011495, 341349.889344278723001 ], [ 18.694998568692093, 341332.691444260068238 ], [ -51.281001490287103, 341370.186044393107295 ] ] ] } },
{ "type": "Feature", "properties": { "ZBEZ": "1602", "university_share": -0.29822029116283499, "avg_income": -1.2349063223997601, "unemprate": -0.88070496280186195, "benefit_share": -0.853260684767563, "SSI": -0.88792739327478198, "quintile": 1.0, "green_area_sum": 300741.33311121858, "blue_area_sum": 300741.3331112187, "census_area_m2": 300580.793367545, "green_ratio": 1.001, "blue_ratio": 1.001 }, "geometry": { "type": "Polygon", "coordinates": [ [ [ 121.462398308721092, 340843.77644338272512 ], [ 127.013598315602252, 340844.061343374662101 ], [ 175.196998381053447, 340848.903843333013356 ], [ 180.437998337099913, 340785.277243226766586 ], [ 125.60899826412647, 340781.308543275110424 ], [ 121.462398308721092, 340843.77644338272512 ] ] ] } },
{ "type": "Feature", "properties": { "ZBEZ": "1603", "university_share": -0.84835415647767398, "avg_income": -0.89923212280683595, "unemprate": -0.70658325987660098, "benefit_share": -0.78991205409311904, "SSI": -0.92334094712270098, "quintile": 1.0, "green_area_sum": 693303.36923572444, "blue_area_sum": 693303.36923572444, "census_area_m2": 692933.67264574405, "green_ratio": 1.001, "blue_ratio": 1.001 }, "geometry": { "type": "Polygon", "coordinates": [ [ [ -1709.430104251425746, 340551.884644765406847 ], [ -1700.789104219158617, 340579.823944800533354 ], [ -1673.137904185653042, 340576.367544771172106 ], [ -1682.426904218099025, 340551.452644735574722 ], [ -1693.660304245652469, 340534.890644722618163 ], [ -1709.430104251425746, 340551.884644765406847 ] ] ] } },
{ "type": "Feature", "properties": { "ZBEZ": "1604", "university_share": -0.238903271047821, "avg_income": -0.71711556275164701, "unemprate": -0.18521452254613099, "benefit_share": -0.21016752315894599, "SSI": -0.42681828156329998, "quintile": 2.0, "green_area_sum": 386339.05655666697, "blue_area_sum": 386339.0565566665, "census_area_m2": 386133.892436061, "green_ratio": 1.001, "blue_ratio": 1.001 }, "geometry": { "type": "Polygon", "coordinates": [ [ [ -912.391002532574134, 341436.936045367270708 ], [ -972.050520573795893, 341450.86880400456721 ], [ -969.615502592517714, 341451.532945451326668 ], [ -964.323802586478337, 341451.003745446912944 ], [ -911.936202528450735, 341440.155845375731587 ], [ -909.025802525947938, 341438.039145368151367 ], [ -909.367047882115344, 341436.332906868716236 ], [ -912.391002532574134, 341436.936045367270708 ] ] ] } },
{ "type": "Feature", "properties": { "ZBEZ": "1605", "university_share": -0.196618939079924, "avg_income": -0.61482553371952098, "unemprate": -0.16520445910683801, "benefit_share": 0.074219702838531604, "SSI": -0.31702625405762402, "quintile": 3.0, "green_area_sum": 582513.14716692932, "blue_area_sum": 582513.14716692956, "census_area_m2": 582205.01047439617, "green_ratio": 1.001, "blue_ratio": 1.001 }, "geometry": { "type": "Polygon", "coordinates": [ [ [ -1486.551102908445273, 341878.371046651154757 ], [ -1489.131002908828805, 341881.621046658605337 ], [ -1480.792002866474832, 341920.996046716347337 ], [ -1476.011002858697566, 341923.027246711775661 ], [ -1420.531002798796862, 341910.277246634475887 ], [ -1418.881002799389989, 341906.527246627956629 ], [ -1429.131002845917692, 341865.152246572077274 ], [ -1486.551102908445273, 341878.371046651154757 ] ] ] } },
{ "type": "Feature", "properties": { "ZBEZ": "1606", "university_share": -0.56710142120095897, "avg_income": -0.63313822109938001, "unemprate": -0.708776351978743, "benefit_share": -0.77737488907616803, "SSI": -0.71893507386933697, "quintile": 2.0, "green_area_sum": 752096.32125245209, "blue_area_sum": 752096.32125245163, "census_area_m2": 751698.6714778461, "green_ratio": 1.001, "blue_ratio": 1.001 }, "geometry": { "type": "Polygon", "coordinates": [ [ [ -1723.821003414091592, 341622.496046484448016 ], [ -1653.891003338561859, 341606.96474638953805 ], [ -1653.892982394796036, 341606.956486178911291 ], [ -1723.821003414091592, 341622.496046484448016 ] ] ] } },
{ "type": "Feature", "properties": { "ZBEZ": "1607", "university_share": -0.18603940658291401, "avg_income": -0.51993886777834397, "unemprate": -0.16974449269213501, "benefit_share": -0.60335534868179097, "SSI": -0.40418394978711603, "quintile": 2.0, "green_area_sum": 424462.32421571016, "blue_area_sum": 424462.32421570964, "census_area_m2": 424236.09907420899, "green_ratio": 1.001, "blue_ratio": 1.001 }, "geometry": { "type": "Polygon", "coordinates": [ [ [ -1949.737704338956064, 340824.92144544236362 ], [ -1940.256404288016256, 340873.531745510175824 ], [ -1933.785104271961472, 340882.260545518249273 ], [ -1927.163204259728445, 340887.527945518493652 ], [ -1941.309904330300242, 340822.965045430697501 ], [ -1949.737704338956064, 340824.92144544236362 ] ] ] } },
{ "type": "Feature", "properties": { "ZBEZ": "1608", "university_share": -0.43028149655631798, "avg_income": -0.0560699800341566, "unemprate": 0.64491521560531595, "benefit_share": 0.43344999248157401, "SSI": 0.019545027636294399, "quintile": 3.0, "green_area_sum": 998278.66101025068, "blue_area_sum": 998278.66101024987, "census_area_m2": 997746.84283637651, "green_ratio": 1.001, "blue_ratio": 1.001 }, "geometry": { "type": "Polygon", "coordinates": [ [ [ -3441.061006040678876, 341069.766047338023782 ], [ -3441.062168466512958, 341069.780461418675259 ], [ -3439.481006037792667, 341070.277247337624431 ], [ -3435.511006045020622, 341054.277247306890786 ], [ -3427.741006047359406, 341039.839747276157141 ], [ -3437.721325579261702, 341029.459903404174838 ], [ -3441.061006040678876, 341069.766047338023782 ] ] ] } },
{ "type": "Feature", "properties": { "ZBEZ": "1609", "university_share": 1.53184125831674, "avg_income": 1.73509778915844, "unemprate": 1.46071534091969, "benefit_share": 1.1967428562948299, "SSI": 1.7001806558524999, "quintile": 5.0, "green_area_sum": 3718122.3046370982, "blue_area_sum": 3730021.6039941483, "census_area_m2": 3716142.3028187458, "green_ratio": 1.001, "blue_ratio": 1.004 }, "geometry": { "type": "GeometryCollection", "geometries": [ { "type": "Polygon", "coordinates": [ [ [ -4998.221007167559037, 342137.696050611324608 ], [ -5000.513016772155424, 342136.835686648089904 ], [ -4999.991007170351622, 342137.036050613038242 ], [ -4989.691007154311592, 342140.906050608493388 ], [ -4998.221007167559037, 342137.696050611324608 ] ] ] }, { "type": "Polygon", "coordinates": [ [ [ -4937.971007075814668, 342156.876050583086908 ], [ -4932.615007067544866, 342158.120150578208268 ], [ -4927.251007060069242, 342159.366050573065877 ], [ -4937.971007075814668, 342156.876050583086908 ] ] ] }, { "type": "Polygon", "coordinates": [ [ [ -4927.251007060069242, 342159.366050573065877 ], [ -4916.301007045060032, 342160.104850564152002 ], [ -4916.281007045644401, 342160.106050566770136 ], [ -4927.251007060069242, 342159.366050573065877 ] ] ] }, { "type": "Polygon", "coordinates": [ [ [ -4916.281007045644401, 342160.106050566770136 ], [ -4916.121007045289844, 342160.116850565187633 ], [ -4898.651107021662028, 342161.28945054858923 ], [ -4879.378006996446857, 342162.582850529812276 ], [ -4849.531006956854981, 342164.586050502024591 ], [ -4916.281007045644401, 342160.106050566770136 ] ] ] }, { "type": "Polygon", "coordinates": [ [ [ -4842.521006947775277, 342165.056050500832498 ], [ -4849.531006956854981, 342164.586050502024591 ], [ -4842.520606947394299, 342165.056750496849418 ], [ -4838.931006946628258, 342161.616050488315523 ], [ -4842.521006947775277, 342165.056050500832498 ] ] ] }, { "type": "Polygon", "coordinates": [ [ [ -4710.861006807100239, 342131.306050312705338 ], [ -4723.861006827703932, 342125.806050316430628 ], [ -4710.861006806932892, 342131.307050311937928 ], [ -4704.653132138526416, 342128.367752316116821 ], [ -4710.861006807100239, 342131.306050312705338 ] ] ] }, { "type": "Polygon", "coordinates": [ [ [ -4508.08105778557092, 342032.51489937317092 ], [ -4507.825206629207969, 342031.045949948020279 ], [ -4507.817880303045058, 342031.003090939950198 ], [ -4508.08105778557092, 342032.51489937317092 ] ] ] }, { "type": "Polygon", "coordinates": [ [ [ -4507.809387783595412, 342030.954306133615319 ], [ -4507.808406628425473, 342030.949049945920706 ], [ -4507.371006630209195, 342028.436049942858517 ], [ -4507.809387783595412, 342030.954306133615319 ] ] ] }, { "type": "Polygon", "coordinates": [ [ [ -4497.332920374749847, 342007.858170229941607 ], [ -4495.286206632588801, 342005.27284989412874 ], [ -4495.28480919273261, 342005.270853550580796 ], [ -4497.332920374749847, 342007.858170229941607 ] ] ] }, { "type": "Polygon", "coordinates": [ [ [ -4476.321006627180395, 341983.546049839816988 ], [ -4477.251006626876006, 341984.366049839183688 ], [ -4489.911006634271871, 341995.666049874387681 ], [ -4482.671306630118124, 341989.210849855095148 ], [ -4481.78020662984818, 341988.416849851608276 ], [ -4481.701006629773474, 341988.346049852669239 ], [ -4477.246106626662367, 341984.375949840992689 ], [ -4477.244006627128329, 341984.374049843288958 ], [ -4476.679206626374253, 341983.870849838480353 ], [ -4475.961261126401041, 341983.231045708467718 ], [ -4476.321006627180395, 341983.546049839816988 ] ] ] }, { "type": "Polygon", "coordinates": [ [ [ -4378.561006567859295, 341901.506049611605704 ], [ -4386.061006575869214, 341904.50604962091893 ], [ -4392.543892317688005, 341910.183546200569253 ], [ -4391.093706577034936, 341908.930349635891616 ], [ -4386.321006575013598, 341904.806049624457955 ], [ -4385.922106574359532, 341904.636749623343349 ], [ -4383.199106572919845, 341903.479749617166817 ], [ -4378.457223645297745, 341901.464786521741189 ], [ -4378.561006567859295, 341901.506049611605704 ] ] ] }, { "type": "Polygon", "coordinates": [ [ [ -4368.471006558916997, 341897.476049594581127 ], [ -4374.991006564853706, 341900.086049605160952 ], [ -4375.176375699372329, 341900.160197258577682 ], [ -4375.087006564889634, 341900.130049604922533 ], [ -4367.467006557054447, 341897.559349592775106 ], [ -4367.454033890450773, 341897.555037761980202 ], [ -4368.471006558916997, 341897.476049594581127 ] ] ] }, { "type": "LineString", "coordinates": [ [ -4962.121007110595201, 342151.246050597168505 ], [ -4937.971007075814668, 342156.876050583086908 ] ] }, { "type": "LineString", "coordinates": [ [ -4838.931006946628258, 342161.616050488315523 ], [ -4829.761006934158104, 342160.366050477139652 ] ] }, { "type": "LineString", "coordinates": [ [ -4828.701006936752492, 342157.566050473600626 ], [ -4826.7010069375483, 342152.246050462126732 ] ] }, { "type": "LineString", "coordinates": [ [ -4826.7010069375483, 342152.246050462126732 ], [ -4734.511006838287358, 342128.546050332486629 ] ] }, { "type": "LineString", "coordinates": [ [ -4697.931006795892245, 342125.18605028744787 ], [ -4686.45100678738072, 342116.686050266027451 ] ] }, { "type": "LineString", "coordinates": [ [ -4686.45100678738072, 342116.686050266027451 ], [ -4675.451006773399968, 342116.996050254441798 ] ] }, { "type": "LineString", "coordinates": [ [ -4675.451006773399968, 342116.996050254441798 ], [ -4633.131006718189383, 342118.186050211079419 ] ] }, { "type": "LineString", "coordinates": [ [ -4633.131006718189383, 342118.186050211079419 ], [ -4622.13100670444328, 342118.496050200425088 ] ] }, { "type": "LineString", "coordinates": [ [ -4622.13100670444328, 342118.496050200425088 ], [ -4616.471006691757793, 342125.686050207354128 ] ] }, { "type": "LineString", "coordinates": [ [ -4616.471006691757793, 342125.686050207354128 ], [ -4589.521006665119785, 342115.306050166487694 ] ] }, { "type": "LineString", "coordinates": [ [ -4589.521006665119785, 342115.306050166487694 ], [ -4581.411006660718158, 342107.876050143502653 ] ] }, { "type": "LineString", "coordinates": [ [ -4581.411006660718158, 342107.876050143502653 ], [ -4534.911006635200465, 342065.316050028428435 ] ] }, { "type": "LineString", "coordinates": [ [ -4534.911006635200465, 342065.316050028428435 ], [ -4531.151006634112491, 342061.866050017997622 ] ] }, { "type": "LineString", "coordinates": [ [ -4531.151006634112491, 342061.866050017997622 ], [ -4529.481006636058737, 342055.746050009503961 ] ] }, { "type": "LineString", "coordinates": [ [ -4529.481006636058737, 342055.746050009503961 ], [ -4510.171006620885237, 342044.436049969866872 ] ] }, { "type": "LineString", "coordinates": [ [ -4507.371006630209195, 342028.436049942858517 ], [ -4506.261006632760655, 342023.806049932725728 ] ] }, { "type": "LineString", "coordinates": [ [ -4506.261006632760655, 342023.806049932725728 ], [ -4503.281006635183076, 342015.366049918346107 ] ] }, { "type": "Point", "coordinates": [ -4492.331006633820834, 341999.996049881912768 ] } ] } },
{ "type": "Feature", "properties": { "ZBEZ": "1610", "university_share": -0.50846879811083601, "avg_income": -1.25868574732404, "unemprate": -0.990312280650817, "benefit_share": -0.89765902948083298, "SSI": -1.00299411917387, "quintile": 1.0, "green_area_sum": 305561.68217594066, "blue_area_sum": 305561.68217594113, "census_area_m2": 305398.83268972061, "green_ratio": 1.001, "blue_ratio": 1.001 }, "geometry": { "type": "Polygon", "coordinates": [ [ [ -383.541002016267271, 341239.808544520288706 ], [ -366.861001937335004, 341312.714744619093835 ], [ -311.061001876760145, 341299.871044542640448 ], [ -328.001001956426308, 341226.996044443920255 ], [ -383.541002016267271, 341239.808544520288706 ] ] ] } },
{ "type": "Feature", "properties": { "ZBEZ": "1701", "university_share": 0.344325607269659, "avg_income": -0.60996784247682101, "unemprate": 0.14263506185581001, "benefit_share": 0.295704890808212, "SSI": -0.017192545906660799, "quintile": 3.0, "green_area_sum": 669338.27486417885, "blue_area_sum": 669338.27486417827, "census_area_m2": 668985.65625677689, "green_ratio": 1.001, "blue_ratio": 1.001 }, "geometry": { "type": "Polygon", "coordinates": [ [ [ 198.648999538870271, 342262.496045563369989 ], [ 162.148999502013822, 342273.839745613746345 ], [ 147.098999487043017, 342278.996045639738441 ], [ 158.248999546948113, 342335.714745718054473 ], [ 221.238999611876352, 342316.121045624837279 ], [ 210.348999560745909, 342270.964745561592281 ], [ 211.098999556399463, 342264.652245549485087 ], [ 209.492999549951776, 342258.308545542880893 ], [ 198.648999538870271, 342262.496045563369989 ] ] ] } },
{ "type": "Feature", "properties": { "ZBEZ": "1702", "university_share": 0.13383539586762899, "avg_income": -0.92941414233888797, "unemprate": -0.49956406464205799, "benefit_share": -0.28959955873499599, "SSI": -0.44030332348230999, "quintile": 2.0, "green_area_sum": 638599.78417761356, "blue_area_sum": 638599.78417761344, "census_area_m2": 638261.59039649484, "green_ratio": 1.001, "blue_ratio": 1.001 }, "geometry": { "type": "Polygon", "coordinates": [ [ [ -488.911001723301752, 341774.777245475910604 ], [ -498.242001657479022, 341872.621045644395053 ], [ -420.66200155694321, 341874.589745568111539 ], [ -421.937001598755842, 341824.496045491658151 ], [ -423.161001637972674, 341776.402245417237282 ], [ -423.301001642675658, 341770.933545406907797 ], [ -488.911001723301752, 341774.777245475910604 ] ] ] } },
{ "type": "Feature", "properties": { "ZBEZ": "1703", "university_share": -0.125588647804528, "avg_income": -0.69118324625182403, "unemprate": -0.44096520324342298, "benefit_share": -0.080891531365847896, "SSI": -0.39869831304835601, "quintile": 2.0, "green_area_sum": 760717.70882605202, "blue_area_sum": 760717.70882605377, "census_area_m2": 760316.62693324825, "green_ratio": 1.001, "blue_ratio": 1.001 }, "geometry": { "type": "MultiPolygon", "coordinates": [ [ [ [ -1813.550660916720972, 342697.849094684235752 ], [ -1812.011002666672994, 342698.136048285290599 ], [ -1811.287474308420087, 342698.246360836201347 ], [ -1813.550660916720972, 342697.849094684235752 ] ] ], [ [ [ -1506.654175262671288, 342700.951897275517695 ], [ -1502.011002271382949, 342700.016047975048423 ], [ -1497.787827126664752, 342698.684805717668496 ], [ -1506.654175262671288, 342700.951897275517695 ] ] ] ] } },
{ "type": "Feature", "properties": { "ZBEZ": "1704", "university_share": 0.95226436102114798, "avg_income": 1.1548182333078501, "unemprate": 0.96739947860897901, "benefit_share": 0.81115371717589702, "SSI": 1.10851170595148, "quintile": 5.0, "green_area_sum": 1311870.0295010011, "blue_area_sum": 1311870.0295010007, "census_area_m2": 1311182.2797897107, "green_ratio": 1.001, "blue_ratio": 1.001 }, "geometry": { "type": "MultiPolygon", "coordinates": [ [ [ [ -1465.313307379034313, 343151.507965183700435 ], [ -1566.73840196058336, 343193.319348827004433 ], [ -1565.008001954835891, 343196.503348831087351 ], [ -1464.613915610989579, 343153.364366776600946 ], [ -1465.313307379034313, 343151.507965183700435 ] ] ], [ [ [ -1150.24100156029408, 343031.036048145964742 ], [ -1437.011001828019744, 343151.656048627570271 ], [ -1439.51114495796287, 343152.834920975088608 ], [ -1438.541001829232755, 343153.216048631817102 ], [ -1149.739661887152579, 343031.69704063073732 ], [ -1150.24100156029408, 343031.036048145964742 ] ] ] ] } },
{ "type": "Feature", "properties": { "ZBEZ": "1705", "university_share": 1.0093722893024, "avg_income": 1.1147438325653001, "unemprate": 0.44831897205718602, "benefit_share": 0.43427787283277203, "SSI": 0.94908249330430094, "quintile": 4.0, "green_area_sum": 1800408.615949156, "blue_area_sum": 1800587.6899711201, "census_area_m2": 1799465.0714384771, "green_ratio": 1.001, "blue_ratio": 1.001 }, "geometry": { "type": "GeometryCollection", "geometries": [ { "type": "Polygon", "coordinates": [ [ [ -3953.881005064886722, 343105.776051093824208 ], [ -3953.881249619834762, 343105.77929226210108 ], [ -3953.881005063794873, 343105.776351097039878 ], [ -3953.668105064711199, 343105.611951096914709 ], [ -3953.648105064646643, 343105.596551096998155 ], [ -3952.791005063594639, 343104.936051095835865 ], [ -3938.720905054440209, 343093.987151063047349 ], [ -3938.681005055590958, 343093.956051063723862 ], [ -3953.881005064886722, 343105.776051093824208 ] ] ] }, { "type": "LineString", "coordinates": [ [ -3914.431005030554843, 343086.296051026321948 ], [ -3907.901005026484199, 343080.92605101224035 ] ] } ] } },
{ "type": "Feature", "properties": { "ZBEZ": "1706", "university_share": 1.13595609291231, "avg_income": 1.3775154818797299, "unemprate": 0.58364461997247796, "benefit_share": 0.56624358486612503, "SSI": 1.1425682674895501, "quintile": 5.0, "green_area_sum": 6216372.5869129533, "blue_area_sum": 6254827.1764657181, "census_area_m2": 6212326.4897909518, "green_ratio": 1.001, "blue_ratio": 1.007 }, "geometry": { "type": "GeometryCollection", "geometries": [ { "type": "Polygon", "coordinates": [ [ [ -5791.871007800372354, 342608.296052162535489 ], [ -5808.841007831733805, 342597.15605216100812 ], [ -5809.601007833537551, 342596.656052162870765 ], [ -5812.001007837342513, 342595.076052160933614 ], [ -5826.581007869440327, 342577.186052148230374 ], [ -5831.873206038905664, 342567.761049463006202 ], [ -5831.875707884754775, 342567.763352137058973 ], [ -5836.165907886719651, 342571.712152148596942 ], [ -5836.181007886467341, 342571.726052151061594 ], [ -5828.641007871526199, 342579.036052152514458 ], [ -5818.891007851691029, 342588.486052156426013 ], [ -5811.351007836366989, 342595.796052163466811 ], [ -5802.521007820982049, 342601.46605216152966 ], [ -5792.32010780147175, 342608.012252164073288 ], [ -5791.585884828937196, 342608.483425320126116 ], [ -5791.871007800372354, 342608.296052162535489 ] ] ] }, { "type": "Polygon", "coordinates": [ [ [ -5690.181007602203863, 342695.286052197217941 ], [ -5693.511007607422471, 342693.286052200011909 ], [ -5697.441007613183501, 342692.566052201204002 ], [ -5717.43100764157407, 342689.466052217409015 ], [ -5717.438032041934093, 342689.465174167475197 ], [ -5717.403107641344832, 342689.481252217665315 ], [ -5716.611007640278331, 342689.846052216365933 ], [ -5712.171007633722184, 342690.53605221118778 ], [ -5697.511007612723915, 342692.796052201651037 ], [ -5693.561007607758256, 342693.406052200123668 ], [ -5690.158435396948335, 342695.29962364770472 ], [ -5690.181007602203863, 342695.286052197217941 ] ] ] }, { "type": "Polygon", "coordinates": [ [ [ -5664.951007547391782, 342723.546052219346166 ], [ -5676.491007564743086, 342719.926052222959697 ], [ -5677.481007566297194, 342719.616052221506834 ], [ -5677.483755873479822, 342719.615172763238661 ], [ -5677.4824075660772, 342719.621152226813138 ], [ -5677.3710075665158, 342720.116052225232124 ], [ -5664.458907546041701, 342723.936852218583226 ], [ -5664.433017366415697, 342723.944506202067714 ], [ -5664.951007547391782, 342723.546052219346166 ] ] ] }, { "type": "Polygon", "coordinates": [ [ [ -5643.43100750737176, 342740.206052223220468 ], [ -5643.451007506991118, 342740.096052220091224 ], [ -5651.758838887868478, 342733.707552431442309 ], [ -5645.491007510800955, 342738.596052222885191 ], [ -5643.430513406200589, 342740.208586779190227 ], [ -5643.43100750737176, 342740.206052223220468 ] ] ] }, { "type": "Polygon", "coordinates": [ [ [ -5611.44100744676598, 342763.856052229180932 ], [ -5611.481007447086995, 342763.766052225604653 ], [ -5616.161007454614264, 342761.926052229478955 ], [ -5621.48100746325872, 342759.86605223082006 ], [ -5624.991007468029238, 342759.066052231937647 ], [ -5637.7310074864954, 342756.146052242256701 ], [ -5637.738650221500393, 342756.144368249806575 ], [ -5637.726807486379585, 342756.162952241487801 ], [ -5637.591007486020317, 342756.376052245497704 ], [ -5636.771007485911468, 342756.566052242182195 ], [ -5624.601007467926138, 342759.396052232943475 ], [ -5622.961007464063186, 342759.776052234694362 ], [ -5611.44710744749591, 342763.8553522285074 ], [ -5611.440253270601715, 342763.857781100843567 ], [ -5611.44100744676598, 342763.856052229180932 ] ] ] }, { "type": "Polygon", "coordinates": [ [ [ -5565.141007319678465, 342849.556052316911519 ], [ -5574.351007331256369, 342850.046052330173552 ], [ -5575.951007332689187, 342850.12605232745409 ], [ -5575.955282914160307, 342850.126277358096559 ], [ -5575.331007331302317, 342850.726052333600819 ], [ -5573.33100732897492, 342850.686052327044308 ], [ -5565.331007318875891, 342850.536052315495908 ], [ -5563.707403598081328, 342850.511788128293119 ], [ -5565.141007319678465, 342849.556052316911519 ] ] ] }, { "type": "Polygon", "coordinates": [ [ [ -5542.75100726344499, 342883.536052348092198 ], [ -5545.101007268343892, 342882.396052349358797 ], [ -5549.101007274833137, 342880.426052347756922 ], [ -5549.103951657671132, 342880.424608650384471 ], [ -5549.001007274451695, 342880.546052352525294 ], [ -5546.881007270411828, 342881.556052350439131 ], [ -5545.104807268317018, 342882.410752348601818 ], [ -5543.312107265571285, 342883.273152348585427 ], [ -5541.930847430031463, 342883.937725158582907 ], [ -5542.75100726344499, 342883.536052348092198 ] ] ] }, { "type": "Polygon", "coordinates": [ [ [ -5497.081007170163502, 342928.22605237364769 ], [ -5497.191007170923513, 342927.9960523750633 ], [ -5515.519139095809805, 342916.937179557455238 ], [ -5515.513707202156183, 342916.946852374821901 ], [ -5515.441007202006404, 342917.076052377000451 ], [ -5499.991007175311097, 342926.556052373722196 ], [ -5497.084007169907636, 342928.226052372716367 ], [ -5497.079915161730241, 342928.228402998764068 ], [ -5497.081007170163502, 342928.22605237364769 ] ] ] }, { "type": "Polygon", "coordinates": [ [ [ -5422.401007067313003, 342937.96605231333524 ], [ -5438.881007085452438, 342940.486052332445979 ], [ -5451.111007099703784, 342942.846052350476384 ], [ -5457.461007106368015, 342944.656052361242473 ], [ -5460.851007110521095, 342945.106052361428738 ], [ -5462.441007114162858, 342943.986052363179624 ], [ -5464.9110071203404, 342938.086052355356514 ], [ -5468.871007128403107, 342934.876052355393767 ], [ -5471.861007132742998, 342934.79605236183852 ], [ -5474.691007134751999, 342936.606052363291383 ], [ -5475.381007134518768, 342937.196052365005016 ], [ -5485.841007141070804, 342946.166052389889956 ], [ -5488.971007146028569, 342945.696052392944694 ], [ -5491.0510071518529, 342941.206052388995886 ], [ -5491.097189683660872, 342941.106641234480776 ], [ -5491.090307151517663, 342941.123252387158573 ], [ -5489.001007145271615, 342946.166052392683923 ], [ -5485.541007140631336, 342946.556052390486002 ], [ -5480.301007137281886, 342941.916052378714085 ], [ -5474.461007133609201, 342936.796052363701165 ], [ -5472.121007132198429, 342935.406052359379828 ], [ -5468.98200712867947, 342935.536052355542779 ], [ -5468.74100712724703, 342935.546052359044552 ], [ -5464.661007120234899, 342938.736052359454334 ], [ -5462.351007112879415, 342944.526052363216877 ], [ -5460.311007109468846, 342945.566052364185452 ], [ -5451.511007098820301, 342943.68605235312134 ], [ -5424.491007068969338, 342938.836052318103611 ], [ -5421.731007066366146, 342938.416052313521504 ], [ -5401.294007039136886, 342939.728752295486629 ], [ -5400.711007037797572, 342939.766052293591201 ], [ -5422.401007067313003, 342937.96605231333524 ] ] ] }, { "type": "Polygon", "coordinates": [ [ [ -5400.711007037797572, 342939.766052293591201 ], [ -5400.584007037999072, 342939.801952292211354 ], [ -5390.121007022250524, 342942.756052290089428 ], [ -5400.711007037797572, 342939.766052293591201 ] ] ] }, { "type": "Polygon", "coordinates": [ [ [ -5321.931006946942944, 342929.166052195243537 ], [ -5320.129106944322302, 342928.644952197559178 ], [ -5319.908824409998488, 342928.581123362120707 ], [ -5321.931006946942944, 342929.166052195243537 ] ] ] }, { "type": "Polygon", "coordinates": [ [ [ -5319.045806967394128, 342928.478929701785091 ], [ -5319.045006942831606, 342928.478952191770077 ], [ -5316.621006939530162, 342928.546052192337811 ], [ -5319.045806967394128, 342928.478929701785091 ] ] ] }, { "type": "Polygon", "coordinates": [ [ [ -5259.311006862971226, 342934.716052143834531 ], [ -5257.178906858278424, 342937.240952146239579 ], [ -5256.541006856448803, 342937.996052145957947 ], [ -5259.311006862971226, 342934.716052143834531 ] ] ] }, { "type": "Polygon", "coordinates": [ [ [ -5120.271006629882322, 343004.766052113845944 ], [ -5108.1539066104433, 343008.51075210608542 ], [ -5104.641006606009796, 343009.596052107401192 ], [ -5120.271006629882322, 343004.766052113845944 ] ] ] }, { "type": "Polygon", "coordinates": [ [ [ -5080.681006571362559, 343014.756052089855075 ], [ -5079.80100656360537, 343022.136052103713155 ], [ -5078.586506553741856, 343032.260952116921544 ], [ -5078.491106553649843, 343033.056052117608488 ], [ -5078.491006857402681, 343033.056049579929095 ], [ -5080.681006571362559, 343014.756052089855075 ] ] ] }, { "type": "Polygon", "coordinates": [ [ [ -5057.081006526092096, 343032.516052096150815 ], [ -5047.391006510010811, 343038.106052092276514 ], [ -5047.38590650966853, 343038.108952093869448 ], [ -5037.861006493715649, 343043.596052093431354 ], [ -5057.081006526092096, 343032.516052096150815 ] ] ] }, { "type": "Polygon", "coordinates": [ [ [ -4890.450489884203307, 343117.862843512208201 ], [ -4890.387906246525745, 343117.901852061972022 ], [ -4890.381006245722347, 343117.906052062287927 ], [ -4890.450489884203307, 343117.862843512208201 ] ] ] }, { "type": "Polygon", "coordinates": [ [ [ -4855.661006190523949, 343132.156052049249411 ], [ -4873.561006215609268, 343130.176052061840892 ], [ -4862.631006199525473, 343131.386052055284381 ], [ -4848.691006181584271, 343132.9360520420596 ], [ -4837.761006165917024, 343134.146052034571767 ], [ -4855.661006190523949, 343132.156052049249411 ] ] ] }, { "type": "Polygon", "coordinates": [ [ [ -4753.751006059218525, 343134.066051948815584 ], [ -4736.195006032344281, 343140.432951938360929 ], [ -4736.021006032516198, 343140.49605194106698 ], [ -4753.751006059218525, 343134.066051948815584 ] ] ] }, { "type": "Polygon", "coordinates": [ [ [ -4707.341005990910162, 343145.13605192117393 ], [ -4700.501005982652714, 343144.616051915101707 ], [ -4690.641005972244784, 343143.86105190217495 ], [ -4689.531005970296064, 343143.776051899418235 ], [ -4707.341005990910162, 343145.13605192117393 ] ] ] }, { "type": "Polygon", "coordinates": [ [ [ -4670.711005952434789, 343135.136051869019866 ], [ -4666.491005947414124, 343135.196051863022149 ], [ -4662.858005942997806, 343135.242251859977841 ], [ -4639.821005913277077, 343135.53605183493346 ], [ -4639.604005912306093, 343135.538951836526394 ], [ -4628.821005899786542, 343135.676051823422313 ], [ -4670.711005952434789, 343135.136051869019866 ] ] ] }, { "type": "Polygon", "coordinates": [ [ [ -4618.091005884004517, 343138.106051818467677 ], [ -4587.753905840020707, 343144.976751798763871 ], [ -4587.271005839422287, 343145.086051799356937 ], [ -4618.091005884004517, 343138.106051818467677 ] ] ] }, { "type": "Polygon", "coordinates": [ [ [ -4573.001005819167403, 343147.146051785908639 ], [ -4527.008005758643776, 343150.597751747816801 ], [ -4526.361005757020394, 343150.646051747724414 ], [ -4573.001005819167403, 343147.146051785908639 ] ] ] }, { "type": "Polygon", "coordinates": [ [ [ -4475.231005681958777, 343163.586051713675261 ], [ -4451.44300565022786, 343164.622051694430411 ], [ -4450.891005650281841, 343164.646051690913737 ], [ -4475.231005681958777, 343163.586051713675261 ] ] ] }, { "type": "Polygon", "coordinates": [ [ [ -4374.991005550719819, 343167.946051621809602 ], [ -4450.891005650281841, 343164.646051690913737 ], [ -4385.891005566048079, 343167.476051629520953 ], [ -4364.001005536074445, 343168.426051611080766 ], [ -4315.461005472239776, 343170.526051566004753 ], [ -4374.991005550719819, 343167.946051621809602 ] ] ] }, { "type": "Polygon", "coordinates": [ [ [ -4315.461005472239776, 343170.526051566004753 ], [ -4314.020005471037621, 343170.596751561388373 ], [ -4301.171005453866201, 343171.226051551289856 ], [ -4315.461005472239776, 343170.526051566004753 ] ] ] }, { "type": "Polygon", "coordinates": [ [ [ -4301.171005453866201, 343171.226051551289856 ], [ -4288.650005437898471, 343171.785751539282501 ], [ -4288.641005438132197, 343171.786051540635526 ], [ -4285.165005432551879, 343171.937851536087692 ], [ -4277.651005423227616, 343172.266051527112722 ], [ -4301.171005453866201, 343171.226051551289856 ] ] ] }, { "type": "Polygon", "coordinates": [ [ [ -4277.651005423227616, 343172.266051527112722 ], [ -4266.711005408631536, 343173.416051520034671 ], [ -4233.448090599268653, 343176.902438939723652 ], [ -4277.651005423227616, 343172.266051527112722 ] ] ] }, { "type": "Polygon", "coordinates": [ [ [ -4085.531005202339202, 343143.986051289364696 ], [ -4085.365005201252643, 343143.997851292602718 ], [ -4048.471005152580801, 343146.605051254853606 ], [ -4038.029527039509048, 343147.338747705740388 ], [ -4085.531005202339202, 343143.986051289364696 ] ] ] }, { "type": "Polygon", "coordinates": [ [ [ -4036.629217433220219, 343147.180950672831386 ], [ -4026.771005126277487, 343144.976051229983568 ], [ -4013.461005111554641, 343141.996051215566695 ], [ -4036.629217433220219, 343147.180950672831386 ] ] ] }, { "type": "Polygon", "coordinates": [ [ [ -3992.311005094702523, 343130.186051174998283 ], [ -3992.306905094016201, 343130.170051175169647 ], [ -3992.26882457438478, 343130.020164758374449 ], [ -3992.311005094702523, 343130.186051174998283 ] ] ] }, { "type": "LineString", "coordinates": [ [ -5390.121007022250524, 342942.756052290089428 ], [ -5383.201007010886315, 342944.706052284687757 ] ] }, { "type": "LineString", "coordinates": [ [ -5383.201007010886315, 342944.706052284687757 ], [ -5379.231007006068467, 342946.106052285060287 ] ] }, { "type": "LineString", "coordinates": [ [ -5379.231007006068467, 342946.106052285060287 ], [ -5375.571007000363352, 342947.396052278578281 ] ] }, { "type": "LineString", "coordinates": [ [ -5375.571007000363352, 342947.396052278578281 ], [ -5368.881006989395246, 342949.826052277348936 ] ] }, { "type": "LineString", "coordinates": [ [ -5365.011006985109816, 342948.786052271723747 ], [ -5351.251006974272968, 342940.096052242442966 ] ] }, { "type": "LineString", "coordinates": [ [ -5351.251006974272968, 342940.096052242442966 ], [ -5348.671006973871044, 342936.436052237637341 ] ] }, { "type": "LineString", "coordinates": [ [ -5348.671006973871044, 342936.436052237637341 ], [ -5346.281006977003926, 342928.386052225716412 ] ] }, { "type": "LineString", "coordinates": [ [ -5346.281006977003926, 342928.386052225716412 ], [ -5344.631006976190292, 342927.786052219569683 ] ] }, { "type": "LineString", "coordinates": [ [ -5344.631006976190292, 342927.786052219569683 ], [ -5332.491006957131503, 342932.246052213944495 ] ] }, { "type": "LineString", "coordinates": [ [ -5316.621006939530162, 342928.546052192337811 ], [ -5311.231006933133358, 342928.716052188538015 ] ] }, { "type": "LineString", "coordinates": [ [ -5311.231006933133358, 342928.716052188538015 ], [ -5305.751006925036563, 342930.256052182987332 ] ] }, { "type": "LineString", "coordinates": [ [ -5305.751006925036563, 342930.256052182987332 ], [ -5288.931006908651398, 342923.856052152812481 ] ] }, { "type": "LineString", "coordinates": [ [ -5288.931006908651398, 342923.856052152812481 ], [ -5278.601006893220074, 342927.636052154004574 ] ] }, { "type": "LineString", "coordinates": [ [ -5278.601006893220074, 342927.636052154004574 ], [ -5269.641006877990549, 342930.926052149385214 ] ] }, { "type": "LineString", "coordinates": [ [ -5269.641006877990549, 342930.926052149385214 ], [ -5259.311006862971226, 342934.716052143834531 ] ] }, { "type": "LineString", "coordinates": [ [ -5256.541006856448803, 342937.996052145957947 ], [ -5254.241006849699261, 342942.24605215061456 ] ] }, { "type": "LineString", "coordinates": [ [ -5217.571006790381034, 342957.706052137538791 ], [ -5207.091006774639027, 342961.046052129939198 ] ] }, { "type": "LineString", "coordinates": [ [ -5207.091006774639027, 342961.046052129939198 ], [ -5200.081006763375626, 342963.276052129454911 ] ] }, { "type": "LineString", "coordinates": [ [ -5200.081006763375626, 342963.276052129454911 ], [ -5189.601006748618602, 342966.616052121855319 ] ] }, { "type": "LineString", "coordinates": [ [ -5178.751006723153296, 342979.626052133738995 ], [ -5162.741006694611315, 342990.19605213496834 ] ] }, { "type": "LineString", "coordinates": [ [ -5162.741006694611315, 342990.19605213496834 ], [ -5152.971006678629237, 342995.246052133850753 ] ] }, { "type": "LineString", "coordinates": [ [ -5152.971006678629237, 342995.246052133850753 ], [ -5148.001006669822345, 342997.826052132062614 ] ] }, { "type": "LineString", "coordinates": [ [ -5148.001006669822345, 342997.826052132062614 ], [ -5143.801006662173677, 342999.99605212919414 ] ] }, { "type": "LineString", "coordinates": [ [ -5143.801006662173677, 342999.99605212919414 ], [ -5138.231006653683835, 343002.876052128151059 ] ] }, { "type": "LineString", "coordinates": [ [ -5089.201006586738004, 343009.266052088700235 ], [ -5080.681006571362559, 343014.756052089855075 ] ] }, { "type": "LineString", "coordinates": [ [ -5006.761006439109224, 343061.22605209145695 ], [ -4999.991006428576839, 343064.656052091158926 ] ] }, { "type": "LineString", "coordinates": [ [ -4990.181006412062743, 343069.626052086241543 ], [ -4986.391006405999178, 343071.546052084304392 ] ] }, { "type": "LineString", "coordinates": [ [ -4939.001006329291158, 343090.586052064783871 ], [ -4924.341006306017334, 343096.786052061244845 ] ] }, { "type": "LineString", "coordinates": [ [ -4924.341006306017334, 343096.786052061244845 ], [ -4915.001006289864563, 343102.596052061766386 ] ] }, { "type": "LineString", "coordinates": [ [ -4890.381006245722347, 343117.906052062287927 ], [ -4884.751006233647786, 343124.346052066422999 ] ] }, { "type": "LineString", "coordinates": [ [ -4837.761006165917024, 343134.146052034571767 ], [ -4826.781006153345515, 343133.576052021235228 ] ] }, { "type": "LineString", "coordinates": [ [ -4736.021006032516198, 343140.49605194106698 ], [ -4723.82100601523689, 343141.476051931269467 ] ] }, { "type": "LineString", "coordinates": [ [ -4723.82100601523689, 343141.476051931269467 ], [ -4707.341005990910162, 343145.13605192117393 ] ] }, { "type": "LineString", "coordinates": [ [ -4689.531005970296064, 343143.776051899418235 ], [ -4677.361005960361581, 343136.896051874384284 ] ] }, { "type": "LineString", "coordinates": [ [ -4677.361005960361581, 343136.896051874384284 ], [ -4670.711005952434789, 343135.136051869019866 ] ] }, { "type": "LineString", "coordinates": [ [ -4628.821005899786542, 343135.676051823422313 ], [ -4618.091005884004517, 343138.106051818467677 ] ] }, { "type": "LineString", "coordinates": [ [ -4587.271005839422287, 343145.086051799356937 ], [ -4578.501005826328765, 343146.316051791422069 ] ] }, { "type": "LineString", "coordinates": [ [ -4574.691005821649014, 343146.796051790937781 ], [ -4573.001005819167403, 343147.146051785908639 ] ] }, { "type": "LineString", "coordinates": [ [ -4514.211005737116466, 343155.446051742881536 ], [ -4507.101005723495291, 343162.126051746308804 ] ] }, { "type": "LineString", "coordinates": [ [ -4496.111005708507037, 343162.62605173420161 ], [ -4477.171005683583644, 343163.486051718704402 ] ] }, { "type": "LineString", "coordinates": [ [ -4161.321005266134307, 343184.466051430441439 ], [ -4155.201005257675206, 343184.976051428355277 ] ] }, { "type": "LineString", "coordinates": [ [ -4155.201005257675206, 343184.976051428355277 ], [ -4136.661005256677527, 343156.31605136115104 ] ] }, { "type": "LineString", "coordinates": [ [ -4136.661005256677527, 343156.31605136115104 ], [ -4118.401005232590251, 343157.376051342114806 ] ] }, { "type": "LineString", "coordinates": [ [ -4013.461005111554641, 343141.996051215566695 ], [ -4007.021005107997098, 343136.286051197908819 ] ] }, { "type": "LineString", "coordinates": [ [ -3997.881005099377035, 343131.756051182746887 ], [ -3992.311005094702523, 343130.186051174998283 ] ] }, { "type": "LineString", "coordinates": [ [ -3983.881005087270296, 343124.646051157265902 ], [ -3980.361005081586882, 343126.876051159575582 ] ] }, { "type": "LineString", "coordinates": [ [ -3980.361005081586882, 343126.876051159575582 ], [ -3962.201005063405319, 343120.706051129847765 ] ] }, { "type": "Point", "coordinates": [ -4002.711005106663379, 343131.076051183976233 ] }, { "type": "Point", "coordinates": [ -4037.501005137221455, 343147.376051249913871 ] }, { "type": "Point", "coordinates": [ -4764.091006076264421, 343130.316051953472197 ] }, { "type": "Point", "coordinates": [ -4099.14100521765522, 343145.526051305234432 ] }, { "type": "Point", "coordinates": [ -5024.461006472910412, 343047.386052085086703 ] }, { "type": "Point", "coordinates": [ -5234.511006820321199, 342946.766052138991654 ] } ] } },
{ "type": "Feature", "properties": { "ZBEZ": "1801", "university_share": 2.5985910183819199, "avg_income": 2.8137657161102601, "unemprate": 1.6100158164690299, "benefit_share": 1.15971547155691, "SSI": 2.5146519796720899, "quintile": 5.0, "green_area_sum": 712622.53548674972, "blue_area_sum": 714421.49524512584, "census_area_m2": 712250.23340904643, "green_ratio": 1.001, "blue_ratio": 1.003 }, "geometry": { "type": "Polygon", "coordinates": [ [ [ 1099.849699306480261, 343765.7187646907405 ], [ 1100.569001886779915, 343770.556047045625746 ], [ 1101.071878276814687, 343770.48122239834629 ], [ 1099.849699306480261, 343765.7187646907405 ] ] ] } },
{ "type": "Feature", "properties": { "ZBEZ": "1802", "university_share": 1.56938845939285, "avg_income": 0.38440950517137501, "unemprate": 0.56587871233152598, "benefit_share": 0.69776745518345495, "SSI": 0.956557947611822, "quintile": 5.0, "green_area_sum": 817096.83443441463, "blue_area_sum": 817096.8344344137, "census_area_m2": 816668.43487030244, "green_ratio": 1.001, "blue_ratio": 1.001 }, "geometry": { "type": "Polygon", "coordinates": [ [ [ 933.240701043681156, 342978.644245956093073 ], [ 936.771801060623716, 342994.019045978784561 ], [ 950.295901075387064, 342991.59084595926106 ], [ 946.645901058905224, 342976.24734594207257 ], [ 933.240701043681156, 342978.644245956093073 ] ] ] } },
{ "type": "Feature", "properties": { "ZBEZ": "1803", "university_share": 0.86285280347834803, "avg_income": -0.28342148549837298, "unemprate": 0.15761308840820701, "benefit_share": 0.35423118013622501, "SSI": 0.30904141360369303, "quintile": 4.0, "green_area_sum": 729675.4176871567, "blue_area_sum": 729675.41768715682, "census_area_m2": 729291.31179273548, "green_ratio": 1.001, "blue_ratio": 1.001 }, "geometry": { "type": "Polygon", "coordinates": [ [ [ 737.779000102098962, 342110.566044771112502 ], [ 736.797803055725126, 342107.857087715528905 ], [ 717.589000079279572, 342113.006044798530638 ], [ 745.049000189146227, 342207.616044919937849 ], [ 754.41900021341246, 342222.60604493599385 ], [ 769.559000228854643, 342217.906044912524521 ], [ 771.021619936007824, 342207.58543454593746 ], [ 770.869000222178784, 342207.006044893525541 ], [ 770.783975550455466, 342206.68160864704987 ], [ 766.8690002174759, 342207.366044896654785 ], [ 764.639000195332073, 342184.556044865399599 ], [ 764.635594255162914, 342184.545589421177283 ], [ 764.599000196297652, 342184.556044867262244 ], [ 764.193458037910545, 342183.18833405978512 ], [ 751.767931396516133, 342145.044857017113827 ], [ 745.305413479142658, 342127.21210180799244 ], [ 737.993952380538644, 342110.487880306551233 ], [ 737.779000102098962, 342110.566044771112502 ] ] ] } },
{ "type": "Feature", "properties": { "ZBEZ": "1804", "university_share": 1.23890777657058, "avg_income": 0.86657013748489098, "unemprate": 0.50257720681912599, "benefit_share": 0.59405438751290196, "SSI": 0.98177862043584996, "quintile": 5.0, "green_area_sum": 773170.87110915279, "blue_area_sum": 773170.87110915279, "census_area_m2": 772766.64763532684, "green_ratio": 1.001, "blue_ratio": 1.001 }, "geometry": { "type": "Polygon", "coordinates": [ [ [ -602.991000777767908, 343141.076047766953707 ], [ -616.971000796048315, 343140.316047781147063 ], [ -624.991000806078773, 343139.886047787033021 ], [ -655.951000846990269, 343138.206047816202044 ], [ -656.761000847704281, 343138.176047815941274 ], [ -657.5710008488536, 343138.156047818250954 ], [ -658.391000850432306, 343138.136047818697989 ], [ -659.201000851126196, 343138.126047820784152 ], [ -660.011000852203551, 343138.106047820299864 ], [ -660.821000853580813, 343138.106047823093832 ], [ -661.641000854618142, 343138.096047823317349 ], [ -662.451000855126949, 343138.096047824248672 ], [ -663.261000856015698, 343138.106047824025154 ], [ -664.07100085811976, 343138.116047823801637 ], [ -664.891000858775215, 343138.126047828234732 ], [ -665.701000859597116, 343138.146047825925052 ], [ -666.511000859741216, 343138.166047827340662 ], [ -667.321000861570269, 343138.186047828756273 ], [ -668.131000862092037, 343138.216047830879688 ], [ -668.951000863786589, 343138.246047832071781 ], [ -669.761000863898516, 343138.286047826521099 ], [ -670.571000865688234, 343138.32604783307761 ], [ -671.38100086614088, 343138.376047833822668 ], [ -672.191000868216065, 343138.416047834791243 ], [ -673.001000868293431, 343138.476047834381461 ], [ -673.811000870229577, 343138.526047833263874 ], [ -674.621000870581838, 343138.586047834716737 ], [ -675.431000871708193, 343138.656047840602696 ], [ -676.24100087237855, 343138.726047837175429 ], [ -677.051000872354962, 343138.79604784026742 ], [ -677.861000874515639, 343138.876047843135893 ], [ -678.67100087503502, 343138.956047841347754 ], [ -679.481000876984467, 343139.036047842353582 ], [ -680.281000877011252, 343139.126047843135893 ], [ -681.091000877758802, 343139.216047845780849 ], [ -681.901000878803416, 343139.31604784540832 ], [ -682.701000879806088, 343139.416047848761082 ], [ -683.511000880565234, 343139.516047848388553 ], [ -684.321000882812086, 343139.626047847792506 ], [ -684.671000881652162, 343139.676047848537564 ], [ -685.121000882737917, 343139.736047849059105 ], [ -685.921000883618944, 343139.856047849170864 ], [ -686.731000883752245, 343139.976047849282622 ], [ -687.531000885971139, 343140.096047850325704 ], [ -688.331000886608081, 343140.22604785580188 ], [ -689.141000887879159, 343140.366047852672637 ], [ -689.941000888498024, 343140.496047856286168 ], [ -690.741000889488078, 343140.636047856882215 ], [ -691.541000889714724, 343140.786047856323421 ], [ -692.341000890977512, 343140.9260478541255 ], [ -693.131000891291251, 343141.076047860085964 ], [ -693.931000893308237, 343141.236047861166298 ], [ -694.7310008939819, 343141.39604786131531 ], [ -695.52100089464318, 343141.556047861464322 ], [ -696.321000895337193, 343141.726047863252461 ], [ -697.111000896409109, 343141.896047863177955 ], [ -697.911000897017061, 343142.0760478656739 ], [ -698.701000898192547, 343142.256047865375876 ], [ -699.491000898953189, 343142.436047868803144 ], [ -700.281000900459617, 343142.626047871075571 ], [ -701.071000901619072, 343142.81604787055403 ], [ -701.861000901485909, 343143.006047868169844 ], [ -702.651000902973465, 343143.206047872081399 ], [ -703.431000904023449, 343143.406047872267663 ], [ -704.221000904280686, 343143.616047873161733 ], [ -704.876500904047816, 343143.803547875024378 ], [ -704.872700904458952, 343143.815647875890136 ], [ -704.651000903456065, 343144.516047875396907 ], [ -704.338800902707362, 343145.499647876247764 ], [ -703.851000900456484, 343147.036047878675163 ], [ -700.681000898198704, 343146.296047875657678 ], [ -699.12100089544856, 343145.926047873683274 ], [ -693.871000889393599, 343144.766047866083682 ], [ -688.601000884221094, 343143.736047858372331 ], [ -684.801000878895366, 343143.156047853641212 ], [ -680.971000875895015, 343142.716047847643495 ], [ -680.796800874835867, 343143.183547847904265 ], [ -680.781000873862808, 343143.2260478483513 ], [ -680.681000875057862, 343143.206047849729657 ], [ -676.641000870068638, 343142.776047844439745 ], [ -667.861000859448723, 343142.156047834083438 ], [ -657.5610008461191, 343142.136047827079892 ], [ -623.201000801146051, 343143.966047794558108 ], [ -619.191000795955915, 343144.176047787070274 ], [ -616.121000791035499, 343144.346047786995769 ], [ -613.651000788240481, 343144.386047783307731 ], [ -604.461000776798755, 343144.226047776639462 ], [ -603.311000775829029, 343144.08604777418077 ], [ -603.263500775497391, 343144.08364777546376 ], [ -603.111000775313755, 343144.07604777161032 ], [ -600.661000772022589, 343143.966047769412398 ], [ -600.611900772258082, 343143.964447771199048 ], [ -600.361000772273087, 343143.956047768704593 ], [ -599.985400771289278, 343143.818647768348455 ], [ -599.431800771063422, 343143.587347766384482 ], [ -599.070100770256659, 343143.416547765955329 ], [ -598.539800769286785, 343143.136147769168019 ], [ -598.025400769773455, 343142.827447764575481 ], [ -597.5285007686781, 343142.491247764788568 ], [ -597.050500769279324, 343142.128647763282061 ], [ -596.743100768718818, 343141.872747764922678 ], [ -596.299900768507428, 343141.468447760678828 ], [ -595.879200768629971, 343141.040747758932412 ], [ -595.611900769290287, 343140.743247758597136 ], [ -595.231600768726139, 343140.279247757047415 ], [ -594.99230076784977, 343139.958747756667435 ], [ -594.655400768457753, 343139.462347756139934 ], [ -594.445900768298202, 343139.121647757478058 ], [ -594.155200768989403, 343138.596847753040493 ], [ -594.015247034081199, 343138.308280045981519 ], [ -602.991000777767908, 343141.076047766953707 ] ] ] } },
{ "type": "Feature", "properties": { "ZBEZ": "1805", "university_share": 1.97130010770785, "avg_income": 2.2444308990148798, "unemprate": 1.1231651098422699, "benefit_share": 1.03153118076373, "SSI": 1.9581898644795801, "quintile": 5.0, "green_area_sum": 3314295.1917328849, "blue_area_sum": 3322013.9245678536, "census_area_m2": 3312570.8571308921, "green_ratio": 1.001, "blue_ratio": 1.003 }, "geometry": { "type": "GeometryCollection", "geometries": [ { "type": "Polygon", "coordinates": [ [ [ -3256.976603310519749, 344570.007085427409038 ], [ -3253.511003004871782, 344568.956052713096142 ], [ -3242.981002995293693, 344565.756052696146071 ], [ -3256.976603310519749, 344570.007085427409038 ] ] ] }, { "type": "Polygon", "coordinates": [ [ [ -3124.99100283923508, 344572.506052588112652 ], [ -3114.011002823648141, 344573.956052579917014 ], [ -3069.311002762782664, 344579.846052540466189 ], [ -3124.99100283923508, 344572.506052588112652 ] ] ] }, { "type": "Polygon", "coordinates": [ [ [ -2993.071002659704845, 344587.856052479706705 ], [ -3001.541002669816407, 344588.426052489317954 ], [ -2999.991002667887642, 344588.32605248503387 ], [ -2992.532876463063076, 344587.819880604627542 ], [ -2993.071002659704845, 344587.856052479706705 ] ] ] }, { "type": "Polygon", "coordinates": [ [ [ -2983.401002647470705, 344587.206052470952272 ], [ -2971.131002634438573, 344583.996052449569106 ], [ -2961.113002624870205, 344581.369152437895536 ], [ -2961.106802623722615, 344581.367552435956895 ], [ -2960.491002623376971, 344581.206052438355982 ], [ -2983.401002647470705, 344587.206052470952272 ] ] ] }, { "type": "Polygon", "coordinates": [ [ [ -2957.001002618912025, 344580.256052429787815 ], [ -2949.561002610414107, 344579.996052421629429 ], [ -2931.651002588773281, 344579.346052404493093 ], [ -2957.001002618912025, 344580.256052429787815 ] ] ] }, { "type": "Polygon", "coordinates": [ [ [ -2931.651002588773281, 344579.346052404493093 ], [ -2927.091002582197234, 344579.186052398756146 ], [ -2916.101002569284901, 344578.796052387915552 ], [ -2931.651002588773281, 344579.346052404493093 ] ] ] }, { "type": "Polygon", "coordinates": [ [ [ -2811.981002479539711, 344524.346052194945514 ], [ -2813.361002470760013, 344538.406052218750119 ], [ -2813.931002467445524, 344544.016052228398621 ], [ -2814.491002463245877, 344549.476052240468562 ], [ -2815.601002454730406, 344562.696052258834243 ], [ -2817.271002440625125, 344582.546052292920649 ], [ -2916.101002569284901, 344578.796052387915552 ], [ -2905.111002554518564, 344579.286052376031876 ], [ -2836.10400246422796, 344582.322952311486006 ], [ -2832.171002458953808, 344582.495852310210466 ], [ -2826.19700245180411, 344582.756952302530408 ], [ -2821.181002445437571, 344582.976052298210561 ], [ -2817.181002440509474, 344582.836052292026579 ], [ -2817.160902439980418, 344582.613552290946245 ], [ -2816.291602446140587, 344572.995952279306948 ], [ -2816.290702447712647, 344572.986052276566625 ], [ -2815.371302453696899, 344562.871052258647978 ], [ -2815.370902453382769, 344562.866052260622382 ], [ -2814.201202462229503, 344549.316052239388227 ], [ -2814.200402462914099, 344549.308152237907052 ], [ -2813.851502465457088, 344546.182952230796218 ], [ -2813.850802465099605, 344546.176052232272923 ], [ -2813.661802466479912, 344543.870952227152884 ], [ -2813.66050246628447, 344543.856052228249609 ], [ -2811.841302479884234, 344524.286052194423974 ], [ -2811.840502479790757, 344524.277152194641531 ], [ -2810.91706292947265, 344513.484340868832078 ], [ -2811.981002479539711, 344524.346052194945514 ] ] ] }, { "type": "Polygon", "coordinates": [ [ [ -2809.591002522797226, 344466.556052104569972 ], [ -2809.651002520438396, 344470.006052106618881 ], [ -2809.371002507396042, 344485.786052132025361 ], [ -2809.299349575810538, 344488.208982681564521 ], [ -2809.320902507924984, 344486.152052133344114 ], [ -2809.321002507506364, 344486.146052132360637 ], [ -2809.543508035717423, 344463.711659905617125 ], [ -2809.591002522797226, 344466.556052104569972 ] ] ] }, { "type": "LineString", "coordinates": [ [ -3347.381003108469031, 344588.636052840389311 ], [ -3303.311003058890037, 344582.326052783057094 ] ] }, { "type": "LineString", "coordinates": [ [ -3303.311003058890037, 344582.326052783057094 ], [ -3292.421003045037651, 344580.76605277042836 ] ] }, { "type": "LineString", "coordinates": [ [ -3242.981002995293693, 344565.756052696146071 ], [ -3243.481002996726602, 344564.276052693836391 ] ] }, { "type": "LineString", "coordinates": [ [ -3243.481002996726602, 344564.276052693836391 ], [ -3227.701002980204066, 344559.466052670963109 ] ] }, { "type": "LineString", "coordinates": [ [ -3227.701002980204066, 344559.466052670963109 ], [ -3226.95100297957697, 344559.55605267174542 ] ] }, { "type": "LineString", "coordinates": [ [ -3226.95100297957697, 344559.55605267174542 ], [ -3216.051002963822611, 344560.926052662543952 ] ] }, { "type": "LineString", "coordinates": [ [ -3216.051002963822611, 344560.926052662543952 ], [ -3147.101002869582771, 344569.586052604950964 ] ] }, { "type": "LineString", "coordinates": [ [ -3026.21100270459101, 344583.686052505858243 ], [ -3001.541002669816407, 344588.426052489317954 ] ] }, { "type": "LineString", "coordinates": [ [ -2960.491002623376971, 344581.206052438355982 ], [ -2957.001002618912025, 344580.256052429787815 ] ] }, { "type": "Point", "coordinates": [ -3379.491003143341004, 344596.666052885353565 ] } ] } },
{ "type": "Feature", "properties": { "ZBEZ": "1901", "university_share": 1.13461335173629, "avg_income": 1.4832926927385099, "unemprate": 0.519237763453265, "benefit_share": 0.67966854069217897, "SSI": 1.1902712935358899, "quintile": 5.0, "green_area_sum": 6882852.1227488816, "blue_area_sum": 6969789.498443706, "census_area_m2": 6878651.2863710122, "green_ratio": 1.001, "blue_ratio": 1.013 }, "geometry": { "type": "GeometryCollection", "geometries": [ { "type": "Polygon", "coordinates": [ [ [ 929.014007769029945, 349667.336057441891171 ], [ 924.622451937305641, 349664.548470366746187 ], [ 924.616203291968532, 349664.5584967234754 ], [ 929.014007769029945, 349667.336057441891171 ] ] ] }, { "type": "Polygon", "coordinates": [ [ [ 922.699006344648069, 349654.346056535840034 ], [ 927.949006354612493, 349657.886056539602578 ], [ 927.40299442227888, 349658.74839780444745 ], [ 927.788228607764836, 349658.997094623744488 ], [ 928.612106354774369, 349657.806056537665427 ], [ 919.456663673990306, 349652.121367297135293 ], [ 919.340608461089118, 349652.303672078065574 ], [ 922.699006344648069, 349654.346056535840034 ] ] ] }, { "type": "Polygon", "coordinates": [ [ [ 920.2090063372126, 349649.586056533269584 ], [ 919.559456652517383, 349650.655107058119029 ], [ 919.838608142455314, 349650.828827385790646 ], [ 920.602106338102885, 349649.626056532375515 ], [ 917.202106331203936, 349647.386056532151997 ], [ 919.222106331852729, 349644.096056522801518 ], [ 916.652106327236197, 349642.456056525930762 ], [ 917.471306327121852, 349641.424356524832547 ], [ 582.118305734515616, 349430.384056528098881 ], [ 362.388645326895642, 349290.981621897779405 ], [ 378.029031470297809, 349301.135515946953092 ], [ 466.999005531340686, 349357.586056529544294 ], [ 473.119005542076081, 349361.466056530363858 ], [ 604.779005774645839, 349445.00605652667582 ], [ 625.009005811048155, 349457.7360565289855 ], [ 692.189005929593122, 349499.996056526899338 ], [ 745.419006024161831, 349533.48605652526021 ], [ 779.969006084830653, 349555.226056525483727 ], [ 845.689006200600488, 349596.656056526117027 ], [ 890.589006280669992, 349624.936056524515152 ], [ 913.21900632081713, 349639.306056522764266 ], [ 916.389006326366825, 349641.326056522317231 ], [ 915.770115423724292, 349642.344846168241929 ], [ 916.273937867042832, 349642.662954087369144 ], [ 916.252524922387124, 349642.7077643139055 ], [ 918.309006330318766, 349643.956056530587375 ], [ 917.745581012586285, 349644.879054790595546 ], [ 918.403583031487074, 349645.265181218273938 ], [ 916.915342860041278, 349647.579377245914657 ], [ 920.2090063372126, 349649.586056533269584 ] ] ] }, { "type": "Polygon", "coordinates": [ [ [ 167.319005026173869, 349200.286056582815945 ], [ 171.149005032460622, 349202.016056582331657 ], [ 174.999005039244253, 349203.686056582257152 ], [ 176.549005041216219, 349204.376056579872966 ], [ 190.339005063456568, 349210.466056576929986 ], [ 192.839005067567001, 349211.56605657748878 ], [ 196.629005073732912, 349213.226056578569114 ], [ 203.229005084230721, 349216.126056573353708 ], [ 251.729005162064283, 349237.426056558266282 ], [ 282.756172718067489, 349251.173690015100874 ], [ 312.571413113945312, 349263.966149636544287 ], [ 254.371505165944342, 349237.505056555382907 ], [ 160.283946010041859, 349196.049685904232319 ], [ 167.319005026173869, 349200.286056582815945 ] ] ] }, { "type": "Polygon", "coordinates": [ [ [ 102.689004945179377, 349201.266056649386883 ], [ 107.609004950476134, 349200.806056645698845 ], [ 123.209004969768685, 349199.336056627333164 ], [ 141.309736333995318, 349197.627883156237658 ], [ 158.925167948403811, 349195.947064150124788 ], [ 76.312104909152893, 349198.576056671328843 ], [ 0.607644776607724, 349166.956089091487229 ], [ 7.371450461715597, 349172.309507663361728 ], [ 76.430905896735851, 349198.832719735568389 ], [ 102.689004945179377, 349201.266056649386883 ] ] ] }, { "type": "Polygon", "coordinates": [ [ [ -5.795643619836177, 349161.88803409220418 ], [ -0.555298851753442, 349166.035644013434649 ], [ -29.720995278789957, 349131.386056675575674 ], [ -24.260284202301129, 349138.955161410558503 ], [ -10.480660791450791, 349157.999337125569582 ], [ -5.795643619836177, 349161.88803409220418 ] ] ] }, { "type": "Polygon", "coordinates": [ [ [ -59.9909953618073, 349074.226056615822017 ], [ -48.389715499387989, 349087.584188238834031 ], [ -45.696860229496814, 349090.643129880540073 ], [ -59.857895361222255, 349074.216056616045535 ], [ -63.6803106360369, 349057.926815550774336 ], [ -62.947865724788791, 349061.36479915707605 ], [ -59.9909953618073, 349074.226056615822017 ] ] ] }, { "type": "Polygon", "coordinates": [ [ [ -279.363551374418478, 348754.374465969391167 ], [ -270.634018741802038, 348755.174202024936676 ], [ -276.857895891412909, 348754.346056327223778 ], [ -279.363551374418478, 348754.374465969391167 ] ] ] }, { "type": "Polygon", "coordinates": [ [ [ -238.628909507895088, 348759.432895581237972 ], [ -237.161350626157258, 348759.802457172423601 ], [ -237.477895837095502, 348759.58605629671365 ], [ -238.628909507895088, 348759.432895581237972 ] ] ] }, { "type": "Polygon", "coordinates": [ [ [ -134.605169639402817, 348850.950751232914627 ], [ -134.241672603941737, 348852.062108361162245 ], [ -132.698456984964054, 348879.002725675702095 ], [ -134.1378956336236, 348851.606056336313486 ], [ -134.605169639402817, 348850.950751232914627 ] ] ] }, { "type": "Polygon", "coordinates": [ [ [ -131.239090325580662, 348904.47978897485882 ], [ -130.121363009300069, 348909.160152015276253 ], [ -131.252800600449319, 348904.240439196117222 ], [ -131.239090325580662, 348904.47978897485882 ] ] ] }, { "type": "Polygon", "coordinates": [ [ [ -105.673056551001991, 348981.471886108629405 ], [ -95.850380450234468, 348999.116369659081101 ], [ -91.41060482858714, 349005.705747192725539 ], [ -94.957895466077858, 348999.996056533418596 ], [ -105.673056551001991, 348981.471886108629405 ] ] ] }, { "type": "Point", "coordinates": [ 930.999006366464414, 349668.596056550741196 ] } ] } },
{ "type": "Feature", "properties": { "ZBEZ": "1902", "university_share": -0.38319508462913399, "avg_income": -0.665053882070614, "unemprate": -0.82336540117232604, "benefit_share": -0.83092987868394996, "SSI": -0.69380837155489405, "quintile": 2.0, "green_area_sum": 565917.10466439719, "blue_area_sum": 565917.10466439824, "census_area_m2": 565625.94752291869, "green_ratio": 1.001, "blue_ratio": 1.001 }, "geometry": { "type": "Polygon", "coordinates": [ [ [ 2292.299004873115791, 345621.777248776517808 ], [ 2324.809005017667914, 345751.183548949658871 ], [ 2398.599105095374853, 345731.652248848229647 ], [ 2365.719004951660281, 345603.183548673987389 ], [ 2292.299004873115791, 345621.777248776517808 ] ] ] } },
{ "type": "Feature", "properties": { "ZBEZ": "1903", "university_share": 0.51424272767316404, "avg_income": -1.10481515321148, "unemprate": -0.12999083192834199, "benefit_share": 0.54239979294082996, "SSI": -0.14219802738158299, "quintile": 3.0, "green_area_sum": 617181.11585996021, "blue_area_sum": 617181.11585996149, "census_area_m2": 616862.16331964126, "green_ratio": 1.001, "blue_ratio": 1.001 }, "geometry": { "type": "MultiPolygon", "coordinates": [ [ [ [ 2527.189004692283106, 345020.12604758888483 ], [ 2525.41900468781887, 345016.726047583855689 ], [ 2523.669004682602917, 345013.336047579534352 ], [ 2521.939004677911271, 345009.926047574728727 ], [ 2517.209004663622636, 344999.996047564782202 ], [ 2512.539004650488096, 344990.036047555506229 ], [ 2509.57900464081149, 344983.486047545447946 ], [ 2500.909004614940386, 344964.29604752920568 ], [ 2500.009004612523768, 344962.496047522872686 ], [ 2419.409004382368494, 344801.49604735057801 ], [ 2391.619004300991492, 344743.796047288924456 ], [ 2364.209004220787392, 344686.896047224290669 ], [ 2328.619004116451379, 344612.046047143638134 ], [ 2326.409004109311809, 344607.396047138608992 ], [ 2325.449004106605571, 344605.286047132685781 ], [ 2323.909004101861683, 344601.886047130450606 ], [ 2313.109004067406659, 344576.296047103591263 ], [ 2295.009004009144974, 344531.89604704733938 ], [ 2282.709003968026536, 344499.796047009527683 ], [ 2263.309003899468735, 344444.896046942099929 ], [ 2236.009003802871575, 344366.796046844683588 ], [ 2223.60900375583833, 344327.796046798117459 ], [ 2210.609003707555985, 344287.996046746149659 ], [ 2201.709003672929612, 344257.696046708151698 ], [ 2193.709003638828563, 344228.196046668104827 ], [ 2190.679003623428798, 344214.556046650744975 ], [ 2190.529003623211338, 344214.546046651899815 ], [ 2187.149003619283121, 344214.386046654544771 ], [ 2184.459003616331302, 344214.256046657450497 ], [ 2180.245738079973762, 344214.051904588472098 ], [ 2193.82420366722954, 344263.516246724873781 ], [ 2218.959703768301551, 344350.828946837224066 ], [ 2254.678503901388467, 344460.631246976554394 ], [ 2294.366104028461905, 344557.204347090795636 ], [ 2328.762004136669475, 344639.225347183644772 ], [ 2384.324604300374176, 344754.319347312673926 ], [ 2488.835204588173838, 344950.111447514034808 ], [ 2528.080061262493928, 345021.818053880648222 ], [ 2527.189004692283106, 345020.12604758888483 ] ] ], [ [ [ 2595.849004864618564, 345127.086047688499093 ], [ 2587.289004844309147, 345114.286047677509487 ], [ 2578.719004822200986, 345101.476047665812075 ], [ 2570.129004801672181, 345088.696047653444111 ], [ 2557.189004769388703, 345069.506047636270523 ], [ 2548.729004748258376, 345056.596047622151673 ], [ 2540.529004727761276, 345043.496047610417008 ], [ 2534.549004712725946, 345033.586047601886094 ], [ 2533.454364733637703, 345031.637762656726409 ], [ 2595.991704879778808, 345145.903447719290853 ], [ 2605.071219729292807, 345140.933471206808463 ], [ 2595.849004864618564, 345127.086047688499093 ] ] ] ] } },
{ "type": "Feature", "properties": { "ZBEZ": "1904", "university_share": 0.83702615468369501, "avg_income": 0.190463958847231, "unemprate": 0.15106829086642401, "benefit_share": 0.163578477699486, "SSI": 0.43832516311981001, "quintile": 4.0, "green_area_sum": 1236576.1706388555, "blue_area_sum": 1236998.7712806026, "census_area_m2": 1235930.1998487932, "green_ratio": 1.001, "blue_ratio": 1.001 }, "geometry": { "type": "Polygon", "coordinates": [ [ [ 1968.148403621195257, 344565.424647429957986 ], [ 2022.434803793856645, 344694.925247581675649 ], [ 2041.002403815563184, 344693.036947557702661 ], [ 1973.813103627997407, 344564.165847423486412 ], [ 1968.148403621195257, 344565.424647429957986 ] ] ] } },
{ "type": "Feature", "properties": { "ZBEZ": "1905", "university_share": 0.93307398969921995, "avg_income": 1.4036195185448701, "unemprate": 0.44659417986725097, "benefit_share": 0.138515841253398, "SSI": 0.97269805586609104, "quintile": 5.0, "green_area_sum": 1494812.6474140214, "blue_area_sum": 1494812.647414021, "census_area_m2": 1494042.9778172274, "green_ratio": 1.001, "blue_ratio": 1.001 }, "geometry": { "type": "Polygon", "coordinates": [ [ [ 1183.779328990088061, 345244.975917022908106 ], [ 1185.34900321276109, 345298.77724938467145 ], [ 1250.009003287367705, 345289.621049307286739 ], [ 1295.419003340185554, 345283.183549248613417 ], [ 1288.807935842535244, 345208.746415861882269 ], [ 1287.762330110937, 345209.105642372160219 ], [ 1275.882503259391342, 345213.191349158994853 ], [ 1280.519003273445151, 345223.756049170158803 ], [ 1260.119003252433913, 345229.746049199253321 ], [ 1259.159003248986664, 345226.486049193888903 ], [ 1186.759003173747942, 345247.776049302890897 ], [ 1185.601670147510276, 345244.236077663372271 ], [ 1183.779328990088061, 345244.975917022908106 ] ] ] } },
{ "type": "Feature", "properties": { "ZBEZ": "1906", "university_share": 1.6391030067971399, "avg_income": 3.35087715092823, "unemprate": 1.30488362676328, "benefit_share": 1.1462533660134899, "SSI": 2.2994601114187398, "quintile": 5.0, "green_area_sum": 5554953.9452125598, "blue_area_sum": 5570672.1965419957, "census_area_m2": 5550756.5867619114, "green_ratio": 1.001, "blue_ratio": 1.004 }, "geometry": { "type": "MultiPolygon", "coordinates": [ [ [ [ -499.839538226431443, 348784.522634532069787 ], [ -499.990996150381307, 348784.54605660494417 ], [ -500.064590747534112, 348784.564587964734528 ], [ -499.839538226431443, 348784.522634532069787 ] ] ], [ [ [ -578.230996232999928, 348805.566056715324521 ], [ -567.821328400211428, 348801.977694513916504 ], [ -591.258600128355624, 348809.462034809868783 ], [ -578.230996232999928, 348805.566056715324521 ] ] ], [ [ [ -631.60099628056139, 348831.466056812554598 ], [ -624.990996275064504, 348827.246056797914207 ], [ -663.865019273583812, 348849.147524010390043 ], [ -642.544604981823795, 348838.209750376117881 ], [ -631.60099628056139, 348831.466056812554598 ] ] ], [ [ [ -729.040996373173925, 348869.356056967750192 ], [ -721.575340051862554, 348867.820797194784973 ], [ -712.821876352707022, 348865.567565238103271 ], [ -797.610996463882429, 348865.626057031564415 ], [ -792.299474992071282, 348866.457848810416181 ], [ -774.25598505843891, 348868.914872082881629 ], [ -752.495914696933824, 348869.317111508164089 ], [ -729.040996373173925, 348869.356056967750192 ] ] ], [ [ [ -797.610996463882429, 348865.626057031564415 ], [ -801.081016658844987, 348866.108166023157537 ], [ -801.080496530231358, 348866.108108232787345 ], [ -797.610996463882429, 348865.626057031564415 ] ] ], [ [ [ -1060.26099689405828, 348742.686057103797793 ], [ -1059.040996890288852, 348744.986057106405497 ], [ -1062.579998153411452, 348738.307352997362614 ], [ -1062.555172802529796, 348738.356048490677495 ], [ -1060.26099689405828, 348742.686057103797793 ] ] ], [ [ [ -1178.919547609892334, 348578.699127774336375 ], [ -1178.918112215059409, 348578.699984550476074 ], [ -1179.510785254893335, 348577.69294667057693 ], [ -1179.332237588345834, 348578.020777103956789 ], [ -1178.919547609892334, 348578.699127774336375 ] ] ], [ [ [ -1302.163965686382426, 348404.195820687105879 ], [ -1302.154861927366483, 348404.196555284783244 ], [ -1302.620997471509554, 348403.786056811921299 ], [ -1302.163965686382426, 348404.195820687105879 ] ] ], [ [ [ -1302.620997471509554, 348403.786056811921299 ], [ -1409.334741429029918, 348395.548029975965619 ], [ -1332.478272138863758, 348401.749708153714892 ], [ -1302.620997471509554, 348403.786056811921299 ] ] ], [ [ [ -1524.390997758886897, 348396.046057027764618 ], [ -1578.581497863252707, 348351.724757010117173 ], [ -1603.797897890093282, 348358.456057047471404 ], [ -1606.450986575476236, 348356.363431371166371 ], [ -1599.995059381966939, 348361.814646716578864 ], [ -1568.047493913825292, 348371.994527942501009 ], [ -1536.563214617428912, 348389.395258137956262 ], [ -1524.390997758886897, 348396.046057027764618 ] ] ], [ [ [ -1763.775592125696676, 348232.340270486834925 ], [ -1763.68130738267314, 348232.352802644483745 ], [ -1763.727898192904604, 348232.316057009622455 ], [ -1763.828477119089484, 348232.302820076758508 ], [ -1763.775592125696676, 348232.340270486834925 ] ] ], [ [ [ -914.149424670033795, 348834.761381807737052 ], [ -913.843759478480251, 348834.883873429149389 ], [ -914.147896635332245, 348834.756057100370526 ], [ -914.149424670033795, 348834.761381807737052 ] ] ], [ [ [ -691.943482341219465, 348860.19332710467279 ], [ -669.544133063197933, 348852.061038925312459 ], [ -669.403871795253508, 348851.989081591367722 ], [ -702.736239857407782, 348862.971444186754525 ], [ -691.943482341219465, 348860.19332710467279 ] ] ], [ [ [ -396.46224065200056, 348770.303156993351877 ], [ -395.170641257907505, 348770.071722720749676 ], [ -411.509749666261882, 348771.925219746306539 ], [ -396.46224065200056, 348770.303156993351877 ] ] ] ] } },
{ "type": "Feature", "properties": { "ZBEZ": "1907", "university_share": 1.3929244422367699, "avg_income": 2.2767179233369799, "unemprate": 1.02531700614957, "benefit_share": 0.90282955887785998, "SSI": 1.71425643871067, "quintile": 5.0, "green_area_sum": 3898428.1742553376, "blue_area_sum": 3917632.2696755193, "census_area_m2": 3895758.7499829768, "green_ratio": 1.001, "blue_ratio": 1.006 }, "geometry": { "type": "Polygon", "coordinates": [ [ [ -1047.800999188531705, 345841.586052499711514 ], [ -1046.880999186362033, 345842.766052501276135 ], [ -1047.210999185447918, 345844.486052505671978 ], [ -1062.620999196121829, 345855.246052538044751 ], [ -1072.780999205614762, 345860.836052555590868 ], [ -1084.030999213581708, 345868.596052582375705 ], [ -1093.67099921731824, 345878.006052608601749 ], [ -1103.230999223213303, 345887.056052631698549 ], [ -1103.170999220797512, 345889.266052632592618 ], [ -1117.000999226785552, 345904.256052671000361 ], [ -1133.330999236884281, 345916.946052705869079 ], [ -1155.390999251987751, 345933.68605275824666 ], [ -1165.380999258652082, 345940.116052776575089 ], [ -1186.700999277553365, 345950.426052815280855 ], [ -1196.260999285925209, 345956.306052832864225 ], [ -1204.720999293405839, 345961.196052848361433 ], [ -1210.040999296766586, 345964.636052860878408 ], [ -1245.760999326584397, 345983.666052930057049 ], [ -1243.940999321911022, 345986.296052929013968 ], [ -1248.2609993246042, 345989.576052939519286 ], [ -1260.570999346115741, 345983.156052940525115 ], [ -1286.580999359649695, 346006.616053002886474 ], [ -1316.160999376409336, 346034.076053077355027 ], [ -1320.170999378296301, 346037.556053088977933 ], [ -1326.58099938277428, 346042.316053101792932 ], [ -1347.770999395046829, 346061.096053152345121 ], [ -1364.440999404947888, 346074.846053191460669 ], [ -1367.940999407101799, 346077.486053200438619 ], [ -1378.320999413800564, 346084.916053221561015 ], [ -1392.940999423379253, 346096.746053257025778 ], [ -1409.290999434866308, 346108.13605329208076 ], [ -1415.080999437419678, 346113.97605330683291 ], [ -1422.17099943774133, 346124.516053327359259 ], [ -1424.580999437161381, 346129.346053337678313 ], [ -1426.920999435827298, 346135.076053352095187 ], [ -1415.015949880004882, 346141.153872074151877 ], [ -1413.258899416165377, 346138.737953345291317 ], [ -1413.031499415718145, 346138.411853339523077 ], [ -1412.685899415736912, 346137.856153339147568 ], [ -1412.377499416395494, 346137.279053338803351 ], [ -1412.276099416247234, 346137.067253339104354 ], [ -1404.963899419952895, 346121.317953307181597 ], [ -1394.389899412359682, 346113.184053281322122 ], [ -1394.369499411822062, 346113.168353280983865 ], [ -1370.301299396451213, 346094.555653228424489 ], [ -1370.272299396282506, 346094.533153229393065 ], [ -1345.562199380389302, 346075.278553176671267 ], [ -1345.47009938031556, 346075.205953172408044 ], [ -1308.886399357331811, 346046.003153088502586 ], [ -1308.531499356707627, 346045.706153090111911 ], [ -1308.053899356937563, 346045.258853088133037 ], [ -1307.963899357149558, 346045.167553084902465 ], [ -1283.509899345140866, 346020.078453023917973 ], [ -1261.559799333371984, 346000.63695297203958 ], [ -1260.370199332847733, 345999.711752967908978 ], [ -1259.858599332207859, 345999.982652968727052 ], [ -1259.262499330468472, 346000.252752965316176 ], [ -1258.650099329772047, 346000.4832529630512 ], [ -1258.023899328449716, 346000.673252967186272 ], [ -1257.386599328229522, 346000.821852963417768 ], [ -1256.740999327240615, 346000.928352965041995 ], [ -1256.089699326120126, 346000.992552963085473 ], [ -1255.435699324714051, 346001.013952963985503 ], [ -1255.165499325083147, 346001.010252961888909 ], [ -1243.291899310361941, 346000.689352949149907 ], [ -1242.908099310082889, 346000.671652952209115 ], [ -1242.256799309099279, 346000.60745295137167 ], [ -1241.611199307680636, 346000.500952949747443 ], [ -1240.973899307031388, 346000.352352951653302 ], [ -1240.347699307069888, 346000.162352947518229 ], [ -1239.735299306065599, 345999.931852946989238 ], [ -1239.139199305494913, 345999.661752945743501 ], [ -1238.562099305118181, 345999.353352943435311 ], [ -1238.417099304891735, 345999.26795294508338 ], [ -1228.789799297142281, 345993.491552927531302 ], [ -1228.379099297360426, 345993.231352925300598 ], [ -1227.976299296811703, 345992.94765292480588 ], [ -1218.893399290685238, 345986.208652902394533 ], [ -1203.509099276468532, 345979.270752878859639 ], [ -1203.197299276079775, 345979.123552876524627 ], [ -1202.620199275968844, 345978.81515287514776 ], [ -1202.320199275169671, 345978.634852877818048 ], [ -1187.055699264156374, 345969.094552844762802 ], [ -1161.203999242884038, 345954.094152793288231 ], [ -1160.667099242286213, 345953.759452793747187 ], [ -1160.656599242787252, 345953.75245279353112 ], [ -1128.565599218590933, 345932.251452730037272 ], [ -1128.044199219043094, 345931.877252725884318 ], [ -1127.53829921839997, 345931.462152725085616 ], [ -1127.530699218592417, 345931.455452727153897 ], [ -1106.350599206234847, 345912.842652675695717 ], [ -1105.880599206331226, 345912.402052673511207 ], [ -1105.607199205938514, 345912.117652673274279 ], [ -1083.09559919668709, 345887.755752610042691 ], [ -1051.005999171672102, 345867.775452548637986 ], [ -1037.102999158438706, 345862.335052521899343 ], [ -1036.920199158901369, 345862.26145252212882 ], [ -1036.324099158511672, 345861.991352523677051 ], [ -1035.746999157451228, 345861.682952521368861 ], [ -1035.191299156794003, 345861.337352517060935 ], [ -1034.659399155857272, 345860.956152520142496 ], [ -1034.153499156148882, 345860.541052516549826 ], [ -1033.675899155658271, 345860.093752518296242 ], [ -1033.228599155209395, 345859.616152518428862 ], [ -1039.744899170551889, 345851.274152508936822 ], [ -1033.534799167503706, 345846.052752493880689 ], [ -1040.744799183095893, 345837.340552487410605 ], [ -1040.930399183353757, 345837.122752490453422 ], [ -1041.377699184319454, 345836.64515248965472 ], [ -1041.527500189772127, 345836.504855190753005 ], [ -1047.800999188531705, 345841.586052499711514 ] ] ] } },
{ "type": "Feature", "properties": { "ZBEZ": "1908", "university_share": 0.47386657585788799, "avg_income": 0.067414046490556698, "unemprate": -0.072444650339558603, "benefit_share": -0.18058009089539201, "SSI": 0.153444708329492, "quintile": 3.0, "green_area_sum": 728542.172929044, "blue_area_sum": 728542.17292904621, "census_area_m2": 728165.0870523178, "green_ratio": 1.001, "blue_ratio": 1.001 }, "geometry": { "type": "MultiPolygon", "coordinates": [ [ [ [ 47.579001292633492, 344701.406049589626491 ], [ 46.702490818080264, 344701.618617640575394 ], [ 47.239001294999802, 344703.93354959320277 ], [ 58.842276744447894, 344701.446564956684597 ], [ 47.579001292633492, 344701.406049589626491 ] ] ], [ [ [ 64.259001314753021, 344701.46604957152158 ], [ 62.914796895239725, 344701.461214305309113 ], [ 69.219001322960253, 344705.216049573384225 ], [ 64.259001314753021, 344701.46604957152158 ] ] ], [ [ [ 186.199001467011129, 344697.676049442961812 ], [ 174.479001450790832, 344698.426049455069005 ], [ 174.508616571467257, 344699.511937141418457 ], [ 186.288088783951878, 344698.873778917244636 ], [ 186.199001467011129, 344697.676049442961812 ] ] ], [ [ [ 258.868509042391054, 344694.941701888223179 ], [ 266.317501565671876, 344694.538149355910718 ], [ 266.317394898200064, 344694.536890727293212 ], [ 258.868509042391054, 344694.941701888223179 ] ] ] ] } },
{ "type": "Feature", "properties": { "ZBEZ": "1909", "university_share": 1.86113629033553, "avg_income": 2.0075361044523099, "unemprate": 1.1617960528787901, "benefit_share": 1.14042880175849, "SSI": 1.8570838406517001, "quintile": 5.0, "green_area_sum": 700939.30715209187, "blue_area_sum": 700939.30715209292, "census_area_m2": 700574.51675528393, "green_ratio": 1.001, "blue_ratio": 1.001 }, "geometry": { "type": "Polygon", "coordinates": [ [ [ 427.179001371204379, 344195.621048402041197 ], [ 427.079001448440408, 344291.558548553846776 ], [ 487.649001524723928, 344292.121048494242132 ], [ 487.73900144881577, 344195.371048340573907 ], [ 427.179001371204379, 344195.621048402041197 ] ] ] } },
{ "type": "Feature", "properties": { "ZBEZ": "1910", "university_share": 1.1725609201229299, "avg_income": 1.83454039513902, "unemprate": 0.81159589261306997, "benefit_share": 0.75156114693454401, "SSI": 1.40163300786573, "quintile": 5.0, "green_area_sum": 3266783.6707085362, "blue_area_sum": 3269181.7700161384, "census_area_m2": 3265060.4480326255, "green_ratio": 1.001, "blue_ratio": 1.001 }, "geometry": { "type": "Polygon", "coordinates": [ [ [ -1225.241000149916772, 344918.652251217514277 ], [ -1231.810900142514129, 344936.871051255613565 ], [ -1217.691000136518596, 344922.839751216582954 ], [ -1203.680900128589656, 344910.714751182124019 ], [ -1180.301100108585842, 344898.15225113928318 ], [ -1158.551100087139275, 344891.839751107618213 ], [ -1174.131000109267234, 344887.589751118794084 ], [ -1183.810900129046331, 344878.339751114137471 ], [ -1186.801100154612186, 344851.433551074005663 ], [ -1225.241000149916772, 344918.652251217514277 ] ] ] } },
{ "type": "Feature", "properties": { "ZBEZ": "2001", "university_share": -0.97658034584080999, "avg_income": -0.99633437836363803, "unemprate": -1.4476622844460301, "benefit_share": -1.01343008355816, "SSI": -1.1851295817682701, "quintile": 1.0, "green_area_sum": 1323849.1493738103, "blue_area_sum": 1400222.2341305241, "census_area_m2": 1323168.4588837763, "green_ratio": 1.001, "blue_ratio": 1.058 }, "geometry": { "type": "Polygon", "coordinates": [ [ [ 3510.579005971773768, 345060.646046658046544 ], [ 3517.949005986420161, 345066.286046659573913 ], [ 3560.009006085750116, 345125.856046709232032 ], [ 3564.109006093057815, 345128.436046711169183 ], [ 3579.859006097817655, 345108.77604666352272 ], [ 3585.069006094515771, 345097.606046639382839 ], [ 3515.819005974409265, 345056.276046647690237 ], [ 3510.579005971773768, 345060.646046658046544 ] ] ] } },
{ "type": "Feature", "properties": { "ZBEZ": "2002", "university_share": -0.61096730264918298, "avg_income": -0.99033362673976, "unemprate": -1.1158790482887699, "benefit_share": -0.92371404722844996, "SSI": -0.969682554548429, "quintile": 1.0, "green_area_sum": 964607.46405402152, "blue_area_sum": 985837.28275344847, "census_area_m2": 964105.08426370588, "green_ratio": 1.001, "blue_ratio": 1.023 }, "geometry": { "type": "Polygon", "coordinates": [ [ [ 3965.759005704922856, 343999.996044513769448 ], [ 4048.449905857993599, 344061.808544530533254 ], [ 4094.812005868270262, 343999.996044383384287 ], [ 4117.808805872934499, 343969.339744310826063 ], [ 4035.569105718797346, 343906.214744293130934 ], [ 3965.759005704922856, 343999.996044513769448 ] ] ] } },
{ "type": "Feature", "properties": { "ZBEZ": "2003", "university_share": 0.173054439063585, "avg_income": -0.74469665320672496, "unemprate": -0.47710234967077503, "benefit_share": -0.28173795489180697, "SSI": -0.35184825938367797, "quintile": 2.0, "green_area_sum": 466385.59853195673, "blue_area_sum": 466385.59853195591, "census_area_m2": 466141.53225193883, "green_ratio": 1.001, "blue_ratio": 1.001 }, "geometry": { "type": "Polygon", "coordinates": [ [ [ 2819.409303499642647, 343057.731644176878035 ], [ 2821.261303498531561, 343052.57234416808933 ], [ 2824.304103499375287, 343049.000444156117737 ], [ 2827.479103501748796, 343046.883744154125452 ], [ 2832.179003505843866, 343044.286044143140316 ], [ 2828.361503499225819, 343042.353044143877923 ], [ 2822.187403491578607, 343041.988944149576128 ], [ 2814.779003480949996, 343041.062944155186415 ], [ 2809.487403475582141, 343041.988944161683321 ], [ 2811.07490348315514, 343049.66184417065233 ], [ 2813.456103498013363, 343064.346244191750884 ], [ 2815.969703501514687, 343065.272344191558659 ], [ 2819.409303499642647, 343057.731644176878035 ] ] ] } },
{ "type": "Feature", "properties": { "ZBEZ": "2004", "university_share": -0.59675411878000095, "avg_income": -0.89788660807943999, "unemprate": -0.63224638869529204, "benefit_share": -0.41802599914659, "SSI": -0.747222284266854, "quintile": 2.0, "green_area_sum": 649806.65950550593, "blue_area_sum": 693606.00579753495, "census_area_m2": 649470.15993223921, "green_ratio": 1.001, "blue_ratio": 1.068 }, "geometry": { "type": "Polygon", "coordinates": [ [ [ 2304.80900378987053, 344240.856046576052904 ], [ 2302.95900379648765, 344251.726046595722437 ], [ 2305.359003818161455, 344275.696046629920602 ], [ 2314.299003851663201, 344303.236046667210758 ], [ 2325.699003878820349, 344318.0860466780141 ], [ 2338.619003899056224, 344323.906046670861542 ], [ 2352.109003914866662, 344322.246046656742692 ], [ 2363.62900392472784, 344316.126046637073159 ], [ 2374.129003924857443, 344299.425046598538756 ], [ 2373.879003914199075, 344286.686046578921378 ], [ 2371.38900390321669, 344277.886046568863094 ], [ 2365.239003888721072, 344268.266046560369432 ], [ 2349.709003858384222, 344255.09604655392468 ], [ 2312.529003798447775, 344240.156046569347382 ], [ 2304.80900378987053, 344240.856046576052904 ] ] ] } },
{ "type": "Feature", "properties": { "ZBEZ": "2005", "university_share": -0.037598985092660998, "avg_income": -1.0099216550205099, "unemprate": -0.73256085714100705, "benefit_share": -0.56570758961415402, "SSI": -0.62768234930627398, "quintile": 2.0, "green_area_sum": 429635.2798773371, "blue_area_sum": 446117.23798555101, "census_area_m2": 429410.23218187288, "green_ratio": 1.001, "blue_ratio": 1.039 }, "geometry": { "type": "Polygon", "coordinates": [ [ [ 2628.659003189830855, 342970.706044231541455 ], [ 2627.76900318782009, 342970.336044233292341 ], [ 2624.789003183650038, 342969.106044234707952 ], [ 2624.279003183289205, 342970.526044236496091 ], [ 2623.759003184013181, 342971.946044235490263 ], [ 2623.23900318506503, 342973.366044241003692 ], [ 2622.709003184562789, 342974.776044242084026 ], [ 2622.579003184648172, 342975.13604424521327 ], [ 2622.179003185625788, 342976.186044244095683 ], [ 2621.649003184747471, 342977.60604424867779 ], [ 2621.449003186502068, 342978.13604424893856 ], [ 2621.119003185854581, 342979.01604425162077 ], [ 2620.579003186445334, 342980.426044254563749 ], [ 2620.299003186693426, 342981.136044256389141 ], [ 2620.029003186373302, 342981.836044257506728 ], [ 2619.479003187314902, 342983.236044260673225 ], [ 2619.129003187480976, 342984.136044262908399 ], [ 2618.929003187690341, 342984.646044263616204 ], [ 2618.379003188577371, 342986.046044267714024 ], [ 2618.129003189063496, 342986.666044267825782 ], [ 2617.819003188193165, 342987.446044269017875 ], [ 2617.24900318964319, 342988.846044271253049 ], [ 2616.679003189415653, 342990.246044274419546 ], [ 2616.10900318963877, 342991.64604427665472 ], [ 2615.539003190712265, 342993.036044277250767 ], [ 2615.259003190933072, 342993.706044282764196 ], [ 2614.959003190157091, 342994.436044284142554 ], [ 2614.379003190972981, 342995.826044285669923 ], [ 2614.289003191773645, 342996.03604428563267 ], [ 2613.789003191751817, 342997.21604428999126 ], [ 2613.199003191997235, 342998.606044289655983 ], [ 2612.609003190995736, 342999.99604429397732 ], [ 2612.029003191773427, 343001.326044296845794 ], [ 2611.459003192444925, 343002.65604430064559 ], [ 2610.879003193147128, 343003.976044304668903 ], [ 2610.289003193589451, 343005.306044302880764 ], [ 2610.069003193184926, 343005.806044308468699 ], [ 2609.709003194113848, 343006.626044309698045 ], [ 2609.119003194506604, 343007.946044309064746 ], [ 2608.51900319343622, 343009.266044312156737 ], [ 2607.91900319431943, 343010.586044315248728 ], [ 2607.849003193888166, 343010.746044315397739 ], [ 2607.319003194061679, 343011.896044319495559 ], [ 2606.719003194965353, 343013.216044318862259 ], [ 2606.509003195150399, 343013.666044322773814 ], [ 2606.109003194801062, 343014.526044322177768 ], [ 2605.499003196375725, 343015.846044327132404 ], [ 2604.879003196651865, 343017.156044327653944 ], [ 2604.25900319587754, 343018.45604433119297 ], [ 2603.63900319637969, 343019.766044333577156 ], [ 2603.019003196236554, 343021.076044335030019 ], [ 2602.389003196854446, 343022.376044341363013 ], [ 2583.429003202789318, 343059.856044418178499 ], [ 2582.96900320253053, 343060.696044419892132 ], [ 2582.509003201802443, 343061.526044421829283 ], [ 2582.439003202456661, 343061.656044424511492 ], [ 2582.049003202439508, 343062.366044422611594 ], [ 2581.579003203436059, 343063.196044421754777 ], [ 2581.099003202441509, 343064.026044426485896 ], [ 2580.629003203289358, 343064.856044431217015 ], [ 2580.14900320245124, 343065.676044430583715 ], [ 2579.669003203343436, 343066.496044430881739 ], [ 2579.179003203156299, 343067.326044434681535 ], [ 2578.689003202473486, 343068.146044436842203 ], [ 2578.199003203685152, 343068.956044437363744 ], [ 2577.699003204067594, 343069.776044440455735 ], [ 2577.199003203929351, 343070.586044440977275 ], [ 2576.699003203854772, 343071.396044443361461 ], [ 2576.189003203173797, 343072.206044448539615 ], [ 2575.679003202802051, 343073.016044446267188 ], [ 2575.159003203732482, 343073.816044447012246 ], [ 2574.649003202904169, 343074.616044448688626 ], [ 2574.129003203195225, 343075.416044453158975 ], [ 2573.599003203380107, 343076.216044456698 ], [ 2573.069003202977001, 343077.016044454649091 ], [ 2572.539003203783068, 343077.806044456548989 ], [ 2572.009003203325847, 343078.596044460311532 ], [ 2571.46900320265695, 343079.38604446221143 ], [ 2570.929003203023967, 343080.176044465042651 ], [ 2570.469003202437762, 343080.836044466122985 ], [ 2570.389003202941694, 343080.956044466234744 ], [ 2569.839003203164339, 343081.736044464632869 ], [ 2569.2890032031396, 343082.516044470481575 ], [ 2568.729003202510739, 343083.296044471673667 ], [ 2568.179003202268177, 343084.0660444740206 ], [ 2567.619003202150452, 343084.846044472418725 ], [ 2567.049003203048414, 343085.616044475696981 ], [ 2566.479003201927753, 343086.376044478267431 ], [ 2565.909003202861186, 343087.146044480614364 ], [ 2565.339003202382628, 343087.906044477596879 ], [ 2564.759003201803807, 343088.666044481098652 ], [ 2564.179003202058084, 343089.426044484600425 ], [ 2563.599003201964933, 343090.186044486239552 ], [ 2563.0090032011326, 343090.93604448903352 ], [ 2562.419003201737269, 343091.68604448903352 ], [ 2561.829003201649357, 343092.436044491827488 ], [ 2561.229003200606257, 343093.186044495552778 ], [ 2560.62900320114295, 343093.926044493913651 ], [ 2560.029003200572333, 343094.666044498793781 ], [ 2559.429003200081752, 343095.406044499017298 ], [ 2558.81900319964825, 343096.136044500395656 ], [ 2558.209003200462121, 343096.866044502705336 ], [ 2557.589003200071602, 343097.596044505946338 ], [ 2556.969003199709732, 343098.326044507324696 ], [ 2556.349003199374692, 343099.056044509634376 ], [ 2555.729003198876853, 343099.776044508442283 ], [ 2555.099003199577965, 343100.496044513769448 ], [ 2554.469003198976225, 343101.20604451559484 ], [ 2553.839003198402224, 343101.92604451533407 ], [ 2553.199003198815717, 343102.63604451995343 ], [ 2552.559003198246955, 343103.346044521778822 ], [ 2551.369003197877191, 343104.706044521182775 ], [ 2550.179003196764825, 343106.06604452803731 ], [ 2548.989003196869362, 343107.416044531390071 ], [ 2547.799003196800186, 343108.766044530086219 ], [ 2546.599003196213744, 343110.116044536232948 ], [ 2545.399003194281704, 343111.466044538654387 ], [ 2544.199003195445584, 343112.806044543161988 ], [ 2542.989003194961242, 343114.146044545806944 ], [ 2541.779003193867084, 343115.486044552177191 ], [ 2540.559003193910939, 343116.826044552959502 ], [ 2539.349003192985037, 343118.156044554896653 ], [ 2538.129003192208984, 343119.486044557765126 ], [ 2536.909003192911769, 343120.816044563427567 ], [ 2535.679003192162327, 343122.136044569313526 ], [ 2534.459003191302145, 343123.466044567525387 ], [ 2533.219003190645253, 343124.786044570617378 ], [ 2531.989003189868072, 343126.096044573001564 ], [ 2530.749003189685482, 343127.40604457911104 ], [ 2529.509003189984014, 343128.716044584289193 ], [ 2528.269003187930139, 343130.026044585742056 ], [ 2527.019003187564522, 343131.33604458719492 ], [ 2525.769003187390354, 343132.636044592596591 ], [ 2524.519003186501322, 343133.936044597998261 ], [ 2523.269003186555437, 343135.236044597811997 ], [ 2522.009003185939491, 343136.526044599711895 ], [ 2520.749003185470883, 343137.816044605337083 ], [ 2519.4890031858572, 343139.106044610030949 ], [ 2518.219003184214216, 343140.386044612154365 ], [ 2516.949003183984587, 343141.676044614985585 ], [ 2515.679003182423457, 343142.956044619902968 ], [ 2514.39900318132959, 343144.226044620387256 ], [ 2513.129003181907592, 343145.506044624373317 ], [ 2511.849003181072021, 343146.776044629514217 ], [ 2510.55900318028398, 343148.046044634655118 ], [ 2509.279003179135998, 343149.306044634431601 ], [ 2507.98900317962898, 343150.566044638864696 ], [ 2506.689003178475105, 343151.826044641435146 ], [ 2505.399003178004932, 343153.086044644005597 ], [ 2502.429003177003779, 343156.476044653914869 ], [ 2500.009003176305669, 343159.226044662296772 ], [ 2478.709003168312847, 343183.476044720038772 ], [ 2477.8077583400609, 343183.561637806007639 ], [ 2487.562603185594526, 343189.998944722115993 ], [ 2542.860603210409863, 343134.70094458013773 ], [ 2613.76910321854848, 343032.306944345124066 ], [ 2635.620577324029455, 342973.604252302146051 ], [ 2628.659003189830855, 342970.706044231541455 ] ] ] } },
{ "type": "Feature", "properties": { "ZBEZ": "2006", "university_share": -0.84431636735855098, "avg_income": -1.09633132427071, "unemprate": -1.90932423114255, "benefit_share": -2.3445667265303101, "SSI": -1.5048177989524201, "quintile": 1.0, "green_area_sum": 536553.64168137033, "blue_area_sum": 547203.68695230398, "census_area_m2": 536274.08227175148, "green_ratio": 1.001, "blue_ratio": 1.02 }, "geometry": { "type": "Polygon", "coordinates": [ [ [ 2270.649003312149034, 343695.876045746728778 ], [ 2269.759003311032757, 343695.486045747064054 ], [ 2267.149003306772556, 343694.066045745275915 ], [ 2265.059003303458212, 343693.146045749075711 ], [ 2245.238875749734689, 343684.773360706574749 ], [ 2218.480803294070029, 343755.414645893499255 ], [ 2198.637003372830804, 343886.648246118798852 ], [ 2198.901603483655435, 344025.290146338753402 ], [ 2229.939903522204986, 344024.332446308806539 ], [ 2244.492003445476712, 343903.946846100501716 ], [ 2265.658703342880472, 343742.550645823590457 ], [ 2283.138591547326541, 343701.37583317985991 ], [ 2270.649003312149034, 343695.876045746728778 ] ] ] } },
{ "type": "Feature", "properties": { "ZBEZ": "2007", "university_share": -0.69862208415434401, "avg_income": -0.91774486320418103, "unemprate": -1.05855565088556, "benefit_share": -0.96654067393436405, "SSI": -0.97257471023377895, "quintile": 1.0, "green_area_sum": 708736.02142323984, "blue_area_sum": 718728.65073527885, "census_area_m2": 708368.32132815593, "green_ratio": 1.001, "blue_ratio": 1.015 }, "geometry": { "type": "Polygon", "coordinates": [ [ [ 3322.667905124264507, 344295.558745633810759 ], [ 3304.198505114391082, 344312.084545676596463 ], [ 3351.87790520476392, 344349.305345688015223 ], [ 3363.677105209384081, 344336.589745656587183 ], [ 3368.001905210717268, 344331.902345646172762 ], [ 3327.188105126930168, 344291.496145624667406 ], [ 3322.667905124264507, 344295.558745633810759 ] ] ] } },
{ "type": "Feature", "properties": { "ZBEZ": "2008", "university_share": -0.29168187269133899, "avg_income": -0.83642337062356198, "unemprate": -0.371791592644929, "benefit_share": -0.0021006741404199299, "SSI": -0.48650704120930499, "quintile": 2.0, "green_area_sum": 630911.32690215437, "blue_area_sum": 630911.32690215448, "census_area_m2": 630581.18916574214, "green_ratio": 1.001, "blue_ratio": 1.001 }, "geometry": { "type": "Polygon", "coordinates": [ [ [ 4128.619005601279241, 343610.486043729819357 ], [ 4106.399005558915633, 343593.736043727956712 ], [ 4106.929005559062716, 343593.006043723784387 ], [ 4079.969005508211467, 343571.856043718755245 ], [ 4077.240199806816236, 343569.51785893883789 ], [ 4076.214905503625232, 343572.257343722507358 ], [ 4076.214905506052219, 343573.977143728174269 ], [ 4076.876405508401604, 343576.226143728010356 ], [ 4079.654505513664844, 343579.004243729636073 ], [ 4127.015005602808742, 343615.252243742346764 ], [ 4129.8264472027995, 343611.397015295049641 ], [ 4128.619005601279241, 343610.486043729819357 ] ] ] } },
{ "type": "Feature", "properties": { "ZBEZ": "2101", "university_share": -0.13390592348653699, "avg_income": 0.83722957776000595, "unemprate": 0.999072689330879, "benefit_share": 0.72481793492685398, "SSI": 0.57907575858192795, "quintile": 4.0, "green_area_sum": 9157228.7301676609, "blue_area_sum": 9185463.0118625835, "census_area_m2": 9152221.4914121199, "green_ratio": 1.001, "blue_ratio": 1.004 }, "geometry": { "type": "Polygon", "coordinates": [ [ [ 3785.947312195907216, 352461.637358063831925 ], [ 3814.277112239928556, 352471.458658051677048 ], [ 3845.529512289390368, 352484.267058040015399 ], [ 3881.905212350589409, 352502.711058032698929 ], [ 3909.419812390565312, 352510.144458015449345 ], [ 3935.878212438835362, 352528.665358018130064 ], [ 3964.100512486659227, 352542.776458015665412 ], [ 3990.558912531296755, 352556.887558007612824 ], [ 4003.840912554795523, 352566.752958009019494 ], [ 4006.43391256936593, 352580.700158027932048 ], [ 4002.024212581340635, 352601.866858066059649 ], [ 3990.5589125894262, 352630.971058122813702 ], [ 3979.975512592030555, 352651.255858164280653 ], [ 3954.65681256767175, 352660.51015820261091 ], [ 3914.694712524850729, 352670.244558261707425 ], [ 3878.551712484306336, 352676.832258307375014 ], [ 3848.565512454855252, 352688.297558359801769 ], [ 3840.586612454256738, 352699.527958381921053 ], [ 3866.5269124923052, 352706.188758365809917 ], [ 3868.850312493310412, 352703.290658359415829 ], [ 3880.88061250438659, 352698.422958339564502 ], [ 3916.475412544512892, 352691.82535829488188 ], [ 3950.045812584564374, 352690.225558256730437 ], [ 3976.687212608585014, 352677.417258210480213 ], [ 4004.353312624069076, 352653.337558143772185 ], [ 4022.308912617292208, 352615.977958063594997 ], [ 4030.246412596254686, 352576.290457996539772 ], [ 4071.69791263584284, 352559.533457928337157 ], [ 4116.677212683123798, 352547.186157862655818 ], [ 4129.630912695160077, 352543.827757847495377 ], [ 4134.269012708720766, 352552.046757852658629 ], [ 4134.781112708866203, 352552.781957855448127 ], [ 4135.14771271110294, 352553.176657858304679 ], [ 4135.526412711404191, 352554.004957855679095 ], [ 4135.813312712725747, 352554.446457855403423 ], [ 4140.723512724028296, 352561.195657862350345 ], [ 4140.807185671617844, 352561.308011376298964 ], [ 4141.22728228120468, 352561.787039751186967 ], [ 4141.706310654752087, 352562.207136359997094 ], [ 4141.890768197495163, 352562.341923019848764 ], [ 4142.236074485362224, 352562.561113235540688 ], [ 4142.807509365602527, 352562.842913730069995 ], [ 4143.371712729260253, 352563.037057859823108 ], [ 4143.431639203259692, 352563.287053127773106 ], [ 4143.635441329612149, 352563.887434829957783 ], [ 4143.91586543642461, 352564.456078665331006 ], [ 4143.971115724173615, 352564.549351260997355 ], [ 4144.268113391371116, 352564.983254982158542 ], [ 4144.686158133133176, 352565.45994365029037 ], [ 4145.037112732668902, 352565.778157863765955 ], [ 4154.245412750256946, 352573.354557868093252 ], [ 4154.390555486125777, 352573.470592062920332 ], [ 4154.898203153534268, 352573.809791391715407 ], [ 4155.119208652714406, 352573.929570497944951 ], [ 4155.445782222040179, 352574.079827499575913 ], [ 4156.023923460879814, 352574.276080005802214 ], [ 4156.099112753729059, 352574.295557865872979 ], [ 4156.292611502426553, 352574.573174144141376 ], [ 4156.551075407467579, 352574.874932846054435 ], [ 4156.611407140918345, 352574.936690901406109 ], [ 4156.974923896761538, 352575.255486536771059 ], [ 4157.10871275575937, 352575.353457869030535 ], [ 4187.908712813364218, 352598.733757873997092 ], [ 4188.449612814298234, 352599.0896578701213 ], [ 4188.521245471229122, 352599.185783877037466 ], [ 4188.847330566142773, 352599.562773283571005 ], [ 4188.888111401966853, 352599.604114294052124 ], [ 4189.306441820582222, 352599.970980226062238 ], [ 4189.309412815933683, 352599.973257872276008 ], [ 4196.258612829190497, 352605.493657875806093 ], [ 4196.340673381278066, 352605.558104029856622 ], [ 4196.845759402480326, 352605.895591722801328 ], [ 4197.076901582279788, 352606.020461232401431 ], [ 4197.39057532595325, 352606.16426520049572 ], [ 4197.965799199561843, 352606.359527395106852 ], [ 4197.987012832149048, 352606.365157872438431 ], [ 4198.135697562395762, 352606.573381767608225 ], [ 4198.456508084938832, 352606.939196059480309 ], [ 4198.62888337538152, 352607.100949028506875 ], [ 4198.822322375048316, 352607.260006577707827 ], [ 4199.226881248840073, 352607.530324175953865 ], [ 4199.44011283503005, 352607.64435787498951 ], [ 4208.444412850180925, 352612.762757876887918 ], [ 4209.198612851789221, 352613.123957876116037 ], [ 4209.389212851328921, 352613.266957871615887 ], [ 4247.340712917045494, 352634.378857868723571 ], [ 4249.444012921079775, 352637.226357870735228 ], [ 4231.746712908887275, 352648.555057909339666 ], [ 4231.228512907145159, 352648.935957909561694 ], [ 4231.130212907905843, 352649.034257909283042 ], [ 4231.009905439478644, 352649.064149858430028 ], [ 4230.589607735520985, 352649.206821701489389 ], [ 4230.505292787440339, 352649.243090354837477 ], [ 4230.191528150175145, 352649.403132828883827 ], [ 4229.932512905880685, 352649.568757907487452 ], [ 4218.961512898207729, 352656.49505793210119 ], [ 4214.393512894531341, 352659.378957942128181 ], [ 4214.009640785076044, 352659.645087521523237 ], [ 4213.533928400097466, 352660.062276085838675 ], [ 4213.248009444470881, 352660.37438619043678 ], [ 4213.116739834656073, 352660.537988471798599 ], [ 4212.765213301859148, 352661.06408510543406 ], [ 4212.485363517718724, 352661.631564334966242 ], [ 4212.467312894318638, 352661.675757947377861 ], [ 4212.081493313883584, 352661.76279120799154 ], [ 4211.467888275179575, 352661.971082051284611 ], [ 4211.025176132088745, 352662.180669222027063 ], [ 4210.886720122807674, 352662.257682466879487 ], [ 4210.347932805409982, 352662.617688646540046 ], [ 4209.860745124591631, 352663.044940775260329 ], [ 4209.805512891688522, 352663.101057952269912 ], [ 4205.95821288993011, 352667.062457961961627 ], [ 4203.064812888997039, 352670.041657971218228 ], [ 4202.684871304144508, 352670.48133569676429 ], [ 4202.321510919353386, 352671.025142947211862 ], [ 4202.032240221031316, 352671.611725895665586 ], [ 4201.891460623091916, 352671.995205080136657 ], [ 4201.822008711902527, 352672.231047950685024 ], [ 4201.694413512866959, 352672.872512336820364 ], [ 4201.651637812613444, 352673.525143423117697 ], [ 4201.694413514158441, 352674.177774503827095 ], [ 4201.706912890685999, 352674.266557977534831 ], [ 4198.884012891404382, 352679.049957988783717 ], [ 4198.42811097133108, 352679.282770106568933 ], [ 4197.886873740725605, 352679.64441326353699 ], [ 4197.397470774580142, 352680.073608144186437 ], [ 4196.968275892497331, 352680.563011114485562 ], [ 4196.630533203762752, 352681.063304306939244 ], [ 4196.606632737442851, 352681.104248343035579 ], [ 4196.318729125008758, 352681.688059117645025 ], [ 4196.109491165152576, 352682.304454270750284 ], [ 4195.982498976927673, 352682.942887115292251 ], [ 4195.939925433886856, 352683.592433882877231 ], [ 4195.95741289081343, 352684.009257997386158 ], [ 4195.827928944738233, 352684.170880352146924 ], [ 4195.468615804761612, 352684.708630469627678 ], [ 4195.302240154303036, 352685.022301075048745 ], [ 4195.182567113586629, 352685.288679835386574 ], [ 4194.97467724418857, 352685.901103645563126 ], [ 4194.91191289155995, 352686.163858002051711 ], [ 4193.483112895009072, 352692.902858012355864 ], [ 4193.416024592064787, 352693.292252253741026 ], [ 4193.373472295800639, 352693.928626609034836 ], [ 4193.373456115707995, 352693.941721697337925 ], [ 4193.416024592827853, 352694.591191140003502 ], [ 4193.477712896662524, 352694.95495801884681 ], [ 4193.459912901222197, 352701.784358029253781 ], [ 4193.41771723292004, 352702.419202670454979 ], [ 4193.417701310916527, 352702.432177205570042 ], [ 4193.456612902561574, 352703.054258031770587 ], [ 4193.460431277531825, 352703.083959912881255 ], [ 4193.587821910017738, 352703.724395868368447 ], [ 4193.797716364793814, 352704.342724993824959 ], [ 4194.086523289076467, 352704.928367499262094 ], [ 4194.449301116231254, 352705.471302885562181 ], [ 4194.879842618371185, 352705.962241376750171 ], [ 4195.272128204232104, 352706.315091267228127 ], [ 4195.370781108440497, 352706.392782876268029 ], [ 4195.913716495529115, 352706.755560702644289 ], [ 4196.499359003983955, 352707.044367625378072 ], [ 4197.117688125575114, 352707.254262080416083 ], [ 4197.758124081224196, 352707.38165270909667 ], [ 4198.409708832399701, 352707.424359832890332 ], [ 4198.841412913159729, 352707.405658033676445 ], [ 4239.038512961420565, 352703.966057985089719 ], [ 4239.265023434654722, 352703.941473620943725 ], [ 4239.90637909825, 352703.813900047913194 ], [ 4240.203022375774708, 352703.72447573300451 ], [ 4240.525596180618777, 352703.603704174049199 ], [ 4241.112079709372665, 352703.314482500776649 ], [ 4241.277512963509253, 352703.214657982811332 ], [ 4268.061212983833684, 352686.340257929638028 ], [ 4268.254312983675845, 352686.198057930916548 ], [ 4269.026712984333244, 352685.837357925251126 ], [ 4277.199512990818221, 352681.135457911528647 ], [ 4277.916712992371686, 352680.633657906204462 ], [ 4278.533012992004842, 352680.017357909120619 ], [ 4278.678085943027327, 352679.837600286118686 ], [ 4279.020305501806433, 352679.325432521291077 ], [ 4279.148937815019963, 352679.08705322816968 ], [ 4279.292746015958073, 352678.772977805696428 ], [ 4279.490745953977239, 352678.189688794314861 ], [ 4279.528712991758766, 352678.037957904860377 ], [ 4280.094029300506918, 352677.996388509869576 ], [ 4280.726752914504686, 352677.870531955733895 ], [ 4281.337635912753285, 352677.663165119476616 ], [ 4281.469489828397855, 352677.606286037713289 ], [ 4281.916225919771932, 352677.377836102619767 ], [ 4282.452623098403819, 352677.019426968879998 ], [ 4282.937649545168824, 352676.594070188701153 ], [ 4283.082112994406998, 352676.443357896991074 ], [ 4287.992312998048874, 352671.134857888333499 ], [ 4288.151912997435829, 352670.953657883219421 ], [ 4288.330212997571834, 352670.699057881720364 ], [ 4288.730112997310243, 352670.300657884217799 ], [ 4293.226012998757142, 352664.983357871882617 ], [ 4293.408412999374377, 352664.724257871508598 ], [ 4293.581412999488748, 352664.551257866434753 ], [ 4293.656712998692456, 352664.459457869641483 ], [ 4296.926212999524978, 352660.369557861238718 ], [ 4296.987402652260243, 352660.291432428173721 ], [ 4297.350778120487121, 352659.747602608054876 ], [ 4297.640060826255649, 352659.160995306447148 ], [ 4297.768688374039812, 352658.814818830229342 ], [ 4297.850301061635946, 352658.541647544130683 ], [ 4297.977901557728728, 352657.900156530551612 ], [ 4298.02067903275838, 352657.247498355805874 ], [ 4298.017312998767011, 352657.064057851210237 ], [ 4301.290812995411216, 352647.147057834081352 ], [ 4301.35204921341483, 352647.06887623667717 ], [ 4301.715409295546124, 352646.525069440715015 ], [ 4302.004679751280491, 352645.938486982136965 ], [ 4302.133303738084578, 352645.59232387971133 ], [ 4302.214911083611696, 352645.319165444001555 ], [ 4302.342506176661118, 352644.677701598033309 ], [ 4302.38528184077677, 352644.025071055628359 ], [ 4302.381912994015693, 352643.841557828709483 ], [ 4302.171812989244245, 352638.12125782109797 ], [ 4302.133622670527075, 352637.657751591876149 ], [ 4302.011708944633028, 352637.044849899597466 ], [ 4302.010351155609897, 352637.03978709410876 ], [ 4301.810838481872452, 352636.453104602172971 ], [ 4301.607212986403283, 352636.023357816040516 ], [ 4301.713893801284939, 352635.471253101713955 ], [ 4301.753306012518806, 352634.941134535707533 ], [ 4301.754025511698273, 352634.858961502090096 ], [ 4301.713893800289043, 352634.246669910848141 ], [ 4301.645212984465616, 352633.854457815177739 ], [ 4300.216312976956942, 352627.113757802173495 ], [ 4300.153952578238204, 352626.851028585806489 ], [ 4299.956563028509663, 352626.269537725485861 ], [ 4299.89405257587805, 352626.125486422330141 ], [ 4299.684962385223116, 352625.718786102719605 ], [ 4299.362212975044713, 352625.232357802800834 ], [ 4299.372469278491735, 352624.922052199020982 ], [ 4299.332259189985962, 352624.3085647970438 ], [ 4299.314818352559996, 352624.188159138895571 ], [ 4299.212316929177177, 352623.705574334599078 ], [ 4299.037812973799191, 352623.180257799103856 ], [ 4296.797212966132065, 352617.459957793354988 ], [ 4296.471712964311337, 352616.783557792194188 ], [ 4296.04441296425739, 352616.173257791437209 ], [ 4295.839712963528655, 352615.409157791174948 ], [ 4295.546712963050595, 352614.754657791927457 ], [ 4292.477212953734124, 352609.035957783460617 ], [ 4292.397249307116908, 352608.891868463717401 ], [ 4292.043870131155927, 352608.362999152392149 ], [ 4291.624482865837308, 352607.884779629297554 ], [ 4291.543355583999983, 352607.80552317108959 ], [ 4291.14626334301829, 352607.465392366982996 ], [ 4290.617394031520234, 352607.112013188190758 ], [ 4290.270712949016342, 352606.930057782679796 ], [ 4290.249655346932741, 352606.741083244793117 ], [ 4290.127896537540437, 352606.128960378468037 ], [ 4289.927281324824435, 352605.537967020645738 ], [ 4289.882662105860618, 352605.433764641173184 ], [ 4289.651242291982271, 352604.978215234354138 ], [ 4289.304502540404428, 352604.459282528609037 ], [ 4289.036612944460103, 352604.14005777798593 ], [ 4285.365412937348992, 352600.058757773600519 ], [ 4285.180694227050481, 352599.863747871480882 ], [ 4284.693081671412983, 352599.436123141087592 ], [ 4284.15382448031778, 352599.075803002342582 ], [ 4283.734120978857391, 352598.859449952840805 ], [ 4283.57214949419631, 352598.788952645845711 ], [ 4282.958009333893642, 352598.580480155535042 ], [ 4282.321912105896445, 352598.453952547162771 ], [ 4281.759412931566658, 352598.412257778458297 ], [ 4281.70223427187193, 352598.175299602560699 ], [ 4281.497392171747379, 352597.571854236535728 ], [ 4281.215537098919413, 352597.000308690592647 ], [ 4280.945072613731099, 352596.582670437172055 ], [ 4280.861491671663316, 352596.47044226154685 ], [ 4280.441313703895503, 352595.99132112134248 ], [ 4279.962192559204595, 352595.571143152192235 ], [ 4279.463512926286967, 352595.235257773660123 ], [ 4257.319212888337461, 352582.025957772508264 ], [ 4256.966612887351403, 352581.857757777906954 ], [ 4256.641412886302533, 352581.635457776486874 ], [ 4245.162712866718721, 352575.284057775512338 ], [ 4244.769812867042674, 352575.105157778598368 ], [ 4214.757612812252773, 352555.175257775001228 ], [ 4208.83781280088715, 352549.654257774353027 ], [ 4208.49697310783904, 352549.364953303709626 ], [ 4208.278073406221665, 352549.207104820758104 ], [ 4208.003629218046626, 352549.035311453975737 ], [ 4207.654912798193436, 352548.853657773695886 ], [ 4207.491835067193279, 352548.622451332397759 ], [ 4207.203570119534561, 352548.291693798266351 ], [ 4207.188274166644078, 352548.276306466199458 ], [ 4206.842129299631779, 352547.972745567560196 ], [ 4206.647212796245185, 352547.833457773551345 ], [ 4198.067512780940888, 352541.492757774889469 ], [ 4197.595812779574771, 352541.183757774531841 ], [ 4196.794912778123944, 352540.812457772903144 ], [ 4196.420412777458296, 352540.446057773195207 ], [ 4195.961212776766843, 352540.103557772934437 ], [ 4179.381512747399029, 352529.158157773315907 ], [ 4172.104212728540915, 352516.178657760843635 ], [ 4161.627312700941729, 352497.492457740940154 ], [ 4161.460812699695452, 352497.276557740755379 ], [ 4161.372312699357281, 352497.123257742263377 ], [ 4161.072212697987197, 352496.482757741585374 ], [ 4154.743912681322399, 352485.670457726344466 ], [ 4154.395409198426023, 352485.152207177132368 ], [ 4153.964193333742514, 352484.660499719902873 ], [ 4153.848587590030547, 352484.54855571128428 ], [ 4153.472485878338375, 352484.229283858090639 ], [ 4152.928700083470176, 352483.865937804803252 ], [ 4152.671412677113949, 352483.72725772485137 ], [ 4108.950012564197095, 352410.715857659466565 ], [ 4108.874512564619181, 352410.599957654252648 ], [ 4108.619912563447542, 352410.21365765761584 ], [ 4091.905412521365179, 352383.022357628680766 ], [ 4091.745712521220412, 352382.750257631763816 ], [ 4091.606012520103377, 352382.540157629176974 ], [ 4091.514512519712753, 352382.406457629986107 ], [ 4087.130512509887467, 352375.589057624340057 ], [ 4086.762512507853899, 352375.090857624076307 ], [ 4086.172812506960781, 352374.501157624647021 ], [ 4085.92951250653141, 352373.979457621462643 ], [ 4085.464412505191376, 352373.307357623241842 ], [ 4064.858112452975092, 352340.016757589764893 ], [ 4058.500412430464166, 352323.007457569241524 ], [ 4058.150312430459962, 352322.267057568766177 ], [ 4057.947612429536093, 352321.977557570673525 ], [ 4057.765412429236676, 352321.297357568517327 ], [ 4057.564012427972102, 352320.822057568468153 ], [ 4052.465812413698586, 352310.330957556143403 ], [ 4027.391112333820274, 352250.264557486400008 ], [ 4027.313312334123111, 352250.010257489047945 ], [ 4027.255612334147372, 352249.886457485146821 ], [ 4027.026412333298595, 352249.247257485985756 ], [ 4027.012812333035072, 352249.091557485051453 ], [ 4026.80881233156515, 352248.309857483953238 ], [ 4023.728612321240689, 352239.498457472771406 ], [ 4023.349412319654675, 352238.67845747154206 ], [ 4023.246812320212939, 352238.531957475468516 ], [ 4023.053112318673811, 352237.808757471852005 ], [ 4022.981812318239008, 352237.624357471242547 ], [ 4022.005212315125846, 352235.23895746935159 ], [ 4001.843712244753078, 352178.992857399396598 ], [ 4001.948467215417168, 352178.440580171532929 ], [ 4001.991010820714109, 352177.791490176692605 ], [ 4001.957692158928239, 352177.216804545372725 ], [ 4001.948467214143875, 352177.142400176264346 ], [ 4001.821564327740361, 352176.504416290670633 ], [ 4001.612473507173036, 352175.88845459651202 ], [ 4001.439012241790351, 352175.514357396401465 ], [ 4001.1991122407685, 352174.637857394292951 ], [ 3989.942112203735178, 352145.569657360203564 ], [ 3989.627712203362535, 352144.91275736130774 ], [ 3989.596712203171137, 352144.826357359997928 ], [ 3989.545812202886282, 352144.635557358153164 ], [ 3989.401812201730081, 352144.2825573598966 ], [ 3983.481512184567237, 352131.21305734384805 ], [ 3983.266893442330002, 352130.793016235344112 ], [ 3983.092098926956623, 352130.513820181600749 ], [ 3982.932188731365841, 352130.292095235548913 ], [ 3982.587512181966304, 352129.89255734346807 ], [ 3982.521821174284923, 352129.608596506528556 ], [ 3982.361497253112248, 352129.127644824795425 ], [ 3982.343966131053094, 352129.084652445279062 ], [ 3982.099244239589552, 352128.588405539281666 ], [ 3981.995912180298092, 352128.41875734180212 ], [ 3975.455212163662509, 352117.798457331955433 ], [ 3975.169820993847679, 352117.382535322569311 ], [ 3974.783296080299351, 352116.938699041493237 ], [ 3974.760147233369935, 352116.915391928516328 ], [ 3974.293003840002257, 352116.505718167871237 ], [ 3973.932912160140404, 352116.254957327619195 ], [ 3973.738578483710171, 352115.684459167532623 ], [ 3973.52786770576995, 352115.24260932020843 ], [ 3973.467623443461434, 352115.135016698390245 ], [ 3973.127269828298267, 352114.625641517341137 ], [ 3972.899712158245165, 352114.35135732870549 ], [ 3965.115112141252666, 352105.572157324291766 ], [ 3964.937712140819258, 352105.363657322712243 ], [ 3964.779812139910973, 352105.197357323952019 ], [ 3964.61461214013525, 352105.02735732216388 ], [ 3955.39121212046939, 352094.975457314401865 ], [ 3955.243865376635313, 352094.821229072287679 ], [ 3954.783951768590214, 352094.417895662598312 ], [ 3954.766536283435471, 352094.404597294516861 ], [ 3954.27532721101079, 352094.078043597750366 ], [ 3954.049212117728985, 352093.955657316371799 ], [ 3953.580912116682157, 352093.286957314237952 ], [ 3952.95171211500292, 352092.659857313148677 ], [ 3942.318412094423365, 352083.859157311730087 ], [ 3942.165674558246792, 352083.73688102979213 ], [ 3941.64880494979252, 352083.391519796103239 ], [ 3941.362990269677084, 352083.23924651555717 ], [ 3941.09127854676899, 352083.116578202694654 ], [ 3940.502634778922584, 352082.916760567575693 ], [ 3940.287512091655572, 352082.864457310177386 ], [ 3940.046019594649351, 352082.514962225221097 ], [ 3939.678438866654687, 352082.095816736109555 ], [ 3939.574318727004993, 352081.995174515992403 ], [ 3939.259293378755956, 352081.728236008435488 ], [ 3938.795754826425309, 352081.41850944980979 ], [ 3938.658612088657264, 352081.342657311819494 ], [ 3925.52881206578968, 352073.962057312019169 ], [ 3925.415712066295328, 352073.902157312259078 ], [ 3913.969212046015855, 352067.557157316245139 ], [ 3913.459628863512535, 352067.311233883723617 ], [ 3912.8437684050391, 352067.102177429944277 ], [ 3912.351116725469183, 352066.996600556187332 ], [ 3912.205889375197785, 352066.975295404903591 ], [ 3911.55690606124881, 352066.93275879137218 ], [ 3910.907922747298926, 352066.975295404903591 ], [ 3910.63881204199879, 352067.018257316201925 ], [ 3910.199345237043417, 352066.519590077921748 ], [ 3909.680371783076225, 352066.064462571404874 ], [ 3909.366111193161487, 352065.84107814822346 ], [ 3909.106432158999269, 352065.680968378670514 ], [ 3908.487346631006403, 352065.375669181346893 ], [ 3907.833707924177816, 352065.153788740746677 ], [ 3907.780612035903232, 352065.139857319183648 ], [ 3899.409512024103606, 352063.099257322959602 ], [ 3898.909988739065739, 352063.005110657773912 ], [ 3898.611112794662859, 352062.975670909509063 ], [ 3898.310768718569307, 352062.965835701674223 ], [ 3897.803412022041812, 352062.993957323953509 ], [ 3897.454604017233123, 352062.828964221291244 ], [ 3897.054360155039831, 352062.687984366901219 ], [ 3896.967993948681851, 352062.663782358169556 ], [ 3896.463986336854759, 352062.563529011793435 ], [ 3896.258512019711816, 352062.541957325302064 ], [ 3888.853612009989774, 352061.728057332336903 ], [ 3888.378612008990785, 352061.680857331492007 ], [ 3866.854311979969225, 352059.642757349647582 ], [ 3866.377558368271821, 352059.618998700752854 ], [ 3865.751655980645864, 352059.660022512078285 ], [ 3865.467913845754993, 352059.706068432889879 ], [ 3865.136462955525076, 352059.782392013818026 ], [ 3864.542505417742177, 352059.984013429842889 ], [ 3864.157711976954943, 352060.163757351227105 ], [ 3863.873031409452324, 352060.034715255722404 ], [ 3863.284303893220113, 352059.834869191050529 ], [ 3862.833397785110719, 352059.737230265513062 ], [ 3862.674527877852597, 352059.713577201589942 ], [ 3862.054136798102263, 352059.67291462328285 ], [ 3861.442311972323751, 352059.712457354180515 ], [ 3851.43381196207838, 352060.932857366278768 ], [ 3851.381208502132267, 352060.939496633596718 ], [ 3850.745736632730313, 352061.065899848937988 ], [ 3850.13220024314387, 352061.274167388677597 ], [ 3850.071389478825495, 352061.299832889810205 ], [ 3849.551097111774652, 352061.560735741630197 ], [ 3849.012370074617593, 352061.920701639726758 ], [ 3848.867711959513599, 352062.036057372577488 ], [ 3848.357112312152367, 352061.940307547338307 ], [ 3847.734382829886272, 352061.899491699412465 ], [ 3847.47389992460603, 352061.906607676297426 ], [ 3847.111653347789343, 352061.940307547338307 ], [ 3846.499578939738512, 352062.062056715600193 ], [ 3846.102511956176841, 352062.187257376499474 ], [ 3836.27311194649883, 352065.67385738901794 ], [ 3835.463911946043936, 352066.04915739223361 ], [ 3835.16411194552802, 352066.257457388564944 ], [ 3834.319511944267106, 352066.483157396316528 ], [ 3833.874511944466121, 352066.669957396574318 ], [ 3827.500826866537864, 352069.714376580901444 ], [ 3836.99499444696221, 352098.90639753639698 ], [ 3835.829994329246801, 352105.193454422987998 ], [ 3839.232311987746471, 352113.634757461026311 ], [ 3839.250375037162939, 352113.678963730111718 ], [ 3839.539633710177895, 352114.265522292815149 ], [ 3839.902978989924122, 352114.809306930750608 ], [ 3840.334193939718261, 352115.301013339310884 ], [ 3840.825900350395386, 352115.732228288426995 ], [ 3841.369684990173482, 352116.095573569647968 ], [ 3841.463506153051185, 352116.148400832898915 ], [ 3841.956243553085187, 352116.384832240641117 ], [ 3842.57553985848017, 352116.595055009238422 ], [ 3843.21697757611355, 352116.722644901834428 ], [ 3843.869581528090293, 352116.765418824739754 ], [ 3844.522185479608197, 352116.722644900903106 ], [ 3844.78201199750356, 352116.68145746178925 ], [ 3874.89111203129869, 352110.815457420423627 ], [ 3912.26711208818233, 352124.004957407712936 ], [ 3933.756412133329832, 352145.643157417885959 ], [ 3964.562612234843527, 352225.302357514388859 ], [ 3964.725312236560057, 352225.914457513019443 ], [ 3967.996412247751323, 352235.924557524733245 ], [ 3968.050612248247489, 352236.081557526253164 ], [ 3968.206512247690171, 352236.415857525542378 ], [ 3968.340112248728929, 352236.906257526017725 ], [ 3970.797412256970347, 352243.467057537287474 ], [ 3971.155112257205474, 352244.222257535904646 ], [ 3979.366312293160263, 352275.427157575264573 ], [ 3977.604112298147356, 352284.368857592344284 ], [ 3977.558889698675557, 352284.649540578015149 ], [ 3977.527874100955614, 352284.961522470228374 ], [ 3977.516721335762213, 352285.292905480600893 ], [ 3977.523912298774576, 352285.55905759241432 ], [ 3977.137612303242804, 352291.289257603697479 ], [ 3976.949048750368547, 352291.855055798776448 ], [ 3976.821917450834917, 352292.494188009761274 ], [ 3976.790584771379145, 352292.809293733909726 ], [ 3976.779297269861672, 352293.144446320831776 ], [ 3976.821917451352874, 352293.794704626314342 ], [ 3976.930412305574464, 352294.362157608382404 ], [ 3979.093312315149888, 352303.337357618845999 ], [ 3979.151526779119649, 352303.612921553663909 ], [ 3979.182677039032114, 352303.735365643166006 ], [ 3979.225212315453064, 352303.884757620282471 ], [ 3979.392283426977428, 352304.352853228338063 ], [ 3979.680665137605956, 352304.937633488327265 ], [ 3979.684845947111626, 352304.944862156175077 ], [ 3980.042908842928682, 352305.479769503697753 ], [ 3980.376212319054048, 352305.870657621882856 ], [ 3982.563012323785642, 352309.643757626414299 ], [ 3982.673462244291386, 352309.845853509381413 ], [ 3983.030736945747321, 352310.380552885122597 ], [ 3983.312973307998163, 352310.716236687265337 ], [ 3983.454747385350856, 352310.864044127054513 ], [ 3983.938238627496958, 352311.288054565899074 ], [ 3984.319312328625983, 352311.552857629023492 ], [ 3984.619712329292724, 352311.879357629455626 ], [ 3984.869102259924148, 352312.372116814367473 ], [ 3985.233644899927185, 352312.917693430557847 ], [ 3985.521582042319551, 352313.260163827799261 ], [ 3985.666280866342277, 352313.411020200699568 ], [ 3986.159607637125191, 352313.843656167387962 ], [ 3986.705184253777588, 352314.208198808133602 ], [ 3986.822512333504619, 352314.27385762706399 ], [ 3991.653012343290357, 352318.422057632356882 ], [ 3991.727742772161946, 352318.498425584286451 ], [ 3992.001949164519374, 352318.752581731416285 ], [ 3992.21257649346353, 352318.923613348975778 ], [ 3992.381412344338059, 352319.047557631507516 ], [ 4002.670412362753268, 352326.338457631878555 ], [ 4015.558812398654936, 352351.000757656991482 ], [ 4015.765712399365384, 352351.470557658933103 ], [ 4021.317812418188169, 352366.809857678599656 ], [ 4021.488512420266488, 352367.257557678036392 ], [ 4021.635612419808695, 352367.62175767775625 ], [ 4025.148512431258951, 352377.088457690551877 ], [ 4006.232012414498058, 352385.245857720263302 ], [ 3987.182012395171114, 352390.008457748219371 ], [ 3971.836112370114279, 352383.658357751555741 ], [ 3958.606912361250579, 352393.183457782492042 ], [ 3952.786112355769546, 352397.416757795028389 ], [ 3936.91111234017626, 352403.237657817080617 ], [ 3921.565212328027883, 352410.645957847125828 ], [ 3905.161012312767525, 352419.112657875753939 ], [ 3874.469312282938517, 352429.166857925243676 ], [ 3832.69051224741952, 352451.935958001762629 ], [ 3792.121012188611076, 352442.234558027237654 ], [ 3751.551412138161595, 352443.116558068431914 ], [ 3739.204212125685444, 352446.644358088262379 ], [ 3733.375373549389678, 352460.244944119825959 ], [ 3733.976802266824961, 352465.165153097361326 ], [ 3755.079212159640065, 352465.16515810135752 ], [ 3785.947312195907216, 352461.637358063831925 ] ], [ [ 4004.670012534216312, 352538.366757962852716 ], [ 3957.926912452018769, 352510.144457964226604 ], [ 3901.482312360094056, 352483.686057979241014 ], [ 3866.256712303726999, 352468.782957994379103 ], [ 3927.386012352454145, 352432.870957876555622 ], [ 3987.71121241285573, 352412.762657782994211 ], [ 4016.286212445534602, 352408.52925774641335 ], [ 4042.342012473835894, 352402.963057713583112 ], [ 4104.489412630133302, 352501.21265780646354 ], [ 4104.884812630519264, 352501.753657803870738 ], [ 4105.126212632177158, 352501.97325780428946 ], [ 4105.521012633000282, 352502.778757805936038 ], [ 4114.818512657782776, 352518.40745782200247 ], [ 4102.566012644880175, 352522.49165784008801 ], [ 4037.302012578379163, 352543.658357937820256 ], [ 4022.308912565667015, 352550.713957965373993 ], [ 4004.670012534216312, 352538.366757962852716 ] ] ] } },
{ "type": "Feature", "properties": { "ZBEZ": "2102", "university_share": -0.697579203193195, "avg_income": 0.0262653034066723, "unemprate": 0.50379110430942098, "benefit_share": 0.43287355845304198, "SSI": -0.075093615362863103, "quintile": 3.0, "green_area_sum": 1179651.3784982457, "blue_area_sum": 1179651.3784982469, "census_area_m2": 1179068.983212603, "green_ratio": 1.0, "blue_ratio": 1.0 }, "geometry": { "type": "MultiPolygon", "coordinates": [ [ [ [ 5798.349012971497359, 350229.106052513234317 ], [ 5798.342320045722772, 350229.11983498261543 ], [ 5798.344912972464044, 350229.121052515693009 ], [ 5798.483963077506814, 350229.157485402945895 ], [ 5798.349012971497359, 350229.106052513234317 ] ] ], [ [ [ 5846.60888454103042, 350240.553199426212814 ], [ 5848.885013046466156, 350242.246052485890687 ], [ 5852.685262479601988, 350232.880788162641693 ], [ 5846.60888454103042, 350240.553199426212814 ] ] ] ] } },
{ "type": "Feature", "properties": { "ZBEZ": "2103", "university_share": -0.87200544140593095, "avg_income": 0.00027232361032876701, "unemprate": 0.54464769774094102, "benefit_share": 0.25297908116643503, "SSI": -0.17495801444744299, "quintile": 3.0, "green_area_sum": 2194800.6638078685, "blue_area_sum": 2223964.2697659102, "census_area_m2": 2193702.6012576055, "green_ratio": 1.001, "blue_ratio": 1.014 }, "geometry": { "type": "Polygon", "coordinates": [ [ [ 6784.448913888959396, 349813.839750861749053 ], [ 6798.819113937895054, 349851.027250908315182 ], [ 6885.469014019229689, 349816.40225076675415 ], [ 6870.509013970414344, 349778.99605072196573 ], [ 6784.448913888959396, 349813.839750861749053 ] ] ] } },
{ "type": "Feature", "properties": { "ZBEZ": "2104", "university_share": -0.64502090631699804, "avg_income": -0.0118406825333775, "unemprate": 0.284807583681986, "benefit_share": -0.16499639571258401, "SSI": -0.220845588193956, "quintile": 3.0, "green_area_sum": 1323623.567511234, "blue_area_sum": 1323623.5675112291, "census_area_m2": 1322959.2924023576, "green_ratio": 1.001, "blue_ratio": 1.001 }, "geometry": { "type": "Polygon", "coordinates": [ [ [ 8680.209215504484746, 348828.621047391556203 ], [ 8552.949415309114556, 348785.277247452177107 ], [ 8547.369415306075098, 348789.683547466062009 ], [ 8556.119015398900956, 348892.846047618426383 ], [ 8582.529015436459304, 348898.436047597788274 ], [ 8586.780515435042616, 348889.652247580699623 ], [ 8614.262015474363579, 348895.357047563418746 ], [ 8617.039015468997604, 348883.416047545149922 ], [ 8635.621915492605694, 348884.584647524170578 ], [ 8659.019015523015696, 348886.056047503836453 ], [ 8658.839015533143538, 348898.146047522313893 ], [ 8660.569015549437609, 348916.176047552376986 ], [ 8666.259015564930451, 348926.80604756064713 ], [ 8666.689015567819297, 348930.556047566235065 ], [ 8692.306915598303021, 348927.246047537773848 ], [ 8691.984615594781644, 348924.402247529476881 ], [ 8681.379115507485039, 348830.339747392572463 ], [ 8680.209215504484746, 348828.621047391556203 ] ] ] } },
{ "type": "Feature", "properties": { "ZBEZ": "2105", "university_share": -1.45365262624506, "avg_income": -1.0145941804454199, "unemprate": -1.8472990327173, "benefit_share": -2.4348376599144901, "SSI": -1.70522940533676, "quintile": 1.0, "green_area_sum": 3168938.0964260111, "blue_area_sum": 3168938.0957597932, "census_area_m2": 3167333.6057917592, "green_ratio": 1.001, "blue_ratio": 1.001 }, "geometry": { "type": "Polygon", "coordinates": [ [ [ 7645.874312988076781, 347303.248746027238667 ], [ 7620.203312988195648, 347344.42164611723274 ], [ 7678.986213047059209, 347324.579246030189097 ], [ 7673.653613037276955, 347320.238746026530862 ], [ 7665.840713018956194, 347310.193546017631888 ], [ 7664.228513011535142, 347303.620846010744572 ], [ 7663.980512999886741, 347288.863045986741781 ], [ 7665.096612990449103, 347275.221445966511965 ], [ 7645.874312988076781, 347303.248746027238667 ] ] ] } },
{ "type": "Feature", "properties": { "ZBEZ": "2106", "university_share": 0.16503801450835301, "avg_income": -0.094973971043802605, "unemprate": 0.39453314470283701, "benefit_share": 0.285461319613243, "SSI": 0.15170334897267099, "quintile": 3.0, "green_area_sum": 710102.28607136954, "blue_area_sum": 710102.28607136977, "census_area_m2": 709740.08557500679, "green_ratio": 1.001, "blue_ratio": 1.001 }, "geometry": { "type": "Polygon", "coordinates": [ [ [ 8460.249013824302892, 347058.206044820137322 ], [ 8485.899013857255341, 347060.126044793985784 ], [ 8495.909013870576018, 347059.876044784672558 ], [ 8500.009013873233926, 347057.336044776253402 ], [ 8502.149013871578063, 347051.646044765599072 ], [ 8500.009013866185342, 347048.606044760905206 ], [ 8494.589013856724705, 347044.606044760905206 ], [ 8483.994613842536637, 347044.062344771809876 ], [ 8477.229013833490171, 347044.236044777557254 ], [ 8462.140213814947856, 347044.610844791866839 ], [ 8437.213013784792565, 347045.207144818268716 ], [ 8409.202513748770798, 347045.87104484718293 ], [ 8376.929013708720959, 347046.646044881083071 ], [ 8371.109013705783582, 347052.316044897772372 ], [ 8373.939013714527391, 347058.986044906079769 ], [ 8382.09901372773129, 347061.956044902093709 ], [ 8427.029013780687819, 347057.406044848263264 ], [ 8460.249013824302892, 347058.206044820137322 ] ] ] } },
{ "type": "Feature", "properties": { "ZBEZ": "2107", "university_share": -0.86738216669018597, "avg_income": -0.71652409261462002, "unemprate": -0.79748548846413203, "benefit_share": -0.77047872255627803, "SSI": -0.87600711476708804, "quintile": 1.0, "green_area_sum": 2326880.5722757666, "blue_area_sum": 2326880.5719726756, "census_area_m2": 2325697.4819335956, "green_ratio": 1.001, "blue_ratio": 1.001 }, "geometry": { "type": "Polygon", "coordinates": [ [ [ 6323.664111059349125, 346979.770746853202581 ], [ 6309.606311058198116, 347000.865746902301908 ], [ 6309.048111063782926, 347009.277246915735304 ], [ 6347.493811122673833, 347022.15224689617753 ], [ 6437.507511201980378, 346978.905746736563742 ], [ 6436.146311197782779, 346975.523446732200682 ], [ 6371.83221109857277, 346952.214846760965884 ], [ 6323.664111059349125, 346979.770746853202581 ] ] ] } },
{ "type": "Feature", "properties": { "ZBEZ": "2108", "university_share": -1.30675670886983, "avg_income": -0.72608751682502204, "unemprate": -0.58760802242169796, "benefit_share": -1.30892334448462, "SSI": -1.1028701897947599, "quintile": 1.0, "green_area_sum": 1566418.5320849903, "blue_area_sum": 1566415.7001517131, "census_area_m2": 1565628.4724480421, "green_ratio": 1.001, "blue_ratio": 1.001 }, "geometry": { "type": "Polygon", "coordinates": [ [ [ 6674.109012800432538, 348616.136049088090658 ], [ 6688.319012838048366, 348641.146049111150205 ], [ 6692.789012842399643, 348638.756049101240933 ], [ 6774.691012900463647, 348580.859048928134143 ], [ 6760.587012860191862, 348553.977048899047077 ], [ 6674.109012800432538, 348616.136049088090658 ] ] ] } },
{ "type": "Feature", "properties": { "ZBEZ": "2109", "university_share": -1.0875379713767701, "avg_income": -0.45086895204694599, "unemprate": -0.70692402868966697, "benefit_share": -0.86426142820139795, "SSI": -0.85977035911181698, "quintile": 2.0, "green_area_sum": 978193.09908025817, "blue_area_sum": 978193.0990802577, "census_area_m2": 977702.59528753464, "green_ratio": 1.001, "blue_ratio": 1.001 }, "geometry": { "type": "Polygon", "coordinates": [ [ [ 5900.827411909468537, 348725.821750038303435 ], [ 5903.263711918326408, 348732.626550049521029 ], [ 5910.152511929034517, 348734.72685004491359 ], [ 5917.125311938240884, 348736.827050039544702 ], [ 5946.108811973076627, 348733.970750008709729 ], [ 5937.203711944714087, 348712.716249983757734 ], [ 5900.827411909468537, 348725.821750038303435 ] ] ] } },
{ "type": "Feature", "properties": { "ZBEZ": "2110", "university_share": -1.4683356349755801, "avg_income": -1.22039075667783, "unemprate": -2.5060618255820701, "benefit_share": -1.80906097653405, "SSI": -1.7928981153449799, "quintile": 1.0, "green_area_sum": 512846.27910895576, "blue_area_sum": 512846.27910895576, "census_area_m2": 512587.60094298382, "green_ratio": 1.001, "blue_ratio": 1.001 }, "geometry": { "type": "Polygon", "coordinates": [ [ [ 5968.369011821852837, 348507.806049627251923 ], [ 5991.309011877395278, 348540.896049655973911 ], [ 5978.459011868706511, 348549.466049685142934 ], [ 5996.439011911265879, 348576.436049710027874 ], [ 6057.969011957225121, 348535.43604957871139 ], [ 6016.999011858108133, 348475.436049525626004 ], [ 5968.369011821852837, 348507.806049627251923 ] ] ] } },
{ "type": "Feature", "properties": { "ZBEZ": "2111", "university_share": -0.904743927158985, "avg_income": -0.32100945231265698, "unemprate": 0.11185601162881401, "benefit_share": 0.13434443514821301, "SSI": -0.40792970825914299, "quintile": 2.0, "green_area_sum": 662757.06353447924, "blue_area_sum": 672738.3548780164, "census_area_m2": 662425.40908162098, "green_ratio": 1.001, "blue_ratio": 1.016 }, "geometry": { "type": "Polygon", "coordinates": [ [ [ 5445.206011077108087, 348403.792049992829561 ], [ 5416.685811049990662, 348414.93355003837496 ], [ 5442.975811141184749, 348488.058550129644573 ], [ 5444.678911147422696, 348492.777250132523477 ], [ 5459.791211204512365, 348539.964750191196799 ], [ 5500.078811244549797, 348525.808550129644573 ], [ 5520.243911262451547, 348517.714750095270574 ], [ 5514.329811239129413, 348497.214750069193542 ], [ 5513.147211230096218, 348487.339750054292381 ], [ 5516.30101122342694, 348473.558550029993057 ], [ 5520.63791121806662, 348461.339750007726252 ], [ 5523.00411121527668, 348452.652249989099801 ], [ 5524.185811211009423, 348446.339749979786575 ], [ 5522.609111203622888, 348438.464749967679381 ], [ 5520.243911196517729, 348434.902249963022768 ], [ 5518.27321119424596, 348434.527249966748059 ], [ 5499.348811177038442, 348441.996049997396767 ], [ 5495.983111164964612, 348432.652249986305833 ], [ 5460.696011042307873, 348334.402249865233898 ], [ 5438.009011020453727, 348343.152249902486801 ], [ 5327.812210915956712, 348386.589750080369413 ], [ 5332.95371093376707, 348400.957550100982189 ], [ 5432.317611035146001, 348370.81634995341301 ], [ 5445.206011077108087, 348403.792049992829561 ] ] ] } },
{ "type": "Feature", "properties": { "ZBEZ": "2112", "university_share": -1.3236283609831001, "avg_income": -0.88451978290281796, "unemprate": -1.19630854016471, "benefit_share": -1.92931261958714, "SSI": -1.39507703175292, "quintile": 1.0, "green_area_sum": 1179930.0788250556, "blue_area_sum": 1193021.6485459006, "census_area_m2": 1179338.6009798876, "green_ratio": 1.001, "blue_ratio": 1.012 }, "geometry": { "type": "Polygon", "coordinates": [ [ [ 5046.138910742540247, 348616.996150732971728 ], [ 5088.449910702238412, 348499.87115050572902 ], [ 5064.22931067715399, 348506.027350540272892 ], [ 5064.110110676150725, 348506.058750539086759 ], [ 5045.500110657102596, 348510.789750565774739 ], [ 5007.903710681693155, 348602.221650748513639 ], [ 4912.649910597733651, 348648.469550917856395 ], [ 4934.679910660783207, 348692.058750961907208 ], [ 4973.201910765960747, 348763.027351038530469 ], [ 5000.009110729269196, 348675.746150869876146 ], [ 5022.299110704587292, 348608.80875074211508 ], [ 5046.138910742540247, 348616.996150732971728 ] ] ] } },
{ "type": "Feature", "properties": { "ZBEZ": "2113", "university_share": -0.126713444628378, "avg_income": 0.82291464099584, "unemprate": 0.98497574201112703, "benefit_share": 0.796023199912682, "SSI": 0.58700447801507805, "quintile": 4.0, "green_area_sum": 3780580.0569308056, "blue_area_sum": 3805640.7247133381, "census_area_m2": 3778671.1341636451, "green_ratio": 1.001, "blue_ratio": 1.007 }, "geometry": { "type": "Polygon", "coordinates": [ [ [ 4058.317590088288853, 350403.086907731834799 ], [ 4018.073130048885105, 350327.753578077710699 ], [ 4018.069010798044928, 350327.756054470315576 ], [ 4015.849594424433235, 350329.035717966675293 ], [ 4021.34911087983437, 350425.277254621498287 ], [ 4047.198390380546243, 350409.763841303007212 ], [ 4058.317590088288853, 350403.086907731834799 ] ] ] } },
{ "type": "Feature", "properties": { "ZBEZ": "2114", "university_share": -1.47394301663951, "avg_income": -0.98753909335766998, "unemprate": -2.0270720019759598, "benefit_share": -2.2044779732273101, "SSI": -1.6933694354834901, "quintile": 1.0, "green_area_sum": 681647.02840556623, "blue_area_sum": 682455.74907987646, "census_area_m2": 681271.62419937749, "green_ratio": 1.001, "blue_ratio": 1.002 }, "geometry": { "type": "Polygon", "coordinates": [ [ [ 3953.45900997661829, 349394.416053063236177 ], [ 3946.27900996560129, 349393.816053070127964 ], [ 3895.529009948772, 349452.686053216457367 ], [ 3887.579009946591214, 349461.786053236573935 ], [ 3884.521723733978433, 349465.284719640389085 ], [ 3921.148410023376073, 349505.423653273843229 ], [ 3953.849107343203741, 349394.499275560141541 ], [ 3953.45900997661829, 349394.416053063236177 ] ] ] } },
{ "type": "Feature", "properties": { "ZBEZ": "2115", "university_share": -0.74746831404385194, "avg_income": -0.37542561066844399, "unemprate": -0.241845232608045, "benefit_share": -0.54398837488566598, "SSI": -0.56077854112613001, "quintile": 2.0, "green_area_sum": 517031.56644472218, "blue_area_sum": 519288.4049142013, "census_area_m2": 516764.88176108903, "green_ratio": 1.001, "blue_ratio": 1.005 }, "geometry": { "type": "Polygon", "coordinates": [ [ [ 3931.848346242598382, 347953.360357047698926 ], [ 3933.009008808563067, 347955.996050813235343 ], [ 3936.339108810953803, 347954.68355080857873 ], [ 3943.648908818418931, 347952.246050798334181 ], [ 3942.116550295638717, 347947.622692417178769 ], [ 3931.848346242598382, 347953.360357047698926 ] ] ] } },
{ "type": "Feature", "properties": { "ZBEZ": "2116", "university_share": -0.25777484736149803, "avg_income": 0.81636792090354304, "unemprate": 0.991508177547755, "benefit_share": 1.0707598765295401, "SSI": 0.58812411570574197, "quintile": 4.0, "green_area_sum": 2895757.0307548698, "blue_area_sum": 2977716.1612242036, "census_area_m2": 2894268.4937404338, "green_ratio": 1.001, "blue_ratio": 1.029 }, "geometry": { "type": "Polygon", "coordinates": [ [ [ 3469.909007763771569, 347378.916050368919969 ], [ 3442.209007717541226, 347365.086050377227366 ], [ 3436.53900770678456, 347360.876050376333296 ], [ 3367.859007578196724, 347309.876050362363458 ], [ 3349.386068560454987, 347302.698736714897677 ], [ 3349.386007550530394, 347302.698850370012224 ], [ 3294.773507559579684, 347402.298050581477582 ], [ 3182.749707582452174, 347608.570951024070382 ], [ 3149.48990758719674, 347668.024251151829958 ], [ 3246.715107757064743, 347726.866551148705184 ], [ 3254.420907755181361, 347712.51005111541599 ], [ 3259.343007753923303, 347703.339751092717052 ], [ 3309.994107743093537, 347608.933550894260406 ], [ 3405.533307727273041, 347436.03535052575171 ], [ 3435.396407776220258, 347449.811550514772534 ], [ 3472.500007770748653, 347384.30305037368089 ], [ 3474.499170653598412, 347380.773377854959108 ], [ 3469.909007763771569, 347378.916050368919969 ] ] ] } },
{ "type": "Feature", "properties": { "ZBEZ": "2117", "university_share": -1.55242945207381, "avg_income": -1.27500305016756, "unemprate": -2.5571586416513599, "benefit_share": -2.49757025728232, "SSI": -1.98102254208085, "quintile": 1.0, "green_area_sum": 1227050.1745957644, "blue_area_sum": 1246962.220073536, "census_area_m2": 1226424.3320610223, "green_ratio": 1.001, "blue_ratio": 1.017 }, "geometry": { "type": "Polygon", "coordinates": [ [ [ 4565.789008752060909, 346876.096048466861248 ], [ 4552.379008725337371, 346864.516048461198807 ], [ 4535.419008692604621, 346850.6660484559834 ], [ 4518.269008658392522, 346834.526048448868096 ], [ 4371.879008404791421, 346748.236048461869359 ], [ 4371.850684673577234, 346748.191338725970127 ], [ 4362.985608396680618, 346753.576048477552831 ], [ 4511.240408653771738, 346839.770648464560509 ], [ 4534.529308694040992, 346853.249748460948467 ], [ 4576.748308776044723, 346889.606848476454616 ], [ 4578.809381623015724, 346888.099516240181401 ], [ 4565.789008752060909, 346876.096048466861248 ] ] ] } },
{ "type": "Feature", "properties": { "ZBEZ": "2118", "university_share": -0.83991505344268502, "avg_income": -0.59851800663264698, "unemprate": -0.69496667045673599, "benefit_share": -1.0253090157892499, "SSI": -0.85036292036328998, "quintile": 2.0, "green_area_sum": 404749.05065199861, "blue_area_sum": 404749.05065199803, "census_area_m2": 404543.65534242813, "green_ratio": 1.001, "blue_ratio": 1.001 }, "geometry": { "type": "Polygon", "coordinates": [ [ [ 4171.619808808274684, 347576.183549972251058 ], [ 4210.001208911940921, 347643.996050042100251 ], [ 4259.558808952461732, 347616.996049945242703 ], [ 4261.538808949232589, 347610.402249935083091 ], [ 4225.069108853323087, 347547.121049873530865 ], [ 4171.619808808274684, 347576.183549972251058 ] ] ] } },
{ "type": "Feature", "properties": { "ZBEZ": "2119", "university_share": -1.0515291565909399, "avg_income": -0.57382766288966602, "unemprate": 0.043367762246451003, "benefit_share": -0.139766965325577, "SSI": -0.61913701404261601, "quintile": 2.0, "green_area_sum": 586700.7003193819, "blue_area_sum": 586805.95453020243, "census_area_m2": 586404.40010228939, "green_ratio": 1.001, "blue_ratio": 1.001 }, "geometry": { "type": "Polygon", "coordinates": [ [ [ 4590.928909992385343, 348398.43355084490031 ], [ 4633.689210008574264, 348350.058550727553666 ], [ 4559.387909768513964, 348167.089750512503088 ], [ 4556.38990976338755, 348164.902250512503088 ], [ 4555.049009760195077, 348162.714750512503088 ], [ 4473.169209683231202, 348196.964750646613538 ], [ 4465.79900967710455, 348199.996050659567118 ], [ 4520.959209852111599, 348333.496050815097988 ], [ 4507.318109866026134, 348372.996050891466439 ], [ 4524.388909891361436, 348377.964750881306827 ], [ 4531.919209907033292, 348385.15225088596344 ], [ 4548.379109932424399, 348390.558550876565278 ], [ 4558.618909951807836, 348399.37105088122189 ], [ 4569.840109974707048, 348409.027250885032117 ], [ 4584.158909978635165, 348392.183550843037665 ], [ 4590.928909992385343, 348398.43355084490031 ] ], [ [ 4557.606209904868592, 348342.121050791814923 ], [ 4561.511909911642761, 348344.089750790968537 ], [ 4561.511909914748685, 348347.996050797402859 ], [ 4562.293209916840169, 348349.152250797487795 ], [ 4566.199909925334396, 348353.839750803075731 ], [ 4567.761909931120499, 348359.308550807647407 ], [ 4566.199909932959599, 348363.214750817045569 ], [ 4562.683809932302211, 348367.121050826273859 ], [ 4558.386909927220586, 348368.308550831861794 ], [ 4557.700909926435088, 348368.214750833809376 ], [ 4552.137909918837067, 348367.527250837534666 ], [ 4547.840109911058789, 348364.777250839397311 ], [ 4546.278009904706778, 348358.15225082822144 ], [ 4543.543209898899477, 348356.183550829999149 ], [ 4540.809809892088197, 348351.496050825342536 ], [ 4541.981209888626836, 348346.433550814166665 ], [ 4543.154009886456151, 348342.121050806716084 ], [ 4552.137909898063299, 348341.746050795540214 ], [ 4557.606209904868592, 348342.121050791814923 ] ] ] } },
{ "type": "Feature", "properties": { "ZBEZ": "2120", "university_share": -1.0263746231131099, "avg_income": -0.74519314731055597, "unemprate": 0.32311393407244599, "benefit_share": 0.28140191201259901, "SSI": -0.54357540635315504, "quintile": 2.0, "green_area_sum": 504422.68043537444, "blue_area_sum": 504422.68043537444, "census_area_m2": 504167.47937664483, "green_ratio": 1.001, "blue_ratio": 1.001 }, "geometry": { "type": "Polygon", "coordinates": [ [ [ 5498.549011015748874, 348240.516049678437412 ], [ 5512.719011063740254, 348278.136049725115299 ], [ 5466.609011019425452, 348296.036049799993634 ], [ 5411.709010967426366, 348317.656049890443683 ], [ 5262.159010824459983, 348376.286050132475793 ], [ 5235.409010799093267, 348386.836050177924335 ], [ 5114.079010683155502, 348434.546050374396145 ], [ 5093.089010661831708, 348440.676050405949354 ], [ 5049.559010506516643, 348314.856050251983106 ], [ 5048.039010496309857, 348303.486050236970186 ], [ 5041.789010450853311, 348256.846050167456269 ], [ 5030.279010432749601, 348253.306050173938274 ], [ 5019.59901041275134, 348244.966050173155963 ], [ 5017.259010405629851, 348239.966050167568028 ], [ 5011.589010384742323, 348221.946050143800676 ], [ 4996.98901032097001, 348164.586050067096949 ], [ 5049.779010341907451, 348107.956049922853708 ], [ 5084.639010361670444, 348076.326049840077758 ], [ 5113.089010378702369, 348052.656049773097038 ], [ 5149.899010405193621, 348027.97604969702661 ], [ 5156.339010410995797, 348024.406049685552716 ], [ 5161.989010415612029, 348021.016049673780799 ], [ 5177.389010428841175, 348013.646049645729363 ], [ 5200.329010447777364, 347999.996049602515996 ], [ 5375.059010608781136, 347924.936049307696521 ], [ 5403.439010630793746, 347907.826049250550568 ], [ 5560.229010777396979, 347842.206048988737166 ], [ 5586.859010802751982, 347831.666048943996429 ], [ 5719.189010926274932, 347776.636048723943532 ], [ 5727.769010934594917, 347773.366048709489405 ], [ 5747.429010955347621, 347767.556048683822155 ], [ 5775.439010984970992, 347760.256048643961549 ], [ 5801.469011013579802, 347754.986048609949648 ], [ 5825.219011040305304, 347751.266048577614129 ], [ 5848.589011068201216, 347748.626048549078405 ], [ 5876.759011102530167, 347746.726048517972231 ], [ 5903.909011136436675, 347746.226048486307263 ], [ 5928.24901116746787, 347747.006048465147614 ], [ 5946.789011193143779, 347748.63604845199734 ], [ 5966.849011219900603, 347751.356048432178795 ], [ 5989.479011251752127, 347755.726048419252038 ], [ 6008.859011279992956, 347760.546048407442868 ], [ 6028.259011309825837, 347766.416048396378756 ], [ 6040.529011327873377, 347770.686048391275108 ], [ 6050.109011343529346, 347774.356048385612667 ], [ 6064.269011365787264, 347780.356048381887376 ], [ 6078.489011390034648, 347787.016048376448452 ], [ 6091.449011411868014, 347793.846048375591636 ], [ 6107.349011437719128, 347802.366048373281956 ], [ 6131.659011480701338, 347816.046048370189965 ], [ 6133.119011483569921, 347817.746048370376229 ], [ 6142.699011500943925, 347824.496048372238874 ], [ 6156.019011522266737, 347831.236048371531069 ], [ 6165.999011549311035, 347847.926048384979367 ], [ 6176.7390115575663, 347840.946048364043236 ], [ 6245.629011677518974, 347883.626048360951245 ], [ 6289.739011759334062, 347915.666048366576433 ], [ 6340.699011853706907, 347953.2960483757779 ], [ 6395.069011958192277, 347999.996048393659294 ], [ 6448.489012061476387, 348043.926048410125077 ], [ 6480.599012120061161, 348067.396048416383564 ], [ 6502.229012159039485, 348081.126048415899277 ], [ 6543.949012232701534, 348107.176048411056399 ], [ 6535.75901222646371, 348112.996048429980874 ], [ 6533.599012219239739, 348107.156048423610628 ], [ 6533.119012217816817, 348106.146048423834145 ], [ 6511.049012196654985, 348114.646048461087048 ], [ 6508.359012193683157, 348115.476048463024199 ], [ 6506.679012192083064, 348115.896048463881016 ], [ 6501.509012186256768, 348116.73604847304523 ], [ 6500.96901218570747, 348117.146048473194242 ], [ 6500.949012187606968, 348117.826048473827541 ], [ 6503.319012191544971, 348121.116048472933471 ], [ 6499.879012189831883, 348123.816048484295607 ], [ 6500.189012189870482, 348124.556048484519124 ], [ 6500.459012192073715, 348125.816048483364284 ], [ 6500.509012193288072, 348127.276048488914967 ], [ 6500.359012193372109, 348128.186048491857946 ], [ 6499.989012194659153, 348129.30604849383235 ], [ 6499.429012194377719, 348130.34604849293828 ], [ 6498.69901219516305, 348131.27604849729687 ], [ 6497.439012193211056, 348132.33604849781841 ], [ 6493.839012185445426, 348127.466048496775329 ], [ 6413.389012127012393, 348182.546048664487898 ], [ 6401.799012119091458, 348191.026048690080643 ], [ 6399.629012116686681, 348191.126048692502081 ], [ 6363.319012029402984, 348140.536048647947609 ], [ 6337.899011966612306, 348100.436048610135913 ], [ 6334.939011961795586, 348099.496048614382744 ], [ 6332.079011957564944, 348097.776048612780869 ], [ 6330.109011953265508, 348096.426048612222075 ], [ 6328.059011949188061, 348094.666048610582948 ], [ 6325.689011944291451, 348092.316048610955477 ], [ 6308.509011931105306, 348102.596048641949892 ], [ 6046.50901163303206, 348144.876048978418112 ], [ 5932.309011503115471, 348164.046049123629928 ], [ 5931.059011496335188, 348156.596049110405147 ], [ 5915.309011477117565, 348158.596049130894244 ], [ 5850.029011403335971, 348169.076049210503697 ], [ 5840.179011392623579, 348170.946049224585295 ], [ 5841.399011399868868, 348178.416049236431718 ], [ 5840.219011398505245, 348178.606049235910177 ], [ 5528.589011044783547, 348229.286049632355571 ], [ 5498.549011015748874, 348240.516049678437412 ] ] ] } },
{ "type": "Feature", "properties": { "ZBEZ": "2121", "university_share": -1.13539670802953, "avg_income": -1.1151522060190699, "unemprate": -1.55247606967331, "benefit_share": -1.1707540371067899, "SSI": -1.3363304546786701, "quintile": 1.0, "green_area_sum": 422828.44260394428, "blue_area_sum": 422828.44260394387, "census_area_m2": 422612.97769939905, "green_ratio": 1.001, "blue_ratio": 1.001 }, "geometry": { "type": "Polygon", "coordinates": [ [ [ 4682.134942219116965, 346972.781276908586733 ], [ 4682.354108975510826, 346972.648448502644897 ], [ 4682.288701937995029, 346972.363655288645532 ], [ 4682.134942219116965, 346972.781276908586733 ] ] ] } },
{ "type": "Feature", "properties": { "ZBEZ": "2122", "university_share": -0.55455669250202999, "avg_income": -0.64413926474098904, "unemprate": -0.30485225460300402, "benefit_share": -0.45265323529011597, "SSI": -0.58358168688671996, "quintile": 2.0, "green_area_sum": 1238889.8827299871, "blue_area_sum": 1256837.2774188528, "census_area_m2": 1238254.2890409718, "green_ratio": 1.001, "blue_ratio": 1.015 }, "geometry": { "type": "Polygon", "coordinates": [ [ [ 4837.679908843565499, 346558.324747691862285 ], [ 4819.899908853019951, 346598.329847768880427 ], [ 4857.788308901172059, 346598.964847735129297 ], [ 4837.679908843565499, 346558.324747691862285 ] ] ] } },
{ "type": "Feature", "properties": { "ZBEZ": "2123", "university_share": -0.57262657204686696, "avg_income": -0.60855558416809497, "unemprate": -0.43582527066744498, "benefit_share": -0.77517464732905805, "SSI": -0.66098819015742005, "quintile": 2.0, "green_area_sum": 453569.60779292457, "blue_area_sum": 453569.60779292486, "census_area_m2": 453336.92946734419, "green_ratio": 1.001, "blue_ratio": 1.001 }, "geometry": { "type": "Polygon", "coordinates": [ [ [ 5803.797534568606352, 346059.990413686551619 ], [ 5803.800109670734855, 346059.996145923621953 ], [ 5851.449002565263982, 346033.952097303874325 ], [ 5803.797534568606352, 346059.990413686551619 ] ] ] } },
{ "type": "Feature", "properties": { "ZBEZ": "2124", "university_share": -0.24932510182176701, "avg_income": -0.065464748587977406, "unemprate": 0.45065670692618898, "benefit_share": 0.45947639846488197, "SSI": 0.0518957696926804, "quintile": 3.0, "green_area_sum": 694139.95132633543, "blue_area_sum": 694139.9513263352, "census_area_m2": 693784.65664004697, "green_ratio": 1.001, "blue_ratio": 1.001 }, "geometry": { "type": "Polygon", "coordinates": [ [ [ 6891.65873307343918, 346575.517946163774468 ], [ 6898.085211465529937, 346576.839745633304119 ], [ 6918.395754305696755, 346579.098342676879838 ], [ 6891.65873307343918, 346575.517946163774468 ] ] ] } },
{ "type": "Feature", "properties": { "ZBEZ": "2125", "university_share": -0.38850762222748098, "avg_income": -0.17982469833172299, "unemprate": 0.85942763032078895, "benefit_share": 0.58518962409670605, "SSI": 0.0569639777511627, "quintile": 3.0, "green_area_sum": 1619943.5098157322, "blue_area_sum": 1619943.5098157299, "census_area_m2": 1619110.4737093938, "green_ratio": 1.001, "blue_ratio": 1.001 }, "geometry": { "type": "Polygon", "coordinates": [ [ [ 6376.039009784532027, 345290.996044126339257 ], [ 6373.049009777064384, 345286.036044118925929 ], [ 6372.329009775146005, 345284.84604411944747 ], [ 6145.179009594068702, 345418.876044563017786 ], [ 6151.287624832977599, 345429.043804763874505 ], [ 6196.276609644149175, 345401.391644484363496 ], [ 6271.440309703080857, 345354.969044331461191 ], [ 6376.051444011000058, 345291.01672178437002 ], [ 6376.039009784532027, 345290.996044126339257 ] ] ] } },
{ "type": "Feature", "properties": { "ZBEZ": "2126", "university_share": -0.27532431153908898, "avg_income": -0.258995007740635, "unemprate": -0.155353773339482, "benefit_share": 0.077447610209260706, "SSI": -0.21208377443035401, "quintile": 3.0, "green_area_sum": 584587.0005650532, "blue_area_sum": 584587.00056505611, "census_area_m2": 584286.15341144009, "green_ratio": 1.001, "blue_ratio": 1.001 }, "geometry": { "type": "MultiPolygon", "coordinates": [ [ [ [ 5744.479009278130434, 345659.996045351028442 ], [ 5671.477038181546959, 345683.350446540280245 ], [ 5697.669309231576335, 345676.50094542093575 ], [ 5734.49450926928057, 345664.224645365960896 ], [ 5785.247609317997558, 345645.810845285654068 ], [ 5788.153521552249003, 345644.43891257897485 ], [ 5744.479009278130434, 345659.996045351028442 ] ] ], [ [ [ 5849.748814728057368, 345614.548721322789788 ], [ 5866.027509389047736, 345606.417345140129328 ], [ 5876.768709398188548, 345600.649845122359693 ], [ 5877.516629998547614, 345601.903989735990763 ], [ 5879.109313577430839, 345604.533237564377487 ], [ 5880.316814997958318, 345606.490304119884968 ], [ 5881.503309410590191, 345608.383945129811764 ], [ 5891.708209435542813, 345624.548245143145323 ], [ 5891.90886712075644, 345624.85713202226907 ], [ 5892.451212112125177, 345625.613973580300808 ], [ 5893.04189570854669, 345626.333723624236882 ], [ 5893.678388510522382, 345627.013300072401762 ], [ 5894.357964959108358, 345627.649792872369289 ], [ 5895.077715003093545, 345628.240476467646658 ], [ 5895.834556562377657, 345628.782821458764374 ], [ 5896.000068374223702, 345628.891753571107984 ], [ 5896.625248725424171, 345629.274505441077054 ], [ 5897.446405627032618, 345629.713422946631908 ], [ 5898.294510946708215, 345630.097694468684494 ], [ 5899.165932967473964, 345630.425674492493272 ], [ 5900.056940127338748, 345630.695958559401333 ], [ 5900.963716995731374, 345630.907389268279076 ], [ 5901.717309454314091, 345631.036345144733787 ], [ 6004.256209539579686, 345575.547344950959086 ], [ 6018.549009547265086, 345562.336044916883111 ], [ 6027.456709527717976, 345523.027744847349823 ], [ 5982.329909489119927, 345547.008144930005074 ], [ 5981.812549891255912, 345544.961778516881168 ], [ 5981.143272871528097, 345542.618086282163858 ], [ 5980.397670729920719, 345540.297547011636198 ], [ 5979.576541876054762, 345538.002645611763 ], [ 5978.680765595830053, 345535.735839511267841 ], [ 5978.576631827333586, 345535.495632029662374 ], [ 5849.748814728057368, 345614.548721322789788 ] ] ] ] } },
{ "type": "Feature", "properties": { "ZBEZ": "2127", "university_share": 0.66691193240440205, "avg_income": 1.43426682731729, "unemprate": 1.08169543070188, "benefit_share": 1.16235080579954, "SSI": 1.1924328103428401, "quintile": 5.0, "green_area_sum": 2085664.0026372271, "blue_area_sum": 2116827.2130642994, "census_area_m2": 2084584.7940258945, "green_ratio": 1.001, "blue_ratio": 1.015 }, "geometry": { "type": "Polygon", "coordinates": [ [ [ 4699.659007019160526, 344482.706044538877904 ], [ 4699.089007018499615, 344483.466044542379677 ], [ 4686.82900701640574, 344499.996044580824673 ], [ 4593.369006997570978, 344625.916044875048101 ], [ 4494.079006980056874, 344760.976045189425349 ], [ 4435.259006969740767, 344843.04604537691921 ], [ 4375.009006963016873, 344929.446045574732125 ], [ 4370.959006962401872, 344935.256045590154827 ], [ 4364.709006960855731, 344944.286045605316758 ], [ 4326.149006956724406, 344999.996045736595988 ], [ 4300.169006953767166, 345037.536045821383595 ], [ 4296.409006953472272, 345042.976045837625861 ], [ 4296.189006953114585, 345043.286045835353434 ], [ 4294.791425598954447, 345045.306462360604201 ], [ 4506.089007330692766, 345183.026045843027532 ], [ 4688.727807276000021, 344823.558845089748502 ], [ 4818.549607235713665, 344566.286044550128281 ], [ 4702.547402434831383, 344478.980076030595228 ], [ 4699.659007019160526, 344482.706044538877904 ] ] ] } },
{ "type": "Feature", "properties": { "ZBEZ": "2128", "university_share": -1.58297983217687, "avg_income": -1.0105689883323601, "unemprate": -0.93081408306334201, "benefit_share": -2.59398874029436, "SSI": -1.61149632375774, "quintile": 1.0, "green_area_sum": 645708.87058770226, "blue_area_sum": 645708.87058770203, "census_area_m2": 645381.10003016493, "green_ratio": 1.001, "blue_ratio": 1.001 }, "geometry": { "type": "Polygon", "coordinates": [ [ [ 5508.78981014565943, 347128.702247912995517 ], [ 5505.879410140182699, 347124.998147909529507 ], [ 5503.762710137100839, 347124.468947910703719 ], [ 5500.32311013168237, 347124.20434791315347 ], [ 5499.000210132001484, 347126.585647921077907 ], [ 5500.587710150934072, 347148.01684795320034 ], [ 5517.521110173031047, 347148.810647936537862 ], [ 5514.346110161253819, 347138.756447921507061 ], [ 5508.78981014565943, 347128.702247912995517 ] ] ] } },
{ "type": "Feature", "properties": { "ZBEZ": "2129", "university_share": -0.64546390086194805, "avg_income": -0.3641934946948, "unemprate": 0.54935086711505099, "benefit_share": 0.25320944379717403, "SSI": -0.22507091073618199, "quintile": 3.0, "green_area_sum": 411653.57777025132, "blue_area_sum": 415338.90797187376, "census_area_m2": 411447.32655083708, "green_ratio": 1.001, "blue_ratio": 1.009 }, "geometry": { "type": "Polygon", "coordinates": [ [ [ 4585.019010107777831, 348554.20605109911412 ], [ 4544.649010095004087, 348601.986051217652857 ], [ 4525.778430019513507, 348631.225408898259047 ], [ 4527.173610094339892, 348629.504851276986301 ], [ 4534.446510108913571, 348635.399451280944049 ], [ 4534.591545786477582, 348635.515094053000212 ], [ 4535.133520107223376, 348635.877229714766145 ], [ 4535.718125950455033, 348636.165525411255658 ], [ 4536.3353605506245, 348636.375048323534429 ], [ 4536.974662852309848, 348636.502213458530605 ], [ 4537.62509421334471, 348636.544844982214272 ], [ 4538.27552557472427, 348636.502213457599282 ], [ 4538.914827875462834, 348636.375048321671784 ], [ 4539.4732558394644, 348636.18944553937763 ], [ 4539.532062475034763, 348636.16552540846169 ], [ 4540.116668319590644, 348635.877229707315564 ], [ 4540.658642639376012, 348635.515094047412276 ], [ 4541.148712105490631, 348635.085314658470452 ], [ 4541.57849149161575, 348634.595245190896094 ], [ 4541.940627154373033, 348634.053270868957043 ], [ 4542.2289228527261, 348633.46866502519697 ], [ 4542.438445765857978, 348632.851430423557758 ], [ 4542.565610898666819, 348632.212128124199808 ], [ 4542.572910117277388, 348632.154051267541945 ], [ 4542.704617791774581, 348632.101712157018483 ], [ 4543.279735330582298, 348631.818095569498837 ], [ 4543.750643594328722, 348631.508836367167532 ], [ 4543.812913267344811, 348631.46183746214956 ], [ 4544.295028777554762, 348631.039033505134284 ], [ 4544.709110118496938, 348630.568251260556281 ], [ 4558.137710121292912, 348613.244751220569015 ], [ 4558.287810122159499, 348613.054851221852005 ], [ 4602.13071013163426, 348556.507351085543633 ], [ 4602.146048598073321, 348556.487464748322964 ], [ 4602.509409752448846, 348555.943656351417303 ], [ 4602.798681061951356, 348555.357072157785296 ], [ 4602.834240200244494, 348555.268860833719373 ], [ 4603.008913014286009, 348554.737748794257641 ], [ 4603.136508483384205, 348554.096283053047955 ], [ 4603.160010131002309, 348553.882251081056893 ], [ 4605.85951013167778, 348551.514251075685024 ], [ 4605.939010133351076, 348551.439451074227691 ], [ 4634.53761013391977, 348507.888650976121426 ], [ 4665.93161014834368, 348474.975650892592967 ], [ 4715.554210169036196, 348422.821250761859119 ], [ 4707.346663141735917, 348412.682527428201865 ], [ 4702.209010149048481, 348418.936050768010318 ], [ 4701.559167551847167, 348418.628884732548613 ], [ 4660.361710134927307, 348467.886750884354115 ], [ 4647.575456961231794, 348479.290649262431543 ], [ 4639.947938401842293, 348488.513214792357758 ], [ 4635.550310128302954, 348498.774250958114862 ], [ 4615.172148616818959, 348517.811075472447556 ], [ 4585.019010107777831, 348554.20605109911412 ] ] ] } },
{ "type": "Feature", "properties": { "ZBEZ": "2201", "university_share": -0.49929761293623698, "avg_income": 0.51926301745247505, "unemprate": 1.04414292941417, "benefit_share": 1.05584030580791, "SSI": 0.39583367941069703, "quintile": 4.0, "green_area_sum": 4976015.1661895681, "blue_area_sum": 4976015.166028996, "census_area_m2": 4973508.2392525384, "green_ratio": 1.001, "blue_ratio": 1.001 }, "geometry": { "type": "Polygon", "coordinates": [ [ [ 12500.009019538343637, 347830.696041954681277 ], [ 12427.889019429678228, 347809.146041993051767 ], [ 12296.769019241595743, 347780.786042076535523 ], [ 12272.849019211596897, 347779.946042099967599 ], [ 12253.099019191418847, 347785.86604212783277 ], [ 12190.089019132768954, 347813.016042235307395 ], [ 12084.239019047421607, 347873.216042441315949 ], [ 12064.550565779924, 347880.905438381189015 ], [ 12068.726319040039016, 347889.263442480936646 ], [ 12077.852319065925258, 347907.529942501336336 ], [ 12109.288619092192675, 347890.602742439135909 ], [ 12109.352919092380034, 347890.567442441359162 ], [ 12109.6119190925765, 347890.423042440786958 ], [ 12109.67711909305217, 347890.386042440310121 ], [ 12109.747519092898074, 347890.344642440788448 ], [ 12110.024319093181475, 347890.178742441348732 ], [ 12110.092319092820617, 347890.137242440134287 ], [ 12167.555219136909727, 347854.440742327831686 ], [ 12221.787119184256881, 347827.755142227746546 ], [ 12271.427119232392215, 347808.224642145447433 ], [ 12305.99441927800035, 347812.152742118574679 ], [ 12390.335819396899751, 347826.934242057614028 ], [ 12464.328019505526754, 347846.085042015649378 ], [ 12532.48891960698711, 347866.183941972441971 ], [ 12585.050319687066803, 347883.70424195099622 ], [ 12585.192619687259139, 347883.749341948889196 ], [ 12585.766719688625017, 347883.921841947361827 ], [ 12585.911419688181923, 347883.962941949255764 ], [ 12586.0679196882611, 347884.00224195048213 ], [ 12586.694919690142342, 347884.148741946555674 ], [ 12586.851919689474016, 347884.182741946540773 ], [ 12622.069219740762492, 347891.226241922006011 ], [ 12622.074319740399005, 347891.227241924032569 ], [ 12622.236019740254051, 347891.256641926243901 ], [ 12622.881619741201575, 347891.36314192134887 ], [ 12623.042819741651329, 347891.387041922658682 ], [ 12623.204919741283447, 347891.405741920694709 ], [ 12623.856219742017856, 347891.469941923394799 ], [ 12624.01971974227672, 347891.483341921120882 ], [ 12624.183219742712026, 347891.491341922432184 ], [ 12624.837219743863898, 347891.512741918675601 ], [ 12625.000719743849913, 347891.515441922470927 ], [ 12625.164219744170623, 347891.512741921469569 ], [ 12625.818219744742237, 347891.491341920569539 ], [ 12625.981719745281225, 347891.483341921120882 ], [ 12626.145219745334543, 347891.469941920600832 ], [ 12626.796519745501428, 347891.405741918832064 ], [ 12626.958619746343174, 347891.387041919864714 ], [ 12627.119819746612848, 347891.363141920417547 ], [ 12627.765419747596752, 347891.256641921587288 ], [ 12627.927119747415418, 347891.227241917513311 ], [ 12628.087019748032617, 347891.192741916514933 ], [ 12628.724319749206188, 347891.044141916558146 ], [ 12628.883019748878723, 347891.004341918043792 ], [ 12629.040619748726385, 347890.95934191532433 ], [ 12629.66681974952553, 347890.769341915845871 ], [ 12629.822319749084272, 347890.719441917724907 ], [ 12629.976419750038986, 347890.664241915568709 ], [ 12630.588819751354094, 347890.433741913177073 ], [ 12630.740919749958266, 347890.373641911894083 ], [ 12630.891119750065627, 347890.308541911654174 ], [ 12631.487219750293661, 347890.038441910408437 ], [ 12631.635019751525761, 347889.968541911803186 ], [ 12631.780219752436096, 347889.893941913731396 ], [ 12632.357319750935858, 347889.585541911423206 ], [ 12632.500719751933502, 347889.505841909907758 ], [ 12632.641319752021445, 347889.421641907654703 ], [ 12633.197019752946289, 347889.07604190800339 ], [ 12633.334319752209922, 347888.987441910430789 ], [ 12633.469019752707027, 347888.894241906702518 ], [ 12634.000919752941627, 347888.513041906058788 ], [ 12634.132119752754079, 347888.41574190557003 ], [ 12634.259919753667418, 347888.314341908320785 ], [ 12634.765819752634343, 347887.899241905659437 ], [ 12634.890919753965136, 347887.793041906319559 ], [ 12635.012119754379455, 347887.683241903781891 ], [ 12635.489719753593818, 347887.235941904596984 ], [ 12635.607319753098636, 347887.122041903436184 ], [ 12635.721219753759215, 347887.004441906698048 ], [ 12636.168519754426598, 347886.526841904036701 ], [ 12636.278319754324912, 347886.405641902238131 ], [ 12636.384519754314169, 347886.280541900545359 ], [ 12636.799619753848674, 347885.774641900323331 ], [ 12636.901019753939181, 347885.646841897629201 ], [ 12636.998319753571195, 347885.515641898848116 ], [ 12637.379519754644207, 347884.983741898089647 ], [ 12637.472719754699938, 347884.849041898734868 ], [ 12637.561319754147917, 347884.711741897277534 ], [ 12637.906919754790579, 347884.156041896902025 ], [ 12637.991119754125975, 347884.015441897325218 ], [ 12638.0708197550357, 347883.872041895985603 ], [ 12638.379219754557198, 347883.294941895641387 ], [ 12638.453819754213328, 347883.149741894565523 ], [ 12638.523719754623016, 347883.001941892318428 ], [ 12638.793819753889693, 347882.405841893516481 ], [ 12638.858919753893133, 347882.255641891621053 ], [ 12638.919019754381225, 347882.10354189388454 ], [ 12639.14951975382246, 347881.491141892038286 ], [ 12639.204719753846803, 347881.337041890248656 ], [ 12639.254619753806764, 347881.181541891768575 ], [ 12639.444619753841835, 347880.555341888219118 ], [ 12639.489619754298474, 347880.397741890512407 ], [ 12639.529419753000184, 347880.239041888155043 ], [ 12639.678019752574983, 347879.60174188669771 ], [ 12639.712519752225489, 347879.44184188824147 ], [ 12639.741919753067123, 347879.280141888186336 ], [ 12639.848419752688642, 347878.63454188592732 ], [ 12639.872319753290867, 347878.473341886885464 ], [ 12639.891019752369175, 347878.311241883784533 ], [ 12639.955219752071571, 347877.659941881895065 ], [ 12639.968619751638471, 347877.496441883966327 ], [ 12639.976619751114413, 347877.332941881380975 ], [ 12639.998019750917592, 347876.678941884078085 ], [ 12640.000719751589713, 347876.515441884286702 ], [ 12640.000719739784472, 347861.946945647883695 ], [ 12500.009019538343637, 347830.696041954681277 ] ] ] } },
{ "type": "Feature", "properties": { "ZBEZ": "2202", "university_share": -0.62475848180420901, "avg_income": 0.35098618960882499, "unemprate": 1.2826643721987701, "benefit_share": 1.0086388971097999, "SSI": 0.32255427179824803, "quintile": 4.0, "green_area_sum": 10049950.328369858, "blue_area_sum": 10048968.813094357, "census_area_m2": 10043777.237910809, "green_ratio": 1.001, "blue_ratio": 1.001 }, "geometry": { "type": "Polygon", "coordinates": [ [ [ 13399.02901770497192, 344082.776035106740892 ], [ 13388.169017682186677, 344070.136035097762942 ], [ 13366.87313307407203, 344072.327886328974273 ], [ 13366.802517657066346, 344072.539735122583807 ], [ 13357.67431764806679, 344075.714735135436058 ], [ 13353.705617651594366, 344086.033535155467689 ], [ 13353.705617653768059, 344089.605335162952542 ], [ 13375.533717681984854, 344090.399135141633451 ], [ 13377.915017688203079, 344093.574135145172477 ], [ 13611.674817999732113, 344115.005434940569103 ], [ 13641.440518037152287, 344115.00543491076678 ], [ 13640.249918028441243, 344105.877334900200367 ], [ 13612.071717989612807, 344101.114734916947782 ], [ 13611.325311985570806, 344098.581849278998561 ], [ 13399.02901770497192, 344082.776035106740892 ] ] ] } },
{ "type": "Feature", "properties": { "ZBEZ": "2203", "university_share": -0.75076406362422199, "avg_income": 0.049838023255056998, "unemprate": 0.51963809007954298, "benefit_share": 1.05612280521452, "SSI": 0.0321690332059704, "quintile": 3.0, "green_area_sum": 4369896.8125158641, "blue_area_sum": 4369706.4999371152, "census_area_m2": 4367429.7175432313, "green_ratio": 1.001, "blue_ratio": 1.001 }, "geometry": { "type": "Polygon", "coordinates": [ [ [ 14361.559018982237831, 344160.826034258119762 ], [ 14346.643430804790114, 344159.442056785628665 ], [ 14346.781218962671119, 344159.663634268566966 ], [ 14347.048018963363575, 344160.035934270359576 ], [ 14347.338618964811758, 344160.390034269541502 ], [ 14347.651818965136044, 344160.724334270693362 ], [ 14347.986118965462083, 344161.037534269504249 ], [ 14348.340218966062821, 344161.328134270384908 ], [ 14348.712518966876814, 344161.594934266991913 ], [ 14349.101518968442178, 344161.836834269575775 ], [ 14349.505518969162949, 344162.052734270691872 ], [ 14349.922718970097776, 344162.241834269836545 ], [ 14350.351418970130908, 344162.403134270571172 ], [ 14350.789818970313718, 344162.536134269088507 ], [ 14351.235918971386127, 344162.640134268440306 ], [ 14351.687818971466186, 344162.714734267443419 ], [ 14352.143718973075011, 344162.759634268470109 ], [ 14352.601518973140628, 344162.774634269066155 ], [ 14353.059318973799236, 344162.759634266607463 ], [ 14353.515218974183881, 344162.714734265580773 ], [ 14353.69321897415648, 344162.688934268429875 ], [ 14361.675569168017319, 344161.42857672466198 ], [ 14361.559018982237831, 344160.826034258119762 ] ] ] } },
{ "type": "Feature", "properties": { "ZBEZ": "2204", "university_share": -0.79024135072662605, "avg_income": 0.32977641080037601, "unemprate": 1.13251193199377, "benefit_share": 1.09021566324521, "SSI": 0.240801905531385, "quintile": 4.0, "green_area_sum": 4646061.4663905958, "blue_area_sum": 4645980.9703977667, "census_area_m2": 4643517.3434315594, "green_ratio": 1.001, "blue_ratio": 1.001 }, "geometry": { "type": "Polygon", "coordinates": [ [ [ 13845.869016776661738, 342198.806031661108136 ], [ 13840.899016770456001, 342198.576031666249037 ], [ 13659.17901655008427, 342209.926031866110861 ], [ 13569.449016437845785, 342211.106031959876418 ], [ 13565.255958161353192, 342210.69969435717212 ], [ 13573.970716449308384, 342219.282931969501078 ], [ 13697.257816600244041, 342212.670631830580533 ], [ 13702.180716621176543, 342232.220731857232749 ], [ 13812.753716757957591, 342228.907631739042699 ], [ 13813.252315754565643, 342228.867437146604061 ], [ 13813.298328251756175, 342228.861159927211702 ], [ 13813.834516760061888, 342228.755031739361584 ], [ 13808.602716736733782, 342208.152331712655723 ], [ 13813.78371674347909, 342208.240131706930697 ], [ 13813.450916742416666, 342206.929331705905497 ], [ 13813.430736058193361, 342206.851283006370068 ], [ 13813.237164339619994, 342206.281039113178849 ], [ 13813.158860360565086, 342206.102758180350065 ], [ 13812.970816891202048, 342205.740939920768142 ], [ 13812.715416739772991, 342205.346531704068184 ], [ 13840.899316775083207, 342203.580931673757732 ], [ 13841.209916773523219, 342203.556231671944261 ], [ 13841.767216775106135, 342203.500031671486795 ], [ 13842.600816776213833, 342203.289931669831276 ], [ 13842.666816777373242, 342203.672831670381129 ], [ 13842.984116778474345, 342204.948431674391031 ], [ 13847.518816781810528, 342202.464731661602855 ], [ 13852.235816803091438, 342221.430931689217687 ], [ 13953.321616927123614, 342217.270931580103934 ], [ 13953.526316927489461, 342217.25703158415854 ], [ 13953.988423530272485, 342217.217995532788336 ], [ 13954.011081322219979, 342217.21495951525867 ], [ 13954.489416928106948, 342217.125731578096747 ], [ 13949.829316906565509, 342197.746131550520658 ], [ 13964.929916925884754, 342197.058731535449624 ], [ 13969.695016946890973, 342216.516131562180817 ], [ 14072.371417073187331, 342211.760031452402472 ], [ 14072.601817072974882, 342211.74373145122081 ], [ 14073.040401402347925, 342211.705641454085708 ], [ 14073.678489824276767, 342211.578717770986259 ], [ 14074.294552446583111, 342211.369592691771686 ], [ 14074.878048267466511, 342211.081844395026565 ], [ 14075.418993511269946, 342210.720396339893341 ], [ 14075.90813245420577, 342210.291432998143137 ], [ 14076.337095795173809, 342209.802294053137302 ], [ 14076.398612942482941, 342209.720392289571464 ], [ 14076.698543850501665, 342209.261348807252944 ], [ 14076.986292145498737, 342208.677852984517813 ], [ 14077.195417226197605, 342208.061790363863111 ], [ 14077.32234090433667, 342207.42370194196701 ], [ 14077.36489148054352, 342206.774505592882633 ], [ 14077.322340902997894, 342206.125309240072966 ], [ 14077.196917075243618, 342205.492831439711154 ], [ 14077.080217073842505, 342205.044531434774399 ], [ 14073.417817057916182, 342191.026231417432427 ], [ 14073.404001490802329, 342190.973478027619421 ], [ 14073.202625593599805, 342190.380243770778179 ], [ 14072.925539887135528, 342189.818369538523257 ], [ 14072.886269386779531, 342189.751600086688995 ], [ 14072.577485383386374, 342189.297469162382185 ], [ 14072.164417391430106, 342188.826455392874777 ], [ 14072.013117054139002, 342188.681631417013705 ], [ 14072.084657729032187, 342188.440813004039228 ], [ 14072.20355943267532, 342187.843053775839508 ], [ 14072.242538368838723, 342187.325478617101908 ], [ 14072.243420678822076, 342187.234888670034707 ], [ 14072.226506222819808, 342186.976823943201452 ], [ 13845.869016776661738, 342198.806031661108136 ] ] ] } },
{ "type": "Feature", "properties": { "ZBEZ": "2205", "university_share": -0.26919896436919999, "avg_income": -0.12296955392280801, "unemprate": 0.562365502141981, "benefit_share": 0.33398771139863198, "SSI": 0.020720353510131399, "quintile": 3.0, "green_area_sum": 5686700.1121372106, "blue_area_sum": 5686647.6930928528, "census_area_m2": 5683434.4586919686, "green_ratio": 1.001, "blue_ratio": 1.001 }, "geometry": { "type": "Polygon", "coordinates": [ [ [ 13269.03331585320484, 341953.783331853337586 ], [ 13267.381615838077778, 341936.439731829799712 ], [ 13265.138915824480137, 341923.277231811545789 ], [ 13258.500915798793358, 341901.75373178254813 ], [ 13241.928915783240882, 341907.996031808666885 ], [ 13237.398615768199306, 341895.402231791988015 ], [ 13181.089115708959071, 341912.183531876653433 ], [ 13166.569015648075947, 341858.626431806944311 ], [ 12913.579015372009962, 341912.986032149754465 ], [ 12872.213315332639468, 341928.754232215695083 ], [ 12857.539015318146994, 341934.166032240726054 ], [ 12843.209015303267734, 341938.666032260283828 ], [ 12837.929015297993828, 341941.586032268591225 ], [ 12816.369015276295613, 341947.246032304130495 ], [ 12812.209015274533158, 341951.206032311543822 ], [ 12810.409015276150967, 341954.986032322049141 ], [ 12810.017815277489717, 341958.956032326444983 ], [ 12818.439015316287623, 341994.95603237580508 ], [ 12829.239015347429813, 342015.736032396554947 ], [ 12832.62911537592845, 342047.371032447554171 ], [ 12825.999215392304905, 342078.433532500639558 ], [ 12820.89771539195317, 342086.214732515625656 ], [ 13018.079315598088215, 342032.214732233434916 ], [ 13043.219015697042778, 342116.089732338674366 ], [ 13096.86451575225874, 342100.277232262305915 ], [ 13254.079315913719256, 342054.027232028543949 ], [ 13264.207915924336703, 342051.136332015506923 ], [ 13269.033315876849883, 341983.515031901188195 ], [ 13269.03331585320484, 341953.783331853337586 ] ] ] } },
{ "type": "Feature", "properties": { "ZBEZ": "2206", "university_share": -1.2983811468238999, "avg_income": -0.64575814615918004, "unemprate": -0.75777769500609204, "benefit_share": -1.16269254380279, "SSI": -1.0744816719422201, "quintile": 1.0, "green_area_sum": 1815185.92081233, "blue_area_sum": 1815156.8894253445, "census_area_m2": 1814206.509680354, "green_ratio": 1.001, "blue_ratio": 1.001 }, "geometry": { "type": "Polygon", "coordinates": [ [ [ 11603.189015339870821, 343960.576036727055907 ], [ 11593.079726469653906, 343959.902592885424383 ], [ 11561.888515285872927, 343957.884536765515804 ], [ 11557.258315285480421, 343964.499136781319976 ], [ 11552.958815283474905, 343969.460036795586348 ], [ 11557.258315295594002, 343977.397536802105606 ], [ 11796.653715613429085, 343995.998636591248214 ], [ 11798.438464702056081, 343975.689186062838417 ], [ 11603.189015339870821, 343960.576036727055907 ] ] ] } },
{ "type": "Feature", "properties": { "ZBEZ": "2207", "university_share": -0.57605246473545602, "avg_income": 0.49282508507121398, "unemprate": 1.04983568803551, "benefit_share": 1.1648664504220601, "SSI": 0.37887750613198701, "quintile": 4.0, "green_area_sum": 5508666.808932431, "blue_area_sum": 5508666.8087843657, "census_area_m2": 5505824.9080051323, "green_ratio": 1.001, "blue_ratio": 1.001 }, "geometry": { "type": "Polygon", "coordinates": [ [ [ 10097.779013670042332, 344254.896038718521595 ], [ 10059.859013639725163, 344276.686038791202009 ], [ 10054.579013632617716, 344275.406038795597851 ], [ 10046.279013625617154, 344280.806038812734187 ], [ 10015.469013600992184, 344298.676038871519268 ], [ 10002.799013588059097, 344301.606038888916373 ], [ 9983.089013571601754, 344312.636038926430047 ], [ 9980.859013567649527, 344311.696038926020265 ], [ 9956.689013547473223, 344324.836038970388472 ], [ 9947.249013537973951, 344327.936038986779749 ], [ 9939.28679354263295, 344330.430729332962073 ], [ 9927.386013523344445, 344340.402239022776484 ], [ 10034.558813684854613, 344373.621038971468806 ], [ 10113.959213762813306, 344345.65223884396255 ], [ 10204.388913851820689, 344313.714738703332841 ], [ 10153.688713724170157, 344233.714738627895713 ], [ 10149.568613717940025, 344231.808538630604744 ], [ 10142.222113710078702, 344234.288838639855385 ], [ 10139.567262157612276, 344229.703076230769511 ], [ 10097.779013670042332, 344254.896038718521595 ] ] ] } },
{ "type": "Feature", "properties": { "ZBEZ": "2208", "university_share": -1.0059887712584701, "avg_income": -0.71912292903429798, "unemprate": -0.58953095838390901, "benefit_share": -0.833233895451159, "SSI": -0.90138801399583801, "quintile": 1.0, "green_area_sum": 3432408.2585217962, "blue_area_sum": 3432408.2585217943, "census_area_m2": 3430645.4326072568, "green_ratio": 1.001, "blue_ratio": 1.001 }, "geometry": { "type": "Polygon", "coordinates": [ [ [ 9377.87901320254241, 344812.43604033254087 ], [ 9371.829013199827386, 344818.286040345206857 ], [ 9349.819013189393445, 344841.396040407940745 ], [ 9320.575290568676792, 344866.484917244466487 ], [ 9324.06981318137332, 344870.578440476208925 ], [ 9337.370813188199463, 344858.940140446648002 ], [ 9348.706913194377194, 344848.813240418210626 ], [ 9367.449213203015461, 344829.164040368981659 ], [ 9377.727213207934255, 344819.33944034203887 ], [ 9379.359031665262592, 344812.710279046033975 ], [ 9377.87901320254241, 344812.43604033254087 ] ] ] } },
{ "type": "Feature", "properties": { "ZBEZ": "2209", "university_share": -0.84035551767878303, "avg_income": -0.626251896319865, "unemprate": -0.69464011529033198, "benefit_share": -1.07845021800607, "SSI": -0.87055556900809405, "quintile": 1.0, "green_area_sum": 1255061.3734736918, "blue_area_sum": 1255061.3734736929, "census_area_m2": 1254416.7788147137, "green_ratio": 1.001, "blue_ratio": 1.001 }, "geometry": { "type": "MultiPolygon", "coordinates": [ [ [ [ 7764.786383421168466, 345716.252627665351611 ], [ 7766.221411881869244, 345717.001343396492302 ], [ 7844.308943256490238, 345703.737133277347311 ], [ 7764.786383421168466, 345716.252627665351611 ] ] ], [ [ [ 7849.388837920267179, 345702.874245323007926 ], [ 7851.398111979341593, 345702.53294328879565 ], [ 7842.763811924650327, 345648.393243209458888 ], [ 7840.65213147616214, 345649.806843462400138 ], [ 7849.388837920267179, 345702.874245323007926 ] ] ] ] } },
{ "type": "Feature", "properties": { "ZBEZ": "2210", "university_share": 0.13719680996929201, "avg_income": 0.054630589418794201, "unemprate": 0.57231585058448398, "benefit_share": 0.65852614842106505, "SSI": 0.298643868233197, "quintile": 4.0, "green_area_sum": 987531.71136538975, "blue_area_sum": 987531.71136539127, "census_area_m2": 987020.07672046404, "green_ratio": 1.001, "blue_ratio": 1.001 }, "geometry": { "type": "Polygon", "coordinates": [ [ [ 7847.128111740976237, 345410.982442827895284 ], [ 7888.61301184286458, 345471.736242882907391 ], [ 7957.527811893281068, 345426.397642738185823 ], [ 7916.72301179211081, 345364.737042685039341 ], [ 7847.128111740976237, 345410.982442827895284 ] ] ] } },
{ "type": "Feature", "properties": { "ZBEZ": "2211", "university_share": -0.18008176054857, "avg_income": -0.20031663054951901, "unemprate": -0.44808756778943698, "benefit_share": -0.28913061493313702, "SSI": -0.27709747359625198, "quintile": 3.0, "green_area_sum": 3879284.0374806887, "blue_area_sum": 3947339.7494484251, "census_area_m2": 3877237.7477206909, "green_ratio": 1.001, "blue_ratio": 1.018 }, "geometry": { "type": "Polygon", "coordinates": [ [ [ 7168.556308406093194, 342295.219138566404581 ], [ 7208.744408430797193, 342261.881238471716642 ], [ 7231.795808444454451, 342242.759038422256708 ], [ 7231.780408444979003, 342242.731838420964777 ], [ 7233.923308445620023, 342240.950538416393101 ], [ 7234.67040844807525, 342242.04043841548264 ], [ 7242.726608451534958, 342233.632538393139839 ], [ 7268.129108462699151, 342207.121038326993585 ], [ 7404.759008521921714, 342064.214737961068749 ], [ 7467.768808550817084, 341999.99603779707104 ], [ 7500.009008565654767, 341967.152237707749009 ], [ 7505.049008567709279, 341961.996037698350847 ], [ 7529.399108578316373, 341936.933537631295621 ], [ 7530.42890857527982, 341930.93353762011975 ], [ 7620.839108615193254, 341837.371037380769849 ], [ 7625.638908621366681, 341838.433537377044559 ], [ 7652.788808630548374, 341806.714737299829721 ], [ 7653.90890863027289, 341804.308537295088172 ], [ 7754.439208682993922, 341709.839737041853368 ], [ 7759.239008690592527, 341710.902237037196755 ], [ 7799.268808708898177, 341671.121036936528981 ], [ 7799.10910870421958, 341665.152236926369369 ], [ 7826.839108712789312, 341632.83973684720695 ], [ 7846.788808729097582, 341621.589736809022725 ], [ 7852.38890872605225, 341608.308536783792078 ], [ 7866.408908735484147, 341597.808536753058434 ], [ 7848.768808702960087, 341584.589736752212048 ], [ 7846.598808688739155, 341570.339736727997661 ], [ 7852.058808681170376, 341551.714736694470048 ], [ 7852.359108673202172, 341540.996036676689982 ], [ 7832.645408633181432, 341522.340736665762961 ], [ 7801.707108616100413, 341551.466136747039855 ], [ 7794.847108618700986, 341564.844036770053208 ], [ 7792.039908626332362, 341579.271336797624826 ], [ 7778.452208616222379, 341588.230736825615168 ], [ 7520.479208500783898, 341852.827937508933246 ], [ 7468.875008476762559, 341905.759537644684315 ], [ 7354.302408409314012, 342003.637437915429473 ], [ 7346.604708405418023, 342010.384737933985889 ], [ 7342.263208415396548, 342029.78933797031641 ], [ 7337.768708426080593, 342050.291638007387519 ], [ 7292.935508403568747, 342093.546838122420013 ], [ 7280.814408397814077, 342106.592538153752685 ], [ 7283.560408382353671, 342081.532038114964962 ], [ 7261.927708348939632, 342073.965838122181594 ], [ 7171.489808281819023, 342133.182138307951391 ], [ 7162.733008282119044, 342148.166938339360058 ], [ 7056.768308218915081, 342237.677638588473201 ], [ 7026.592108203739372, 342266.035438664257526 ], [ 7071.838508302211267, 342318.99433870241046 ], [ 7135.166308335252324, 342258.589738541282713 ], [ 7168.556308406093194, 342295.219138566404581 ] ], [ [ 7805.09790870112829, 341652.589736900292337 ], [ 7762.089108680798745, 341695.339737011119723 ], [ 7752.118908660353554, 341686.371037008240819 ], [ 7792.997808677712783, 341642.214736894704401 ], [ 7805.09790870112829, 341652.589736900292337 ] ] ] } },
{ "type": "Feature", "properties": { "ZBEZ": "2212", "university_share": -0.23158096770994399, "avg_income": -0.025886031431740501, "unemprate": -0.17349231463249501, "benefit_share": 0.14957875377619101, "SSI": -0.099674102587625601, "quintile": 3.0, "green_area_sum": 699425.90784520225, "blue_area_sum": 699425.90784520318, "census_area_m2": 699060.53516974137, "green_ratio": 1.001, "blue_ratio": 1.001 }, "geometry": { "type": "Polygon", "coordinates": [ [ [ 7977.114625209676888, 343764.6272178326617 ], [ 7954.21751056604171, 343760.660140103660524 ], [ 7950.959010577782465, 343780.206040135584772 ], [ 7949.359110587477517, 343794.339740160852671 ], [ 8004.368910667773889, 343809.839740129187703 ], [ 8046.79901073162182, 343821.80854010861367 ], [ 8082.288810780666608, 343826.902240077033639 ], [ 8080.639010772530128, 343819.056040068157017 ], [ 8079.20901076161681, 343806.94604004919529 ], [ 8068.419010735707161, 343792.786040036939085 ], [ 8049.545310706092096, 343785.050540047697723 ], [ 8050.667064839135492, 343777.385702501458582 ], [ 7977.114625209676888, 343764.6272178326617 ] ] ] } },
{ "type": "Feature", "properties": { "ZBEZ": "2213", "university_share": -0.68288418548175001, "avg_income": -0.66187615242873898, "unemprate": -0.81278958508626897, "benefit_share": -0.69677697632065505, "SSI": -0.77673220367943596, "quintile": 2.0, "green_area_sum": 488948.58582622866, "blue_area_sum": 488948.58582622843, "census_area_m2": 488694.73789219913, "green_ratio": 1.001, "blue_ratio": 1.001 }, "geometry": { "type": "Polygon", "coordinates": [ [ [ 8084.099011215309474, 344371.086040938273072 ], [ 8066.377762720721876, 344391.199687196989544 ], [ 8041.358911200644798, 344420.608041061088443 ], [ 8142.584711307180442, 344393.707140915095806 ], [ 8145.751211300024806, 344378.652240888215601 ], [ 8171.651111237302757, 344259.402240673080087 ], [ 8170.240911233764564, 344257.152240670286119 ], [ 8164.441111227675719, 344257.839740680530667 ], [ 8143.041211228096472, 344293.183540755882859 ], [ 8111.041211222895072, 344337.62104086112231 ], [ 8093.056911217821835, 344359.839740911498666 ], [ 8092.882957354099744, 344360.044214597146492 ], [ 8084.099011215309474, 344371.086040938273072 ] ] ] } },
{ "type": "Feature", "properties": { "ZBEZ": "2214", "university_share": -0.99596566336830405, "avg_income": -0.13676951144176999, "unemprate": 0.148378889846909, "benefit_share": 0.181372741265965, "SSI": -0.35806235521848101, "quintile": 2.0, "green_area_sum": 744013.15902030107, "blue_area_sum": 744013.15902030037, "census_area_m2": 743626.66414902697, "green_ratio": 1.001, "blue_ratio": 1.001 }, "geometry": { "type": "Polygon", "coordinates": [ [ [ 8136.197265727256308, 344753.29850874224212 ], [ 8136.562311585077623, 344753.186741491779685 ], [ 8129.085781690471777, 344737.964288238203153 ], [ 8136.197265727256308, 344753.29850874224212 ] ] ] } },
{ "type": "Feature", "properties": { "ZBEZ": "2215", "university_share": -1.2402574451236399, "avg_income": -0.73269404713022301, "unemprate": -1.0698900949627199, "benefit_share": -1.4788550832196401, "SSI": -1.2013568888983499, "quintile": 1.0, "green_area_sum": 868481.00697812496, "blue_area_sum": 868481.00697812438, "census_area_m2": 868026.45790544385, "green_ratio": 1.001, "blue_ratio": 1.001 }, "geometry": { "type": "Polygon", "coordinates": [ [ [ 8407.394710741900781, 343258.777238843031228 ], [ 8360.736510818052921, 343430.05853916797787 ], [ 8364.48901082455086, 343432.176039167679846 ], [ 8376.469010832315689, 343422.036039137281477 ], [ 8395.849010845799057, 343408.996039094403386 ], [ 8431.165810875916577, 343391.046339029446244 ], [ 8410.079010741541424, 343254.016838836483657 ], [ 8407.394710741900781, 343258.777238843031228 ] ] ] } },
{ "type": "Feature", "properties": { "ZBEZ": "2216", "university_share": -1.19350010642349, "avg_income": -0.72752087261006504, "unemprate": -0.31410827388611201, "benefit_share": 0.15163370907609, "SSI": -0.74074120582892999, "quintile": 2.0, "green_area_sum": 1048572.6983929418, "blue_area_sum": 1048572.6983929427, "census_area_m2": 1048021.0362652928, "green_ratio": 1.001, "blue_ratio": 1.001 }, "geometry": { "type": "MultiPolygon", "coordinates": [ [ [ [ 8642.099010157753582, 342151.576036849990487 ], [ 8634.109010145115462, 342148.416036850772798 ], [ 8632.430738781591572, 342148.149795503879432 ], [ 8642.733955610608973, 342152.052032296254765 ], [ 8642.099010157753582, 342151.576036849990487 ] ] ], [ [ [ 8653.619010181975682, 342162.716036857105792 ], [ 8649.529010170752372, 342157.146036849357188 ], [ 8643.642290801039053, 342152.732978056883439 ], [ 8652.740810179662731, 342162.1723368531093 ], [ 8656.78180669332869, 342170.43134348228341 ], [ 8653.619010181975682, 342162.716036857105792 ] ] ] ] } },
{ "type": "Feature", "properties": { "ZBEZ": "2217", "university_share": 0.405626869274684, "avg_income": 0.97059962394324095, "unemprate": 1.2061516906359599, "benefit_share": 1.21005426759179, "SSI": 0.95608012535751397, "quintile": 5.0, "green_area_sum": 2076943.4508348878, "blue_area_sum": 2094301.2418835775, "census_area_m2": 2075840.5132251505, "green_ratio": 1.001, "blue_ratio": 1.009 }, "geometry": { "type": "Polygon", "coordinates": [ [ [ 8368.289008426578221, 340410.576034353114665 ], [ 8367.449741546417499, 340411.423767988046166 ], [ 8534.062583024546257, 340590.84771148400614 ], [ 8368.289008426578221, 340410.576034353114665 ] ] ] } },
{ "type": "Feature", "properties": { "ZBEZ": "2218", "university_share": -0.41732783267839202, "avg_income": -0.231180209202827, "unemprate": 0.29578934060571299, "benefit_share": 0.096256058147884099, "SSI": -0.16739825460169599, "quintile": 3.0, "green_area_sum": 768336.79274157935, "blue_area_sum": 768336.79269450111, "census_area_m2": 767929.48934359523, "green_ratio": 1.001, "blue_ratio": 1.001 }, "geometry": { "type": "MultiPolygon", "coordinates": [ [ [ [ 8675.659009984974546, 341879.696036381646991 ], [ 8653.849009954468784, 341877.326036401093006 ], [ 8636.859009929772583, 341873.946036410517991 ], [ 8636.27174903237028, 341876.94207301561255 ], [ 8664.276609969356286, 341879.214736392721534 ], [ 8683.253035193580217, 341880.342924049997237 ], [ 8675.659009984974546, 341879.696036381646991 ] ] ], [ [ [ 9126.453043572149909, 341835.325507037283387 ], [ 9126.699410520037418, 341835.277235855348408 ], [ 9126.699403399919902, 341835.277220267511439 ], [ 9126.453043572149909, 341835.325507037283387 ] ] ] ] } },
{ "type": "Feature", "properties": { "ZBEZ": "2219", "university_share": -0.82434262746505405, "avg_income": -0.66652994969900603, "unemprate": -0.27905053432666599, "benefit_share": -0.51442150025193101, "SSI": -0.69832623159404295, "quintile": 2.0, "green_area_sum": 429854.03847710107, "blue_area_sum": 429854.03847710072, "census_area_m2": 429627.13263793779, "green_ratio": 1.001, "blue_ratio": 1.001 }, "geometry": { "type": "MultiPolygon", "coordinates": [ [ [ [ 9044.049010951079254, 342509.916037010028958 ], [ 9014.49901089017294, 342479.556036995723844 ], [ 9010.787883026858253, 342481.499961116176564 ], [ 9040.311110948961868, 342512.363637018948793 ], [ 9055.181310968020625, 342512.551037005148828 ], [ 9068.279910985487732, 342514.020036997273564 ], [ 9090.891311015324391, 342515.457436975091696 ], [ 9091.594828228886399, 342515.493984697270207 ], [ 9044.049010951079254, 342509.916037010028958 ] ] ], [ [ [ 9103.160150830182829, 342516.094803254818544 ], [ 9116.15791104876007, 342516.770036952570081 ], [ 9145.491711087028307, 342518.083936924114823 ], [ 9145.334840253623042, 342517.562291943468153 ], [ 9103.160150830182829, 342516.094803254818544 ] ] ] ] } },
{ "type": "Feature", "properties": { "ZBEZ": "2220", "university_share": -1.05916329861876, "avg_income": -0.74871076081797605, "unemprate": -0.84760853814125703, "benefit_share": -1.0443863668223099, "SSI": -1.01880269080316, "quintile": 1.0, "green_area_sum": 1031324.8787890904, "blue_area_sum": 1031324.8787890875, "census_area_m2": 1030785.0060491421, "green_ratio": 1.001, "blue_ratio": 1.001 }, "geometry": { "type": "Polygon", "coordinates": [ [ [ 10076.699013329040099, 343857.986038110218942 ], [ 10083.701088917025118, 343837.967435125668999 ], [ 10076.669213310729901, 343835.496038070879877 ], [ 10000.009013207180033, 343827.214738138020039 ], [ 9948.528513138267954, 343821.62103818077594 ], [ 9865.619413028412964, 343815.996038256213069 ], [ 9782.106712914397576, 343805.277238325215876 ], [ 9776.952412907165126, 343804.527238330803812 ], [ 9770.905512899022142, 343803.646038333885372 ], [ 9778.039312919727308, 343818.902238350361586 ], [ 9816.443812994988548, 343852.086438361555338 ], [ 9829.095913019786167, 343862.246038367971778 ], [ 9880.930113087923019, 343866.725538321770728 ], [ 9885.239013090598746, 343862.256038309074938 ], [ 9890.256313096382655, 343862.196738304570317 ], [ 9895.109013104160113, 343864.386038304306567 ], [ 9895.871513115256676, 343877.82123832590878 ], [ 9916.344913143695521, 343879.902238304726779 ], [ 9911.840313132541269, 343873.878438302315772 ], [ 9923.748713148297611, 343875.344338292255998 ], [ 9923.617713149473275, 343876.362838292494416 ], [ 9923.576902542881726, 343877.000379402190447 ], [ 9923.619679509982234, 343877.653029800392687 ], [ 9923.74727848630755, 343878.294513171538711 ], [ 9923.95751621718955, 343878.91385355219245 ], [ 9924.246795477651176, 343879.50045386236161 ], [ 9924.610166617741925, 343880.04427720233798 ], [ 9924.886899608880412, 343880.374437851831317 ], [ 9925.04141225807507, 343880.536018612794578 ], [ 9925.533153664464407, 343880.967264248989522 ], [ 9926.076977007040114, 343881.330635392107069 ], [ 9926.663577316287046, 343881.619914648123085 ], [ 9927.282917699005338, 343881.830152379348874 ], [ 9927.92440106851609, 343881.957751355133951 ], [ 9928.577051468186255, 343882.000528319738805 ], [ 9928.769113160511552, 343881.996838299557567 ], [ 9962.02471320238692, 343880.717838264070451 ], [ 9966.761413213631386, 343888.791738269850612 ], [ 9967.107224781213517, 343889.305390299297869 ], [ 9967.538459582528958, 343889.797119346447289 ], [ 9968.030188633334546, 343890.228354149498045 ], [ 9968.573998308849696, 343890.591716156341136 ], [ 9969.160583875918746, 343890.880988146178424 ], [ 9969.779908694539699, 343891.091220594011247 ], [ 9970.421375943342355, 343891.218816359527409 ], [ 9971.074009941672557, 343891.26159225217998 ], [ 9971.726643939360656, 343891.218816356733441 ], [ 9972.368111188581679, 343891.091220587491989 ], [ 9972.987436006424105, 343890.880988145247102 ], [ 9973.257896345570771, 343890.759444761089981 ], [ 9973.574021573285791, 343890.591716155409813 ], [ 9974.117831248246148, 343890.228354142978787 ], [ 9974.609560297107237, 343889.797119339928031 ], [ 9975.04079509890289, 343889.305390289984643 ], [ 9975.404157107452193, 343888.761580613441765 ], [ 9975.693429096261752, 343888.174995046108961 ], [ 9975.903661542954069, 343887.555670228786767 ], [ 9976.031257311085938, 343886.914202976040542 ], [ 9976.074033203496583, 343886.261568981222808 ], [ 9976.031257310636647, 343885.608934985473752 ], [ 9975.903661541462498, 343884.967467732727528 ], [ 9975.72941322200677, 343884.437438255175948 ], [ 9971.802313209074782, 343874.41733824275434 ], [ 9971.754113208795388, 343874.305538239888847 ], [ 9971.433213208267262, 343873.6276382394135 ], [ 9971.230213207274574, 343873.325238238088787 ], [ 9970.944113207388, 343872.906438239850104 ], [ 9961.006213182632564, 343858.249838225543499 ], [ 9992.968713225669489, 343861.820438200607896 ], [ 9984.705113200554479, 343842.896738179959357 ], [ 9988.020713204736239, 343843.277238173410296 ], [ 9987.318613206591181, 343846.058538177981973 ], [ 10000.009013222328576, 343845.964738167822361 ], [ 10004.289313227911407, 343845.933538164943457 ], [ 10045.518813281945768, 343848.308538125827909 ], [ 10064.207213334853805, 343884.714738164097071 ], [ 10067.908213339600479, 343885.758638160303235 ], [ 10071.589013337254073, 343876.186038144864142 ], [ 10078.536178425885737, 343858.427077742584515 ], [ 10076.699013329040099, 343857.986038110218942 ] ] ] } },
{ "type": "Feature", "properties": { "ZBEZ": "2221", "university_share": 0.38471269451011803, "avg_income": 0.40891090707639999, "unemprate": 1.10326896033821, "benefit_share": 0.88649216557635702, "SSI": 0.66166226255068294, "quintile": 4.0, "green_area_sum": 597891.75020641566, "blue_area_sum": 597891.75020641554, "census_area_m2": 597576.30289867288, "green_ratio": 1.001, "blue_ratio": 1.001 }, "geometry": { "type": "Polygon", "coordinates": [ [ [ 10253.544713058987327, 343236.436036943458021 ], [ 10251.944513066155196, 343248.637536966241896 ], [ 10250.344413071155941, 343256.438436978496611 ], [ 10256.945113081590534, 343259.638736978173256 ], [ 10271.146813092116645, 343250.037636945955455 ], [ 10281.548013099863965, 343243.436836927197874 ], [ 10254.344813053767211, 343228.735136930830777 ], [ 10253.544713058987327, 343236.436036943458021 ] ] ] } },
{ "type": "Feature", "properties": { "ZBEZ": "2222", "university_share": -0.87431114841510205, "avg_income": -0.31387513312703502, "unemprate": 0.40263972043676399, "benefit_share": 0.66684315000919203, "SSI": -0.24174380135027601, "quintile": 3.0, "green_area_sum": 949703.58811182703, "blue_area_sum": 949703.58811182587, "census_area_m2": 949199.65340984333, "green_ratio": 1.001, "blue_ratio": 1.001 }, "geometry": { "type": "Polygon", "coordinates": [ [ [ 10392.109012043587427, 341737.266034417785704 ], [ 10363.019898555092368, 341752.020058600988705 ], [ 10363.995412021677112, 341754.755334475077689 ], [ 10390.397712044299624, 341740.755334427580237 ], [ 10393.023787826628904, 341739.174170746176969 ], [ 10392.109012043587427, 341737.266034417785704 ] ] ] } },
{ "type": "Feature", "properties": { "ZBEZ": "2223", "university_share": -0.14714655376169999, "avg_income": 0.087698898358552296, "unemprate": 0.763957395067976, "benefit_share": 0.51838237079428395, "SSI": 0.21520981212831899, "quintile": 4.0, "green_area_sum": 1098851.6719867419, "blue_area_sum": 1098851.6719867415, "census_area_m2": 1098266.457287488, "green_ratio": 1.001, "blue_ratio": 1.001 }, "geometry": { "type": "Polygon", "coordinates": [ [ [ 11717.009013750970553, 341777.464733140543103 ], [ 11761.178913852463666, 341833.6522331899032 ], [ 11766.005113863577208, 341840.746033193543553 ], [ 11769.917213873131914, 341846.496033200994134 ], [ 11796.699413895374164, 341832.089733149856329 ], [ 11799.459213886377256, 341815.589733115397394 ], [ 11811.108613892278299, 341804.371033090166748 ], [ 11849.629113910017622, 341766.277232992462814 ], [ 11851.789313905661402, 341756.527232973836362 ], [ 11717.009013750970553, 341777.464733140543103 ] ] ] } },
{ "type": "Feature", "properties": { "ZBEZ": "2224", "university_share": -0.410359121191887, "avg_income": 0.26952114197888299, "unemprate": 0.885098018103606, "benefit_share": 0.70772575737350596, "SSI": 0.24253145404045201, "quintile": 4.0, "green_area_sum": 2252064.3375224653, "blue_area_sum": 2252063.8383852155, "census_area_m2": 2250856.607570481, "green_ratio": 1.001, "blue_ratio": 1.001 }, "geometry": { "type": "Polygon", "coordinates": [ [ [ 12145.439013025921668, 340181.806030167266726 ], [ 12140.705041348550367, 340183.338501773658209 ], [ 12145.376613027179701, 340182.739330170676112 ], [ 12145.719470224652468, 340182.707528915256262 ], [ 12146.001304993018493, 340182.699433598667383 ], [ 12146.063713027260746, 340182.699830170720816 ], [ 12146.668035350619903, 340182.742222567088902 ], [ 12146.785271933025797, 340182.759077493101358 ], [ 12147.306872929628298, 340182.869295259006321 ], [ 12147.490613029236556, 340182.922330165281892 ], [ 12147.59672247688286, 340181.436948285554536 ], [ 12145.439013025921668, 340181.806030167266726 ] ] ] } },
{ "type": "Feature", "properties": { "ZBEZ": "2225", "university_share": 0.51187385126314799, "avg_income": 1.23112245586724, "unemprate": 1.4438897404267601, "benefit_share": 1.12533957167595, "SSI": 1.1200733885531999, "quintile": 5.0, "green_area_sum": 604043.30302582099, "blue_area_sum": 604043.30302581866, "census_area_m2": 603721.37552438141, "green_ratio": 1.001, "blue_ratio": 1.001 }, "geometry": { "type": "Polygon", "coordinates": [ [ [ 10053.639011316432516, 341360.076034160330892 ], [ 10053.63379274502222, 341360.076580815308262 ], [ 10053.63891131591663, 341360.089734160341322 ], [ 10118.196763518377338, 341355.568117582530249 ], [ 10053.639011316432516, 341360.076034160330892 ] ] ] } },
{ "type": "Feature", "properties": { "ZBEZ": "2226", "university_share": 0.22833226609260801, "avg_income": 0.93039193031905598, "unemprate": 1.0404305356813099, "benefit_share": 1.20134505823944, "SSI": 0.84334901711394605, "quintile": 4.0, "green_area_sum": 7213724.6055398732, "blue_area_sum": 7307725.2078985097, "census_area_m2": 7209828.0978993606, "green_ratio": 1.001, "blue_ratio": 1.014 }, "geometry": { "type": "MultiPolygon", "coordinates": [ [ [ [ 11250.009011716840178, 339960.056030721403658 ], [ 11123.129011476879896, 339860.726030688732862 ], [ 11056.939011307116743, 339752.58603058476001 ], [ 11026.259011192911203, 339657.016030463390052 ], [ 11250.009011220874527, 339336.136029725894332 ], [ 11520.689011296057288, 338999.996028913185 ], [ 11672.329011351428562, 338827.826028483919799 ], [ 11668.509011255899168, 338713.996028307825327 ], [ 11615.469011090621279, 338590.626028164289892 ], [ 11507.669010613075443, 338161.726027586497366 ], [ 11623.729010631250276, 337999.996027212589979 ], [ 11633.659010621466223, 337972.356027156114578 ], [ 11646.619010618793254, 337948.276027104817331 ], [ 11650.139010612463608, 337934.656027081422508 ], [ 11638.499010587951489, 337922.356027072295547 ], [ 11635.736721109682549, 337919.591134121001232 ], [ 11549.369410539249657, 338002.876727291382849 ], [ 11259.258110393229799, 338280.9318280313164 ], [ 11222.088110374781536, 338316.841928124427795 ], [ 11198.909410362663039, 338338.734328185208142 ], [ 11175.678110351622308, 338361.301928242668509 ], [ 11139.171910332861444, 338396.038128335028887 ], [ 11098.683110312304052, 338434.978228436782956 ], [ 11063.39381029533979, 338469.382628528401256 ], [ 11036.740510281872048, 338495.383528598584235 ], [ 11002.256310265636785, 338529.521528685465455 ], [ 10973.256310251548712, 338558.021628761664033 ], [ 10945.506410239509933, 338587.521728835068643 ], [ 10925.256310231341558, 338608.521728890947998 ], [ 10850.168110200829688, 338690.089829099364579 ], [ 10847.588310200189881, 338692.825829105451703 ], [ 10827.568910191243049, 338714.146729158237576 ], [ 10819.611010187836655, 338722.497129181399941 ], [ 10813.350110186036545, 338729.896629195660353 ], [ 10801.318910183548724, 338745.865329237654805 ], [ 10789.620310181679088, 338761.793029275722802 ], [ 10785.887810180762244, 338767.495929284952581 ], [ 10787.063610183799028, 338768.912629287689924 ], [ 10773.897610180682022, 338786.527329330332577 ], [ 10780.076310193642712, 338792.856229332275689 ], [ 10765.752210189313701, 338809.878829373978078 ], [ 10756.345610181220763, 338814.430329388938844 ], [ 10751.794110174821981, 338814.126929392106831 ], [ 10746.888710169534534, 338814.153829402290285 ], [ 10742.588010166473396, 338818.558529410511255 ], [ 10731.327810163294998, 338832.935029447078705 ], [ 10693.317510154074625, 338881.464829561300576 ], [ 10691.577310154563747, 338883.960829567164183 ], [ 10688.708110152500012, 338886.964729573577642 ], [ 10686.460410153786142, 338891.300729583017528 ], [ 10637.088010147504974, 338962.121129747480154 ], [ 10612.557710139526534, 338991.058429818600416 ], [ 10605.027510137593708, 339000.121129841543734 ], [ 10592.805010131112795, 339012.207029873505235 ], [ 10587.737410128625925, 339016.527229884639382 ], [ 10551.807810110743958, 339051.370929976925254 ], [ 10508.04801008947652, 339094.183530090376735 ], [ 10483.9032100789791, 339118.910830152221024 ], [ 10474.537210071999652, 339126.089830172248185 ], [ 10443.907410053667263, 339150.62103024404496 ], [ 10435.683410047688085, 339157.005430264398456 ], [ 10421.907410037751106, 339166.339830290526152 ], [ 10374.248210006222507, 339203.683630396611989 ], [ 10320.918109972471939, 339245.77733052149415 ], [ 10294.884209956804625, 339267.326830582693219 ], [ 10282.458109948565834, 339276.871030608192086 ], [ 10275.786709945234179, 339282.317430621944368 ], [ 10250.772109926865596, 339299.299630676396191 ], [ 10250.666909926991138, 339299.474930678494275 ], [ 10230.812909914482589, 339315.96093072462827 ], [ 10232.009009917181174, 339317.086030725389719 ], [ 10279.184210046465523, 339405.24473081715405 ], [ 10255.43161004196736, 339437.066730891354382 ], [ 10236.786210007403497, 339422.629330888390541 ], [ 10183.367109908233033, 339384.187630880624056 ], [ 10167.391309898110194, 339396.668730916455388 ], [ 10136.937409882344582, 339425.125630992464721 ], [ 10117.966209889040329, 339463.068131074309349 ], [ 10097.996409889494316, 339495.51903114374727 ], [ 10105.984309909863441, 339508.998531156219542 ], [ 10137.820509953347937, 339513.575831131078303 ], [ 10173.931409996690491, 339510.607431092299521 ], [ 10147.920809992494469, 339545.942631172947586 ], [ 10169.388310034863025, 339564.414631182327867 ], [ 10208.356410050724662, 339522.397131074219942 ], [ 10223.831910076591157, 339530.792431073263288 ], [ 10272.20561009371886, 339474.664830935187638 ], [ 10326.452910110261655, 339409.971730776131153 ], [ 10326.535710111329536, 339410.066130777820945 ], [ 10400.505610271065962, 339494.35743083525449 ], [ 10407.545210270178359, 339481.786730811931193 ], [ 10443.246010325943644, 339495.865930794738233 ], [ 10468.387410331268256, 339461.673630716279149 ], [ 10481.460910346353558, 339460.165130699984729 ], [ 10505.093910408639204, 339499.88863074220717 ], [ 10550.851210439670467, 339466.701930640265346 ], [ 10575.992610506522396, 339510.950830686837435 ], [ 10595.602910523120954, 339500.391430648975074 ], [ 10632.309410619096525, 339562.742130708880723 ], [ 10674.044110660419392, 339547.65723064634949 ], [ 10679.072410683527778, 339568.273230674676597 ], [ 10698.179810699584777, 339558.216630636714399 ], [ 10705.219410682166199, 339526.03563057910651 ], [ 10706.727910672727376, 339512.459330554120243 ], [ 10700.1912106291893, 339467.70763048902154 ], [ 10703.449710633678478, 339467.140930485911667 ], [ 10706.377810647678416, 339479.808930503204465 ], [ 10709.227710675308117, 339510.746030547656119 ], [ 10710.527610697241471, 339536.027130588889122 ], [ 10699.647710725028446, 339588.839930683374405 ], [ 10699.206810727235279, 339591.248930687084794 ], [ 10694.797810740694331, 339615.339930730871856 ], [ 10694.030810749636657, 339628.36033075209707 ], [ 10693.527610755900241, 339636.902130765840411 ], [ 10695.198210763041061, 339643.688530779443681 ], [ 10704.017610802868148, 339679.513930821791291 ], [ 10709.647710823141097, 339696.058130845427513 ], [ 10713.361210831006247, 339700.35453084949404 ], [ 10721.312910847842431, 339709.55413085501641 ], [ 10727.130710857867598, 339711.165230852551758 ], [ 10735.325610869918819, 339713.434530845843256 ], [ 10741.036710878941449, 339715.01603084616363 ], [ 10757.32031090021519, 339716.906230828724802 ], [ 10775.021710923778301, 339718.960930814966559 ], [ 10791.291610943484557, 339718.425530802458525 ], [ 10821.1445109814631, 339717.443130766972899 ], [ 10838.440511003846041, 339718.353930749930441 ], [ 10853.308711021834824, 339717.747030737809837 ], [ 10871.059711042995332, 339715.774230714887381 ], [ 10885.927811059864325, 339713.650130696594715 ], [ 10911.720611091421233, 339711.52613066509366 ], [ 10934.477811117469173, 339708.492030639201403 ], [ 10947.525811131672526, 339705.154130619950593 ], [ 10957.539611141784917, 339701.816130606457591 ], [ 10971.497611153488833, 339694.534030579961836 ], [ 10978.172811160480705, 339692.409930567257106 ], [ 10986.618311177389842, 339701.094430572353303 ], [ 10987.750011180705769, 339702.258130574598908 ], [ 10990.047811184849706, 339704.621030572801828 ], [ 10995.226611200931075, 339716.825330588035285 ], [ 10999.197611213265191, 339726.18323059938848 ], [ 11007.48471123751915, 339742.469930618070066 ], [ 11011.377811248243233, 339750.12103062774986 ], [ 11014.963911258619191, 339757.059730635024607 ], [ 11020.357611273404473, 339767.496030645444989 ], [ 11034.417811311932383, 339793.621030670590699 ], [ 11044.640111335831534, 339808.571230685338378 ], [ 11050.977711352556071, 339817.839930698275566 ], [ 11056.473911364451851, 339825.074830702506006 ], [ 11070.847711398488173, 339843.996030715294182 ], [ 11073.861211404135247, 339847.215230719186366 ], [ 11092.417611442977432, 339867.038030729629099 ], [ 11114.264711487514433, 339887.368130742572248 ], [ 11118.166811495670117, 339891.39273074362427 ], [ 11134.536911529876306, 339908.277130755595863 ], [ 11163.737611584097976, 339930.027130760252476 ], [ 11184.047811623764574, 339947.183230767026544 ], [ 11208.937611665405711, 339960.193130761384964 ], [ 11210.47111166756622, 339960.692130758427083 ], [ 11231.187711698517887, 339967.433230752125382 ], [ 11251.570611729242955, 339973.999930741265416 ], [ 11261.947611746627445, 339978.464930739253759 ], [ 11273.72091176264621, 339978.248030725866556 ], [ 11274.065211762615945, 339978.308430725708604 ], [ 11286.007811778763426, 339980.40213071461767 ], [ 11291.565611786498266, 339981.317330711521208 ], [ 11301.947611800715094, 339983.027130702510476 ], [ 11319.445811825620694, 339985.622430691495538 ], [ 11323.93991183113576, 339986.289030686952174 ], [ 11333.570911845761657, 339988.584230680949986 ], [ 11346.83781186527267, 339991.746030674315989 ], [ 11356.406311878710767, 339993.992630664259195 ], [ 11367.594211894565888, 339996.619630660861731 ], [ 11368.797911896075675, 339996.902230655774474 ], [ 11387.714511926133127, 340003.772630649618804 ], [ 11395.551611938961287, 340006.619130647741258 ], [ 11395.60641193864285, 340006.628230648115277 ], [ 11400.52871194497493, 340007.448730643838644 ], [ 11410.116611958506837, 340009.046930636279285 ], [ 11412.183293249499911, 340009.411535200488288 ], [ 11250.009011716840178, 339960.056030721403658 ] ], [ [ 10309.346610081369363, 339400.171030780300498 ], [ 10314.019210083608414, 339395.80313076544553 ], [ 10318.895010093694509, 339401.359230770729482 ], [ 10309.346610081369363, 339400.171030780300498 ] ] ], [ [ [ 11454.89750241591355, 340022.411015277786646 ], [ 11469.589912049841587, 340028.770130609162152 ], [ 11484.913712071376722, 340032.5630305968225 ], [ 11502.512812098651921, 340038.32893058937043 ], [ 11527.849812138265406, 340047.886930581182241 ], [ 11560.772812191624325, 340062.907030571252108 ], [ 11577.607612219271687, 340070.558230565860868 ], [ 11585.048512231027416, 340072.920130562968552 ], [ 11590.206712237446482, 340072.920130556449294 ], [ 11598.717812251810756, 340077.308230555616319 ], [ 11612.053812274247321, 340083.844130551442504 ], [ 11627.347712301128922, 340093.433230552822351 ], [ 11635.418712313536162, 340097.499030551873147 ], [ 11642.094612325256094, 340101.140030547976494 ], [ 11647.252712334735406, 340104.47803055215627 ], [ 11648.003512335526466, 340104.872830549255013 ], [ 11653.227712344785687, 340107.621030547656119 ], [ 11655.737612347520553, 340108.089930545538664 ], [ 11661.208512355442508, 340108.902130542322993 ], [ 11668.08781236374125, 340107.90213053394109 ], [ 11674.117612369835115, 340106.371030522510409 ], [ 11680.417812374340429, 340101.496030510403216 ], [ 11687.003512378551022, 340096.58883049711585 ], [ 11687.378312379029012, 340096.347030493430793 ], [ 11687.329012378322659, 340095.476030494086444 ], [ 11690.461446405735842, 340094.101650702999905 ], [ 11454.89750241591355, 340022.411015277786646 ] ] ] ] } },
{ "type": "Feature", "properties": { "ZBEZ": "2227", "university_share": -0.40415113187711399, "avg_income": 0.51261886288355696, "unemprate": 1.0181574952827299, "benefit_share": 0.81022432298816704, "SSI": 0.378335506882023, "quintile": 4.0, "green_area_sum": 3217484.69639319, "blue_area_sum": 3217484.6963931927, "census_area_m2": 3215753.8974055201, "green_ratio": 1.001, "blue_ratio": 1.001 }, "geometry": { "type": "Polygon", "coordinates": [ [ [ 14190.90372756215038, 340475.020997171581257 ], [ 14191.11951584810231, 340478.2582285720855 ], [ 14203.713787951750419, 340479.132839955564123 ], [ 14190.90372756215038, 340475.020997171581257 ] ] ] } },
{ "type": "Feature", "properties": { "ZBEZ": "2228", "university_share": -0.564842467985047, "avg_income": 0.18936115824984701, "unemprate": 0.83056190199558, "benefit_share": 0.46944889878777601, "SSI": 0.101560977351577, "quintile": 3.0, "green_area_sum": 947520.66052457143, "blue_area_sum": 947629.51320617192, "census_area_m2": 947004.61513887136, "green_ratio": 1.001, "blue_ratio": 1.001 }, "geometry": { "type": "Polygon", "coordinates": [ [ [ 14665.696017361278791, 341630.260829924605787 ], [ 14652.313817348711382, 341635.191129947081208 ], [ 14644.918417340439191, 341636.247629955410957 ], [ 14568.968617287633606, 341690.950230116955936 ], [ 14685.182317386626892, 341630.847829908132553 ], [ 14678.491217364795375, 341613.474429883994162 ], [ 14665.696017361278791, 341630.260829924605787 ] ] ] } },
{ "type": "Feature", "properties": { "ZBEZ": "2229", "university_share": -0.73872507862825998, "avg_income": 0.20566202072255699, "unemprate": 0.76643544663575602, "benefit_share": 1.1352605325579801, "SSI": 0.154560737762032, "quintile": 3.0, "green_area_sum": 1918099.7564257947, "blue_area_sum": 1918099.7564257956, "census_area_m2": 1917068.7712615428, "green_ratio": 1.001, "blue_ratio": 1.001 }, "geometry": { "type": "Polygon", "coordinates": [ [ [ 15048.219016864282821, 340394.086027570068836 ], [ 15033.779016852422501, 340402.676027595996857 ], [ 14955.039016784252453, 340441.376027741469443 ], [ 14897.559016733050157, 340469.006027842871845 ], [ 14837.379016672046419, 340486.466027929447591 ], [ 14804.069016636985907, 340496.966027982532978 ], [ 14777.389016612394698, 340508.676028026267886 ], [ 14762.709016602133488, 340518.526028056629002 ], [ 14732.209016576653084, 340534.65602811332792 ], [ 14689.409016534118564, 340549.506028178147972 ], [ 14641.309016481140134, 340559.356028244830668 ], [ 14605.059016443228757, 340568.686028296127915 ], [ 14482.689016298560091, 340581.226028439588845 ], [ 14461.268669585209864, 340586.451943514228333 ], [ 14461.251416275323209, 340586.769428468309343 ], [ 14461.171516275842805, 340588.239128473214805 ], [ 14461.158216276800886, 340588.484628474339843 ], [ 14464.954916281494661, 340587.851228468120098 ], [ 14466.06011628192573, 340587.378228466957808 ], [ 14497.307916319407013, 340584.532028429210186 ], [ 14596.855616437705976, 340575.464828314259648 ], [ 14663.327316508792137, 340558.089828221127391 ], [ 14663.812616508861538, 340557.964828217402101 ], [ 14699.364416546242865, 340548.839828168973327 ], [ 14811.3478166531022, 340505.152327987365425 ], [ 14894.383916732449507, 340472.683527851477265 ], [ 14895.164216732729983, 340472.371027850545943 ], [ 14917.347816753917868, 340463.808527812361717 ], [ 14927.907316763783456, 340459.714827796444297 ], [ 14930.068516766659741, 340458.839827791787684 ], [ 15003.015316827100833, 340420.273427658714354 ], [ 15009.628116833262538, 340416.777327643707395 ], [ 15013.133516836382114, 340414.923327639698982 ], [ 15090.988416901946039, 340373.746027493849397 ], [ 15132.454216933896532, 340348.058527410030365 ], [ 15199.124116985929504, 340306.777327278628945 ], [ 15199.574816986230871, 340306.14262727741152 ], [ 15202.558716986864965, 340301.933527265675366 ], [ 15202.438616986179113, 340301.464827265590429 ], [ 15201.951916983885894, 340299.327427260577679 ], [ 15203.871463930614482, 340297.962622996419668 ], [ 15203.492105632760286, 340296.27447620802559 ], [ 15048.219016864282821, 340394.086027570068836 ] ] ] } },
{ "type": "Feature", "properties": { "ZBEZ": "2231", "university_share": 0.139644039135397, "avg_income": -0.149639043486615, "unemprate": 1.0230002334597601, "benefit_share": -0.404637972496247, "SSI": 0.110684768346514, "quintile": 3.0, "green_area_sum": 290488.68237889546, "blue_area_sum": 290488.68237889546, "census_area_m2": 290335.9405153385, "green_ratio": 1.001, "blue_ratio": 1.001 }, "geometry": { "type": "Polygon", "coordinates": [ [ [ 9942.799013105515769, 343790.026038138195872 ], [ 9946.509013114184199, 343795.426038143225014 ], [ 9909.259013065367981, 343793.206038178876042 ], [ 9784.229012898016663, 343781.376038285903633 ], [ 9768.869012878085414, 343780.656038298271596 ], [ 9745.77901284904874, 343781.526038320735097 ], [ 9722.599012820386633, 343781.3760383464396 ], [ 9692.729012779871482, 343778.836038374342024 ], [ 9672.959012753508432, 343776.686038390733302 ], [ 9659.789012735653159, 343774.626038402318954 ], [ 9624.309012685240305, 343768.51603842433542 ], [ 9598.639012651019584, 343765.416038447059691 ], [ 9557.91901259682345, 343761.686038482002914 ], [ 9521.279012546536251, 343758.73603851441294 ], [ 9493.339012510004977, 343755.776038535870612 ], [ 9464.229012470543239, 343752.176038559526205 ], [ 9449.099012448834401, 343749.526038574054837 ], [ 9440.739012428661226, 343736.826038560830057 ], [ 9393.489012362344511, 343728.406038595363498 ], [ 9373.179012333976061, 343725.826038610190153 ], [ 9371.349012331525955, 343726.416038614697754 ], [ 9369.929012332029743, 343727.90603862144053 ], [ 9369.099012331849735, 343729.746038625016809 ], [ 9369.279012333443461, 343731.786038622260094 ], [ 9350.099012305110591, 343726.696038635447621 ], [ 9339.589012293130509, 343726.996038649231195 ], [ 9324.549012269366358, 343721.846038654446602 ], [ 9319.559012265348429, 343724.636038664728403 ], [ 9257.359012164768501, 343697.866038682870567 ], [ 9184.169012039663357, 343656.026038692332804 ], [ 9118.959011917786484, 343606.346038678660989 ], [ 9069.379011817403807, 343558.62603865377605 ], [ 9038.749011743508163, 343514.20603861566633 ], [ 9029.759011721254865, 343501.386038604192436 ], [ 9024.019011706785022, 343492.016038591973484 ], [ 9023.489011701212803, 343485.606038581579924 ], [ 9168.769011824815607, 343410.40603831782937 ], [ 9189.539011841286992, 343398.246038277633488 ], [ 9340.609011969987478, 343319.61603800021112 ], [ 9364.649011989693463, 343306.956037954427302 ], [ 9470.429012079945096, 343251.246037758886814 ], [ 9477.569012090809338, 343253.926037758588791 ], [ 9548.449012152441355, 343216.676037625409663 ], [ 9586.099012182823571, 343196.996037557721138 ], [ 9619.329012279205926, 343264.676037629134953 ], [ 9623.249012290243627, 343272.386037637479603 ], [ 9673.349012433685857, 343373.326037746854126 ], [ 9675.559012439867729, 343377.896037753671408 ], [ 9701.619012515915529, 343431.87603781465441 ], [ 9817.009012798347612, 343603.586037969216704 ], [ 9819.649012805213715, 343607.516037970781326 ], [ 9890.929012978638639, 343712.666038068942726 ], [ 9895.809012987943788, 343717.096038070507348 ], [ 9942.799013105515769, 343790.026038138195872 ] ] ] } },
{ "type": "Feature", "properties": { "ZBEZ": "2232", "university_share": 0.77795239903938196, "avg_income": 0.51296170350136805, "unemprate": 0.69278876356118402, "benefit_share": 1.0137184224642599, "SSI": 0.79324100936039599, "quintile": 4.0, "green_area_sum": 2366697.035553759, "blue_area_sum": 2391508.023382924, "census_area_m2": 2365463.467542382, "green_ratio": 1.001, "blue_ratio": 1.011 }, "geometry": { "type": "Polygon", "coordinates": [ [ [ 6918.57703778130417, 344294.367991472943686 ], [ 6918.53900967982463, 344294.616041995584965 ], [ 6918.779009684553785, 344301.096042008139193 ], [ 6944.54900973364056, 344321.146042011678219 ], [ 6944.507009736285909, 344325.696042019873857 ], [ 6958.553209783180137, 344360.821442062966526 ], [ 6979.765909821191599, 344374.784342064522207 ], [ 7008.044609874477828, 344397.812142069451511 ], [ 7022.544709921518916, 344433.747342111542821 ], [ 7041.932609957646491, 344447.380542115308344 ], [ 7078.611710012824005, 344459.261642095632851 ], [ 7142.339510125504603, 344498.563642093911767 ], [ 7155.813410125385417, 344477.566842046566308 ], [ 7140.518810095790286, 344464.683542041108012 ], [ 7139.029010091797318, 344463.066042042337358 ], [ 7123.643990376119291, 344450.591948376502842 ], [ 7106.127216360000602, 344438.846984976378735 ], [ 7087.378609997662352, 344426.575442033819854 ], [ 7074.47900997470515, 344417.8160420358181 ], [ 7071.039826455225011, 344414.982811675406992 ], [ 7068.119009963231292, 344412.846042033284903 ], [ 7047.249009923192716, 344396.046042027883232 ], [ 7027.359009884466104, 344379.436042021028697 ], [ 7020.438134105644167, 344373.296703172673006 ], [ 7019.298109868687789, 344372.357542017474771 ], [ 7002.388349929065953, 344357.453904454596341 ], [ 6996.36938587898112, 344352.556036408583168 ], [ 6981.649009795967686, 344341.228242004290223 ], [ 6979.23944000051597, 344339.369863106927369 ], [ 6951.279009739516368, 344318.476042002439499 ], [ 6925.403239019163266, 344297.639599806338083 ], [ 6919.469009680588897, 344294.826041997410357 ], [ 6919.107510657559942, 344294.611061176459771 ], [ 6918.57703778130417, 344294.367991472943686 ] ] ] } },
{ "type": "Feature", "properties": { "ZBEZ": "2301", "university_share": -0.860348063927033, "avg_income": -0.19128102228223101, "unemprate": 0.048577992640047099, "benefit_share": 0.27536022359762302, "SSI": -0.329132269118453, "quintile": 2.0, "green_area_sum": 1042292.2482492755, "blue_area_sum": 1043096.7681904038, "census_area_m2": 1041711.3366628706, "green_ratio": 1.001, "blue_ratio": 1.001 }, "geometry": { "type": "Polygon", "coordinates": [ [ [ 2107.156695382037469, 334027.651030470617115 ], [ 2147.019995500039386, 334110.699530562385917 ], [ 2161.304295512199133, 334103.059030534699559 ], [ 2142.369295417925059, 334016.024230414070189 ], [ 2107.156695382037469, 334027.651030470617115 ] ] ] } },
{ "type": "Feature", "properties": { "ZBEZ": "2302", "university_share": -0.71852313272546897, "avg_income": -0.39738924116457602, "unemprate": 0.28677642304836198, "benefit_share": 0.57909524535926005, "SSI": -0.25266913629641902, "quintile": 3.0, "green_area_sum": 1249266.4609983228, "blue_area_sum": 1249266.460998323, "census_area_m2": 1248566.6459079001, "green_ratio": 1.001, "blue_ratio": 1.001 }, "geometry": { "type": "Polygon", "coordinates": [ [ [ 70.188993231805114, 334579.058533412404358 ], [ 43.41899320415461, 334586.558533455245197 ], [ 55.38899325405292, 334631.058533509261906 ], [ 14.997993212765039, 334642.308533572591841 ], [ 18.348993228519383, 334657.55853359401226 ], [ 105.918993321411676, 334633.652233464643359 ], [ 90.311993253476373, 334573.683533388189971 ], [ 70.188993231805114, 334579.058533412404358 ] ] ] } },
{ "type": "Feature", "properties": { "ZBEZ": "2303", "university_share": -0.41170644149815, "avg_income": 0.400274193514285, "unemprate": 0.40388309364730701, "benefit_share": 0.47801884854698501, "SSI": 0.15890168766562801, "quintile": 3.0, "green_area_sum": 1465832.0707683954, "blue_area_sum": 1471053.5355736981, "census_area_m2": 1465016.1150967304, "green_ratio": 1.001, "blue_ratio": 1.004 }, "geometry": { "type": "Polygon", "coordinates": [ [ [ -648.311008183269109, 333955.762033141218126 ], [ -648.183508182535206, 333955.784333139657974 ], [ -647.925308182912204, 333954.306733137927949 ], [ -648.043908183258964, 333954.221233136020601 ], [ -652.003908190535526, 333952.414933140389621 ], [ -665.603908212498141, 333946.211233139038086 ], [ -666.387308214801237, 333944.431233139708638 ], [ -668.090608220616332, 333940.561233132146299 ], [ -670.511308227773952, 333935.061233127489686 ], [ -672.733908234292471, 333930.011233123019338 ], [ -673.25390823523469, 333930.291233122348785 ], [ -674.166108231871817, 333935.061233132146299 ], [ -675.217808228858985, 333940.56123314332217 ], [ -675.957808226583779, 333944.431233148090541 ], [ -678.463908220167013, 333957.411233171820641 ], [ -678.855308218154619, 333959.341233173385262 ], [ -679.7051082166372, 333963.53123318310827 ], [ -681.852808210876105, 333974.121233203448355 ], [ -681.933908209941933, 333974.521233203820884 ], [ -681.675508208263523, 333976.494233208708465 ], [ -681.113908204436825, 333980.78123321197927 ], [ -681.188608204241746, 333981.099633212201297 ], [ -681.285408203996553, 333981.51233321428299 ], [ -679.621008201429731, 333981.816033210605383 ], [ -655.541008172162606, 333980.146033185534179 ], [ -654.58260817137193, 333979.516433184966445 ], [ -654.966308172537538, 333979.260433182120323 ], [ -654.283908171245002, 333978.871233181096613 ], [ -653.673908171504081, 333978.361233180388808 ], [ -653.533908170886434, 333978.211233178153634 ], [ -653.363908171015964, 333978.031233178451657 ], [ -652.753908171264129, 333977.291233177296817 ], [ -652.253908171206263, 333976.481233179569244 ], [ -652.003908171261514, 333975.963433176279068 ], [ -651.833908170597397, 333975.611233175732195 ], [ -651.42390817140847, 333974.261233173310757 ], [ -651.163908172065931, 333972.861233168281615 ], [ -651.12390817228686, 333972.61123316641897 ], [ -650.848508173398045, 333971.035133165307343 ], [ -650.955708173491189, 333971.016433167271316 ], [ -651.833608175577979, 333970.863033166155219 ], [ -650.552408179862596, 333963.531233153305948 ], [ -649.16860818428961, 333955.612233138643205 ], [ -648.311008183269109, 333955.762033141218126 ] ] ] } },
{ "type": "Feature", "properties": { "ZBEZ": "2304", "university_share": -0.56368172220832902, "avg_income": -0.52718489020666803, "unemprate": 0.18864780432101899, "benefit_share": 0.237424996338955, "SSI": -0.32475581314157398, "quintile": 2.0, "green_area_sum": 1475141.0952978074, "blue_area_sum": 1475317.1150766411, "census_area_m2": 1474316.2602107271, "green_ratio": 1.001, "blue_ratio": 1.001 }, "geometry": { "type": "MultiPolygon", "coordinates": [ [ [ [ -1232.572190804213278, 333161.889530667394865 ], [ -1232.564709563245742, 333161.936232452280819 ], [ -1230.455935198193401, 333162.39431804488413 ], [ -1232.572190804213278, 333161.889530667394865 ] ] ], [ [ [ -1214.778227094836893, 333166.133898999076337 ], [ -1214.770609537234805, 333166.19543244317174 ], [ -1210.576927828615908, 333167.136028813954908 ], [ -1214.778227094836893, 333166.133898999076337 ] ] ] ] } },
{ "type": "Feature", "properties": { "ZBEZ": "2305", "university_share": -0.87696401447313799, "avg_income": -0.34152270003896301, "unemprate": -0.101848109857907, "benefit_share": -0.34363997571669003, "SSI": -0.533187466172658, "quintile": 2.0, "green_area_sum": 1766354.2688499885, "blue_area_sum": 1767222.2703698832, "census_area_m2": 1765355.3450173335, "green_ratio": 1.001, "blue_ratio": 1.001 }, "geometry": { "type": "Polygon", "coordinates": [ [ [ -1857.174225340473185, 331346.032561111089308 ], [ -1867.584437099344541, 331353.984653879888356 ], [ -1852.791011800569549, 331360.956030182540417 ], [ -1747.411011635648038, 331398.986030136235058 ], [ -1658.991011506726863, 331418.556030078791082 ], [ -1579.931011397559814, 331430.186030019074678 ], [ -1449.461011225455422, 331435.686029892414808 ], [ -1447.602831555142984, 331429.576638319529593 ], [ -1448.339727053467868, 331424.330880935303867 ], [ -1449.796715809345187, 331407.274288697168231 ], [ -1449.96632688368436, 331404.952244436135516 ], [ -1450.681011257095861, 331399.746029837056994 ], [ -1450.913637114876792, 331396.46943978453055 ], [ -1455.021011284380847, 331372.506029797717929 ], [ -1458.691011348772918, 331297.976029681973159 ], [ -1459.812711397407384, 331239.361129591241479 ], [ -1458.584679539342005, 331239.768828691914678 ], [ -1479.865021646156265, 331231.336024223885033 ], [ -1484.161011435545561, 331229.666029596701264 ], [ -1514.14101148182408, 331220.126029613427818 ], [ -1557.971011535222033, 331224.086029665544629 ], [ -1568.625434970455217, 331225.04667441273341 ], [ -1567.819011543618672, 331227.839029679074883 ], [ -1569.775211532383537, 331245.230329708196223 ], [ -1571.007011520548986, 331262.398029740899801 ], [ -1574.315911508784211, 331282.251729774288833 ], [ -1577.188411498633741, 331299.48662980273366 ], [ -1594.299611511417197, 331310.674729838967323 ], [ -1639.22391156640515, 331313.425229887478054 ], [ -1680.320511630966621, 331298.133429904468358 ], [ -1699.671211667350008, 331283.631129902787507 ], [ -1716.528411697103138, 331272.940829902887344 ], [ -1717.584416094039398, 331271.844613152963575 ], [ -1726.241011705041046, 331278.016029919497669 ], [ -1731.021011709566665, 331281.416029931977391 ], [ -1731.926809451574172, 331281.702296200790443 ], [ -1731.950315983616747, 331281.718982337042689 ], [ -1741.118784110479737, 331284.61413296329556 ], [ -1786.991011766100655, 331299.15603001601994 ], [ -1831.39692566247686, 331328.55710670503322 ], [ -1856.127433642312326, 331345.291416605585255 ], [ -1857.174225340473185, 331346.032561111089308 ] ] ] } },
{ "type": "Feature", "properties": { "ZBEZ": "2306", "university_share": -0.22154473824377999, "avg_income": -0.111487779361455, "unemprate": 0.59981171435217495, "benefit_share": 0.85917024605506598, "SSI": 0.146670949148796, "quintile": 3.0, "green_area_sum": 2237488.2129491474, "blue_area_sum": 2237538.8334138147, "census_area_m2": 2236228.3602893902, "green_ratio": 1.001, "blue_ratio": 1.001 }, "geometry": { "type": "Polygon", "coordinates": [ [ [ -3543.051012746662764, 332865.286034312099218 ], [ -3542.981012741154245, 332873.636034324765205 ], [ -3497.051012682917644, 332871.896034274250269 ], [ -3496.441012682083056, 332872.046034274622798 ], [ -3492.431012676608589, 332873.376034273765981 ], [ -3466.221012637142849, 332881.296034261584282 ], [ -3463.75101263285751, 332882.396034258417785 ], [ -3366.761012472125003, 332927.206034230999649 ], [ -3364.061012468724584, 332928.716034230776131 ], [ -3334.681012411214851, 332953.616034240461886 ], [ -3323.471012388818508, 332963.676034246571362 ], [ -3313.201012361283119, 332980.816034263931215 ], [ -3311.927397497877791, 332984.41366799356183 ], [ -3304.681012355868916, 332974.646034246310592 ], [ -3291.811012332909741, 332982.866034243255854 ], [ -3276.926012305051245, 332993.416534247808158 ], [ -3278.981012310820006, 332989.183534240350127 ], [ -3279.055812310392412, 332989.153934242203832 ], [ -3279.870912319034232, 332981.053634230047464 ], [ -3294.670912353412859, 332960.241134214214981 ], [ -3358.271012461194005, 332928.95993422716856 ], [ -3357.660912465955334, 332920.459934211336076 ], [ -3361.021012471842823, 332920.116134217008948 ], [ -3360.874112475487891, 332915.116134204901755 ], [ -3382.897012506858573, 332909.959934220649302 ], [ -3506.400912715881987, 332846.678634244017303 ], [ -3523.291012740129645, 332842.272434254176915 ], [ -3544.289993444540414, 332843.894258491287474 ], [ -3543.051012746662764, 332865.286034312099218 ] ] ] } },
{ "type": "Feature", "properties": { "ZBEZ": "2307", "university_share": -0.58208852706053504, "avg_income": -0.242245343266796, "unemprate": -0.054650363920631301, "benefit_share": -0.028650346983218299, "SSI": -0.32037335641790798, "quintile": 2.0, "green_area_sum": 1305679.9908180404, "blue_area_sum": 1318243.7946949243, "census_area_m2": 1304948.1432766218, "green_ratio": 1.001, "blue_ratio": 1.01 }, "geometry": { "type": "Polygon", "coordinates": [ [ [ -3313.201012361283119, 332980.816034263931215 ], [ -3323.471012388818508, 332963.676034246571362 ], [ -3334.681012411214851, 332953.616034240461886 ], [ -3364.061012468724584, 332928.716034230776131 ], [ -3366.761012472125003, 332927.206034230999649 ], [ -3463.75101263285751, 332882.396034258417785 ], [ -3466.221012637142849, 332881.296034261584282 ], [ -3492.431012676608589, 332873.376034273765981 ], [ -3496.441012682083056, 332872.046034274622798 ], [ -3497.051012682917644, 332871.896034274250269 ], [ -3542.981012741154245, 332873.636034324765205 ], [ -3543.051012746662764, 332865.286034312099218 ], [ -3544.289993444540414, 332843.894258491287474 ], [ -3544.331112765846683, 332843.897434279322624 ], [ -3543.051112746939907, 332865.991134312935174 ], [ -3542.98101273972361, 332874.334934324026108 ], [ -3542.937512739882095, 332874.333434325642884 ], [ -3541.971012726343815, 332890.15223435126245 ], [ -3544.051112722654125, 332898.058534365147352 ], [ -3508.081112675636632, 332898.683534330688417 ], [ -3475.981012628636108, 332906.30853431019932 ], [ -3471.311112621233406, 332908.871034308336675 ], [ -3381.551112472926434, 332950.746034284122288 ], [ -3376.680912464704306, 332952.839734284207225 ], [ -3358.611112433537073, 332963.058534279465675 ], [ -3345.001012405870824, 332975.464734287001193 ], [ -3333.70101238067582, 332989.652234297245741 ], [ -3330.206112367538026, 332999.996034313924611 ], [ -3328.101112359968738, 333006.214734319597483 ], [ -3311.927397497877791, 332984.41366799356183 ], [ -3313.201012361283119, 332980.816034263931215 ] ] ] } },
{ "type": "Feature", "properties": { "ZBEZ": "2308", "university_share": -0.209478730646185, "avg_income": 0.0167375234358258, "unemprate": 0.428548902159053, "benefit_share": -0.14714686160568299, "SSI": -0.0192524169150473, "quintile": 3.0, "green_area_sum": 1458017.7400966291, "blue_area_sum": 1459499.5963285295, "census_area_m2": 1457207.7593065633, "green_ratio": 1.001, "blue_ratio": 1.002 }, "geometry": { "type": "Polygon", "coordinates": [ [ [ -3161.603111009869281, 334423.083836428821087 ], [ -3111.332110956669112, 334409.854636355303228 ], [ -3180.123911059915827, 334390.010836391709745 ], [ -3161.603111009869281, 334423.083836428821087 ] ] ] } },
{ "type": "Feature", "properties": { "ZBEZ": "2309", "university_share": 0.0078397701576314108, "avg_income": 0.46246138469902198, "unemprate": 0.20016619336045199, "benefit_share": 0.059144634824791799, "SSI": 0.221955659211103, "quintile": 4.0, "green_area_sum": 1334537.3731400778, "blue_area_sum": 1335164.6832208999, "census_area_m2": 1333796.4333689124, "green_ratio": 1.001, "blue_ratio": 1.001 }, "geometry": { "type": "Polygon", "coordinates": [ [ [ -3389.186111000649817, 334796.746137254871428 ], [ -3390.721010993470372, 334807.527337279170752 ], [ -3379.07211091048157, 334892.152337399311364 ], [ -3357.021010884885527, 334889.683737372979522 ], [ -3295.091010812378954, 334880.52803729660809 ], [ -3296.530110828387024, 334863.214737270958722 ], [ -3305.834010895286156, 334795.808737169019878 ], [ -3389.186111000649817, 334796.746137254871428 ] ] ] } },
{ "type": "Feature", "properties": { "ZBEZ": "2310", "university_share": -0.63421248691044696, "avg_income": -0.30159903899616602, "unemprate": -0.37791886376267603, "benefit_share": -1.1471270522706201, "SSI": -0.62830372971881898, "quintile": 2.0, "green_area_sum": 656705.92109237146, "blue_area_sum": 657726.98496867798, "census_area_m2": 656338.68126364867, "green_ratio": 1.001, "blue_ratio": 1.002 }, "geometry": { "type": "Polygon", "coordinates": [ [ [ -3814.572112727905733, 333320.652235315181315 ], [ -3819.961012737463079, 333316.339735311456025 ], [ -3930.081112837210185, 333367.777235509827733 ], [ -3879.951012629126126, 333546.902235748246312 ], [ -3852.972012600669132, 333538.996035703457892 ], [ -3852.521012625313688, 333508.683535660617054 ], [ -3849.24001266336154, 333454.964735567569733 ], [ -3809.640912723472866, 333318.214735307730734 ], [ -3814.572112727905733, 333320.652235315181315 ] ] ] } },
{ "type": "Feature", "properties": { "ZBEZ": "2311", "university_share": -0.15531999493472601, "avg_income": 0.080005452623124806, "unemprate": 0.23862106774459799, "benefit_share": 0.36202114037467098, "SSI": 0.083241825032556505, "quintile": 3.0, "green_area_sum": 748252.57985744742, "blue_area_sum": 759379.47206159297, "census_area_m2": 747831.44459014817, "green_ratio": 1.001, "blue_ratio": 1.015 }, "geometry": { "type": "Polygon", "coordinates": [ [ [ -4227.150513552192024, 332949.808335138484836 ], [ -4218.192213525867373, 332968.893535159528255 ], [ -4173.14091348403872, 332948.510035081766546 ], [ -4183.137913513549393, 332928.386335057206452 ], [ -4227.150513552192024, 332949.808335138484836 ] ] ] } },
{ "type": "Feature", "properties": { "ZBEZ": "2312", "university_share": -0.215391156228981, "avg_income": 0.25954354105262201, "unemprate": -0.40479628119323402, "benefit_share": -0.80229424589186105, "SSI": -0.20694900527799501, "quintile": 3.0, "green_area_sum": 1184953.6947171176, "blue_area_sum": 1191018.1122099487, "census_area_m2": 1184286.2754949476, "green_ratio": 1.001, "blue_ratio": 1.006 }, "geometry": { "type": "Polygon", "coordinates": [ [ [ -5746.661015924675667, 332410.626035803928971 ], [ -5747.081111593797687, 332411.470482816570438 ], [ -5745.696915922872904, 332411.461435803212225 ], [ -5745.690757612243033, 332406.326905277615879 ], [ -5746.661015924675667, 332410.626035803928971 ] ] ] } },
{ "type": "Feature", "properties": { "ZBEZ": "2313", "university_share": 0.81370855358226502, "avg_income": 1.24839310918057, "unemprate": 0.81361880494661498, "benefit_share": 0.91358133171090805, "SSI": 1.0823717748716, "quintile": 5.0, "green_area_sum": 1431699.5093767634, "blue_area_sum": 1431699.5093767613, "census_area_m2": 1430897.261155851, "green_ratio": 1.001, "blue_ratio": 1.001 }, "geometry": { "type": "Polygon", "coordinates": [ [ [ -4958.212713727996743, 333891.374637388624251 ], [ -4957.010813713016432, 333908.201137412339449 ], [ -4922.155813668720839, 333908.201137378811836 ], [ -4922.155813687912087, 333884.163237339816988 ], [ -4941.386213713580219, 333882.961337356828153 ], [ -4958.212713727996743, 333891.374637388624251 ] ] ] } },
{ "type": "Feature", "properties": { "ZBEZ": "2314", "university_share": 0.80572202291483297, "avg_income": 1.2800843340702199, "unemprate": 0.69747802477546605, "benefit_share": 0.62157553494353901, "SSI": 1.01564389437319, "quintile": 5.0, "green_area_sum": 1303288.997853064, "blue_area_sum": 1304098.3472737551, "census_area_m2": 1302562.3120528695, "green_ratio": 1.001, "blue_ratio": 1.001 }, "geometry": { "type": "Polygon", "coordinates": [ [ [ -4876.071113123431132, 334514.027238304726779 ], [ -4878.107213063575728, 334591.621038433164358 ], [ -4842.389913016833816, 334592.621038396842778 ], [ -4815.560812982384959, 334593.371038374491036 ], [ -4811.191212955644914, 334619.871038410812616 ], [ -4781.901212920521175, 334616.246038376353681 ], [ -4759.711212894535493, 334613.683538347482681 ], [ -4761.232812903935155, 334603.249038334935904 ], [ -4761.26101290427323, 334603.246038334444165 ], [ -4768.532012925635172, 334589.546038317494094 ], [ -4778.091012941564259, 334584.206038320437074 ], [ -4783.091012978852632, 334545.586038264445961 ], [ -4744.40861293456237, 334540.162738214246929 ], [ -4741.896912930038525, 334539.965538210235536 ], [ -4746.491012956899795, 334515.18353817705065 ], [ -4838.35091307545099, 334513.12103826738894 ], [ -4874.341113122592105, 334512.308538301847875 ], [ -4876.071113123431132, 334514.027238304726779 ] ] ] } },
{ "type": "Feature", "properties": { "ZBEZ": "2315", "university_share": 1.26761975862353, "avg_income": 2.07698631828181, "unemprate": 1.0321594340551701, "benefit_share": 0.955198519110528, "SSI": 1.6049610400616501, "quintile": 5.0, "green_area_sum": 1737267.2809511656, "blue_area_sum": 1744195.4784675594, "census_area_m2": 1736301.1290187954, "green_ratio": 1.001, "blue_ratio": 1.005 }, "geometry": { "type": "MultiPolygon", "coordinates": [ [ [ [ -5921.371013684701211, 335475.16604090295732 ], [ -5898.945363108903621, 335495.211417027399875 ], [ -5893.561013629198897, 335499.996040915139019 ], [ -5892.091013625794403, 335501.30604091566056 ], [ -5830.611013504023504, 335556.096040941774845 ], [ -5819.291013480964466, 335566.206040946766734 ], [ -5760.23101336331365, 335618.916040969081223 ], [ -5748.59101333988292, 335629.276040975004435 ], [ -5693.671013230032258, 335678.496040999889374 ], [ -5682.361013208218537, 335688.656041003763676 ], [ -5679.685913202203665, 335691.060141002759337 ], [ -5673.667013199686153, 335684.57204098906368 ], [ -5670.847013198573222, 335681.637040983885527 ], [ -5660.312013178981942, 335690.550040984526277 ], [ -5651.016013160266994, 335698.961040988564491 ], [ -5641.05601314298292, 335705.15904098842293 ], [ -5640.392013140704876, 335705.601040988229215 ], [ -5640.992013147368198, 335699.36304097995162 ], [ -5641.441013151809784, 335693.746040970087051 ], [ -5639.419013158303642, 335684.309040952473879 ], [ -5635.824013160107825, 335674.198040932416916 ], [ -5634.701013167970814, 335662.73904091399163 ], [ -5634.925013176121865, 335653.30204090103507 ], [ -5637.846013187589961, 335643.416040888056159 ], [ -5642.115013201047987, 335634.204040876589715 ], [ -5647.732013212494167, 335628.362040873616934 ], [ -5654.698013227162846, 335622.0710408706218 ], [ -5664.809013244046582, 335616.004040868021548 ], [ -5669.5270132525402, 335613.083040867000818 ], [ -5678.964013268820054, 335607.691040867939591 ], [ -5685.031013280193292, 335602.747040872462094 ], [ -5698.512013310961265, 335586.570040856488049 ], [ -5714.914013344453451, 335570.61704084649682 ], [ -5730.193013374729162, 335557.136040843091905 ], [ -5749.067013416855843, 335534.667040823958814 ], [ -5768.839013463112678, 335508.828040803782642 ], [ -5802.093013542425069, 335462.992040761746466 ], [ -5806.303113551130082, 335458.117240759544075 ], [ -5810.631013560895553, 335453.10604075435549 ], [ -5816.429013571155338, 335450.13404075615108 ], [ -5824.005013580674131, 335449.882040763273835 ], [ -5834.107013600200844, 335442.558040763251483 ], [ -5853.805013637501361, 335426.648040755651891 ], [ -5890.675013693809888, 335415.284040777012706 ], [ -5912.898013728473416, 335406.445040783844888 ], [ -5923.252013742861891, 335405.183040792122483 ], [ -5947.496013771770777, 335407.455040822736919 ], [ -6008.862013841999214, 335418.315040899440646 ], [ -6016.186013849507617, 335420.33504090923816 ], [ -6020.479013855137055, 335419.830040915869176 ], [ -6020.73101386154849, 335413.264040904119611 ], [ -6022.499013881157225, 335391.546040872111917 ], [ -6027.297013897385114, 335378.161040850915015 ], [ -6035.522013912933289, 335372.762040854431689 ], [ -6036.467013918593693, 335366.147040847688913 ], [ -6038.433013947085783, 335334.252040794119239 ], [ -6050.042014006669888, 335277.617040715180337 ], [ -6054.024014029339924, 335256.59804068878293 ], [ -6055.794014038086971, 335248.854040674865246 ], [ -6055.629014046569864, 335238.09604065772146 ], [ -6056.831014075481107, 335203.027040598914027 ], [ -6057.453014081578658, 335197.192040594294667 ], [ -6058.33901408699694, 335191.882040586322546 ], [ -6060.330014093994578, 335184.802040577866137 ], [ -6060.932014099899789, 335179.263040570542216 ], [ -6063.20601411754069, 335160.907040541060269 ], [ -6062.92401412696654, 335148.939040523953736 ], [ -6066.781014148460599, 335128.371040491387248 ], [ -6066.244014154673096, 335119.502040480263531 ], [ -6076.321014174661286, 335111.308040478266776 ], [ -6083.065014196949051, 335093.605040455237031 ], [ -6087.421014210218345, 335083.621040443889797 ], [ -6072.884014194197334, 335081.210040424019098 ], [ -6055.441014181046739, 335069.73604038823396 ], [ -6051.629114171209949, 335076.20874039363116 ], [ -6042.782014161777624, 335074.127040382474661 ], [ -6027.288014146915884, 335067.266040354967117 ], [ -6015.779014135393481, 335063.061040338128805 ], [ -6005.155014125085472, 335059.962040320038795 ], [ -5994.973014114407306, 335056.421040304005146 ], [ -5986.120014103694302, 335055.535040297545493 ], [ -5975.938014091765581, 335053.765040283091366 ], [ -5966.864014081740606, 335052.436040270142257 ], [ -5968.75101409067338, 335044.31604025978595 ], [ -5949.556614074102072, 335035.656340227462351 ], [ -5958.703014111503762, 335003.68404018227011 ], [ -5958.911014114173668, 334999.871040178462863 ], [ -5967.341014156736492, 334959.746040125377476 ], [ -5969.171014164832741, 334953.027040113694966 ], [ -5972.151014175534328, 334944.465040103532374 ], [ -5975.471014187411129, 334936.215040093287826 ], [ -5981.941014212566188, 334914.308040062896907 ], [ -5990.051014222878621, 334913.496040072292089 ], [ -5998.041014231602276, 334915.058040082454681 ], [ -6012.551014244180806, 334921.99604010861367 ], [ -6021.771014253686189, 334925.496040126308799 ], [ -6027.411014292360051, 334887.090040067210793 ], [ -6028.991014315713983, 334860.246040025725961 ], [ -6030.701014332574232, 334842.277039999142289 ], [ -6030.996014346724223, 334824.293039970099926 ], [ -6031.218014365423187, 334801.938039935193956 ], [ -6005.321014338634086, 334794.191039898432791 ], [ -5954.192014290617408, 334773.385039809159935 ], [ -5934.93601427221347, 334765.196039776317775 ], [ -5901.07201424133109, 334749.924039717763662 ], [ -5888.898014231997877, 334742.398039698600769 ], [ -5881.594014227091066, 334737.086039678193629 ], [ -5874.290014223221078, 334729.118039658293128 ], [ -5861.231014215789401, 334719.379039629362524 ], [ -5840.771014199529418, 334706.621039586141706 ], [ -5851.5710142307571, 334685.121039567515254 ], [ -5853.591014275151792, 334631.527039479464293 ], [ -5854.099014277194328, 334630.645039482042193 ], [ -5862.628402078118597, 334615.842796435346827 ], [ -5865.861014302648073, 334617.606039471924305 ], [ -5871.161014307172081, 334620.846039480529726 ], [ -5877.411014311975123, 334624.496039493940771 ], [ -5876.741014310482569, 334625.426039496436715 ], [ -5883.761014315211469, 334630.336039510555565 ], [ -5897.301014324049902, 334640.30603954102844 ], [ -5919.791014340084985, 334655.776039584539831 ], [ -5927.681014346699158, 334660.79603960365057 ], [ -5934.601014352854691, 334664.836039616726339 ], [ -5941.641014358320717, 334668.656039630994201 ], [ -5947.791014363035174, 334671.816039644181728 ], [ -5952.421014367822863, 334674.086039647459984 ], [ -5969.761014382683243, 334682.026039678603411 ], [ -5985.96101439882932, 334688.576039705425501 ], [ -5992.981014405599126, 334691.086039716377854 ], [ -6001.481014414019228, 334693.796039731241763 ], [ -6010.091014422507214, 334696.206039743497968 ], [ -6047.071014462933817, 334705.926039793528616 ], [ -6052.251014468283756, 334707.216039803810418 ], [ -6057.371014472821116, 334708.766039812006056 ], [ -6062.41101447825713, 334710.566039821133018 ], [ -6067.611014483348299, 334712.746039827354252 ], [ -6072.701014487739485, 334715.196039836853743 ], [ -6078.36101449274156, 334718.186039847321808 ], [ -6082.081014495669478, 334720.266039855778217 ], [ -6086.38101449900023, 334722.836039864458144 ], [ -6090.611014502459511, 334725.536039872094989 ], [ -6105.051014514507187, 334733.276039899326861 ], [ -6113.471014522433506, 334737.496039914898574 ], [ -6121.981014529995264, 334741.566039930097759 ], [ -6142.421014550194741, 334748.006039958447218 ], [ -6143.041014551119588, 334748.256039962172508 ], [ -6154.551014562445744, 334751.826039978303015 ], [ -6157.021014565440055, 334752.936039986088872 ], [ -6159.57101456788314, 334753.856039985083044 ], [ -6162.181014571448031, 334754.586039987392724 ], [ -6164.841014572984932, 334755.116039993241429 ], [ -6167.541014575795089, 334755.456039999611676 ], [ -6169.87101457931567, 334755.586039999499917 ], [ -6172.211014582410826, 334755.5960399992764 ], [ -6174.541014585973244, 334755.446040001697838 ], [ -6176.851014589205988, 334755.116040005348623 ], [ -6179.121014592253232, 334754.58604000788182 ], [ -6181.601014596154528, 334753.746040008962154 ], [ -6184.011014599432201, 334752.696040009148419 ], [ -6186.301014603578551, 334751.436040010303259 ], [ -6188.481014608238183, 334749.966040008701384 ], [ -6190.521014612108047, 334748.3160400101915 ], [ -6194.391014620723581, 334744.466040008701384 ], [ -6196.551014623579249, 334742.626040006056428 ], [ -6198.851014628407029, 334740.986040005460382 ], [ -6201.301014632305851, 334739.546040006913245 ], [ -6203.861014636836444, 334738.336040006950498 ], [ -6211.201014648005184, 334736.216040009632707 ], [ -6216.291014654760147, 334735.756040014326572 ], [ -6224.241014664000431, 334736.816040021367371 ], [ -6229.41101466888631, 334738.39604003354907 ], [ -6229.411014668802636, 334738.686040032655001 ], [ -6239.211014678297943, 334742.226040050387383 ], [ -6271.161014706298374, 334758.57604010310024 ], [ -6282.521014718745391, 334761.766040123067796 ], [ -6293.621014730793831, 334763.626040139235556 ], [ -6382.271014838506744, 334770.406040239147842 ], [ -6403.451014862683223, 334773.596040264703333 ], [ -6409.831014870364925, 334774.886040273122489 ], [ -6414.001014874699649, 334776.006040280684829 ], [ -6419.871014881388874, 334776.926040287129581 ], [ -6426.64101488968663, 334777.106040292419493 ], [ -6432.811014897880341, 334776.406040299683809 ], [ -6437.201014904785552, 334775.126040303148329 ], [ -6440.691014910761623, 334773.696040301583707 ], [ -6451.751014930054225, 334767.026040300726891 ], [ -6459.701014939269953, 334767.716040311381221 ], [ -6463.991014944006565, 334768.856040318496525 ], [ -6743.841015378349766, 334672.426040446385741 ], [ -6934.120995626100012, 335000.444290999614168 ], [ -6931.689406199226141, 335001.917170056025498 ], [ -6623.811889114934274, 335179.660104373760987 ], [ -6428.83381447901138, 335291.624741121195257 ], [ -6404.861014438125494, 335305.326041121035814 ], [ -6386.631014405747919, 335315.746041117236018 ], [ -6379.811714394198134, 335319.644041118212044 ], [ -6350.524714343730921, 335335.50784111302346 ], [ -6343.571014333022504, 335337.746041108854115 ], [ -6292.361014254517613, 335354.246041084639728 ], [ -6272.371014224177998, 335360.686041072010994 ], [ -6260.471014206759719, 335364.466041065752506 ], [ -6239.511014172848263, 335371.126041058450937 ], [ -6234.891014166810237, 335372.596041056327522 ], [ -6214.871014136420854, 335378.946041046641767 ], [ -6175.851014076556567, 335391.346041023731232 ], [ -6155.841014045355223, 335397.706041014753282 ], [ -6115.361013983289013, 335410.556040995754302 ], [ -6095.351013953496476, 335416.916040988638997 ], [ -6055.301013891367802, 335429.636040965095162 ], [ -6035.291013860484782, 335435.99604095518589 ], [ -6010.491013823365392, 335443.826040943153203 ], [ -5999.991013806875344, 335447.306040938012302 ], [ -5989.501013790750221, 335450.786040931008756 ], [ -5936.61101371012137, 335467.466040905565023 ], [ -5926.181013694107605, 335470.976040900684893 ], [ -5923.427247828317377, 335473.428299551422242 ], [ -5921.371013684701211, 335475.16604090295732 ] ], [ [ -5684.001013271717056, 335611.386040883138776 ], [ -5669.181013247284682, 335619.386040880344808 ], [ -5663.901013237928964, 335622.236040879972279 ], [ -5660.120013232191923, 335623.053040876053274 ], [ -5656.491013227300755, 335623.836040874943137 ], [ -5649.263213211064794, 335631.676740880124271 ], [ -5645.301013202590184, 335637.379040882922709 ], [ -5643.39101319796282, 335640.126040888018906 ], [ -5639.031013178512694, 335656.526040909811854 ], [ -5640.521013166127887, 335674.496040942147374 ], [ -5649.351013161734954, 335694.416040979325771 ], [ -5708.751013278848404, 335642.266040957532823 ], [ -5684.001013271717056, 335611.386040883138776 ] ] ], [ [ [ -5822.681014340460024, 334501.706039243377745 ], [ -5781.418083038542136, 334579.05041528044967 ], [ -5780.885014225867963, 334578.830039322376251 ], [ -5798.592014273745917, 334545.851039288565516 ], [ -5812.205014311833111, 334520.729039259254932 ], [ -5822.608014340544287, 334501.030039238743484 ], [ -5834.393967202585372, 334479.858318398357369 ], [ -5822.681014340460024, 334501.706039243377745 ] ] ], [ [ [ -5865.821014466274391, 334414.296039146371186 ], [ -5849.251014414709061, 334452.146039189770818 ], [ -5834.684460931475769, 334479.316471609519795 ], [ -5850.053014417380837, 334449.237039185129106 ], [ -5865.325014465042841, 334414.93003914412111 ], [ -5867.338399561138431, 334409.598381192423403 ], [ -5865.821014466274391, 334414.296039146371186 ] ] ], [ [ [ -5863.931014474987023, 334400.856039122678339 ], [ -5869.471014480139274, 334402.996039129793644 ], [ -5869.446197233315615, 334403.072870606090873 ], [ -5817.627014427597715, 334384.9390390496701 ], [ -5793.834014404901609, 334376.639039011672139 ], [ -5734.808970540303562, 334355.791364719276316 ], [ -5863.931014474987023, 334400.856039122678339 ] ] ] ] } },
{ "type": "Feature", "properties": { "ZBEZ": "2316", "university_share": -0.038446279151211703, "avg_income": 0.31525974809483298, "unemprate": 0.83946574043270505, "benefit_share": 0.83499250083497301, "SSI": 0.41214326195637602, "quintile": 4.0, "green_area_sum": 6146340.4425286418, "blue_area_sum": 6171022.5333502386, "census_area_m2": 6141338.1911901273, "green_ratio": 1.001, "blue_ratio": 1.005 }, "geometry": { "type": "Point", "coordinates": [ -8422.201019901362088, 331715.986037389375269 ] } },
{ "type": "Feature", "properties": { "ZBEZ": "2317", "university_share": -0.41083330194753997, "avg_income": 0.50358867138571095, "unemprate": 0.92177442819423805, "benefit_share": 1.08810906820147, "SSI": 0.40609620757337, "quintile": 4.0, "green_area_sum": 2151885.6488644788, "blue_area_sum": 2151884.1081955694, "census_area_m2": 2150676.5107165226, "green_ratio": 1.001, "blue_ratio": 1.001 }, "geometry": { "type": "Polygon", "coordinates": [ [ [ 2416.776294354540823, 332253.118227303028107 ], [ 2420.159894358528618, 332252.515327300876379 ], [ 2422.705294362626773, 332253.786027300171554 ], [ 2424.114294366462218, 332256.119227303192019 ], [ 2440.029294385268713, 332254.463527283631265 ], [ 2439.115340942060357, 332250.350715504027903 ], [ 2425.502994089544245, 332249.603219476528466 ], [ 2414.425459999162285, 332251.457781624980271 ], [ 2415.185894354209722, 332254.585827308706939 ], [ 2416.776294354540823, 332253.118227303028107 ] ] ] } },
{ "type": "Feature", "properties": { "ZBEZ": "2318", "university_share": -1.1380541643353399, "avg_income": -0.17775280958818801, "unemprate": -0.12318168972110601, "benefit_share": 0.21076065874916899, "SSI": -0.470586530762376, "quintile": 2.0, "green_area_sum": 2788373.4792462722, "blue_area_sum": 2788372.9460789696, "census_area_m2": 2786809.2807610272, "green_ratio": 1.001, "blue_ratio": 1.001 }, "geometry": { "type": "Polygon", "coordinates": [ [ [ 1057.013530462821109, 332759.167252243496478 ], [ 1055.283020052429947, 332759.449794105254114 ], [ 1057.058993029533895, 332759.776029490865767 ], [ 1057.013530462821109, 332759.167252243496478 ] ] ] } },
{ "type": "Feature", "properties": { "ZBEZ": "2319", "university_share": -0.63772724080964005, "avg_income": 0.11994361258868499, "unemprate": 0.32602433893667099, "benefit_share": 0.48180336961055897, "SSI": -0.042126450561186898, "quintile": 3.0, "green_area_sum": 579972.3794191468, "blue_area_sum": 579972.37941914855, "census_area_m2": 579649.6063615086, "green_ratio": 1.001, "blue_ratio": 1.001 }, "geometry": { "type": "Polygon", "coordinates": [ [ [ -2361.361010086029637, 334303.52603542804718 ], [ -2366.161010083941619, 334313.806035450659692 ], [ -2367.771010084201407, 334316.206035454757512 ], [ -2373.181010085809248, 334322.86603547167033 ], [ -2374.931010086772403, 334324.706035477109253 ], [ -2378.751010088067233, 334327.996035486459732 ], [ -2383.901010092752131, 334331.196035492233932 ], [ -2387.521010096485043, 334332.92603550106287 ], [ -2391.381010099533341, 334334.36603550799191 ], [ -2371.001010068188407, 334340.68603549618274 ], [ -2355.10101004459375, 334346.216035491786897 ], [ -2341.631010021919792, 334352.266035485081375 ], [ -2328.961009999647558, 334359.026035484857857 ], [ -2317.941009981027491, 334365.8660354828462 ], [ -2309.39100996551133, 334371.946035485714674 ], [ -2298.601009945175065, 334380.386035488918424 ], [ -2288.171009922129542, 334391.176035493612289 ], [ -2279.421009903283448, 334400.776035501621664 ], [ -2271.311009885307158, 334411.646035510115325 ], [ -2261.131009857921981, 334427.996035527437925 ], [ -2253.131009836837165, 334441.916035541333258 ], [ -2248.771009824887642, 334450.236035552807152 ], [ -2241.951009806102775, 334462.506035562604666 ], [ -2236.561009793369976, 334470.066035570576787 ], [ -2223.261009758726232, 334491.546035589650273 ], [ -2220.551009752746268, 334494.316035592928529 ], [ -2218.161009748592733, 334496.306035595014691 ], [ -2220.511009749826826, 334498.526035595685244 ], [ -2206.681009715078289, 334520.676035621203482 ], [ -2176.401009648221589, 334555.736035646870732 ], [ -2152.541009592377577, 334587.216035672463477 ], [ -2150.611009587237731, 334590.186035674996674 ], [ -2146.401009584144958, 334587.556035668589175 ], [ -2134.181009567431829, 334590.406035657972097 ], [ -2131.801009560142575, 334593.746035661548376 ], [ -2131.801009552852065, 334602.636035676114261 ], [ -2131.961009549588198, 334607.876035684719682 ], [ -2128.911009544943227, 334608.306035683490336 ], [ -2126.761009536823167, 334615.126035693101585 ], [ -2123.771009527621572, 334622.59603569842875 ], [ -2115.69100950492566, 334638.066035715863109 ], [ -2106.041009474312887, 334660.446035740897059 ], [ -2098.811009449633275, 334679.716035765595734 ], [ -2091.961009423710493, 334700.466035792604089 ], [ -2086.491009397610469, 334725.466035830788314 ], [ -2077.901009349597189, 334771.986035892739892 ], [ -2074.561009333508537, 334786.396035914309323 ], [ -2070.471009318695451, 334798.516035926528275 ], [ -2061.291009291484897, 334817.236035948619246 ], [ -2057.341009278892216, 334825.846035960130394 ], [ -2049.961009261217896, 334836.836035969667137 ], [ -2041.261009241998636, 334847.196035975590348 ], [ -2032.331009224752052, 334854.696035976521671 ], [ -2019.201009199980035, 334863.716035981662571 ], [ -1998.641009166218055, 334874.08603597804904 ], [ -1983.441009142957682, 334879.096035971306264 ], [ -1974.391009130312341, 334880.856035962700844 ], [ -1945.025960701977738, 334883.970371162344236 ], [ -1944.211009113004593, 334853.006035888567567 ], [ -1974.57100916041054, 334843.066035902127624 ], [ -1991.801009223339179, 334791.116035834886134 ], [ -2051.751009304642139, 334785.932035888545215 ], [ -2073.571009402154687, 334698.746035773307085 ], [ -2088.001009473474824, 334632.536035678349435 ], [ -2086.348009498292868, 334598.776035623624921 ], [ -2082.557409509420722, 334579.431135587394238 ], [ -2084.896809513529661, 334577.534335589036345 ], [ -2083.834509514269484, 334576.590135586448014 ], [ -2081.00640950820798, 334578.579735586419702 ], [ -2080.293309509680057, 334575.173735581338406 ], [ -2079.116609514418087, 334567.7217355677858 ], [ -2139.204909626523204, 334523.627135555259883 ], [ -2144.99870962510704, 334534.44273557793349 ], [ -2144.171009616011361, 334543.747635594569147 ], [ -2147.077609627506718, 334535.234235581941903 ], [ -2158.146409646994016, 334527.571235581301153 ], [ -2161.268409657367101, 334520.192035576328635 ], [ -2175.4591096834788, 334509.690935573540628 ], [ -2205.021909738086833, 334487.522335566580296 ], [ -2242.143409812323625, 334455.184635549783707 ], [ -2254.613409846092964, 334432.609235526062548 ], [ -2265.523809876627638, 334412.988735508173704 ], [ -2276.240709899694593, 334399.959635498933494 ], [ -2306.307109963373932, 334369.664335476234555 ], [ -2371.566910075207488, 334332.261535482481122 ], [ -2356.165210083020156, 334298.876635414548218 ], [ -2358.908813041256963, 334297.624813253001776 ], [ -2361.361010086029637, 334303.52603542804718 ] ] ] } }
]
}
