"Hofname";"Adresse";"Baujahr von";"Baujahr bis";"Baujahr um";"Architekt";"Kunst am Bau";"Letzte Sanierung von";"Letzte Sanierung bis";"Wohnungen";"Lokale";"PDF-Download"
"Per-Albin-Hansson-Siedlung-Ost";"1100 Wien, Jura-Soyfer-Gasse Jura-Soyfer-Gasse";"1970";"1974";"";"Hermann Kutschera, Peter Payer, Oskar Payer";"ja";"";"";"4289";"25";"https://www.wwpipe.at/web-portal/complex-description/0010420"
"Rudolf-Hitzinger-Hof";"1210 Wien, Leopoldauer Straﬂe Leopoldauer Straﬂe";"1969";"1971";"";"Friedrich Lang, Ernst Plojhar";"nein";"";"";"284";"7";"https://www.wwpipe.at/web-portal/complex-description/0021345"
"Groﬂfeldsiedlung";"1210 Wien, St.-Michael-Gasse St.-Michael-Gasse";"1966";"1971";"";"Peter Payer, Heinrich Matha, Oskar Payer, Matthias Lukas Lang, Harry Gl¸ck, Johannes (Hannes) Lintl, Peter Czernin, Karl Leber";"ja";"";"";"5525";"41";"https://www.wwpipe.at/web-portal/complex-description/0021392"
"Georg-Emmerling-Hof";"1020 Wien, Obere Donaustraﬂe Obere Donaustraﬂe";"1953";"1957";"";"Rudolf Hofbauer, Elisabeth Hofbauer-Lachner, Leo Kammel jun.";"ja";"2019";"2022";"215";"33";"https://www.wwpipe.at/web-portal/complex-description/0302001"
"Eduard-Leisching-Hof";"1050 Wien, Johannagasse Johannagasse";"1954";"1955";"";"Rudolf M¸nch, Josef Baudys, Hans Paar";"ja";"";"";"283";"16";"https://www.wwpipe.at/web-portal/complex-description/0305006"
"Emmerich-Sailer-Hof";"1050 Wien, Kliebergasse Kliebergasse";"1968";"1970";"";"Rotraut Hommer";"ja";"";"";"50";"9";"https://www.wwpipe.at/web-portal/complex-description/0405323"
"Per-Albin-Hansson-Siedlung-Nord";"1100 Wien, Saligergasse Saligergasse";"1969";"1971";"";"Otto Nobis, Anny Beranek, Anton Siegl, Franz Wosatka, Johannes (Hannes) Lintl, Josef Wenz";"ja";"";"";"533";"29";"https://www.wwpipe.at/web-portal/complex-description/0410377"
"Salvador-Allende-Hof";"1110 Wien, Wilhelm-Kreﬂ-Platz Wilhelm-Kreﬂ-Platz";"1963";"1968";"";"Eduard Berger, Leopoldine Schwarzinger, Hans Paar, Rudolf Angelides, Matth‰us Jiszda II., Erwin Christoph, Franz Tontur, Wolfram Schindler, Alois Schrimpf, Franz Ullmann, Anny Beranek, Richard Horner, Fritz Gerhard Mayr, Otto Frank";"ja";"";"";"1154";"28";"https://www.wwpipe.at/web-portal/complex-description/0411380"
"Herbert-Bˆhm-Hof";"1110 Wien, Studenygasse Studenygasse";"1966";"1967";"";"Wiener Stadtbauamt, MA19";"ja";"";"";"258";"4";"https://www.wwpipe.at/web-portal/complex-description/0411381"
"Karl-Swoboda-Hof";"1110 Wien, Florian-Hedorfer-Straﬂe Florian-Hedorfer-Straﬂe";"1968";"1971";"";"Wiener Stadtbauamt, MA19, Edgar Gˆth";"ja";"";"";"589";"5";"https://www.wwpipe.at/web-portal/complex-description/0411382"
"Karl-Maisel-Hof";"1110 Wien, Koblicekgasse Koblicekgasse";"1969";"1971";"";"Wiener Stadtbauamt, MA19";"ja";"";"";"1069";"7";"https://www.wwpipe.at/web-portal/complex-description/0411383"
"Karl-Kysela-Hof";"1160 Wien, Thaliastraﬂe Thaliastraﬂe";"1967";"1969";"";"Friedrich Lang";"ja";"";"";"191";"14";"https://www.wwpipe.at/web-portal/complex-description/0416346"
"Josef-Wiedermann-Hof";"1190 Wien, Billrothstraﬂe Billrothstraﬂe";"1966";"1968";"";"Josef Horacek";"ja";"";"";"64";"17";"https://www.wwpipe.at/web-portal/complex-description/0419379"
"Franz-Koblizka-Hof";"1200 Wien, Adalbert-Stifter-Straﬂe Adalbert-Stifter-Straﬂe";"1968";"1970";"";"Adolf H. Kautzky, Libuse Partyka, Florian Omasta, Josef (Sepp) Schuster, Erna Grigkar-Kapinus, Erich Huber, Gerhard Krampf";"nein";"";"";"466";"6";"https://www.wwpipe.at/web-portal/complex-description/0420323"
"Johann-Schauhuber-Hof";"1230 Wien, Rudolf-Zeller-Gasse Rudolf-Zeller-Gasse";"1968";"1969";"";"Roland Wagner, Stephan Simony, Johannes (Hans) Hohenegger";"nein";"";"";"157";"6";"https://www.wwpipe.at/web-portal/complex-description/0423377"
"Erich-Deschermaier-Hof";"1130 Wien, Am Rosenberg Am Rosenberg";"1962";"1964";"";"Hans Wˆlfl, Friedrich Fuchs";"ja";"";"";"133";"6";"https://www.wwpipe.at/web-portal/complex-description/0513340"
"Josef-Matejcek-Hof";"1140 Wien, Mauerbachstraﬂe Mauerbachstraﬂe";"1966";"1968";"";"Alfred Kratochwil";"ja";"";"";"95";"8";"https://www.wwpipe.at/web-portal/complex-description/0514373"
"Willi-Liwanec-Hof";"1150 Wien, Minciostraﬂe Minciostraﬂe";"1965";"1968";"";"Erich Ott, Peter Koban, Walter Totz, J¸rgen Felsenstein";"ja";"";"";"264";"11";"https://www.wwpipe.at/web-portal/complex-description/0515356"
"Ernest-Bevin-Hof";"1170 Wien, Andergasse Andergasse";"1956";"1958";"";"Walter Jaksch, Siegfried Theiﬂ, Hans Jaksch, Franz Peydl";"ja";"";"";"202";"19";"https://www.wwpipe.at/web-portal/complex-description/0517331"
"Franz-Schreiner-Hof";"1180 Wien, Buchleitengasse Buchleitengasse";"1967";"1967";"";"Martha Bolldorf-Reitst‰tter";"ja";"";"";"20";"2";"https://www.wwpipe.at/web-portal/complex-description/0518321"
"Emil-Reich-Hof";"1190 Wien, Dˆblinger Hauptstraﬂe Dˆblinger Hauptstraﬂe";"1955";"1957";"";"Kurt Schlauﬂ, Ladislaus Hruska";"ja";"";"";"111";"10";"https://www.wwpipe.at/web-portal/complex-description/0519343"
"Helmut-Qualtinger-Hof";"1190 Wien, Daringergasse Daringergasse";"1958";"1959";"";"Hermann Kutschera";"ja";"";"";"368";"29";"https://www.wwpipe.at/web-portal/complex-description/0519352"
"Arthur-Schnitzler-Hof";"1190 Wien, Dˆblinger Hauptstraﬂe Dˆblinger Hauptstraﬂe";"1959";"1960";"";"Alois Machatschek, Michel Engelhart";"ja";"";"";"47";"3";"https://www.wwpipe.at/web-portal/complex-description/0519358"
"Hans-Binder-Hof";"1070 Wien, Lindengasse Lindengasse";"1962";"1964";"";"Anton Steflicek, Fritz Judtmann";"nein";"";"";"44";"23";"https://www.wwpipe.at/web-portal/complex-description/0607311"
"Schrˆdingerhof";"1100 Wien, Guﬂriegelstraﬂe Guﬂriegelstraﬂe";"1959";"1963";"";"Paul Ehrenzweig, Libuse Partyka, Eugenie Pippal-Kottnig, Johannes (Hannes) Lintl, Rudolf Jarosch";"ja";"";"";"238";"3";"https://www.wwpipe.at/web-portal/complex-description/0610389"
"Otto-Mraz-Hof";"1110 Wien, Hugogasse Hugogasse";"1964";"1966";"";"Andreas Trˆster, Anneliese Trˆster";"ja";"";"";"79";"2";"https://www.wwpipe.at/web-portal/complex-description/0611330"
"Eduard-Pantucek-Hof";"1110 Wien, Simmeringer Hauptstraﬂe Simmeringer Hauptstraﬂe";"1960";"1961";"";"Kurt Eckel";"nein";"";"";"33";"9";"https://www.wwpipe.at/web-portal/complex-description/0611372"
"Johann-Holzer-Hof";"1110 Wien, Simmeringer Hauptstraﬂe Simmeringer Hauptstraﬂe";"1960";"1961";"";"Willy Grunert";"ja";"";"";"70";"5";"https://www.wwpipe.at/web-portal/complex-description/0611374"
"Franz-Glaserer-Hof";"1140 Wien, Hackinger Straﬂe Hackinger Straﬂe";"1963";"1966";"";"Maximilian (Max) Bauer, Hans Zahlbruckner, Leopold Tinhof, Karl Musel";"ja";"";"";"272";"9";"https://www.wwpipe.at/web-portal/complex-description/0614372"
"Paul-Richter-Hof";"1150 Wien, Grimmgasse Grimmgasse";"1956";"1964";"";"Josef Angst, Rudolf Goder";"ja";"";"";"89";"6";"https://www.wwpipe.at/web-portal/complex-description/0615353"
"Alois-K¸blbˆck-Hof";"1150 Wien, Grimmgasse Grimmgasse";"1965";"1967";"";"Franz Marx";"nein";"";"";"28";"0";"https://www.wwpipe.at/web-portal/complex-description/0615355"
"Karl-Honay-Hof";"1160 Wien, Gablenzgasse Gablenzgasse";"1965";"1966";"";"Franz Sturm, Zoltan Egyed, Josef Baudys, Michael Pribitzer";"ja";"";"";"233";"7";"https://www.wwpipe.at/web-portal/complex-description/0616315"
"Wilhelmine-Moik-Hof";"1160 Wien, Wattgasse Wattgasse";"1965";"1967";"";"Frank Schl‰ger, Gerhard Kolbe, Erwin H(einz) Dusl";"nein";"";"";"52";"13";"https://www.wwpipe.at/web-portal/complex-description/0616347"
"Schˆffelhof";"1180 Wien, Wielemansgasse Wielemansgasse";"1956";"1960";"";"Roland Wagner";"ja";"";"";"162";"12";"https://www.wwpipe.at/web-portal/complex-description/0618336"
"Edwin-Schuster-Hof";"1190 Wien, Greinergasse Greinergasse";"1958";"1960";"";"Hans Steineder";"ja";"";"";"41";"6";"https://www.wwpipe.at/web-portal/complex-description/0619355"
"Johann-Kaps-Hof";"1200 Wien, J‰gerstraﬂe J‰gerstraﬂe";"1957";"1961";"";"(Franz) Hubert Matuschek, Richard Horner, Rotraut Hommer, Anton Ubl";"nein";"";"";"728";"33";"https://www.wwpipe.at/web-portal/complex-description/0620343"
"Dr.-Ellenbogen-Hof";"1200 Wien, Brigittenauer L‰nde Brigittenauer L‰nde";"1959";"1961";"";"Julius Csizmazia, Alfred Bartosch, Raymund Sch¸ller, Oskar Unger, Franz Wafler sen., Ernst Lederer-Ponzer";"ja";"";"";"353";"3";"https://www.wwpipe.at/web-portal/complex-description/0620344"
"Anton-Schmid-Hof";"1200 Wien, Pappenheimgasse Pappenheimgasse";"1964";"1966";"";"Egon Fraundorfer, Robert Kotas, Rudolf Hˆnig, Eugenie Pippal-Kottnig";"ja";"";"";"208";"10";"https://www.wwpipe.at/web-portal/complex-description/0620356"
"Marianne und Oscar-Pollak-Hof";"1210 Wien, Dunantgasse Dunantgasse";"1958";"1969";"";"Otto Frank, Elisabeth Riegler, Edith Matzalik, Norbert Schlesinger, Josef Horacek, Wilhelm (Willi) Reichel, Friedrich (Fritz) Kastner, Hans Riedl, Friedrich Pangratz, Alois Brunner";"ja";"";"";"450";"6";"https://www.wwpipe.at/web-portal/complex-description/0621333"
"Conrad-Lˆtsch-Hof";"1210 Wien, Floridsdorfer Markt Floridsdorfer Markt";"1961";"1962";"";"Ernst Schuster, Friedrich Punzmann, Florian Omasta, Anton Valentin";"ja";"";"";"186";"24";"https://www.wwpipe.at/web-portal/complex-description/0621368"
"Oskar Helmer Hof";"1210 Wien, Roda-Roda-Gasse Roda-Roda-Gasse";"1960";"1967";"";"Karl Adolf Schubert, Franz Kiener, Kurt Vana, Norbert Mandl, Heinz Dieter Kajaba, Heinrich Vana, Franz Marx";"ja";"";"";"784";"16";"https://www.wwpipe.at/web-portal/complex-description/0621372"
"Marschallhof";"1220 Wien, Am Kaiserm¸hlendamm Am Kaiserm¸hlendamm";"1958";"1960";"";"Hermann Stiegholzer";"ja";"";"";"245";"5";"https://www.wwpipe.at/web-portal/complex-description/0622336"
"Bundesl‰nderhof";"1220 Wien, Bernoullistrasse Bernoullistrasse";"1964";"1966";"";"Peter Payer, Oskar Payer";"ja";"";"";"1094";"5";"https://www.wwpipe.at/web-portal/complex-description/0622349"
"Rudolf-Kˆppl-Hof";"1220 Wien, Eipeldauer Straﬂe Eipeldauer Straﬂe";"1966";"1967";"";"Peter Payer, Oskar Payer";"ja";"";"";"1316";"3";"https://www.wwpipe.at/web-portal/complex-description/0622352"
"Professor-Rudolf-Boeck-Hof";"1230 Wien, Dr.-Barilits-Gasse Dr.-Barilits-Gasse";"1958";"1959";"";"Anton (Toni) Lenhardt";"ja";"";"";"64";"7";"https://www.wwpipe.at/web-portal/complex-description/0623348"
"Harry-S.-Truman-Hof";"1230 Wien, Rudolf-Zeller-Gasse Rudolf-Zeller-Gasse";"1956";"1963";"";"Karl Hauschka, Maria Albrecht, Rudolf Sorgo, Otmar Brunner, Wenko Bossew, August Kastner, Karl Molnar";"ja";"";"";"485";"23";"https://www.wwpipe.at/web-portal/complex-description/0623350"
"Hans Weber-Hof";"1230 Wien, Ketzergasse Ketzergasse";"1959";"1960";"";"Wilhelm Legler";"ja";"";"";"53";"2";"https://www.wwpipe.at/web-portal/complex-description/0623351"
"Johann-Radfux-Hof";"1230 Wien, Breitenfurter Straﬂe Breitenfurter Straﬂe";"1960";"1962";"";"Josef (Sepp) Schuster, Jakob Zachar, Harald Bauer, Gerhard Kolbe, Friedrich (Fritz) Gr¸nberger, Georg Russwurm";"ja";"";"";"475";"9";"https://www.wwpipe.at/web-portal/complex-description/0623352"
"Wohnsiedlung Am Wienerfeld Ost";"1100 Wien, Bullgasse Bullgasse";"1939";"1942";"";"Gemeinn¸tzige Siedlungs- und Bauaktiengesellschaft GESIBA";"ja";"";"";"426";"16";"https://www.wwpipe.at/web-portal/complex-description/0710374"
"Per-Albin-Hansson-Siedlung West";"1100 Wien, Malmˆgasse Malmˆgasse";"1954";"1955";"";"Eugen Wˆrle, Stephan Simony, Friedrich Pangratz, Franz Schuster";"ja";"";"";"1099";"39";"https://www.wwpipe.at/web-portal/complex-description/0310375"
"Wohnsiedlung Am Laaer Berg";"1100 Wien, Economogasse Economogasse";"1927";"1927";"";"Franz Schacherl";"nein";"";"";"215";"0";"https://www.wwpipe.at/web-portal/complex-description/0710376"
"Wohnsiedlung Am Wienerfeld West";"1100 Wien, Adolf-Kirchl-Gasse Adolf-Kirchl-Gasse";"1939";"1942";"";"Gemeinn¸tzige Siedlungs- und Bauaktiengesellschaft GESIBA";"ja";"";"";"145";"2";"https://www.wwpipe.at/web-portal/complex-description/0710427"
"Wohnsiedlung Weitmosergasse";"1100 Wien, Sickingengasse Sickingengasse";"1937";"1940";"";"Franz Wiesmann, Silvio Mohr, Robert Hartinger";"ja";"";"";"33";"1";"https://www.wwpipe.at/web-portal/complex-description/0710550"
"Wohnsiedlung Weiﬂenbˆckstraﬂe";"1110 Wien, Weiﬂenbˆckstraﬂe Weiﬂenbˆckstraﬂe";"1922";"1928";"";"Franz Kaym, Alfons Hetmanek";"ja";"";"";"56";"3";"https://www.wwpipe.at/web-portal/complex-description/0711406"
"Wohnsiedlung Am Tivoli";"1120 Wien, Hohenbergstraﬂe Hohenbergstraﬂe";"1927";"1930";"";"Wilhelm Peterle";"ja";"";"";"370";"11";"https://www.wwpipe.at/web-portal/complex-description/0712307"
"Wohnsiedlung Lockerwiese";"1130 Wien, Camillianergasse Camillianergasse";"1928";"1932";"";"Karl Schartelm¸ller";"ja";"";"";"763";"28";"https://www.wwpipe.at/web-portal/complex-description/0713304"
"Wohnsiedlung Spiegelgrund";"1160 Wien, Dustmannweg Dustmannweg";"1931";"1934";"";"Alfons Hetmanek, Franz Kaym";"nein";"";"";"289";"9";"https://www.wwpipe.at/web-portal/complex-description/0716335"
"Siedlung Rodaun";"1230 Wien, Breitenfurter Straﬂe Breitenfurter Straﬂe";"";"";"1950";"Josef Seeberger";"ja";"";"";"311";"16";"https://www.wwpipe.at/web-portal/complex-description/0723327"
"Irene-Harand-Hof";"1010 Wien, Judengasse Judengasse";"1951";"1952";"";"Fritz Waage";"ja";"";"";"22";"7";"https://www.wwpipe.at/web-portal/complex-description/0801303"
"Ginzkeyhof";"1010 Wien, Johannesgasse Johannesgasse";"1954";"1955";"";"Ladislaus Hrdlicka";"ja";"";"";"54";"5";"https://www.wwpipe.at/web-portal/complex-description/0801307"
"Wachauer Hof";"1020 Wien, Jungstraﬂe Jungstraﬂe";"1923";"1924";"";"Hugo Mayer";"ja";"";"";"186";"10";"https://www.wwpipe.at/web-portal/complex-description/0802301"
"Lassalle-Hof";"1020 Wien, Lassallestraﬂe Lassallestraﬂe";"1925";"1926";"";"Hubert Gessner, Fritz Waage, Hans Paar";"nein";"";"";"268";"33";"https://www.wwpipe.at/web-portal/complex-description/0802302"
"Hubert-Hladej-Hof";"1020 Wien, Wehlistraﬂe Wehlistraﬂe";"1948";"1950";"";"Karl Hartl, Kurt Schlauﬂ, Ladislaus Hruska, Erich Boltenstern";"ja";"";"";"292";"17";"https://www.wwpipe.at/web-portal/complex-description/0802303"
"Heizmann-Hof";"1020 Wien, Vorgartenstraﬂe Vorgartenstraﬂe";"1925";"1926";"";"Hubert Gessner";"nein";"";"";"212";"10";"https://www.wwpipe.at/web-portal/complex-description/0802304"
"Hermann-Fischer-Hof";"1020 Wien, Ybbsstraﬂe Ybbsstraﬂe";"1928";"1929";"";"Otto Prutscher";"nein";"";"";"69";"6";"https://www.wwpipe.at/web-portal/complex-description/0802311"
"Elderschhof";"1020 Wien, Elderschplatz Elderschplatz";"1931";"1932";"";"Ludwig Davidoff";"nein";"";"";"123";"4";"https://www.wwpipe.at/web-portal/complex-description/0802320"
"Franz-Mair-Hof";"1020 Wien, Sch¸ttelstraﬂe Sch¸ttelstraﬂe";"1930";"1939";"";"Franz Schacherl";"ja";"2011";"2017";"269";"9";"https://www.wwpipe.at/web-portal/complex-description/0802322"
"Robert-Erber-Hof";"1020 Wien, Sch¸ttelstraﬂe Sch¸ttelstraﬂe";"1950";"1952";"";"Oskar Payer, Karl Hauschka";"ja";"";"";"246";"8";"https://www.wwpipe.at/web-portal/complex-description/0802328"
"Theodor Herzl-Hof";"1020 Wien, Leopoldsgasse Leopoldsgasse";"1956";"1957";"";"Rudolf Kolowrath";"nein";"";"";"29";"3";"https://www.wwpipe.at/web-portal/complex-description/0802341"
"Chopinhof";"1020 Wien, Am Tabor Am Tabor";"1957";"1959";"";"Otto Nobis, Alfred Dreier";"ja";"";"";"93";"7";"https://www.wwpipe.at/web-portal/complex-description/0802343"
"Erdberger-Hof";"1030 Wien, Drorygasse Drorygasse";"1921";"1922";"";"Karl Schmalhofer";"ja";"";"";"61";"10";"https://www.wwpipe.at/web-portal/complex-description/0803302"
"Hanuschhof";"1030 Wien, Ludwig-Koeﬂler-Platz Ludwig-Koeﬂler-Platz";"1923";"1925";"";"Robert Oerley";"ja";"";"";"501";"32";"https://www.wwpipe.at/web-portal/complex-description/0803303"
"Rabenhof";"1030 Wien, Baumgasse Baumgasse";"1925";"1928";"";"Heinrich Schmid, Hermann Aichinger";"ja";"";"";"1110";"51";"https://www.wwpipe.at/web-portal/complex-description/0803304"
"Marianne-Hainisch-Hof";"1030 Wien, Petrusgasse Petrusgasse";"1927";"1928";"";"Rudolf Perthen";"ja";"";"";"25";"6";"https://www.wwpipe.at/web-portal/complex-description/0803310"
"Felleishof";"1030 Wien, Hagenm¸llergasse Hagenm¸llergasse";"1927";"1928";"";"Johann Rothm¸ller";"nein";"";"";"100";"13";"https://www.wwpipe.at/web-portal/complex-description/0803314"
"Franz-Silberer-Hof";"1030 Wien, Kardinal-Nagl-Platz Kardinal-Nagl-Platz";"1927";"1928";"";"Georg Rupprecht";"nein";"";"";"127";"16";"https://www.wwpipe.at/web-portal/complex-description/0803315"
"Anton-Kohl-Hof";"1030 Wien, R¸dengasse R¸dengasse";"1927";"1928";"";"Paul G¸tl, Camillo Fritz Discher";"ja";"";"";"177";"2";"https://www.wwpipe.at/web-portal/complex-description/0803316"
"Franz-Schuster-Hof";"1030 Wien, Hagenm¸llergasse Hagenm¸llergasse";"1927";"1928";"";"Alfred Kraupa";"nein";"";"";"48";"5";"https://www.wwpipe.at/web-portal/complex-description/0803318"
"Wildganshof";"1030 Wien, Grasbergergasse Grasbergergasse";"1931";"1932";"";"Victor Mittag, Karl Hauschka";"ja";"";"";"730";"33";"https://www.wwpipe.at/web-portal/complex-description/0803325"
"Ungerhof";"1030 Wien, Obere Bahngasse Obere Bahngasse";"1932";"1933";"";"Otto Moritz Kuntschik";"nein";"";"";"164";"9";"https://www.wwpipe.at/web-portal/complex-description/0803328"
"Josef-Illedits-Hof";"1030 Wien, K‰rchergasse K‰rchergasse";"1953";"1954";"";"Brigitte Wiedmann, Heinrich (Heinz) Reiter";"ja";"";"";"160";"4";"https://www.wwpipe.at/web-portal/complex-description/0803344"
"Richard-Strauss-Hof";"1030 Wien, Am Modenapark Am Modenapark";"1953";"1954";"";"Wilhelm Kroupa, Richard Horner";"ja";"";"";"188";"10";"https://www.wwpipe.at/web-portal/complex-description/0803350"
"Franz-Seitler-Hof";"1030 Wien, Sebastianplatz Sebastianplatz";"1954";"1955";"";"Hilde Schwaiger, Fritz Hannes Schneider";"ja";"";"";"137";"11";"https://www.wwpipe.at/web-portal/complex-description/0803355"
"Franz-Adelpoller-Hof";"1030 Wien, Gestettengasse Gestettengasse";"1957";"1959";"";"Eduard F. Sekler, Herbert Prehsler, Anton Valentin";"nein";"";"";"256";"21";"https://www.wwpipe.at/web-portal/complex-description/0803362"
"S¸dtiroler Hof";"1040 Wien, Schelleingasse Schelleingasse";"1927";"1928";"";"Josef Hahn, Karl Ernst";"ja";"";"";"179";"20";"https://www.wwpipe.at/web-portal/complex-description/0804301"
"Bertha-von-Suttner-Hof";"1040 Wien, Waltergasse Waltergasse";"1955";"1957";"";"J. Parzer";"ja";"";"";"360";"37";"https://www.wwpipe.at/web-portal/complex-description/0804316"
"Metzleinstalerhof";"1050 Wien, Margareteng¸rtel Margareteng¸rtel";"1916";"1925";"";"Robert Kalesa, Hubert Gessner";"ja";"";"";"252";"33";"https://www.wwpipe.at/web-portal/complex-description/0805301"
"Reumannhof";"1050 Wien, Margareteng¸rtel Margareteng¸rtel";"1924";"1926";"";"Hubert Gessner";"ja";"";"";"450";"50";"https://www.wwpipe.at/web-portal/complex-description/0805302"
"Julius-Popp-Hof";"1050 Wien, Margareteng¸rtel Margareteng¸rtel";"1925";"1926";"";"Hermann Aichinger, Heinrich Schmid";"ja";"";"";"370";"9";"https://www.wwpipe.at/web-portal/complex-description/0805303"
"Heinehof";"1050 Wien, Stˆbergasse Stˆbergasse";"1925";"1926";"";"Otto Prutscher";"ja";"";"";"155";"8";"https://www.wwpipe.at/web-portal/complex-description/0805304"
"Matteottihof";"1050 Wien, Siebenbrunnenfeldgasse Siebenbrunnenfeldgasse";"1926";"1927";"";"Heinrich Schmid, Hermann Aichinger";"ja";"";"";"424";"20";"https://www.wwpipe.at/web-portal/complex-description/0805305"
"Julius-Ofner-Hof";"1050 Wien, Margareteng¸rtel Margareteng¸rtel";"1926";"1927";"";"Ernst Lichtblau";"nein";"";"";"140";"3";"https://www.wwpipe.at/web-portal/complex-description/0805306"
"Herweghhof";"1050 Wien, Margareteng¸rtel Margareteng¸rtel";"1926";"1927";"";"Heinrich Schmid, Hermann Aichinger";"ja";"";"";"206";"15";"https://www.wwpipe.at/web-portal/complex-description/0805307"
"Franz-Domes-Hof";"1050 Wien, Margareteng¸rtel Margareteng¸rtel";"1927";"1930";"";"Peter Behrens";"ja";"";"";"176";"10";"https://www.wwpipe.at/web-portal/complex-description/0805310"
"Anton-Katschinka-Hof";"1050 Wien, Siebenbrunnenfeldgasse Siebenbrunnenfeldgasse";"1929";"1930";"";"Karl Ernst";"ja";"";"";"45";"1";"https://www.wwpipe.at/web-portal/complex-description/0805311"
"Furtm¸llerhof";"1050 Wien, Ziegelofengasse Ziegelofengasse";"1936";"1938";"";"Konstantin Peller, Franz Wiesmann";"ja";"";"";"48";"6";"https://www.wwpipe.at/web-portal/complex-description/0805315"
"Eiselsberg Hof";"1050 Wien, Bacherplatz Bacherplatz";"1948";"1950";"";"Otto Schˆnthal";"ja";"";"";"167";"8";"https://www.wwpipe.at/web-portal/complex-description/0805324"
"Theodor-Kˆrner-Hof";"1050 Wien, Margareteng¸rtel Margareteng¸rtel";"1951";"1955";"";"Friedrich (Fritz) Kastner, Wilhelm (Willi) Reichel, Wolfgang Horak, Hermann Aichinger, Hans Paar, Fritz Sammer, Ceno Kosak, Josef Schmelzenbart, Hans Riedl, Albert Hein, Robert W. Preissecker, Heinrich Benedikt, Albrecht F. Hrzan, Julius Gretzmacher, Friedrich Schlossberg, Siegfried Mˆrth";"ja";"";"";"1224";"39";"https://www.wwpipe.at/web-portal/complex-description/0805328"
"Leuthnerhof";"1060 Wien, Mollardgasse Mollardgasse";"1931";"1932";"";"Georg Rupprecht";"ja";"";"";"155";"7";"https://www.wwpipe.at/web-portal/complex-description/0806301"
"Einsteinhof";"1060 Wien, Mollardgasse Mollardgasse";"1949";"1952";"";"Adolf Hoch";"ja";"";"";"183";"15";"https://www.wwpipe.at/web-portal/complex-description/0806306"
"Ludo-Hartmann-Hof";"1080 Wien, Albertgasse Albertgasse";"1924";"1925";"";"Cesar Poppovits";"nein";"";"";"74";"11";"https://www.wwpipe.at/web-portal/complex-description/0808301"
"Dr.-Kronawetter-Hof";"1080 Wien, Pfeilgasse Pfeilgasse";"1925";"1926";"";"Otto Moritz Kuntschik";"ja";"";"";"62";"3";"https://www.wwpipe.at/web-portal/complex-description/0808302"
"Faberhof";"1080 Wien, Pfeilgasse Pfeilgasse";"1927";"1927";"";"Wilhelm Peterle";"nein";"";"";"15";"2";"https://www.wwpipe.at/web-portal/complex-description/0808303"
"Therese-Schlesinger-Hof";"1080 Wien, Schlˆsselgasse Schlˆsselgasse";"1929";"1939";"";"Cesar Poppovits";"nein";"";"";"83";"5";"https://www.wwpipe.at/web-portal/complex-description/0808304"
"Maria-Franc-Hof";"1080 Wien, Lange Gasse Lange Gasse";"1955";"1958";"";"Johann (Hans) Stˆhr";"ja";"";"";"77";"7";"https://www.wwpipe.at/web-portal/complex-description/0808306"
"Sigmund-Freud-Hof";"1090 Wien, Gussenbauergasse Gussenbauergasse";"1924";"1931";"";"Josef Tˆlk, Franz Krauﬂ, Ludwig Tremmel";"ja";"";"";"258";"25";"https://www.wwpipe.at/web-portal/complex-description/0809301"
"Gallhof";"1090 Wien, Heiligenst‰dter Straﬂe Heiligenst‰dter Straﬂe";"1924";"1925";"";"Alfred Chalusch, Heinrich Schopper";"ja";"";"";"137";"7";"https://www.wwpipe.at/web-portal/complex-description/0809302"
"Thuryhof";"1090 Wien, Marktgasse Marktgasse";"1925";"1926";"";"Karl Hauschka, Victor Mittag";"ja";"";"";"95";"8";"https://www.wwpipe.at/web-portal/complex-description/0809305"
"Wagner-Jauregg-Hof";"1090 Wien, Lustkandlgasse Lustkandlgasse";"1927";"1928";"";"Bernhard Pichler";"nein";"";"";"114";"10";"https://www.wwpipe.at/web-portal/complex-description/0809309"
"Karl-Schˆnherr-Hof";"1090 Wien, Badgasse Badgasse";"1950";"1952";"";"Karl Ehn";"ja";"";"";"119";"10";"https://www.wwpipe.at/web-portal/complex-description/0809322"
"Quarinhof";"1100 Wien, Quaringasse Quaringasse";"1924";"1925";"";"Hans Jaksch, Siegfried Theiﬂ";"ja";"";"";"122";"25";"https://www.wwpipe.at/web-portal/complex-description/0810301"
"Viktor-Adler-Hof";"1100 Wien, Triester Straﬂe Triester Straﬂe";"1923";"1924";"";"Engelbert Mang";"nein";"";"";"110";"5";"https://www.wwpipe.at/web-portal/complex-description/0810303"
"Pernerstorfer-Hof";"1100 Wien, Troststraﬂe Troststraﬂe";"1924";"1926";"";"Camillo Fritz Discher, Paul G¸tl";"ja";"";"";"426";"14";"https://www.wwpipe.at/web-portal/complex-description/0810307"
"Jean-Jaures-Hof";"1100 Wien, Neilreichgasse Neilreichgasse";"1925";"1926";"";"Alfred Keller, Walter Broﬂmann";"ja";"";"";"384";"9";"https://www.wwpipe.at/web-portal/complex-description/0810309"
"Pˆlzer-Hof";"1100 Wien, Dampfgasse Dampfgasse";"1926";"1927";"";"Hugo Mayer";"nein";"";"";"98";"7";"https://www.wwpipe.at/web-portal/complex-description/0810311"
"Z¸rcher-Hof";"1100 Wien, Laxenburger Straﬂe Laxenburger Straﬂe";"1928";"1931";"";"Emil Hoppe, Otto Schˆnthal";"ja";"";"";"221";"28";"https://www.wwpipe.at/web-portal/complex-description/0810319"
"Hueber-Hof";"1100 Wien, Quellenstraﬂe Quellenstraﬂe";"1930";"1931";"";"Heinrich Schopper, Alfred Chalusch";"ja";"";"";"464";"5";"https://www.wwpipe.at/web-portal/complex-description/0810328"
"Anton-Hˆlzl-Hof";"1100 Wien, Laxenburger Straﬂe Laxenburger Straﬂe";"1931";"1932";"";"Josef Hoffmann";"ja";"";"";"329";"6";"https://www.wwpipe.at/web-portal/complex-description/0810333"
"Maria-und-Rudolf-Fischer-Hof";"1100 Wien, Laxenburger Straﬂe Laxenburger Straﬂe";"1930";"1931";"";"Konstantin Peller";"nein";"";"";"125";"3";"https://www.wwpipe.at/web-portal/complex-description/0810334"
"Wohnhausanlage Am Laaer Berg";"1100 Wien, Theodor-Sickel-Gasse Theodor-Sickel-Gasse";"1930";"1931";"";"Karl Schmalhofer";"ja";"";"";"726";"12";"https://www.wwpipe.at/web-portal/complex-description/0810336"
"Emil Fucik-Hof";"1100 Wien, Gudrunstraﬂe Gudrunstraﬂe";"1950";"1952";"";"Franz Schuster";"nein";"";"";"666";"13";"https://www.wwpipe.at/web-portal/complex-description/0810354"
"Brunngraberhof";"1100 Wien, Arthaberplatz Arthaberplatz";"1957";"1959";"";"Eduard Berger, Bruno Tinhofer, Leopold Tinhof";"ja";"";"";"158";"17";"https://www.wwpipe.at/web-portal/complex-description/0810381"
"George-Washington-Hof";"1100 Wien, Ahornhof Ahornhof";"1925";"1930";"";"Robert Oerley, Karl Alois Krist";"ja";"";"";"1008";"62";"https://www.wwpipe.at/web-portal/complex-description/0810411"
"Mithlingerhof Rasenstadt";"1100 Wien, Neilreichgasse Neilreichgasse";"1929";"1933";"";"Karl Schmalhofer";"ja";"";"";"958";"13";"https://www.wwpipe.at/web-portal/complex-description/0810650"
"Dr.-Franz-Klein-Hof";"1110 Wien, Herbortgasse Herbortgasse";"1924";"1925";"";"Karl Alois Krist";"ja";"";"";"223";"21";"https://www.wwpipe.at/web-portal/complex-description/0811301"
"Alfons-Petzold-Hof";"1110 Wien, Lorystraﬂe Lorystraﬂe";"1923";"1924";"";"Adolf Stˆckl";"nein";"";"";"94";"15";"https://www.wwpipe.at/web-portal/complex-description/0811302"
"Josef-Scheu-Hof";"1110 Wien, Ehamgasse Ehamgasse";"1925";"1926";"";"Franz Wiesmann";"ja";"";"";"184";"1";"https://www.wwpipe.at/web-portal/complex-description/0811303"
"Widholz-Hof";"1110 Wien, Geiselbergstraﬂe Geiselbergstraﬂe";"1925";"1926";"";"Engelbert Mang";"ja";"";"";"166";"11";"https://www.wwpipe.at/web-portal/complex-description/0811304"
"Karl-Hˆger-Hof";"1110 Wien, Lorystraﬂe Lorystraﬂe";"1925";"1926";"";"Hugo Gorge, Alfons Hetmanek, Franz Kaym";"nein";"";"";"219";"28";"https://www.wwpipe.at/web-portal/complex-description/0811306"
"Friedrich-Engels-Hof";"1110 Wien, Ehamgasse Ehamgasse";"1925";"1926";"";"Hugo Gorge, Franz Kaym, Alfons Hetmanek";"ja";"";"";"174";"9";"https://www.wwpipe.at/web-portal/complex-description/0811307"
"Anton-Schrammel-Hof";"1110 Wien, Kopalgasse Kopalgasse";"1925";"1926";"";"Karl Alois Krist";"nein";"";"";"220";"10";"https://www.wwpipe.at/web-portal/complex-description/0811308"
"Strindberghof";"1110 Wien, Strindberggasse Strindberggasse";"1930";"1933";"";"Emil Hoppe, Otto Schˆnthal";"ja";"";"";"538";"22";"https://www.wwpipe.at/web-portal/complex-description/0811314"
"Hedorfer-Hof";"1110 Wien, Enkplatz Enkplatz";"1945";"1950";"";"Robert Kotas";"nein";"";"";"32";"11";"https://www.wwpipe.at/web-portal/complex-description/0811319"
"Wilhelm-Weber Hof";"1110 Wien, Rinnbˆckstraﬂe Rinnbˆckstraﬂe";"1949";"1951";"";"Viktor Adler, Hans Paar";"ja";"";"";"292";"15";"https://www.wwpipe.at/web-portal/complex-description/0811322"
"Kurt-Holubarz-Hof";"1110 Wien, Geiselbergstraﬂe Geiselbergstraﬂe";"1950";"1951";"";"Josef (Jaroslav) Bayer";"nein";"";"";"47";"2";"https://www.wwpipe.at/web-portal/complex-description/0811324"
"Karl-Tlasek-Hof";"1110 Wien, Lorystraﬂe Lorystraﬂe";"1951";"1952";"";"Willy Grunert";"ja";"";"";"47";"1";"https://www.wwpipe.at/web-portal/complex-description/0811325"
"Josef-Haas-Hof";"1110 Wien, Zippererstraﬂe Zippererstraﬂe";"1951";"1953";"";"Ferdinand Riedl, Walter Kˆhler, Hans MuttonÈ";"ja";"";"";"289";"8";"https://www.wwpipe.at/web-portal/complex-description/0811326"
"Alfred-Wunsch-Hof";"1110 Wien, Lorystraﬂe Lorystraﬂe";"1953";"1959";"";"Walter Schwarz, August Bauer";"ja";"";"";"103";"12";"https://www.wwpipe.at/web-portal/complex-description/0811332"
"Gustav-Fuchs-Hof";"1110 Wien, Geiselbergstraﬂe Geiselbergstraﬂe";"1954";"1956";"";"Carl Rˆssler, Oskar Payer";"ja";"";"";"219";"4";"https://www.wwpipe.at/web-portal/complex-description/0811333"
"Wilhelm-Svetelsky-Hof";"1110 Wien, Wilhelm-Svetelsky-Hof Wilhelm-Svetelsky-Hof";"1956";"1957";"";"Sepp Stein, Heinrich Vana";"ja";"";"";"112";"14";"https://www.wwpipe.at/web-portal/complex-description/0811334"
"Leopold-Schwarz-Hof";"1110 Wien, Kopalgasse Kopalgasse";"1955";"1956";"";"Viktor Ruczka";"nein";"";"";"42";"9";"https://www.wwpipe.at/web-portal/complex-description/0811336"
"Max-Wopenka-Hof";"1110 Wien, Geiselbergstraﬂe Geiselbergstraﬂe";"1955";"1957";"";"Kurt Keiter, Hans Schimitzek, Ernst W. Irsigler, Alois Brunner, Eduard Berger, Hanns Hilscher, Viktor Kraft";"ja";"";"";"371";"12";"https://www.wwpipe.at/web-portal/complex-description/0811338"
"Wohnhausanlage Hasenleiten";"1110 Wien, Hasenleitengasse Hasenleitengasse";"1937";"1950";"";"Anton Valentin, Moritz ServÈ, Otto Trnik, Oskar Heymann, Oskar Unger, Friedrich Punzmann";"ja";"";"";"1214";"89";"https://www.wwpipe.at/web-portal/complex-description/0811339"
"Stefan-Achatz-Hof";"1110 Wien, Kaiser-Ebersdorfer Straﬂe Kaiser-Ebersdorfer Straﬂe";"1957";"1959";"";"Friedrich Rollwagen, Hanns Miedel jun.";"ja";"";"";"92";"13";"https://www.wwpipe.at/web-portal/complex-description/0811369"
"Fuchsenfeldhof";"1120 Wien, L‰ngenfeldgasse L‰ngenfeldgasse";"1922";"1925";"";"Heinrich Schmid, Hermann Aichinger";"ja";"";"";"452";"24";"https://www.wwpipe.at/web-portal/complex-description/0812301"
"Reismannhof";"1120 Wien, Am Fuchsenfeld Am Fuchsenfeld";"1924";"1925";"";"Hermann Aichinger, Heinrich Schmid";"ja";"";"";"625";"37";"https://www.wwpipe.at/web-portal/complex-description/0812302"
"Bebel-Hof";"1120 Wien, Steinbauergasse Steinbauergasse";"1925";"1926";"";"Karl Ehn";"ja";"";"";"307";"30";"https://www.wwpipe.at/web-portal/complex-description/0812303"
"Liebknechthof";"1120 Wien, Bˆckhgasse Bˆckhgasse";"1926";"1927";"";"Karl Alois Krist";"ja";"";"";"427";"10";"https://www.wwpipe.at/web-portal/complex-description/0812304"
"Simony-Hof";"1120 Wien, Koppreitergasse Koppreitergasse";"1927";"1928";"";"Leopold Simony";"nein";"";"";"160";"11";"https://www.wwpipe.at/web-portal/complex-description/0812306"
"Lorenshof";"1120 Wien, L‰ngenfeldgasse L‰ngenfeldgasse";"1927";"1928";"";"Otto Prutscher";"ja";"";"";"164";"8";"https://www.wwpipe.at/web-portal/complex-description/0812308"
"Frˆhlich-Hof";"1120 Wien, Malfattigasse Malfattigasse";"1928";"1929";"";"Engelbert Mang";"ja";"";"";"160";"7";"https://www.wwpipe.at/web-portal/complex-description/0812315"
"Haydnhof";"1120 Wien, Gaudenzdorfer G¸rtel Gaudenzdorfer G¸rtel";"1928";"1929";"";"August Hauser";"nein";"";"";"326";"11";"https://www.wwpipe.at/web-portal/complex-description/0812316"
"Leopoldine-Glˆckel-Hof";"1120 Wien, Steinbauergasse Steinbauergasse";"1931";"1932";"";"Josef Frank";"nein";"";"";"304";"3";"https://www.wwpipe.at/web-portal/complex-description/0812335"
"Max-Opravil-Hof";"1120 Wien, Wienerbergstraﬂe Wienerbergstraﬂe";"1949";"1954";"";"Rudolf Kolowrath, Erich Oberdorfer, Otto Nobis, Edith Lessel";"ja";"";"";"424";"30";"https://www.wwpipe.at/web-portal/complex-description/0812342"
"Johann Resch-Hof";"1120 Wien, Werthenburggasse Werthenburggasse";"1950";"1951";"";"August Bauer, Wilhelm Glattes, Hans Schwarz, Werner Grˆll";"ja";"";"";"178";"14";"https://www.wwpipe.at/web-portal/complex-description/0812348"
"Wohnhausanlage Am Schˆpfwerk";"1120 Wien, Am Schˆpfwerk Am Schˆpfwerk";"1951";"1957";"";"Franz Schuster";"nein";"";"";"866";"46";"https://www.wwpipe.at/web-portal/complex-description/0812352"
"Ernst-Reuter-Hof";"1120 Wien, Bˆckhgasse Bˆckhgasse";"1954";"1955";"";"Franz A. Bayer, Friedrich Mostbˆck, Anna Fembˆck";"ja";"";"";"200";"9";"https://www.wwpipe.at/web-portal/complex-description/0812362"
"August-F¸rst-Hof";"1120 Wien, Meidlinger Hauptstraﬂe Meidlinger Hauptstraﬂe";"1955";"1957";"";"Otto Gruen, Otto Frank, Franz Sturm, Eva Poduschka";"ja";"";"";"159";"20";"https://www.wwpipe.at/web-portal/complex-description/0812366"
"Wohnhausanlage Roter Berg";"1130 Wien, Horeischygasse Horeischygasse";"1948";"1949";"";"Walter Foral, Franz Gomsi, Karl Raimund Lorenz, Egon Karl Fridinger, Friedrich Lehmann";"nein";"";"";"106";"18";"https://www.wwpipe.at/web-portal/complex-description/0813307"
"Eduard-Schlesinger-Hof";"1130 Wien, Wilhelm-Leibl-Gasse Wilhelm-Leibl-Gasse";"1950";"1951";"";"August Bauer";"nein";"";"";"19";"1";"https://www.wwpipe.at/web-portal/complex-description/0813308"
"Wohnhausanlage Kongreﬂsiedlung";"1130 Wien, Kalmanstraﬂe Kalmanstraﬂe";"1951";"1952";"";"Edith Lessel, Johann (Hans) Stˆhr";"ja";"";"";"260";"34";"https://www.wwpipe.at/web-portal/complex-description/0813312"
"Franz-Rosenberger-Hof";"1130 Wien, Lainzer Straﬂe Lainzer Straﬂe";"1950";"1952";"";"Carl Machtlinger, Sepp Stein";"ja";"";"";"92";"0";"https://www.wwpipe.at/web-portal/complex-description/0813314"
"Steinitzhof";"1130 Wien, Hietzinger Kai Hietzinger Kai";"1952";"1955";"";"Viktor Adler";"ja";"";"";"255";"11";"https://www.wwpipe.at/web-portal/complex-description/0813318"
"Rudolfine-Muhr-Hof";"1130 Wien, Volkgasse Volkgasse";"1954";"1955";"";"Hans Fleischer, Wilhelm Hubatsch, Friedl Grueber";"ja";"";"";"212";"9";"https://www.wwpipe.at/web-portal/complex-description/0813325"
"Franz-Kurz-Hof";"1140 Wien, Spallartgasse Spallartgasse";"1923";"1924";"";"Erich Franz Leischner";"ja";"";"";"80";"8";"https://www.wwpipe.at/web-portal/complex-description/0814303"
"Blathof";"1140 Wien, Linzer Straﬂe Linzer Straﬂe";"1924";"1925";"";"Clemens Holzmeister";"ja";"";"";"302";"18";"https://www.wwpipe.at/web-portal/complex-description/0814304"
"Schimon-Hof";"1140 Wien, Penzinger Straﬂe Penzinger Straﬂe";"1927";"1929";"";"Michael Rosenauer";"ja";"";"";"365";"16";"https://www.wwpipe.at/web-portal/complex-description/0814318"
"Somogyi-Hof";"1140 Wien, H¸tteldorfer Straﬂe H¸tteldorfer Straﬂe";"1927";"1929";"";"Heinrich Schmid, Hermann Aichinger";"ja";"";"";"336";"20";"https://www.wwpipe.at/web-portal/complex-description/0814322"
"Hugo-Breitner-Hof";"1140 Wien, Linzer Straﬂe Linzer Straﬂe";"1949";"1956";"";"Georg Lippert, Erwin Fabrici, Fritz Purr, Paul Widmann";"ja";"";"";"1265";"109";"https://www.wwpipe.at/web-portal/complex-description/0814332"
"Liska-Hof";"1140 Wien, F¸nkhgasse F¸nkhgasse";"1931";"1932";"";"Erwin Bˆck";"nein";"";"";"67";"0";"https://www.wwpipe.at/web-portal/complex-description/0814338"
"Dr.-Josef-Bayer-Hof";"1140 Wien, M‰rzstraﬂe M‰rzstraﬂe";"1933";"1934";"";"Konstantin Peller";"nein";"";"";"134";"0";"https://www.wwpipe.at/web-portal/complex-description/0814339"
"L¸tzow-Hof";"1140 Wien, Linzer Straﬂe Linzer Straﬂe";"1938";"1939";"";"Konstantin Peller";"nein";"";"";"171";"10";"https://www.wwpipe.at/web-portal/complex-description/0814340"
"Josef-Rautmann-Hof";"1140 Wien, Hauptstraﬂe Hauptstraﬂe";"1930";"1931";"";"Karl Eder";"nein";"";"";"20";"0";"https://www.wwpipe.at/web-portal/complex-description/0814341"
"Anton-Figl-Hof";"1140 Wien, Hernstorferstraﬂe Hernstorferstraﬂe";"1956";"1958";"";"Karl Musel, Bruno Buzek, Harald Bauer, Fritz Bˆhm-Raffay, Rudolf Pamlitschka, Friedrich Lang";"ja";"";"";"382";"26";"https://www.wwpipe.at/web-portal/complex-description/0814367"
"Forstnerhof";"1150 Wien, Alliogasse Alliogasse";"1924";"1925";"";"Gottlieb Michal";"ja";"";"";"134";"31";"https://www.wwpipe.at/web-portal/complex-description/0815302"
"Heimhof";"1150 Wien, Pilgerimgasse Pilgerimgasse";"1921";"1922";"";"Carl Witzmann, Otto Rudolf Polak-Hellwig";"ja";"";"";"171";"36";"https://www.wwpipe.at/web-portal/complex-description/0815304"
"Ebert-Hof";"1150 Wien, H¸tteldorfer Straﬂe H¸tteldorfer Straﬂe";"1925";"1926";"";"Victor Mittag, Karl Hauschka";"ja";"";"";"179";"12";"https://www.wwpipe.at/web-portal/complex-description/0815306"
"Johann-Witzmann-Hof";"1150 Wien, Reuenthalgasse Reuenthalgasse";"1926";"1927";"";"Rudolf Krausz";"nein";"";"";"186";"13";"https://www.wwpipe.at/web-portal/complex-description/0815309"
"Vogelweidhof";"1150 Wien, Wurzbachgasse Wurzbachgasse";"1926";"1927";"";"Leopold Bauer";"ja";"";"";"110";"13";"https://www.wwpipe.at/web-portal/complex-description/0815310"
"Paula-Mistinger-Mraz-Hof";"1150 Wien, F¸nfhausgasse F¸nfhausgasse";"1928";"1929";"";"Oskar Unger";"nein";"";"";"19";"1";"https://www.wwpipe.at/web-portal/complex-description/0815313"
"Grassingerhof";"1150 Wien, Brunhildengasse Brunhildengasse";"1932";"1933";"";"Martin Ziegler, Josef Berger";"ja";"";"";"117";"0";"https://www.wwpipe.at/web-portal/complex-description/0815318"
"K‰the-Kˆnigstetter-Hof";"1150 Wien, Tautenhayngasse Tautenhayngasse";"1932";"1933";"";"Friedrich Pindt";"ja";"";"";"130";"1";"https://www.wwpipe.at/web-portal/complex-description/0815319"
"Skarethof";"1150 Wien, Diefenbachgasse Diefenbachgasse";"1930";"1931";"";"Leo Kammel sen.";"nein";"";"";"106";"9";"https://www.wwpipe.at/web-portal/complex-description/0815322"
"Johann-Hartmann-Hof";"1150 Wien, Meiselstraﬂe Meiselstraﬂe";"1931";"1932";"";"Franz Zabza";"nein";"";"";"123";"3";"https://www.wwpipe.at/web-portal/complex-description/0815324"
"Karl-Frey-Hof";"1150 Wien, H¸tteldorfer Straﬂe H¸tteldorfer Straﬂe";"1953";"1954";"";"Norbert Mandl, Anton Potyka, Karl Eckenstorfer, Alois Brunner";"ja";"";"";"235";"21";"https://www.wwpipe.at/web-portal/complex-description/0815338"
"Heinrich-Hajek-Hof";"1150 Wien, Oeverseestraﬂe Oeverseestraﬂe";"1954";"1956";"";"Wilhelm (Willi) Reichel, Josef Schmelzenbart, Otto Erhartt, Hans Riedl";"ja";"";"";"250";"13";"https://www.wwpipe.at/web-portal/complex-description/0815341"
"Schuhmeier-Hof";"1160 Wien, Pfenninggeldgasse Pfenninggeldgasse";"1923";"1927";"";"Gottlieb Michal, Karl Schmalhofer";"ja";"";"";"276";"12";"https://www.wwpipe.at/web-portal/complex-description/0816302"
"Wohnhausanlage Sandleiten";"1160 Wien, Sandleitengasse Sandleitengasse";"1924";"1928";"";"Siegfried Theiﬂ, Emil Hoppe, Hans Jaksch, Franz Matuschek, Franz Krauﬂ, Josef Tˆlk, Otto Schˆnthal";"ja";"";"";"1513";"148";"https://www.wwpipe.at/web-portal/complex-description/0816303"
"Dr.-Friedrich-Becke-Hof";"1160 Wien, Thalhaimergasse Thalhaimergasse";"1926";"1927";"";"Cesar Poppovits";"ja";"";"";"199";"14";"https://www.wwpipe.at/web-portal/complex-description/0816309"
"Davidhof";"1160 Wien, Effingergasse Effingergasse";"1926";"1927";"";"Alfred Keller, Walter Broﬂmann";"nein";"";"";"239";"5";"https://www.wwpipe.at/web-portal/complex-description/0816310"
"Karl-Volkert-Hof";"1160 Wien, Thaliastraﬂe Thaliastraﬂe";"1926";"1927";"";"Franz Schacherl, Franz Schuster";"ja";"";"";"228";"10";"https://www.wwpipe.at/web-portal/complex-description/0816311"
"Pirquethof";"1160 Wien, Herbststrasse Herbststrasse";"1929";"1930";"";"Wilhelm Baumgarten, Josef Hofbauer";"nein";"";"";"236";"7";"https://www.wwpipe.at/web-portal/complex-description/0816318"
"Severhof";"1160 Wien, Maroltingergasse Maroltingergasse";"1930";"1931";"";"Alexander Popp";"ja";"";"";"83";"6";"https://www.wwpipe.at/web-portal/complex-description/0816324"
"Siegelhof";"1160 Wien, Redtenbachergasse Redtenbachergasse";"1930";"1931";"";"Franz Kuhn";"nein";"";"";"93";"3";"https://www.wwpipe.at/web-portal/complex-description/0816325"
"Adelheid-Popp-Hof";"1160 Wien, Possingergasse Possingergasse";"1932";"1933";"";"Franz Otto Bˆhm, Karl Kotal, Karl Ehn";"ja";"";"";"235";"7";"https://www.wwpipe.at/web-portal/complex-description/0816331"
"Austerlitz-Hof";"1160 Wien, Lorenz-Mandl-Gasse Lorenz-Mandl-Gasse";"1933";"1933";"";"Gottlieb Michal";"ja";"";"";"129";"0";"https://www.wwpipe.at/web-portal/complex-description/0816332"
"Franz-Novy-Hof";"1160 Wien, Koppstraﬂe Koppstraﬂe";"1950";"1954";"";"Anton Potyka, Franz Gomsi, Heinz Rollig, Friedrich (Fritz) Novotny, Erich Kaindl, Friedrich Lang, Viktor Werbik, Karl Schneidmesser";"ja";"";"";"793";"25";"https://www.wwpipe.at/web-portal/complex-description/0816342"
"Fleminghof";"1160 Wien, Josef-Weinheber Platz Josef-Weinheber Platz";"1954";"1957";"";"Robert Zeidner, Franz Knobloch, Viktor Kromp, Otto Kugler, Hanns Kunath";"ja";"";"";"525";"30";"https://www.wwpipe.at/web-portal/complex-description/0816354"
"Berliner Hof";"1160 Wien, Koppstraﬂe Koppstraﬂe";"1955";"1958";"";"Leopold (Leo) Fellner, Josef Chromy, Brigitte Wiedmann, Wilhelm Twerdy, Heinrich (Heinz) Reiter, Rainer Stelzig";"nein";"";"";"247";"15";"https://www.wwpipe.at/web-portal/complex-description/0816357"
"Wiedenhoferhof";"1170 Wien, Zeillergasse Zeillergasse";"1924";"1925";"";"Josef Frank";"nein";"";"";"241";"38";"https://www.wwpipe.at/web-portal/complex-description/0817304"
"T¸rkenritthof";"1170 Wien, Hernalser Hauptstraﬂe Hernalser Hauptstraﬂe";"1927";"1928";"";"Paul Hoppe";"ja";"";"";"77";"20";"https://www.wwpipe.at/web-portal/complex-description/0817307"
"Holyhof";"1170 Wien, Gr‰ffergasse Gr‰ffergasse";"1928";"1929";"";"Rudolf Perco";"nein";"";"";"103";"3";"https://www.wwpipe.at/web-portal/complex-description/0817310"
"Eiflerhof";"1170 Wien, Hernalser Hauptstraﬂe Hernalser Hauptstraﬂe";"1930";"1931";"";"Otto Prutscher";"nein";"";"";"183";"9";"https://www.wwpipe.at/web-portal/complex-description/0817312"
"Wohnhausanlage Freiheitssiedlung";"1170 Wien, Steinm¸llergasse Steinm¸llergasse";"1953";"1954";"";"Franz Lax, Herbert Prehsler, Eduard F. Sekler";"ja";"";"";"125";"6";"https://www.wwpipe.at/web-portal/complex-description/0817321"
"Karl-Panek-Hof";"1170 Wien, Neuwaldegger Straﬂe Neuwaldegger Straﬂe";"";"";"1954";"Josef Horacek";"ja";"";"";"116";"10";"https://www.wwpipe.at/web-portal/complex-description/0817327"
"Pfannenstielhof";"1180 Wien, Kreuzgasse Kreuzgasse";"1924";"1925";"";"Erich Franz Leischner";"ja";"";"";"176";"17";"https://www.wwpipe.at/web-portal/complex-description/0818302"
"Lindenhof";"1180 Wien, Kreuzgasse Kreuzgasse";"1924";"1925";"";"Karl Ehn";"ja";"";"";"306";"34";"https://www.wwpipe.at/web-portal/complex-description/0818303"
"Toeplerhof";"1180 Wien, W‰hringer Straﬂe W‰hringer Straﬂe";"1927";"1928";"";"Konstantin Peller";"nein";"";"";"64";"8";"https://www.wwpipe.at/web-portal/complex-description/0818311"
"Ernst-Karl-Winter-Hof";"1180 Wien, Thimiggasse Thimiggasse";"1952";"1955";"";"Friedrich Euler, Herbert Thurner";"ja";"";"";"163";"15";"https://www.wwpipe.at/web-portal/complex-description/0818328"
"Klosehof";"1190 Wien, Philippovichgasse Philippovichgasse";"1924";"1925";"";"Josef Hoffmann";"ja";"";"";"143";"28";"https://www.wwpipe.at/web-portal/complex-description/0819301"
"Karl-Mark-Hof";"1190 Wien, Obkirchergasse Obkirchergasse";"1924";"1925";"";"Wilhelm Peterle";"nein";"";"";"279";"16";"https://www.wwpipe.at/web-portal/complex-description/0819302"
"Professor-Jodl-Hof";"1190 Wien, Dˆblinger G¸rtel Dˆblinger G¸rtel";"1925";"1926";"";"Rudolf Frass, Rudolf Perco, Karl Dorfmeister";"nein";"";"";"227";"19";"https://www.wwpipe.at/web-portal/complex-description/0819304"
"Pestalozzi-Hof";"1190 Wien, Philippovichgasse Philippovichgasse";"1925";"1926";"";"Ella Briggs";"ja";"";"";"126";"7";"https://www.wwpipe.at/web-portal/complex-description/0819305"
"Svobodahof";"1190 Wien, Heiligenst‰dter Straﬂe Heiligenst‰dter Straﬂe";"1926";"1927";"";"Karl Ehn";"nein";"";"";"56";"1";"https://www.wwpipe.at/web-portal/complex-description/0819306"
"Karl-Marx-Hof";"1190 Wien, Heiligenst‰dter Strasse Heiligenst‰dter Strasse";"1927";"1930";"";"Karl Ehn";"ja";"";"";"1271";"45";"https://www.wwpipe.at/web-portal/complex-description/0819308"
"Rebec-Hof";"1190 Wien, Flotowgasse Flotowgasse";"1929";"1929";"";"Rudolf Goebl";"nein";"";"";"23";"1";"https://www.wwpipe.at/web-portal/complex-description/0819311"
"Dittes-Hof";"1190 Wien, Heiligenst‰dter Straﬂe Heiligenst‰dter Straﬂe";"1928";"1929";"";"Arnold Karplus";"ja";"";"";"280";"31";"https://www.wwpipe.at/web-portal/complex-description/0819312"
"Julius-Deutsch-Hof";"1190 Wien, Grinzinger Allee Grinzinger Allee";"1952";"1953";"";"Carl Wilhelm Schmidt, Rudolf Eisler";"ja";"";"";"210";"5";"https://www.wwpipe.at/web-portal/complex-description/0819327"
"Kopenhagen-Hof";"1190 Wien, Schegargasse Schegargasse";"1956";"1958";"";"Wilhelm Hubatsch, Lucia Aichinger, Florian Omasta, Fritz Pariasek, Friedrich Punzmann, Joachim Peters, Hans Pfann, Eduard Bˆhm";"ja";"";"";"433";"50";"https://www.wwpipe.at/web-portal/complex-description/0819347"
"Robert-Blum-Hof";"1200 Wien, Engerthstraﬂe Engerthstraﬂe";"1923";"1924";"";"Erich Franz Leischner, Hubert Gessner";"ja";"";"";"243";"28";"https://www.wwpipe.at/web-portal/complex-description/0820301"
"Otto-Haas-Hof";"1200 Wien, Winarskystraﬂe Winarskystraﬂe";"1924";"1926";"";"Karl Dirnhuber, Adolf Loos, Franz Schuster, Margarete Sch¸tte-Lihotzky";"nein";"";"";"264";"16";"https://www.wwpipe.at/web-portal/complex-description/0820302"
"Winarskyhof";"1200 Wien, Stromstraﬂe Stromstraﬂe";"1924";"1925";"";"Josef Hoffmann, Oskar Strnad, Oskar Wlach, Josef Frank, Peter Behrens";"nein";"";"";"559";"16";"https://www.wwpipe.at/web-portal/complex-description/0820303"
"Plocekhof";"1200 Wien, Denisgasse Denisgasse";"1925";"1926";"";"Paul May, Adolf Paar";"nein";"";"";"117";"4";"https://www.wwpipe.at/web-portal/complex-description/0820304"
"Janecek-Hof";"1200 Wien, Donaueschingenstraﬂe Donaueschingenstraﬂe";"1925";"1926";"";"Wilhelm Peterle";"ja";"";"";"725";"3";"https://www.wwpipe.at/web-portal/complex-description/0820305"
"Grossmannhof";"1200 Wien, Denisgasse Denisgasse";"1925";"1926";"";"Anton Valentin, Wilhelm Rumler, Viktor Reiter";"nein";"";"";"82";"11";"https://www.wwpipe.at/web-portal/complex-description/0820306"
"Beerhof";"1200 Wien, Engerthstraﬂe Engerthstraﬂe";"1925";"1926";"";"Wilhelm Peterle, Karl Schmalhofer";"ja";"";"";"421";"13";"https://www.wwpipe.at/web-portal/complex-description/0820307"
"Szydzina-Hof";"1200 Wien, Salzachstraﬂe Salzachstraﬂe";"1925";"1926";"";"Karl Ehn";"nein";"";"";"66";"5";"https://www.wwpipe.at/web-portal/complex-description/0820308"
"Georg Schmiedel-Hof";"1200 Wien, Kluckygasse Kluckygasse";"1927";"1928";"";"Viktor Ignaz Weixler";"ja";"";"";"77";"10";"https://www.wwpipe.at/web-portal/complex-description/0820309"
"Pokornyhof";"1200 Wien, Leipziger Straﬂe Leipziger Straﬂe";"1928";"1929";"";"Siegmund Katz, Hans Pfann, Erwin Johannes Ilz";"nein";"";"";"116";"4";"https://www.wwpipe.at/web-portal/complex-description/0820311"
"Gerlhof";"1200 Wien, Stromstraﬂe Stromstraﬂe";"1930";"1931";"";"Heinrich Ried";"ja";"";"";"357";"18";"https://www.wwpipe.at/web-portal/complex-description/0820313"
"Karl-Michal-Hof";"1200 Wien, Brigittaplatz Brigittaplatz";"1951";"1951";"";"Helmut Schinzel, Heinrich Vana";"ja";"";"";"145";"11";"https://www.wwpipe.at/web-portal/complex-description/0820332"
"Otto-Gratzl-Hof";"1200 Wien, Engerthstraﬂe Engerthstraﬂe";"1954";"1957";"";"August Bauer, Josef Hansmann";"ja";"";"";"351";"10";"https://www.wwpipe.at/web-portal/complex-description/0820335"
"Franz-Bretschneider-Hof";"1210 Wien, Mitterhofergasse Mitterhofergasse";"1924";"1925";"";"Hans Reiser, Gustav Schl‰frig";"ja";"";"";"91";"16";"https://www.wwpipe.at/web-portal/complex-description/0821303"
"Schlinger-Hof";"1210 Wien, Br¸nner Straﬂe Br¸nner Straﬂe";"1924";"1926";"";"Hans Glaser";"nein";"";"";"397";"52";"https://www.wwpipe.at/web-portal/complex-description/0821306"
"Bieler Hof";"1210 Wien, Kinzerplatz Kinzerplatz";"1926";"1927";"";"Adolf Stˆckl";"ja";"";"";"96";"10";"https://www.wwpipe.at/web-portal/complex-description/0821312"
"Karl-Seitz-Hof";"1210 Wien, Jedleseer Straﬂe Jedleseer Straﬂe";"1926";"1931";"";"Hubert Gessner";"ja";"";"";"1128";"64";"https://www.wwpipe.at/web-portal/complex-description/0821313"
"Appel-Hof";"1210 Wien, Prager Straﬂe Prager Straﬂe";"1931";"1932";"";"Erich Franz Leischner";"nein";"";"";"159";"10";"https://www.wwpipe.at/web-portal/complex-description/0821322"
"Paul-Speiser-Hof";"1210 Wien, Freytaggasse Freytaggasse";"1929";"1932";"";"Leopold Bauer, Karl Scheffel, Ernst Lichtblau, Hans Glaser";"nein";"";"";"460";"13";"https://www.wwpipe.at/web-portal/complex-description/0821324"
"Dag-Hammerskjˆld-Hof";"1210 Wien, An der oberen alten Donau An der oberen alten Donau";"1958";"1960";"";"Emil Dietrich, Rudolf Brandst‰tter, Erika Hotzy-Peters";"ja";"";"";"390";"13";"https://www.wwpipe.at/web-portal/complex-description/0621365"
"Sch¸ttauhof";"1220 Wien, Schiffm¸hlenstraﬂe Schiffm¸hlenstraﬂe";"1924";"1925";"";"Ludwig Tremmel, Alfred Rodler, Alfred Stutterheim";"nein";"";"";"271";"13";"https://www.wwpipe.at/web-portal/complex-description/0822309"
"Goethehof";"1220 Wien, Sch¸ttaustraﬂe Sch¸ttaustraﬂe";"1929";"1930";"";"Heinrich Schopper, Alfred Chalusch, Victor Mittag, Johann Rothm¸ller, Karl Hauschka, Rudolf Frass, Hugo Mayer";"ja";"";"";"784";"29";"https://www.wwpipe.at/web-portal/complex-description/0822310"
"Alois Glauer Hof";"1230 Wien, Erlaaer Straﬂe Erlaaer Straﬂe";"1953";"1954";"";"Karl Maria Lang, Emil Hoppe";"ja";"";"";"118";"7";"https://www.wwpipe.at/web-portal/complex-description/0823303"
"Wilhelm Hartl-Hof";"1230 Wien, Breitenfurter Straﬂe Breitenfurter Straﬂe";"1956";"1958";"";"Stephan A. Kraft";"ja";"";"";"54";"9";"https://www.wwpipe.at/web-portal/complex-description/0823342"
"Franz-Kinkor-Hof";"1150 Wien, Johnstraﬂe Johnstraﬂe";"1969";"1973";"";"Walter Jaksch";"ja";"";"";"43";"4";"https://www.wwpipe.at/web-portal/complex-description/1115362"
"Karl-Holoubek-Hof";"1150 Wien, Schwendergasse Schwendergasse";"1972";"1976";"";"Anton Potyka";"ja";"";"";"81";"4";"https://www.wwpipe.at/web-portal/complex-description/1115364"
"Karl-Kautsky-Hof";"1220 Wien, Ziegelhofstraﬂe Ziegelhofstraﬂe";"1972";"1975";"";"Oskar Payer";"ja";"";"";"971";"10";"https://www.wwpipe.at/web-portal/complex-description/1122367"
"Julius-Bermann-Hof";"1020 Wien, Zirkusgasse Zirkusgasse";"1973";"1975";"";"Helmut Leierer";"nein";"";"";"163";"9";"https://www.wwpipe.at/web-portal/complex-description/1202360"
"Robert-Uhlir-Hof";"1020 Wien, Engerthstraﬂe Engerthstraﬂe";"1975";"1978";"";"Gottfried Fickl, Edgar Gˆth";"ja";"";"";"550";"28";"https://www.wwpipe.at/web-portal/complex-description/1202362"
"Olof Palme-Hof";"1100 Wien, Ada-Christen-Gasse Ada-Christen-Gasse";"1972";"1976";"";"Wilhelm Kleyhons, Carl Aubˆck";"ja";"";"";"404";"41";"https://www.wwpipe.at/web-portal/complex-description/1210426"
"Franz-Graczoll-Hof";"1150 Wien, Flachgasse Flachgasse";"1974";"1977";"";"Richard Jicha, Leopoldine Schwarzinger";"nein";"";"";"116";"3";"https://www.wwpipe.at/web-portal/complex-description/1215375"
"Dr.-Gerhard-Weiﬂenberg-Hof";"1150 Wien, Hofmoklgasse Hofmoklgasse";"1975";"1977";"";"Josef Baudys, Karl Hosmann";"nein";"";"";"90";"1";"https://www.wwpipe.at/web-portal/complex-description/1215379"
"Ernst-Papanek-Hof";"1150 Wien, Oelweingasse Oelweingasse";"1975";"1976";"";"Peter Tˆlzer, Maria Tˆlzer";"ja";"";"";"33";"1";"https://www.wwpipe.at/web-portal/complex-description/1215382"
"Karl-Czernetz-Hof";"1150 Wien, Clementinengasse Clementinengasse";"1976";"1978";"";"Josef Seeberger";"ja";"";"";"50";"6";"https://www.wwpipe.at/web-portal/complex-description/1215391"
"August-Scholz-Hof";"1160 Wien, Panikengasse Panikengasse";"1973";"1983";"";"Michael Wachberger, Hedwig (Hedy) Wachberger";"ja";"";"";"98";"4";"https://www.wwpipe.at/web-portal/complex-description/1216368"
"Rosa-Albach-Retty-Hof";"1190 Wien, Billrothstraﬂe Billrothstraﬂe";"1973";"1975";"";"Hanns Kunath";"ja";"";"";"70";"14";"https://www.wwpipe.at/web-portal/complex-description/1219385"
"Karl-Heinz-Hof";"1210 Wien, Gerichtsgasse Gerichtsgasse";"1974";"1975";"";"G¸nter Krisch, Josef Ludwig Kalbac";"nein";"";"";"71";"2";"https://www.wwpipe.at/web-portal/complex-description/1221402"
"Dr. Franz-Koch-Hof";"1210 Wien, Mitterhofergasse Mitterhofergasse";"1975";"1978";"";"Bauring Wien-Interconstruct, Wilhelm Sedlak GesmbH";"ja";"";"";"1426";"47";"https://www.wwpipe.at/web-portal/complex-description/1221403"
"Alfred Klinkan-Hof";"1220 Wien, Donaustadtstraﬂe Donaustadtstraﬂe";"1973";"1975";"";"Hermann Kutschera";"ja";"";"";"528";"11";"https://www.wwpipe.at/web-portal/complex-description/1222366"
"Frieda-Nˆdl-Hof";"1030 Wien, Rochusgasse Rochusgasse";"1977";"1978";"";"Herbert M¸ller-Hartburg";"ja";"";"";"33";"10";"https://www.wwpipe.at/web-portal/complex-description/1403381"
"Leopold-Thaller-Hof";"1030 Wien, Baumgasse Baumgasse";"1976";"1978";"";"Gerd Neversal";"nein";"";"";"33";"4";"https://www.wwpipe.at/web-portal/complex-description/1403385"
"Josef-Bohmann-Hof";"1220 Wien, Oskar-Grissemann-Straﬂe Oskar-Grissemann-Straﬂe";"1976";"1978";"";"Udo Schrittwieser, Eva Mang, Johann Georg Gsteu, Alfred Viktor Pal, Annemarie Obermann, Egon Fraundorfer, Manfred Stein, G¸nther Schuster, Karl Mang";"ja";"";"";"1329";"52";"https://www.wwpipe.at/web-portal/complex-description/1422370"
"August-Bergmann-Hof";"1040 Wien, Favoritenstraﬂe Favoritenstraﬂe";"1978";"1981";"";"Karl Schwanzer, Gerhard Krampf";"ja";"";"";"62";"12";"https://www.wwpipe.at/web-portal/complex-description/1504319"
"Otto-Limanovsky-Hof";"1070 Wien, Westbahnstraﬂe Westbahnstraﬂe";"1979";"1981";"";"Erich Schnˆgass";"nein";"";"";"54";"3";"https://www.wwpipe.at/web-portal/complex-description/1507316"
"Karl-Wrba-Hof";"1100 Wien, Sahulkastraﬂe Sahulkastraﬂe";"1972";"1982";"";"Franz Kaminsky, Stefan Karabiberoff, Rupert Falkner, Helmut Schultmeyer, Werner Schrˆfl, Matth‰us Jiszda II., Gunter Wratzfeld, Hedwig (Hedy) Wachberger, Ernst W. Irsigler";"ja";"";"";"1045";"43";"https://www.wwpipe.at/web-portal/complex-description/1510429"
"Anton-Matourek-Hof";"1150 Wien, Rustengasse Rustengasse";"1977";"1979";"";"Leopold (Leo) Fellner";"ja";"";"";"35";"1";"https://www.wwpipe.at/web-portal/complex-description/1515385"
"Pablo-Neruda-Hof";"1180 Wien, Gersthofer Straﬂe Gersthofer Straﬂe";"1980";"1980";"";"Helmut Schinzel, Josef Czapka";"ja";"";"";"65";"9";"https://www.wwpipe.at/web-portal/complex-description/1518338"
"Leopold-Horacek-Hof";"1220 Wien, Lenkgasse Lenkgasse";"1975";"1977";"";"Georg Ladst‰tter";"ja";"";"";"125";"4";"https://www.wwpipe.at/web-portal/complex-description/1522371"
"Franz-Ramel-Hof";"1040 Wien, Rainergasse Rainergasse";"1979";"1981";"";"Bruno Tinhofer";"nein";"";"";"34";"1";"https://www.wwpipe.at/web-portal/complex-description/1604321"
"Alfred-Porges-Hof";"1060 Wien, Gumpendorfer Straﬂe Gumpendorfer Straﬂe";"1981";"1983";"";"Rudolf Hautmann";"ja";"";"";"26";"1";"https://www.wwpipe.at/web-portal/complex-description/1606322"
"Rudolf-Krammer-Hof";"1060 Wien, Mollardgasse Mollardgasse";"1980";"1983";"";"Manfred Schuster, Franz Kiener";"nein";"";"";"50";"6";"https://www.wwpipe.at/web-portal/complex-description/1606323"
"Ernst-Kirchweger-Hof";"1100 Wien, Sonnwendgasse Sonnwendgasse";"1979";"1981";"";"Reiner Wieden";"nein";"";"";"20";"0";"https://www.wwpipe.at/web-portal/complex-description/1610428"
"Hermine-Fiala-Hof";"1100 Wien, Troststraﬂe Troststraﬂe";"1980";"1982";"";"Erwin H(einz) Dusl, Fritz Oberdorfer, Friedrich (Fritz) Novotny, Wilhelm (Willi) Gehrke, Erich Hofbauer";"nein";"";"";"398";"16";"https://www.wwpipe.at/web-portal/complex-description/1610431"
"Felix-Swoboda Hof";"1110 Wien, Mitterfeldgasse Mitterfeldgasse";"1980";"1983";"";"Gerd Handsur, Hannes Roller, Helmut Franz Ohner";"nein";"";"";"144";"3";"https://www.wwpipe.at/web-portal/complex-description/1611401"
"Dr.-Adolf-Sch‰rf-Hof";"1160 Wien, Roterdstraﬂe Roterdstraﬂe";"1981";"1983";"";"Helmut Grasberger, Othmar Augustin, Karl Mang, Matthias Lukas Lang, G¸nter Krisch";"ja";"";"";"329";"15";"https://www.wwpipe.at/web-portal/complex-description/1616392"
"Friedrich-Holomek-Hof";"1180 Wien, Martinstraﬂe Martinstraﬂe";"1981";"1983";"";"Franz Englerth";"nein";"";"";"20";"2";"https://www.wwpipe.at/web-portal/complex-description/1618340"
"Federico-Garcia-Lorca-Hof";"1210 Wien, Schliemanngasse Schliemanngasse";"1979";"1981";"";"Wolfgang Eder, G¸nther Oberhofer";"nein";"";"";"40";"0";"https://www.wwpipe.at/web-portal/complex-description/1621408"
"Hedwig-Lehnert-Hof";"1210 Wien, Prager Straﬂe Prager Straﬂe";"1981";"1983";"";"Pauline Lamprecht, Dieter Bernstein";"ja";"";"";"183";"11";"https://www.wwpipe.at/web-portal/complex-description/1621411"
"Stella-Klein-Lˆw-Hof";"1020 Wien, Taborstraﬂe Taborstraﬂe";"1985";"1987";"";"Franz Morawez";"nein";"";"";"50";"2";"https://www.wwpipe.at/web-portal/complex-description/1702372"
"Karl-Waldbrunner-Hof";"1030 Wien, Lechnerstraﬂe Lechnerstraﬂe";"1981";"1984";"";"Sepp Frank, Peter Lindner, Erwin Fleckseder, Heinz Neumann";"ja";"";"";"512";"6";"https://www.wwpipe.at/web-portal/complex-description/1703389"
"Franz-Bauer-Hof";"1060 Wien, Gumpendorfer Straﬂe Gumpendorfer Straﬂe";"1983";"1985";"";"Josef Becvar, Wolfgang Neumann";"nein";"";"";"53";"9";"https://www.wwpipe.at/web-portal/complex-description/1706325"
"Ankerbrotgr¸nde";"1100 Wien, Absberggasse Absberggasse";"1982";"1985";"";"Helmuth Kunze, Kurt Neugebauer, Carl Appel, Friedrich Albrecht, Herbert M¸ller-Hartburg, Robert Sturmberger";"nein";"";"";"404";"14";"https://www.wwpipe.at/web-portal/complex-description/1710434"
"Helene-Potetz-Hof";"1120 Wien, Rosenh¸gelstraﬂe Rosenh¸gelstraﬂe";"1984";"1987";"";"Manfred Rapf, Edith Lassmann";"nein";"";"";"45";"0";"https://www.wwpipe.at/web-portal/complex-description/1712401"
"Christine-Busta-Hof";"1160 Wien, Wichtelgasse Wichtelgasse";"1984";"1985";"";"G¸nther Oberhofer";"nein";"";"";"18";"0";"https://www.wwpipe.at/web-portal/complex-description/1716397"
"Bruno-Kreisky-Hof";"1170 Wien, Hernalser Hauptstraﬂe Hernalser Hauptstraﬂe";"1983";"1987";"";"Anton Holtermann, Walter Schneider, Klaus Aggermann";"ja";"";"";"279";"40";"https://www.wwpipe.at/web-portal/complex-description/1717353"
"Aldo-Moro-Hof";"1180 Wien, Antonigasse Antonigasse";"1985";"1986";"";"Wilfried Fragner";"nein";"";"";"20";"1";"https://www.wwpipe.at/web-portal/complex-description/1718344"
"Franz-Weber-Hof";"1190 Wien, Weinberggasse Weinberggasse";"1983";"1988";"";"Helmut Richter, Manfred Hirschler, Peter Erblich, Helmut Puschner, Helmut Christen, Walter Hoffelner, Peter Scheufler, Michael Stepanek, Heidulf Gerngroﬂ, Hans Kukula, Bernd Stanzel, Karl Mang, Eva Mang, Stefan K. H¸bner, Ernst Hoffmann, Heinz Dieter Kajaba, Peter Scheifinger, Helmut Wimmer, Gerhard Kroj, Anton Schweighofer, Helmut Schultmeyer, Johann Brennig";"ja";"";"";"430";"33";"https://www.wwpipe.at/web-portal/complex-description/1719392"
"Josef-Pfeifer-Hof";"1030 Wien, Landstraﬂer Hauptstraﬂe Landstraﬂer Hauptstraﬂe";"1988";"1990";"";"Architektenguppe U-Bahn";"ja";"";"";"18";"0";"https://www.wwpipe.at/web-portal/complex-description/1903396"
"Bruno-Marek-Hof";"1060 Wien, Gumpendorfer Straﬂe Gumpendorfer Straﬂe";"1986";"1988";"";"Timo Penttil‰";"ja";"";"";"69";"8";"https://www.wwpipe.at/web-portal/complex-description/1906327"
"Max-Bˆhm-Hof";"1080 Wien, Tigergasse Tigergasse";"1986";"1988";"";"Eva Weil";"ja";"";"";"26";"0";"https://www.wwpipe.at/web-portal/complex-description/1908309"
"Josef-Schober-Hof";"1090 Wien, Gr¸nentorgasse Gr¸nentorgasse";"1987";"1989";"";"Helmut Franz Ohner";"nein";"";"";"37";"1";"https://www.wwpipe.at/web-portal/complex-description/1909352"
"Nora-Hiltl-Hof";"1130 Wien, Anton-Langer-Gasse Anton-Langer-Gasse";"1985";"1988";"";"Ernst-Helmar Zwick";"ja";"";"";"14";"2";"https://www.wwpipe.at/web-portal/complex-description/1913355"
"Josef-Hala-Hof";"1180 Wien, Schulgasse Schulgasse";"1986";"1987";"";"Viktor Hufnagl";"ja";"";"";"36";"1";"https://www.wwpipe.at/web-portal/complex-description/1918349"
"Friederike-Seidl-Hof";"1050 Wien, Viktor-Christ-Gasse Viktor-Christ-Gasse";"1989";"1991";"";"G¸nter Lautner, Cornelia Schindler, Rudolf Szedenik, Peter Scheifinger";"ja";"";"";"31";"1";"https://www.wwpipe.at/web-portal/complex-description/2005357"
"Maria-Restituta-Hof";"1050 Wien, Margaretenstraﬂe Margaretenstraﬂe";"1992";"1994";"";"Werner Obermann, G¸nther Schuster";"ja";"";"";"44";"2";"https://www.wwpipe.at/web-portal/complex-description/2105361"
"Rudolf-von-Alt-Hof";"1080 Wien, Skodagasse Skodagasse";"1992";"1994";"";"Robert Labi";"nein";"";"";"16";"1";"https://www.wwpipe.at/web-portal/complex-description/2108310"
"Rudolf-Krbec-Hof";"1220 Wien, Schiffm¸hlenstraﬂe Schiffm¸hlenstraﬂe";"1990";"1991";"";"Gottfried Fickl";"nein";"";"";"98";"2";"https://www.wwpipe.at/web-portal/complex-description/2122382"
"Viktor-Frankl-Hof";"1020 Wien, Zirkusgasse Zirkusgasse";"1996";"1997";"";"Michael Mann, Peter Mlczoch";"nein";"";"";"24";"0";"https://www.wwpipe.at/web-portal/complex-description/2302384"
"Adolf-Scharner-Hof";"1040 Wien, Goldeggasse Goldeggasse";"1993";"1994";"";"Erich Amon";"nein";"";"";"16";"1";"https://www.wwpipe.at/web-portal/complex-description/2304330"
"Hildegard-Burjan-Hof";"1130 Wien, Speisinger Straﬂe Speisinger Straﬂe";"1994";"1995";"";"Walter Buck";"nein";"";"";"31";"5";"https://www.wwpipe.at/web-portal/complex-description/2313356"
"Franz-Gawlik-Hof";"1150 Wien, Goldschlagstraﬂe Goldschlagstraﬂe";"1998";"1999";"";"Freya Brandl";"nein";"";"";"13";"1";"https://www.wwpipe.at/web-portal/complex-description/2315437"
"Margarete-Sch¸tte-Lihotzky-Hof";"1210 Wien, Donaufelder Straﬂe Donaufelder Straﬂe";"1995";"1997";"";"Liselotte Peretti, Franziska Ullmann";"ja";"";"";"174";"10";"https://www.wwpipe.at/web-portal/complex-description/2321430"
"Europan";"1220 Wien, Rosalia-Chladek-Gasse Rosalia-Chladek-Gasse";"1993";"1998";"";"Martin Feiersinger, Bernd Stanzel, Georg Friedler";"nein";"";"";"182";"5";"https://www.wwpipe.at/web-portal/complex-description/2322384"
"Naturnahes Wohnen";"1220 Wien, Fred-Raymond-Gasse Fred-Raymond-Gasse";"1994";"1996";"";"Martin Treberspurg";"nein";"";"";"41";"0";"https://www.wwpipe.at/web-portal/complex-description/2322390"
"Erzherzog-Karl-Stadt";"1220 Wien, Erzherzog-Karl-Straﬂe Erzherzog-Karl-Straﬂe";"1997";"1999";"";"Gustav Peichl, Rudolf Felix Weber";"nein";"";"";"206";"2";"https://www.wwpipe.at/web-portal/complex-description/2322392"
"Donaufelderhof";"1220 Wien, Arakawastraﬂe Arakawastraﬂe";"1995";"1999";"";"Elsa Prochazka, Ernst Hoffmann, Otto H‰uselmayer";"nein";"";"";"107";"2";"https://www.wwpipe.at/web-portal/complex-description/2322396"
"Leopold-Mayrhofer-Hof";"1130 Wien, Steckhovengasse Steckhovengasse";"1957";"1959";"";"Franz Zajicek";"nein";"";"";"48";"1";"https://www.wwpipe.at/web-portal/complex-description/0513317"
"Fischerstiege 4-8";"1010 Wien, Fischerstiege Fischerstiege";"1951";"1953";"";"Otto Niedermoser";"ja";"";"";"66";"16";"https://www.wwpipe.at/web-portal/complex-description/0801304"
"Salvatorgasse 10";"1010 Wien, Salvatorgasse Salvatorgasse";"1952";"1954";"";"Otto Niedermoser";"ja";"";"";"116";"30";"https://www.wwpipe.at/web-portal/complex-description/0801305"
"Rudolfsplatz 8";"1010 Wien, Rudolfsplatz Rudolfsplatz";"1959";"1960";"";"Hanns Miedel jun.";"nein";"";"";"44";"12";"https://www.wwpipe.at/web-portal/complex-description/0601309"
"Ausstellungsstraﬂe 43";"1020 Wien, Ausstellungsstraﬂe Ausstellungsstraﬂe";"1960";"1961";"";"Victor Mittag";"nein";"";"";"18";"2";"https://www.wwpipe.at/web-portal/complex-description/0302015"
"Gredlerstraﬂe 7";"1020 Wien, Gredlerstraﬂe Gredlerstraﬂe";"1959";"1961";"";"Hans Pfann";"nein";"2015";"2022";"97";"3";"https://www.wwpipe.at/web-portal/complex-description/0302030"
"Mexikoplatz 25";"1020 Wien, Mexikoplatz Mexikoplatz";"1957";"1958";"";"Andreas Hofer";"nein";"";"";"48";"5";"https://www.wwpipe.at/web-portal/complex-description/0302037"
"Negerlegasse 4";"1020 Wien, Negerlegasse Negerlegasse";"1962";"1965";"";"Alfred Viktor Pal";"nein";"2015";"2019";"52";"3";"https://www.wwpipe.at/web-portal/complex-description/0302038"
"Blumauergasse 24";"1020 Wien, Blumauergasse Blumauergasse";"1965";"1967";"";"Wilhelm Cermak";"nein";"";"";"15";"2";"https://www.wwpipe.at/web-portal/complex-description/0302041"
"Engerthstraﬂe 230";"1020 Wien, Engerthstraﬂe Engerthstraﬂe";"1930";"1931";"";"Josef Hahn";"nein";"";"";"350";"6";"https://www.wwpipe.at/web-portal/complex-description/0802319"
"Quellenstraﬂe 24a";"1100 Wien, Quellenstraﬂe Quellenstraﬂe";"1928";"1929";"";"Max Hans Joli";"nein";"";"";"175";"10";"https://www.wwpipe.at/web-portal/complex-description/0810316"
"Linke Wienzeile 6";"1060 Wien, Linke Wienzeile Linke Wienzeile";"1901";"1902";"";"Fellner & Helmer";"ja";"";"";"11";"0";"https://www.wwpipe.at/web-portal/complex-description/0306013"
"Aichholzgasse 52";"1120 Wien, Aichholzgasse Aichholzgasse";"1929";"1930";"";"Karl Dirnhuber";"nein";"";"";"0";"3";"https://www.wwpipe.at/web-portal/complex-description/0812324"
"Kapaunplatz 1";"1200 Wien, Kapaunplatz Kapaunplatz";"1930";"1932";"";"Rudolf Perco";"ja";"";"";"30";"1";"https://www.wwpipe.at/web-portal/complex-description/0820318"
"Wollzeile 27";"1010 Wien, Wollzeile Wollzeile";"1938";"1942";"";"Hans Schimitzek";"ja";"";"";"18";"6";"https://www.wwpipe.at/web-portal/complex-description/0801302"
"Heinestraﬂe 5-7";"1020 Wien, Heinestraﬂe Heinestraﬂe";"1957";"1962";"";"Franz Peck";"nein";"";"";"47";"2";"https://www.wwpipe.at/web-portal/complex-description/0302058"
"Darwingasse 12";"1020 Wien, Darwingasse Darwingasse";"1960";"1961";"";"Wilfried Poszpisily";"nein";"";"";"31";"3";"https://www.wwpipe.at/web-portal/complex-description/0302059"
"Negerlegasse 8";"1020 Wien, Negerlegasse Negerlegasse";"1962";"1965";"";"Fritz Sammer";"nein";"2015";"2022";"16";"1";"https://www.wwpipe.at/web-portal/complex-description/0302060"
"Marinelligasse 10";"1020 Wien, Marinelligasse Marinelligasse";"1952";"1956";"";"Alexander Kratky";"nein";"";"";"47";"3";"https://www.wwpipe.at/web-portal/complex-description/0302068"
"Sch¸ttelstraﬂe 3";"1020 Wien, Sch¸ttelstraﬂe Sch¸ttelstraﬂe";"1956";"1959";"";"Margarete Sch¸tte-Lihotzky";"nein";"";"";"38";"2";"https://www.wwpipe.at/web-portal/complex-description/0302069"
"Untere Augartenstraﬂe 1-3";"1020 Wien, Untere Augartenstraﬂe Untere Augartenstraﬂe";"1953";"1954";"";"Karl Vodak sen., Alfred Chalusch";"ja";"";"";"102";"18";"https://www.wwpipe.at/web-portal/complex-description/0302070"
"Springergasse 22";"1020 Wien, Springergasse Springergasse";"1968";"1968";"";"Erika Hotzy-Peters";"nein";"";"";"16";"1";"https://www.wwpipe.at/web-portal/complex-description/0302075"
"Franzensbr¸ckenstraﬂe 19";"1020 Wien, Franzensbr¸ckenstraﬂe Franzensbr¸ckenstraﬂe";"1963";"1963";"";"Jakob Zachar, Alfred Kraupa";"nein";"";"";"65";"6";"https://www.wwpipe.at/web-portal/complex-description/0302078"
"Nordbahnstraﬂe 24";"1020 Wien, Nordbahnstraﬂe Nordbahnstraﬂe";"1962";"1962";"";"Walter Muchar";"nein";"";"";"31";"0";"https://www.wwpipe.at/web-portal/complex-description/0302085"
"Obere Donaustraﬂe 35";"1020 Wien, Obere Donaustraﬂe Obere Donaustraﬂe";"1959";"1950";"";"Sepp Stein";"nein";"";"";"36";"3";"https://www.wwpipe.at/web-portal/complex-description/0302086"
"Franzensbr¸ckenstraﬂe 21";"1020 Wien, Franzensbr¸ckenstraﬂe Franzensbr¸ckenstraﬂe";"1967";"1969";"";"Karl Hosmann";"nein";"";"";"48";"4";"https://www.wwpipe.at/web-portal/complex-description/0302103"
"Marinelligasse 1";"1020 Wien, Marinelligasse Marinelligasse";"1926";"1926";"";"Leopold Schulz";"nein";"";"";"48";"2";"https://www.wwpipe.at/web-portal/complex-description/0802305"
"Radingerstraﬂe 21";"1020 Wien, Radingerstraﬂe Radingerstraﬂe";"1927";"1928";"";"Franz Zabza";"nein";"";"";"17";"1";"https://www.wwpipe.at/web-portal/complex-description/0802306"
"Ybbsstraﬂe 31-33";"1020 Wien, Ybbsstraﬂe Ybbsstraﬂe";"1927";"1927";"";"Ferdinand Kaindl";"nein";"";"";"39";"2";"https://www.wwpipe.at/web-portal/complex-description/0802307"
"Harkortstraﬂe 3";"1020 Wien, Harkortstraﬂe Harkortstraﬂe";"1925";"1927";"";"Otto Nadel";"nein";"";"";"14";"1";"https://www.wwpipe.at/web-portal/complex-description/0802308"
"Ybbsstraﬂe 40-42";"1020 Wien, Ybbsstraﬂe Ybbsstraﬂe";"1927";"1928";"";"Erich Franz Leischner";"ja";"";"";"36";"3";"https://www.wwpipe.at/web-portal/complex-description/0802309"
"Wohlmutstraﬂe 14-16";"1020 Wien, Wohlmutstraﬂe Wohlmutstraﬂe";"1927";"1928";"";"Hans Reiser, Gustav Schl‰frig";"ja";"";"";"105";"8";"https://www.wwpipe.at/web-portal/complex-description/0802310"
"Handelskai 210";"1020 Wien, Handelskai Handelskai";"1928";"1929";"";"Hans Glaser";"nein";"";"";"50";"2";"https://www.wwpipe.at/web-portal/complex-description/0802312"
"Tandelmarktgasse 14";"1020 Wien, Tandelmarktgasse Tandelmarktgasse";"1929";"1930";"";"Konstantin Peller";"nein";"";"";"7";"1";"https://www.wwpipe.at/web-portal/complex-description/0802313"
"Wohlmutstraﬂe 4-6";"1020 Wien, Wohlmutstraﬂe Wohlmutstraﬂe";"1930";"1930";"";"Franz Wiesmann";"nein";"";"";"25";"1";"https://www.wwpipe.at/web-portal/complex-description/0802314"
"Engerthstraﬂe 241-247";"1020 Wien, Engerthstraﬂe Engerthstraﬂe";"1955";"1956";"";"Johann (Hans) Stˆhr, Wilhelm Kaiser, Rudolf Kolowrath";"ja";"";"";"406";"10";"https://www.wwpipe.at/web-portal/complex-description/0802315"
"Wehlistraﬂe 305";"1020 Wien, Wehlistraﬂe Wehlistraﬂe";"1929";"1930";"";"Franz Schacherl";"ja";"";"";"84";"4";"https://www.wwpipe.at/web-portal/complex-description/0802316"
"Wehlistraﬂe 309";"1020 Wien, Wehlistraﬂe Wehlistraﬂe";"1929";"1930";"";"Hans Adolf Vetter";"nein";"";"";"56";"5";"https://www.wwpipe.at/web-portal/complex-description/0802317"
"Obere Augartenstraﬂe 12-14";"1020 Wien, Obere Augartenstraﬂe Obere Augartenstraﬂe";"1930";"1931";"";"Karl Schmalhofer";"ja";"2015";"2020";"188";"17";"https://www.wwpipe.at/web-portal/complex-description/0802318"
"Kafkastraﬂe 11";"1020 Wien, Kafkastraﬂe Kafkastraﬂe";"1931";"1931";"";"Anton Drexler";"nein";"";"";"35";"1";"https://www.wwpipe.at/web-portal/complex-description/0802321"
"Obere Augartenstraﬂe 44";"1020 Wien, Obere Augartenstraﬂe Obere Augartenstraﬂe";"1937";"1938";"";"Konstantin Peller";"nein";"2015";"2019";"81";"2";"https://www.wwpipe.at/web-portal/complex-description/0802324"
"Wehlistraﬂe 156-158";"1020 Wien, Wehlistraﬂe Wehlistraﬂe";"1937";"1938";"";"Franz Wiesmann";"ja";"";"";"50";"1";"https://www.wwpipe.at/web-portal/complex-description/0802326"
"Untere Augartenstraﬂe 15-17";"1020 Wien, Untere Augartenstraﬂe Untere Augartenstraﬂe";"1937";"1939";"";"Gustav Menzel";"nein";"";"";"51";"2";"https://www.wwpipe.at/web-portal/complex-description/0802327"
"Miesbachgasse 15";"1020 Wien, Miesbachgasse Miesbachgasse";"1951";"1952";"";"Viktor Adler";"nein";"";"";"116";"9";"https://www.wwpipe.at/web-portal/complex-description/0802329"
"Untere Augartenstraﬂe 39";"1020 Wien, Untere Augartenstraﬂe Untere Augartenstraﬂe";"1957";"1958";"";"Karl Janeschitz";"ja";"";"";"34";"6";"https://www.wwpipe.at/web-portal/complex-description/0802330"
"Lassallestraﬂe 24";"1020 Wien, Lassallestraﬂe Lassallestraﬂe";"1953";"1954";"";"Leopold Tinhof";"nein";"";"";"37";"4";"https://www.wwpipe.at/web-portal/complex-description/0802331"
"Walcherstraﬂe 10-16";"1020 Wien, Walcherstraﬂe Walcherstraﬂe";"1953";"1954";"";"Karl Heinz Hˆgler";"ja";"";"";"108";"3";"https://www.wwpipe.at/web-portal/complex-description/0802332"
"Edgar-Schranz-Hof";"1020 Wien, Rustenschacherallee Rustenschacherallee";"1954";"1954";"";"Wilhelm Kaiser, Johann (Hans) Stˆhr";"ja";"2015";"2020";"163";"3";"https://www.wwpipe.at/web-portal/complex-description/0802333"
"Kleine Mohrengasse 9";"1020 Wien, Kleine Mohrengasse Kleine Mohrengasse";"1958";"1959";"";"Martha Bolldorf-Reitst‰tter";"ja";"";"";"21";"3";"https://www.wwpipe.at/web-portal/complex-description/0602334"
"Franz-Hochedlinger-Gasse 30-32";"1020 Wien, Franz-Hochedlinger-Gasse Franz-Hochedlinger-Gasse";"1953";"1955";"";"Eduard Berger";"nein";"";"";"43";"7";"https://www.wwpipe.at/web-portal/complex-description/0802335"
"Sturgasse 3-5";"1020 Wien, Sturgasse Sturgasse";"1954";"1956";"";"Rudolf Kolowrath, Wilhelm Kaiser";"nein";"";"";"173";"6";"https://www.wwpipe.at/web-portal/complex-description/0802336"
"Vorgartenstraﬂe 198";"1020 Wien, Vorgartenstraﬂe Vorgartenstraﬂe";"1954";"1955";"";"Robert Fussek";"nein";"";"";"18";"2";"https://www.wwpipe.at/web-portal/complex-description/0802337"
"Vivariumstraﬂe 6-10";"1020 Wien, Vivariumstraﬂe Vivariumstraﬂe";"1955";"1957";"";"Franz Mˆrth, Friedrich Albrecht, Rudolf Angelides, Ferdinand Zimmermann";"ja";"2011";"2017";"149";"7";"https://www.wwpipe.at/web-portal/complex-description/0802338"
"Vorgartenstraﬂe 194";"1020 Wien, Vorgartenstraﬂe Vorgartenstraﬂe";"1955";"1956";"";"Edith Lassmann";"nein";"";"";"19";"0";"https://www.wwpipe.at/web-portal/complex-description/0802339"
"Ausstellungsstraﬂe 67";"1020 Wien, Ausstellungsstraﬂe Ausstellungsstraﬂe";"1955";"1956";"";"Robert Fussek";"nein";"";"";"18";"0";"https://www.wwpipe.at/web-portal/complex-description/0802340"
"Vivariumstraﬂe 13-17";"1020 Wien, Vivariumstraﬂe Vivariumstraﬂe";"1955";"1957";"";"Ferdinand Zimmermann, Rudolf Angelides, Friedrich Pangratz, Franz Mˆrth, Friedrich Albrecht";"nein";"";"";"126";"3";"https://www.wwpipe.at/web-portal/complex-description/0802342"
"Taborstraﬂe 53-55";"1020 Wien, Taborstraﬂe Taborstraﬂe";"1957";"1959";"";"Rudolf Grigkar";"nein";"";"";"33";"5";"https://www.wwpipe.at/web-portal/complex-description/0802344"
"Zirkusgasse 33";"1020 Wien, Zirkusgasse Zirkusgasse";"1958";"1960";"";"Oskar Trubel";"nein";"";"";"33";"4";"https://www.wwpipe.at/web-portal/complex-description/0602345"
"Engerthstraﬂe 237";"1020 Wien, Engerthstrasse Engerthstrasse";"1959";"1960";"";"Franz Schuster, Alfred Wanko, Siegfried Mˆrth, Erich Schlˆss, Josef Wˆhnhart, Erich Boltenstern, Walter Gindele";"ja";"";"";"385";"23";"https://www.wwpipe.at/web-portal/complex-description/0602346"
"Groﬂe Pfarrgasse 16-20";"1020 Wien, Groﬂe Pfarrgasse Groﬂe Pfarrgasse";"1958";"1961";"";"Walther Raschka";"ja";"";"";"16";"3";"https://www.wwpipe.at/web-portal/complex-description/0602347"
"Vorgartenstraﬂe 158-170";"1020 Wien, Vorgartenstraﬂe Vorgartenstraﬂe";"1959";"1962";"";"Adolf Hoch, Carl Rˆssler, Carl Aubˆck";"ja";"";"";"323";"9";"https://www.wwpipe.at/web-portal/complex-description/0602348"
"Heinz-Weiﬂmann-Hof";"1020 Wien, Mexikoplatz Mexikoplatz";"1961";"1962";"";"Franz Mˆrth, Rudolf Angelides, Lutz Lernhart";"ja";"";"";"171";"12";"https://www.wwpipe.at/web-portal/complex-description/0602349"
"Czerninplatz 7";"1020 Wien, Czerninplatz Czerninplatz";"1963";"1964";"";"Heinrich Reitst‰tter, Alois Plessinger";"nein";"";"";"96";"6";"https://www.wwpipe.at/web-portal/complex-description/0602350"
"Eveline-Andrlik-Hof";"1020 Wien, Engerthstraﬂe Engerthstraﬂe";"1963";"1964";"";"Hans Wˆlfl, Wilhelm (Willi) Reichel, Carl Aubˆck, Karl Schwanzer, Hans Riedl";"nein";"";"";"567";"23";"https://www.wwpipe.at/web-portal/complex-description/0602351"
"Wehlistraﬂe 303";"1020 Wien, Wehlistraﬂe Wehlistraﬂe";"1963";"1964";"";"Otto Niedermoser";"nein";"";"";"147";"11";"https://www.wwpipe.at/web-portal/complex-description/0602352"
"Ennsgasse 7-11";"1020 Wien, Ennsgasse Ennsgasse";"1964";"1965";"";"Hermann Aichinger jun., Heinrich Benedikt, Lucia Aichinger";"nein";"";"";"136";"11";"https://www.wwpipe.at/web-portal/complex-description/0602353"
"Mexikoplatz 2-3";"1020 Wien, Mexikoplatz Mexikoplatz";"1966";"1968";"";"Karl Hartl, Erich Boltenstern";"ja";"";"";"112";"5";"https://www.wwpipe.at/web-portal/complex-description/0402355"
"Handelskai 390-392";"1020 Wien, Wehlistraﬂe Wehlistraﬂe";"1967";"1969";"";"Otto Niedermoser";"nein";"";"";"28";"5";"https://www.wwpipe.at/web-portal/complex-description/0402356"
"Dr.-Natterer-Gasse 2-4";"1020 Wien, Dr.-Natterer-Gasse Dr.-Natterer-Gasse";"1967";"1970";"";"Karl Kotal, Felix Nemecic, Kurt Schimak, Rudolf Goder";"ja";"";"";"227";"3";"https://www.wwpipe.at/web-portal/complex-description/0402357"
"Wehlistraﬂe 307";"1020 Wien, Wehlistraﬂe Wehlistraﬂe";"1970";"1971";"";"Max Schmiderer";"nein";"";"";"16";"6";"https://www.wwpipe.at/web-portal/complex-description/0002358"
"Sturgasse 7";"1020 Wien, Sturgasse Sturgasse";"1972";"1975";"";"Wilhelm (Willi) Gehrke, Roland Wagner";"nein";"";"";"154";"5";"https://www.wwpipe.at/web-portal/complex-description/1202359"
"Karlheinz-Hora-Hof";"1020 Wien, Handelskai Handelskai";"1975";"1976";"";"Anton Holtermann, Hugo Potyka, Engelbert Eder";"nein";"";"";"1041";"59";"https://www.wwpipe.at/web-portal/complex-description/1202361"
"Engerthstraﬂe 189-191";"1020 Wien, Engerthstraﬂe Engerthstraﬂe";"1976";"1978";"";"Anton Holtermann, Engelbert Eder, Hugo Potyka";"ja";"";"";"131";"10";"https://www.wwpipe.at/web-portal/complex-description/1402364"
"Wehlistraﬂe 157";"1020 Wien, Wehlistraﬂe Wehlistraﬂe";"1979";"1981";"";"Rupprecht Ottel";"nein";"";"";"30";"0";"https://www.wwpipe.at/web-portal/complex-description/1602365"
"Zirkusgasse 30";"1020 Wien, Zirkusgasse Zirkusgasse";"1981";"1983";"";"Erika Hotzy-Peters, Libuse Partyka, Eugenie Pippal-Kottnig";"nein";"";"";"14";"0";"https://www.wwpipe.at/web-portal/complex-description/1602366"
"Kurt-Heller-Hof";"1020 Wien, Engerthstraﬂe Engerthstraﬂe";"1981";"1983";"";"Adolf Hoch, Karl Leber, Carl A. J. Hala, Heinrich Matha";"ja";"";"";"273";"14";"https://www.wwpipe.at/web-portal/complex-description/1602367"
"Weintraubengasse 6-10";"1020 Wien, Weintraubengasse Weintraubengasse";"1982";"1983";"";"Libuse Partyka, Erika Hotzy-Peters, Eugenie Pippal-Kottnig";"nein";"";"";"26";"1";"https://www.wwpipe.at/web-portal/complex-description/1702368"
"Weintraubengasse 13";"1020 Wien, Weintraubengasse Weintraubengasse";"1982";"1983";"";"Libuse Partyka, Erika Hotzy-Peters, Eugenie Pippal-Kottnig";"nein";"";"";"5";"2";"https://www.wwpipe.at/web-portal/complex-description/1602369"
"Taborstraﬂe 100";"1020 Wien, Taborstraﬂe Taborstraﬂe";"1983";"1985";"";"Edgar Gˆth";"nein";"";"";"29";"1";"https://www.wwpipe.at/web-portal/complex-description/1702371"
"Zirkusgasse 22";"1020 Wien, Zirkusgasse Zirkusgasse";"1985";"1987";"";"Eva Weil";"nein";"";"";"13";"0";"https://www.wwpipe.at/web-portal/complex-description/1902373"
"Rueppgasse 12-14";"1020 Wien, Rueppgasse Rueppgasse";"1992";"1995";"";"Peter Koban";"nein";"";"";"26";"0";"https://www.wwpipe.at/web-portal/complex-description/2102374"
"Wehlistraﬂe 160-162";"1020 Wien, Wehlistraﬂe Wehlistraﬂe";"1987";"1989";"";"Gerhard Lischka, Herbert Scheiner";"nein";"";"";"50";"1";"https://www.wwpipe.at/web-portal/complex-description/1902375"
"Kleine Stadtgutgasse 11-13";"1020 Wien, Kleine Stadtgutgasse Kleine Stadtgutgasse";"1990";"1992";"";"Kurt Walder";"nein";"";"";"41";"2";"https://www.wwpipe.at/web-portal/complex-description/2102376"
"Groﬂe Schiffgasse 32";"1020 Wien, Groﬂe Schiffgasse Groﬂe Schiffgasse";"1991";"1992";"";"Reinhard Gieselmann";"nein";"";"";"18";"1";"https://www.wwpipe.at/web-portal/complex-description/2102377"
"Leopoldsgasse 24";"1020 Wien, Leopoldsgasse Leopoldsgasse";"1990";"1991";"";"Peter Zauchenberger, Peter Gebhart";"ja";"";"";"27";"2";"https://www.wwpipe.at/web-portal/complex-description/2102378"
"Malzgasse 1";"1020 Wien, Malzgasse Malzgasse";"1990";"1991";"";"atelier 4 architects";"nein";"";"";"14";"1";"https://www.wwpipe.at/web-portal/complex-description/2002379"
"Im Werd 15";"1020 Wien, Im Werd Im Werd";"1991";"1992";"";"atelier 4 architects, Zachari Vesselinov";"nein";"";"";"13";"0";"https://www.wwpipe.at/web-portal/complex-description/2002380"
"Im Werd 4";"1020 Wien, Im Werd Im Werd";"1991";"1992";"";"Reinhard Gieselmann";"nein";"";"";"11";"2";"https://www.wwpipe.at/web-portal/complex-description/2102381"
"Untere Augartenstraﬂe 23";"1020 Wien, Untere Augartenstraﬂe Untere Augartenstraﬂe";"1991";"1997";"";"Herbert Beier";"nein";"";"";"41";"0";"https://www.wwpipe.at/web-portal/complex-description/2102382"
"Groﬂe Schiffgasse 30";"1020 Wien, Groﬂe Schiffgasse Groﬂe Schiffgasse";"1991";"1992";"";"Reinhard Gieselmann";"nein";"";"";"19";"1";"https://www.wwpipe.at/web-portal/complex-description/2102383"
"Lorbeergasse 6";"1030 Wien, Lorbeergasse Lorbeergasse";"1955";"1959";"";"Gustav Jahn";"nein";"";"";"27";"2";"https://www.wwpipe.at/web-portal/complex-description/0303030"
"Baumgasse 43";"1030 Wien, Baumgasse Baumgasse";"1953";"1955";"";"Hermann Aichinger jun., Hermann Aichinger, Heinrich Schmid jun.";"nein";"";"";"23";"0";"https://www.wwpipe.at/web-portal/complex-description/0303052"
"Drorygasse 8";"1030 Wien, Drorygasse Drorygasse";"1924";"1925";"";"Karl Badstieber";"ja";"";"";"110";"12";"https://www.wwpipe.at/web-portal/complex-description/0803301"
"Engelsberggasse 3";"1030 Wien, Engelsberggasse Engelsberggasse";"1927";"1928";"";"Heinrich Schopper, Alfred Chalusch";"ja";"";"";"39";"1";"https://www.wwpipe.at/web-portal/complex-description/0803305"
"Riesgasse 4";"1030 Wien, Riesgasse Riesgasse";"1926";"1927";"";"Oskar Unger";"nein";"";"";"38";"2";"https://www.wwpipe.at/web-portal/complex-description/0803306"
"Ludwig-Koeﬂler-Platz 3";"1030 Wien, Ludwig-Koeﬂler-Platz Ludwig-Koeﬂler-Platz";"1926";"1927";"";"Martin Ziegler, Josef Berger, Arthur Berger";"nein";"";"";"125";"16";"https://www.wwpipe.at/web-portal/complex-description/0803307"
"Dietrichgasse 32-34";"1030 Wien, Dietrichgasse Dietrichgasse";"1926";"1927";"";"Bruno Richter";"ja";"";"";"67";"1";"https://www.wwpipe.at/web-portal/complex-description/0803308"
"Khunngasse 6-8";"1030 Wien, Khunngasse Khunngasse";"1927";"1928";"";"Josef Beer";"nein";"";"";"43";"6";"https://www.wwpipe.at/web-portal/complex-description/0803309"
"Hagenm¸llergasse 25";"1030 Wien, Hagenm¸llergasse Hagenm¸llergasse";"1927";"1928";"";"Hugo Mayer";"nein";"";"";"68";"4";"https://www.wwpipe.at/web-portal/complex-description/0803311"
"Klopsteinplatz 6";"1030 Wien, Klopsteinplatz Klopsteinplatz";"1927";"1928";"";"Walter Sobotka";"nein";"";"";"62";"4";"https://www.wwpipe.at/web-portal/complex-description/0803312"
"Hagenm¸llergasse 21-23";"1030 Wien, Hagenm¸llergasse Hagenm¸llergasse";"1927";"1928";"";"Karl Dirnhuber";"ja";"";"";"123";"9";"https://www.wwpipe.at/web-portal/complex-description/0803313"
"Eslarngasse 3-9";"1030 Wien, Eslarngasse Eslarngasse";"1959";"1960";"";"Hanns Hilscher";"ja";"";"";"85";"3";"https://www.wwpipe.at/web-portal/complex-description/0603317"
"Weinlechnergasse 1";"1030 Wien, Weinlechnergasse Weinlechnergasse";"1928";"1929";"";"August Hauser";"nein";"2017";"2017";"26";"0";"https://www.wwpipe.at/web-portal/complex-description/0803319"
"Khunngasse 20";"1030 Wien, Khunngasse Khunngasse";"1928";"1929";"";"Rudolf Scherer";"ja";"";"";"16";"0";"https://www.wwpipe.at/web-portal/complex-description/0803320"
"Gˆllnergasse 25";"1030 Wien, Gˆllnergasse Gˆllnergasse";"1928";"1929";"";"Franz Kuhn";"nein";"";"";"10";"0";"https://www.wwpipe.at/web-portal/complex-description/0803321"
"Weiﬂgerberl‰nde 24";"1030 Wien, Weiﬂgerberl‰nde Weiﬂgerberl‰nde";"1929";"1930";"";"Alexander Graf";"nein";"";"";"23";"2";"https://www.wwpipe.at/web-portal/complex-description/0803322"
"Sch¸tzengasse 27-29";"1030 Wien, Sch¸tzengasse Sch¸tzengasse";"1966";"1968";"";"Josef Ludwig Kalbac";"nein";"";"";"37";"2";"https://www.wwpipe.at/web-portal/complex-description/0403323"
"Alice-und-Heinrich-Scheuer-Hof";"1030 Wien, Neulinggasse Neulinggasse";"1930";"1931";"";"Armand Weiser";"ja";"";"";"55";"5";"https://www.wwpipe.at/web-portal/complex-description/0803324"
"Ziehrerplatz 8";"1030 Wien, Ziehrerplatz Ziehrerplatz";"1931";"1932";"";"Theophil Nieman";"nein";"";"";"30";"1";"https://www.wwpipe.at/web-portal/complex-description/0803326"
"Weiﬂgerberl‰nde 30-36";"1030 Wien, Weiﬂgerberl‰nde Weiﬂgerberl‰nde";"1931";"1932";"";"Friedrich Schlossberg";"ja";"";"";"144";"12";"https://www.wwpipe.at/web-portal/complex-description/0803327"
"Landstraﬂer Hauptstraﬂe 129";"1030 Wien, Landstraﬂer Hauptstraﬂe Landstraﬂer Hauptstraﬂe";"1937";"1938";"";"Wilhelm Peterle";"ja";"";"";"9";"2";"https://www.wwpipe.at/web-portal/complex-description/0803329"
"Marxergasse 12";"1030 Wien, Marxergasse Marxergasse";"1967";"1968";"";"Franz Tisina";"nein";"2019";"2021";"32";"5";"https://www.wwpipe.at/web-portal/complex-description/0403330"
"Schlachthausgasse 44";"1030 Wien, Schlachthausgasse Schlachthausgasse";"1937";"1938";"";"Otto Nadel";"ja";"2018";"2021";"24";"1";"https://www.wwpipe.at/web-portal/complex-description/0803331"
"Hainburger Straﬂe 57+61";"1030 Wien, Hainburger Straﬂe Hainburger Straﬂe";"";"";"1906";"Wilhelm Glattes, Kurt Nehrer, Friedrich Erhart, Fritz Purr";"ja";"";"";"121";"16";"https://www.wwpipe.at/web-portal/complex-description/0803332"
"Strohgasse 14f";"1030 Wien, Strohgasse Strohgasse";"1949";"1950";"";"Anton Brenner";"ja";"";"";"35";"2";"https://www.wwpipe.at/web-portal/complex-description/0803333"
"Barthgasse 5-7";"1030 Wien, Barthgasse Barthgasse";"1949";"1950";"";"Wilhelm Sch¸tte, Margarete Sch¸tte-Lihotzky";"ja";"";"";"36";"6";"https://www.wwpipe.at/web-portal/complex-description/0803334"
"Baumgasse 63-65";"1030 Wien, Baumgasse Baumgasse";"1949";"1951";"";"Wilfried Poszpisily";"nein";"";"";"24";"0";"https://www.wwpipe.at/web-portal/complex-description/0803335"
"Kegelgasse 44";"1030 Wien, Kegelgasse Kegelgasse";"1950";"1951";"";"Friedrich (Fritz) Gr¸nberger";"ja";"";"";"27";"1";"https://www.wwpipe.at/web-portal/complex-description/0803336"
"Rudolf-H‰user-Hof";"1030 Wien, Kleingasse Kleingasse";"1950";"1951";"";"Josef Baudys, Rudolf Eisler";"ja";"";"";"125";"3";"https://www.wwpipe.at/web-portal/complex-description/0803337"
"Untere Weiﬂgerberstraﬂe 53-59";"1030 Wien, Untere Weiﬂgerberstraﬂe Untere Weiﬂgerberstraﬂe";"1950";"1951";"";"Alfons Hetmanek";"ja";"";"";"79";"2";"https://www.wwpipe.at/web-portal/complex-description/0803338"
"Paracelsusgasse 4";"1030 Wien, Paracelsusgasse Paracelsusgasse";"1949";"1951";"";"Franz Kuhn";"ja";"";"";"19";"1";"https://www.wwpipe.at/web-portal/complex-description/0803339"
"Kˆlblgasse 36";"1030 Wien, Kˆlblgasse Kˆlblgasse";"1951";"1952";"";"Rudolf Scherer";"nein";"";"";"39";"1";"https://www.wwpipe.at/web-portal/complex-description/0803340"
"Am Modenapark 15";"1030 Wien, Am Modenapark Am Modenapark";"1951";"1952";"";"Robert Ulrich";"nein";"";"";"27";"1";"https://www.wwpipe.at/web-portal/complex-description/0803341"
"Uchatiusgasse 10-12";"1030 Wien, Uchatiusgasse Uchatiusgasse";"1951";"1952";"";"Georg Fleischmann";"nein";"";"";"43";"2";"https://www.wwpipe.at/web-portal/complex-description/0803342"
"Zaunergasse 12-14";"1030 Wien, Zaunergasse Zaunergasse";"1952";"1953";"";"Otto Artner";"ja";"";"";"147";"6";"https://www.wwpipe.at/web-portal/complex-description/0803343"
"Schimmelgasse 23";"1030 Wien, Schimmelgasse Schimmelgasse";"1952";"1953";"";"Josef Hansmann";"nein";"";"";"47";"3";"https://www.wwpipe.at/web-portal/complex-description/0803345"
"Jauresgasse 5-7";"1030 Wien, Jauresgasse Jauresgasse";"1952";"1953";"";"Erwin Bˆck";"nein";"";"";"42";"1";"https://www.wwpipe.at/web-portal/complex-description/0803346"
"Baumgasse 12";"1030 Wien, Baumgasse Baumgasse";"1969";"1970";"";"Armin Dolesch";"nein";"";"";"22";"5";"https://www.wwpipe.at/web-portal/complex-description/0003347"
"Gerlgasse 14";"1030 Wien, Gerlgasse Gerlgasse";"1952";"1953";"";"Frank Schl‰ger, Fritz Slama";"ja";"";"";"111";"3";"https://www.wwpipe.at/web-portal/complex-description/0803348"
"Salmgasse 19";"1030 Wien, Salmgasse Salmgasse";"1953";"1954";"";"Karl Heiny";"nein";"";"";"48";"1";"https://www.wwpipe.at/web-portal/complex-description/0803349"
"Schlachthausgasse 39";"1030 Wien, Schlachthausgasse Schlachthausgasse";"1953";"1954";"";"J. Parzer";"nein";"";"";"109";"5";"https://www.wwpipe.at/web-portal/complex-description/0803351"
"Kurt-Steyrer-Hof";"1030 Wien, Landstraﬂer Hauptstraﬂe Landstraﬂer Hauptstraﬂe";"1954";"1955";"";"Johann (Hans) Stˆhr";"ja";"";"";"71";"15";"https://www.wwpipe.at/web-portal/complex-description/0803352"
"Markhofgasse 20";"1030 Wien, Markhofgasse Markhofgasse";"1969";"1971";"";"Adolf Illner, Ferdinand Gaisser";"nein";"";"";"39";"4";"https://www.wwpipe.at/web-portal/complex-description/0403353"
"Landstraﬂer Hauptstraﬂe 173-175";"1030 Wien, Landstraﬂer Hauptstraﬂe Landstraﬂer Hauptstraﬂe";"1953";"1956";"";"Alfred Bartosch, Rudolf Jarosch, Friedrich Albrecht, Ferdinand Zimmermann, Franz Mˆrth";"ja";"";"";"393";"41";"https://www.wwpipe.at/web-portal/complex-description/0803354"
"Fasangasse 35-37";"1030 Wien, Fasangasse Fasangasse";"1954";"1955";"";"Friedrich Pangratz";"nein";"";"";"78";"7";"https://www.wwpipe.at/web-portal/complex-description/0803356"
"Apostelgasse 19-21";"1030 Wien, Apostelgasse Apostelgasse";"1954";"1955";"";"Paul Artmann";"nein";"";"";"73";"2";"https://www.wwpipe.at/web-portal/complex-description/0803357"
"Markhofgasse 12-18";"1030 Wien, Markhofgasse Markhofgasse";"1954";"1956";"";"Wilhelm Cermak, Karl Schwanzer, Rudolf Pamlitschka";"ja";"";"";"270";"8";"https://www.wwpipe.at/web-portal/complex-description/0803358"
"Kollergasse 11-13";"1030 Wien, Kollergasse Kollergasse";"1958";"1959";"";"Karl Peroutka";"ja";"";"";"29";"0";"https://www.wwpipe.at/web-portal/complex-description/0603360"
"Leonhardgasse 2-10";"1030 Wien, Leonhardgasse Leonhardgasse";"1957";"1958";"";"Hermann Stiegholzer, Heinrich Reitst‰tter, Robert Kotas, Hilde Schwaiger, Ferdinand Riedl, Hermann Aichinger";"ja";"";"";"332";"25";"https://www.wwpipe.at/web-portal/complex-description/0803361"
"Hofmannsthalgasse 12-24";"1030 Wien, Hofmannsthalgasse Hofmannsthalgasse";"1957";"1959";"";"Alfons Hetmanek, Wilhelm Urbanek, Elisabeth Pongracz, Walter Prutscher, Anton Josef Osika";"ja";"";"";"290";"10";"https://www.wwpipe.at/web-portal/complex-description/0803363"
"Gestettengasse 21a";"1030 Wien, Gestettengasse Gestettengasse";"1958";"1960";"";"Helene Koller-Buchwieser";"nein";"";"";"15";"0";"https://www.wwpipe.at/web-portal/complex-description/0603364"
"Markhofgasse 6";"1030 Wien, Markhofgasse Markhofgasse";"1959";"1961";"";"Hilde Filas";"ja";"";"";"29";"4";"https://www.wwpipe.at/web-portal/complex-description/0603365"
"Kleingasse 2";"1030 Wien, Kleingasse Kleingasse";"1959";"1961";"";"Walter Totz";"nein";"";"";"43";"2";"https://www.wwpipe.at/web-portal/complex-description/0603366"
"Gestettengasse 17";"1030 Wien, Gestettengasse Gestettengasse";"1959";"1961";"";"Theophil Nieman, Kurt Vana, Ernst Berg, Heinrich Vana";"nein";"";"";"62";"5";"https://www.wwpipe.at/web-portal/complex-description/0603367"
"Leonhardgasse 7-13";"1030 Wien, Leonhardgasse Leonhardgasse";"1961";"1962";"";"Herbert Prehsler, Eduard F. Sekler";"nein";"";"";"80";"2";"https://www.wwpipe.at/web-portal/complex-description/0603368"
"Erdbergstraﬂe 16-28";"1030 Wien, Erdbergstraﬂe Erdbergstraﬂe";"1961";"1963";"";"Willy Grunert";"ja";"";"";"87";"11";"https://www.wwpipe.at/web-portal/complex-description/0603369"
"Erdbergstraﬂe 126-130";"1030 Wien, Erdbergstraﬂe Erdbergstraﬂe";"1962";"1963";"";"Ernst Berg, Theophil Nieman, Heinrich Vana, Kurt Vana";"nein";"";"";"45";"10";"https://www.wwpipe.at/web-portal/complex-description/0603370"
"Aspangstraﬂe 11-13";"1030 Wien, Aspangstraﬂe Aspangstraﬂe";"1960";"1961";"";"Karl Janeschitz";"nein";"";"";"23";"0";"https://www.wwpipe.at/web-portal/complex-description/0603371"
"Erdbergstraﬂe 134";"1030 Wien, Erdbergstraﬂe Erdbergstraﬂe";"1962";"1963";"";"Kurt Vana, Heinrich Vana, Theophil Nieman, Ernst Berg";"nein";"";"";"11";"2";"https://www.wwpipe.at/web-portal/complex-description/0603372"
"Erdbergstraﬂe 140-144";"1030 Wien, Erdbergstraﬂe Erdbergstraﬂe";"1962";"1963";"";"Rudolf Brandst‰tter";"nein";"";"";"32";"5";"https://www.wwpipe.at/web-portal/complex-description/0603373"
"Kundmanngasse 30-32";"1030 Wien, Kundmanngasse Kundmanngasse";"1962";"1963";"";"Ferdinand Riedl";"nein";"";"";"30";"6";"https://www.wwpipe.at/web-portal/complex-description/0603374"
"Schlachthausgasse 3";"1030 Wien, Schlachthausgasse Schlachthausgasse";"1962";"1963";"";"Karl Kupsky";"ja";"";"";"104";"7";"https://www.wwpipe.at/web-portal/complex-description/0603375"
"Untere Weiﬂgerberstraﬂe 18";"1030 Wien, Untere Weiﬂgerberstraﬂe Untere Weiﬂgerberstraﬂe";"1969";"1971";"";"Edgar Gˆth";"ja";"";"";"48";"6";"https://www.wwpipe.at/web-portal/complex-description/0003376"
"Marie-Jahoda-Hof";"1030 Wien, Kegelgasse Kegelgasse";"1975";"1977";"";"Alfred Viktor Pal";"nein";"";"";"36";"4";"https://www.wwpipe.at/web-portal/complex-description/1203377"
"Erdbergstraﬂe 12-14";"1030 Wien, Erdbergstraﬂe Erdbergstraﬂe";"1973";"1975";"";"Ernst H. Huss";"ja";"";"";"66";"10";"https://www.wwpipe.at/web-portal/complex-description/1203378"
"Pfarrhofgasse 14";"1030 Wien, Pfarrhofgasse Pfarrhofgasse";"1975";"1977";"";"Herbert M¸ller-Hartburg";"nein";"";"";"15";"1";"https://www.wwpipe.at/web-portal/complex-description/1403380"
"Lˆwengasse 5";"1030 Wien, Lˆwengasse Lˆwengasse";"1979";"1981";"";"Ernst H. Huss";"nein";"";"";"11";"2";"https://www.wwpipe.at/web-portal/complex-description/1503382"
"Trubelgasse 10";"1030 Wien, Trubelgasse Trubelgasse";"1980";"1981";"";"Paul Slupetzky";"nein";"";"";"26";"0";"https://www.wwpipe.at/web-portal/complex-description/1603383"
"Erdbergstraﬂe 36";"1030 Wien, Erdbergstraﬂe Erdbergstraﬂe";"1977";"1979";"";"Walter Muchar";"ja";"";"";"28";"3";"https://www.wwpipe.at/web-portal/complex-description/1503384"
"Arenberggasse 6";"1030 Wien, Arenberggasse Arenberggasse";"1981";"1982";"";"Herbert Neuroth";"nein";"";"";"18";"0";"https://www.wwpipe.at/web-portal/complex-description/1603386"
"Apostelgasse 35";"1030 Wien, Apostelgasse Apostelgasse";"1981";"1983";"";"Norbert Mandl";"nein";"";"";"24";"0";"https://www.wwpipe.at/web-portal/complex-description/1603387"
"W‰llischgasse 10-12";"1030 Wien, W‰llischgasse W‰llischgasse";"1981";"1983";"";"Rudolf Pamlitschka";"nein";"";"";"35";"0";"https://www.wwpipe.at/web-portal/complex-description/1603388"
"Matth‰usgasse 3";"1030 Wien, Matth‰usgasse Matth‰usgasse";"1983";"1984";"";"Johann Georg Gsteu";"nein";"";"";"14";"0";"https://www.wwpipe.at/web-portal/complex-description/1703391"
"Untere Weiﬂgerberstraﬂe 4";"1030 Wien, Untere Weiﬂgerberstraﬂe Untere Weiﬂgerberstraﬂe";"1986";"1988";"";"Peter Koban";"nein";"";"";"8";"0";"https://www.wwpipe.at/web-portal/complex-description/1903392"
"Dietrichgasse 35-37";"1030 Wien, Dietrichgasse Dietrichgasse";"1987";"1989";"";"Gerhard Krampf";"nein";"";"";"36";"0";"https://www.wwpipe.at/web-portal/complex-description/1903394"
"Blattgasse 5";"1030 Wien, Blattgasse Blattgasse";"1989";"1991";"";"Maschek & Schmidt";"nein";"";"";"43";"0";"https://www.wwpipe.at/web-portal/complex-description/1903395"
"Dietrichgasse 45";"1030 Wien, Dietrichgasse Dietrichgasse";"1987";"1988";"";"Johann Schobermayr";"nein";"";"";"13";"0";"https://www.wwpipe.at/web-portal/complex-description/1903397"
"Haidingergasse 24";"1030 Wien, Haidingergasse Haidingergasse";"1989";"1991";"";"Friedrich Moser";"nein";"";"";"25";"1";"https://www.wwpipe.at/web-portal/complex-description/2003398"
"W¸rtzlerstraﬂe 23";"1030 Wien, W¸rtzlerstraﬂe W¸rtzlerstraﬂe";"1993";"1994";"";"Heinz Ekhart";"nein";"";"";"21";"3";"https://www.wwpipe.at/web-portal/complex-description/2103399"
"Kardinal-Nagl-Platz 6";"1030 Wien, Kardinal-Nagl-Platz Kardinal-Nagl-Platz";"1992";"1994";"";"G¸nther Oberhofer";"nein";"";"";"38";"4";"https://www.wwpipe.at/web-portal/complex-description/2103400"
"Erdbergstraﬂe 5-7";"1030 Wien, Erdbergstraﬂe Erdbergstraﬂe";"1993";"1995";"";"Edgar Gˆth, Peter Schwager";"nein";"";"";"29";"2";"https://www.wwpipe.at/web-portal/complex-description/2303401"
"Graf-Starhemberg-Gasse 40-42";"1040 Wien, Graf-Starhemberg-Gasse Graf-Starhemberg-Gasse";"1958";"1961";"";"Alfred Kraupa";"nein";"";"";"75";"2";"https://www.wwpipe.at/web-portal/complex-description/0304006"
"Preﬂgasse 7";"1040 Wien, Preﬂgasse Preﬂgasse";"";"";"1950";"Franz Sperlich";"nein";"";"";"22";"5";"https://www.wwpipe.at/web-portal/complex-description/0304012"
"Schelleingasse 1";"1040 Wien, Schelleingasse Schelleingasse";"1963";"1965";"";"Ernst Otto Hoffmann";"ja";"";"";"17";"1";"https://www.wwpipe.at/web-portal/complex-description/0304022"
"Margaretenstraﬂe 40";"1040 Wien, Margaretenstraﬂe Margaretenstraﬂe";"1969";"1970";"";"Lionore Regnier-Perin";"nein";"";"";"21";"3";"https://www.wwpipe.at/web-portal/complex-description/0304027"
"Autokaderstraﬂe 3-7";"1210 Wien, Autokaderstraﬂe Autokaderstraﬂe";"1967";"1968";"";"Oskar Payer, Peter Payer";"ja";"";"";"973";"3";"https://www.wwpipe.at/web-portal/complex-description/0421334"
"Favoritenstraﬂe 42";"1040 Wien, Favoritenstraﬂe Favoritenstraﬂe";"";"";"1888";"Eduard Frauenfeld jun.";"nein";"";"";"13";"4";"https://www.wwpipe.at/web-portal/complex-description/0304036"
"Margaretenstraﬂe 46";"1040 Wien, Margaretenstraﬂe Margaretenstraﬂe";"1952";"1956";"";"Franz Wafler sen.";"nein";"";"";"23";"2";"https://www.wwpipe.at/web-portal/complex-description/0304045"
"Favoritenstraﬂe 45";"1040 Wien, Favoritenstraﬂe Favoritenstraﬂe";"1951";"1951";"";"Leonhard G. Schˆppler";"nein";"";"";"32";"4";"https://www.wwpipe.at/web-portal/complex-description/0304054"
"Theresianumgasse 9";"1040 Wien, Theresianumgasse Theresianumgasse";"1958";"1958";"";"Wilhelm Urbanek";"nein";"";"";"46";"2";"https://www.wwpipe.at/web-portal/complex-description/0304058"
"Favoritenstraﬂe 43";"1040 Wien, Favoritenstraﬂe Favoritenstraﬂe";"1956";"1956";"";"Leonhard G. Schˆppler";"nein";"";"";"14";"2";"https://www.wwpipe.at/web-portal/complex-description/0304059"
"Petzvalgasse 1-3";"1040 Wien, Petzvalgasse Petzvalgasse";"1928";"1930";"";"Josef (Jaroslav) Bayer, Walter Schwarz";"nein";"";"";"36";"2";"https://www.wwpipe.at/web-portal/complex-description/0804302"
"Schelleingasse 18-20";"1040 Wien, Schelleingasse Schelleingasse";"1932";"1933";"";"Wilhelm Peterle";"ja";"";"";"35";"2";"https://www.wwpipe.at/web-portal/complex-description/0804304"
"Schelleingasse 27-29";"1040 Wien, Schelleingasse Schelleingasse";"1932";"1934";"";"Karl Schmalhofer";"ja";"";"";"39";"3";"https://www.wwpipe.at/web-portal/complex-description/0804305"
"Kolschitzkygasse 9-13";"1040 Wien, Kolschitzkygasse Kolschitzkygasse";"1949";"1950";"";"Otto Nadel";"ja";"";"";"105";"12";"https://www.wwpipe.at/web-portal/complex-description/0804306"
"Karolinengasse 24";"1040 Wien, Karolinengasse Karolinengasse";"1950";"1950";"";"Heinrich Ried";"nein";"";"";"11";"0";"https://www.wwpipe.at/web-portal/complex-description/0804307"
"Rainergasse 26-28";"1040 Wien, Rainergasse Rainergasse";"1950";"1951";"";"Jaro K. Merinsky, Carl Rˆssler";"ja";"";"";"54";"4";"https://www.wwpipe.at/web-portal/complex-description/0804308"
"Belvederegasse 36-38";"1040 Wien, Belvederegasse Belvederegasse";"1950";"1951";"";"Kurt Reinhart";"nein";"";"";"55";"3";"https://www.wwpipe.at/web-portal/complex-description/0804310"
"Rainergasse 13";"1040 Wien, Rainergasse Rainergasse";"1952";"1952";"";"Fritz Bˆhm-Raffay";"nein";"";"";"26";"0";"https://www.wwpipe.at/web-portal/complex-description/0804311"
"Rechte Wienzeile 25-27";"1040 Wien, Rechte Wienzeile Rechte Wienzeile";"1952";"1953";"";"Kurt Walder, Adolf H. Kautzky";"ja";"";"";"101";"12";"https://www.wwpipe.at/web-portal/complex-description/0804312"
"Margaretenstraﬂe 31";"1040 Wien, Margaretenstraﬂe Margaretenstraﬂe";"1970";"1972";"";"Gustav Hoppe";"ja";"";"";"18";"3";"https://www.wwpipe.at/web-portal/complex-description/0404313"
"Schelleingasse 28-30";"1040 Wien, Schelleingasse Schelleingasse";"1952";"1953";"";"Joseph Zimmel, Anton Siegl";"ja";"";"";"69";"2";"https://www.wwpipe.at/web-portal/complex-description/0804314"
"Rainergasse 23-25";"1040 Wien, Rainergasse Rainergasse";"1959";"1960";"";"Josef Musil, Kurt Walder, Karl Brandner";"nein";"";"";"39";"0";"https://www.wwpipe.at/web-portal/complex-description/0604315"
"Schelleingasse 3";"1040 Wien, Schelleingasse Schelleingasse";"1957";"1958";"";"Ernst Otto Hoffmann";"nein";"";"";"18";"1";"https://www.wwpipe.at/web-portal/complex-description/0804317"
"Margaretenstraﬂe 36";"1040 Wien, Margaretenstraﬂe Margaretenstraﬂe";"1969";"1970";"";"Gustav Hoppe";"nein";"";"";"19";"2";"https://www.wwpipe.at/web-portal/complex-description/0004318"
"Graf-Starhemberg-Gasse 35";"1040 Wien, Graf-Starhemberg-Gasse Graf-Starhemberg-Gasse";"1979";"1981";"";"Theo(dor) Trojan";"nein";"";"";"17";"1";"https://www.wwpipe.at/web-portal/complex-description/1604320"
"Paulanergasse 3";"1040 Wien, Paulanergasse Paulanergasse";"1980";"1982";"";"Gerhard Krampf, Karl Schwanzer";"ja";"";"";"37";"7";"https://www.wwpipe.at/web-portal/complex-description/1504322"
"Viktorgasse 4";"1040 Wien, Viktorgasse Viktorgasse";"1984";"1986";"";"Johann Georg Gsteu";"nein";"";"";"12";"0";"https://www.wwpipe.at/web-portal/complex-description/1704323"
"Goldeggasse 18";"1040 Wien, Goldeggasse Goldeggasse";"1986";"1988";"";"Hans Krupitza";"nein";"";"";"24";"1";"https://www.wwpipe.at/web-portal/complex-description/1904324"
"Karolinengasse 14";"1040 Wien, Karolinengasse Karolinengasse";"1984";"1986";"";"Adelio Espinosa";"nein";"";"";"23";"0";"https://www.wwpipe.at/web-portal/complex-description/1704325"
"Karolinengasse 26";"1040 Wien, Karolinengasse Karolinengasse";"1984";"1986";"";"Adelio Espinosa";"nein";"";"";"20";"0";"https://www.wwpipe.at/web-portal/complex-description/1704326"
"Mommsengasse 18";"1040 Wien, Mommsengasse Mommsengasse";"1993";"1994";"";"Peter Gypser";"nein";"";"";"11";"0";"https://www.wwpipe.at/web-portal/complex-description/2304327"
"Karolinengasse 15";"1040 Wien, Karolinengasse Karolinengasse";"1993";"1994";"";"Peter Gypser";"nein";"";"";"17";"2";"https://www.wwpipe.at/web-portal/complex-description/2304328"
"Argentinierstraﬂe 44";"1040 Wien, Argentinierstraﬂe Argentinierstraﬂe";"1993";"1994";"";"Michael A. Hein";"nein";"";"";"25";"1";"https://www.wwpipe.at/web-portal/complex-description/2304329"
"Gieﬂaufgasse 34";"1050 Wien, Gieﬂaufgasse Gieﬂaufgasse";"1956";"1958";"";"Adolf Wˆlzl";"nein";"";"";"56";"0";"https://www.wwpipe.at/web-portal/complex-description/0305017"
"Paletzgasse 15";"1160 Wien, Paletzgasse Paletzgasse";"1928";"1929";"";"Ludwig Schˆne";"nein";"";"";"44";"0";"https://www.wwpipe.at/web-portal/complex-description/0816316"
"Leystraﬂe 23";"1200 Wien, Leystraﬂe Leystraﬂe";"1930";"1931";"";"Rudolf Perco";"nein";"";"";"389";"8";"https://www.wwpipe.at/web-portal/complex-description/0820315"
"Brandmayergasse 24";"1050 Wien, Brandmayergasse Brandmayergasse";"1928";"1929";"";"Egon Riss, Fritz Judtmann";"nein";"";"";"67";"7";"https://www.wwpipe.at/web-portal/complex-description/0805308"
"Ernst-Hinterberger-Hof";"1050 Wien, Margareteng¸rtel Margareteng¸rtel";"1926";"1929";"";"Adolf Jelletz";"ja";"";"";"105";"6";"https://www.wwpipe.at/web-portal/complex-description/0805309"
"Fendigasse 19-21";"1050 Wien, Fendigasse Fendigasse";"1930";"1931";"";"Hermann Stiegholzer, Herbert Ferdinand Kastinger";"nein";"";"";"72";"4";"https://www.wwpipe.at/web-portal/complex-description/0805312"
"Rechte Wienzeile 71";"1050 Wien, Rechte Wienzeile Rechte Wienzeile";"1937";"1937";"";"Konstantin Peller";"ja";"";"";"50";"4";"https://www.wwpipe.at/web-portal/complex-description/0805313"
"Gassergasse 24-26";"1050 Wien, Gassergasse Gassergasse";"1938";"1938";"";"Karl Ehn";"nein";"";"";"59";"2";"https://www.wwpipe.at/web-portal/complex-description/0805314"
"Brandmayergasse 27";"1050 Wien, Brandmayergasse Brandmayergasse";"1937";"1939";"";"Adolf Stˆhr";"ja";"";"";"81";"3";"https://www.wwpipe.at/web-portal/complex-description/0805316"
"Gassergasse 48-50";"1050 Wien, Gassergasse Gassergasse";"1961";"1962";"";"Oskar Trubel";"nein";"";"";"51";"3";"https://www.wwpipe.at/web-portal/complex-description/0605317"
"Hauslabgasse 25";"1050 Wien, Hauslabgasse Hauslabgasse";"1938";"1938";"";"Karl Ehn";"nein";"2016";"2018";"29";"0";"https://www.wwpipe.at/web-portal/complex-description/0805318"
"Hauslabgasse 24";"1050 Wien, Hauslabgasse Hauslabgasse";"1939";"1939";"";"Karl Ehn";"nein";"2015";"2020";"29";"4";"https://www.wwpipe.at/web-portal/complex-description/0805319"
"Wiedner Hauptstraﬂe 103";"1050 Wien, Wiedner Hauptstraﬂe Wiedner Hauptstraﬂe";"1938";"1938";"";"Karl Ehn";"nein";"";"";"9";"2";"https://www.wwpipe.at/web-portal/complex-description/0805320"
"Siebenbrunnengasse 76-80";"1050 Wien, Siebenbrunnengasse Siebenbrunnengasse";"1936";"1936";"";"Johann (Hans) Stˆhr";"ja";"";"";"71";"5";"https://www.wwpipe.at/web-portal/complex-description/0805321"
"Gartengasse 9-11";"1050 Wien, Gartengasse Gartengasse";"1967";"1968";"";"G¸nther Ludwig";"nein";"";"";"45";"5";"https://www.wwpipe.at/web-portal/complex-description/0405322"
"Blechturmgasse 23-27";"1050 Wien, Blechturmgasse Blechturmgasse";"1950";"1951";"";"Josef Hoffmann, Josef Ludwig Kalbac";"nein";"";"";"78";"1";"https://www.wwpipe.at/web-portal/complex-description/0805325"
"Laurenzgasse 14-18";"1050 Wien, Laurenzgasse Laurenzgasse";"1950";"1951";"";"Bruno Tinhofer, Franz Wosatka";"ja";"";"";"105";"7";"https://www.wwpipe.at/web-portal/complex-description/0805326"
"Reinprechtsdorfer Straﬂe 51";"1050 Wien, Reinprechtsdorfer Straﬂe Reinprechtsdorfer Straﬂe";"1951";"1951";"";"Alfred Wanko";"nein";"";"";"17";"4";"https://www.wwpipe.at/web-portal/complex-description/0805327"
"Schˆnbrunner Straﬂe 101";"1050 Wien, Schˆnbrunner Straﬂe Schˆnbrunner Straﬂe";"1952";"1953";"";"Alexis Franken";"nein";"";"";"17";"2";"https://www.wwpipe.at/web-portal/complex-description/0805329"
"Leopold-Rister-Gasse 5";"1050 Wien, Leopold-Rister-Gasse Leopold-Rister-Gasse";"1954";"1957";"";"Ladislaus Hruska";"ja";"";"";"103";"6";"https://www.wwpipe.at/web-portal/complex-description/0305330"
"Margareteng¸rtel 42";"1050 Wien, Margareteng¸rtel Margareteng¸rtel";"1953";"1954";"";"Peter Tˆlzer, Maria Tˆlzer";"nein";"";"";"84";"0";"https://www.wwpipe.at/web-portal/complex-description/0805331"
"Wiedner Hauptstraﬂe 119";"1050 Wien, Wiedner Hauptstraﬂe Wiedner Hauptstraﬂe";"1955";"1956";"";"Matth‰us Jiszda II.";"ja";"";"";"67";"3";"https://www.wwpipe.at/web-portal/complex-description/0805333"
"Hofgasse 2";"1050 Wien, Hofgasse Hofgasse";"1955";"1956";"";"Anton Dolenz";"nein";"";"";"17";"0";"https://www.wwpipe.at/web-portal/complex-description/0805334"
"Spengergasse 30-32";"1050 Wien, Spengergasse Spengergasse";"1970";"1972";"";"Franz Marx";"nein";"";"";"33";"5";"https://www.wwpipe.at/web-portal/complex-description/0405335"
"Castelligasse 3";"1050 Wien, Castelligasse Castelligasse";"1972";"1973";"";"Franz Marx";"nein";"";"";"36";"4";"https://www.wwpipe.at/web-portal/complex-description/0405336"
"Franzensgasse 7-9";"1050 Wien, Franzensgasse Franzensgasse";"1975";"1976";"";"Othmar Augustin";"nein";"";"";"60";"11";"https://www.wwpipe.at/web-portal/complex-description/1205337"
"Gartengasse 7";"1050 Wien, Gartengasse Gartengasse";"1974";"1975";"";"Dietlind Erschen";"nein";"";"";"10";"1";"https://www.wwpipe.at/web-portal/complex-description/1205338"
"Franzensgasse 17";"1050 Wien, Franzensgasse Franzensgasse";"1976";"1977";"";"Ludwig Hammerschmid";"nein";"";"";"23";"3";"https://www.wwpipe.at/web-portal/complex-description/1205339"
"Brandmayergasse 2";"1050 Wien, Brandmayergasse Brandmayergasse";"1977";"1978";"";"Gerhard Kroj";"nein";"";"";"30";"2";"https://www.wwpipe.at/web-portal/complex-description/1505340"
"Krongasse 18";"1050 Wien, Krongasse Krongasse";"1978";"1979";"";"Kurt Braun, Heinz D¸ringer";"nein";"";"";"17";"1";"https://www.wwpipe.at/web-portal/complex-description/1505341"
"Kleine Neugasse 21";"1050 Wien, Kleine Neugasse Kleine Neugasse";"1977";"1979";"";"Kurt Braun, Heinz D¸ringer";"nein";"";"";"19";"0";"https://www.wwpipe.at/web-portal/complex-description/1505342"
"Einsiedlergasse 13";"1050 Wien, Einsiedlergasse Einsiedlergasse";"1981";"1983";"";"Heinz Tesar";"nein";"";"";"12";"1";"https://www.wwpipe.at/web-portal/complex-description/1605343"
"Ziegelofengasse 24-26";"1050 Wien, Ziegelofengasse Ziegelofengasse";"1980";"1981";"";"Ernst Lederer-Ponzer";"nein";"";"";"54";"2";"https://www.wwpipe.at/web-portal/complex-description/1605344"
"Embelgasse 53-55";"1050 Wien, Embelgasse Embelgasse";"1977";"1978";"";"Georg Lisner";"nein";"";"";"25";"0";"https://www.wwpipe.at/web-portal/complex-description/1505345"
"Amtshausgasse 3-5";"1050 Wien, Amtshausgasse Amtshausgasse";"1980";"1982";"";"Herbert M¸ller-Hartburg";"ja";"";"";"49";"1";"https://www.wwpipe.at/web-portal/complex-description/1605346"
"Gr¸ngasse 14";"1050 Wien, Gr¸ngasse Gr¸ngasse";"1981";"1984";"";"Wenko Bossew";"nein";"";"";"18";"1";"https://www.wwpipe.at/web-portal/complex-description/1605348"
"Leitgebgasse 3";"1050 Wien, Leitgebgasse Leitgebgasse";"1985";"1986";"";"Eveline-Anne Bettelheim";"nein";"";"";"11";"0";"https://www.wwpipe.at/web-portal/complex-description/1705351"
"Gieﬂaufgasse 26";"1050 Wien, Gieﬂaufgasse Gieﬂaufgasse";"1985";"1986";"";"Eveline-Anne Bettelheim";"nein";"";"";"11";"0";"https://www.wwpipe.at/web-portal/complex-description/1705352"
"Margaretenstraﬂe 140";"1050 Wien, Margaretenstraﬂe Margaretenstraﬂe";"1985";"1986";"";"Christof Riccabona";"nein";"";"";"51";"0";"https://www.wwpipe.at/web-portal/complex-description/1705354"
"Rechte Wienzeile 69";"1050 Wien, Rechte Wienzeile Rechte Wienzeile";"1985";"1987";"";"Alfred Graf";"nein";"";"";"19";"0";"https://www.wwpipe.at/web-portal/complex-description/1905355"
"Jahngasse 34";"1050 Wien, Jahngasse Jahngasse";"1987";"1989";"";"Gabor Fettik";"nein";"";"";"13";"0";"https://www.wwpipe.at/web-portal/complex-description/1905356"
"Brandmayergasse 4";"1050 Wien, Brandmayergasse Brandmayergasse";"1989";"1990";"";"Wiener Stadtbauamt, MA24";"nein";"";"";"21";"0";"https://www.wwpipe.at/web-portal/complex-description/1905358"
"Jahngasse 32";"1050 Wien, Jahngasse Jahngasse";"1990";"1991";"";"Gabor Fettik";"nein";"";"";"13";"0";"https://www.wwpipe.at/web-portal/complex-description/2105359"
"Wiedner Hauptstraﬂe 132";"1050 Wien, Wiedner Hauptstraﬂe Wiedner Hauptstraﬂe";"1992";"1994";"";"Ernst Hoffmann";"nein";"";"";"20";"1";"https://www.wwpipe.at/web-portal/complex-description/2105360"
"Margaretenstraﬂe 89";"1050 Wien, Margaretenstraﬂe Margaretenstraﬂe";"1993";"1995";"";"Eduard Ebner, G¸nter Lautner";"nein";"";"";"30";"3";"https://www.wwpipe.at/web-portal/complex-description/2105362"
"Schˆnbrunner Straﬂe 34";"1050 Wien, Schˆnbrunner Straﬂe Schˆnbrunner Straﬂe";"1994";"1996";"";"Hugo Potyka";"nein";"";"";"43";"3";"https://www.wwpipe.at/web-portal/complex-description/2305363"
"Hubert-Feilnreiter-Hof";"1060 Wien, Magdalenenstraﬂe Magdalenenstraﬂe";"1964";"1966";"";"Josef Seeberger";"nein";"2015";"2019";"44";"3";"https://www.wwpipe.at/web-portal/complex-description/0306017"
"Dominikanergasse 5";"1060 Wien, Dominikanergasse Dominikanergasse";"1951";"1953";"";"Karl Maria Lang";"nein";"";"";"18";"0";"https://www.wwpipe.at/web-portal/complex-description/0306036"
"Mollardgasse 75";"1060 Wien, Mollardgasse Mollardgasse";"1912";"1913";"";"Hugo Stimpfl, Carl Stˆger jun., Adolf Stˆger";"nein";"";"";"37";"5";"https://www.wwpipe.at/web-portal/complex-description/0306038"
"Elfi-Dassanowsky-Hof";"1060 Wien, Magdalenenstraﬂe Magdalenenstraﬂe";"1969";"1969";"";"Johann (Hanns) Hack";"nein";"2015";"2019";"26";"5";"https://www.wwpipe.at/web-portal/complex-description/0306047"
"Mollardgasse 28";"1060 Wien, Mollardgasse Mollardgasse";"1937";"1938";"";"Engelbert Mang";"nein";"";"";"54";"9";"https://www.wwpipe.at/web-portal/complex-description/0806302"
"Fillgradergasse 17-21";"1060 Wien, Fillgradergasse Fillgradergasse";"1939";"1940";"";"Adolf Stˆckl";"ja";"";"";"42";"1";"https://www.wwpipe.at/web-portal/complex-description/0806304"
"Gumpendorfer Straﬂe 86";"1060 Wien, Gumpendorfer Straﬂe Gumpendorfer Straﬂe";"1948";"1949";"";"Erich Franz Leischner";"ja";"";"";"15";"2";"https://www.wwpipe.at/web-portal/complex-description/0806305"
"Kaunitzgasse 11-13";"1060 Wien, Kaunitzgasse Kaunitzgasse";"1952";"1953";"";"Kurt Klaudy";"nein";"";"";"36";"2";"https://www.wwpipe.at/web-portal/complex-description/0806307"
"Mollardgasse 53-55";"1060 Wien, Mollardgasse Mollardgasse";"1952";"1954";"";"Viktor Kraft";"nein";"";"";"53";"2";"https://www.wwpipe.at/web-portal/complex-description/0806308"
"Garbergasse 5";"1060 Wien, Garbergasse Garbergasse";"1955";"1955";"";"Anton Wichtl";"ja";"";"";"22";"0";"https://www.wwpipe.at/web-portal/complex-description/0806309"
"Grabnergasse 11-13";"1060 Wien, Grabnergasse Grabnergasse";"1955";"1956";"";"Adolf Hoch";"ja";"";"";"85";"6";"https://www.wwpipe.at/web-portal/complex-description/0806310"
"Johanna-Prangl-Hof";"1060 Wien, Dambˆckgasse Dambˆckgasse";"1957";"1958";"";"Karl Vodak sen., Paul Ehrenzweig";"nein";"";"";"81";"4";"https://www.wwpipe.at/web-portal/complex-description/0806311"
"Magdalenenstraﬂe 9";"1060 Wien, Magdalenenstraﬂe Magdalenenstraﬂe";"1960";"1962";"";"Josef Seeberger";"nein";"2015";"2019";"22";"4";"https://www.wwpipe.at/web-portal/complex-description/0606312"
"Meravigliagasse 5-7";"1060 Wien, Meravigliagasse Meravigliagasse";"1963";"1964";"";"Carl Reinhardt";"nein";"";"";"24";"1";"https://www.wwpipe.at/web-portal/complex-description/0606313"
"Katharina-Lins-Hof";"1060 Wien, Gumpendorfer Straﬂe Gumpendorfer Straﬂe";"1962";"1964";"";"Karl Kotal";"ja";"";"";"15";"6";"https://www.wwpipe.at/web-portal/complex-description/0606314"
"Kaunitzgasse 15-17";"1060 Wien, Kaunitzgasse Kaunitzgasse";"1965";"1967";"";"Anton Potyka";"ja";"";"";"29";"3";"https://www.wwpipe.at/web-portal/complex-description/0606315"
"Stumpergasse 42";"1060 Wien, Stumpergasse Stumpergasse";"1975";"1978";"";"Adolf Svancar";"nein";"";"";"30";"6";"https://www.wwpipe.at/web-portal/complex-description/1206316"
"Millergasse 23";"1060 Wien, Millergasse Millergasse";"1975";"1978";"";"Gustav Hoppe";"nein";"";"";"22";"0";"https://www.wwpipe.at/web-portal/complex-description/1406317"
"Stumpergasse 16";"1060 Wien, Stumpergasse Stumpergasse";"1975";"1978";"";"Franz Marx";"ja";"";"";"53";"4";"https://www.wwpipe.at/web-portal/complex-description/1206318"
"Brauergasse 4";"1060 Wien, Brauergasse Brauergasse";"1981";"1983";"";"Klaus Schmidt";"nein";"";"";"10";"0";"https://www.wwpipe.at/web-portal/complex-description/1606319"
"Meravigliagasse 8";"1060 Wien, Meravigliagasse Meravigliagasse";"1978";"1979";"";"Viktor Oppitz";"nein";"";"";"14";"0";"https://www.wwpipe.at/web-portal/complex-description/1506320"
"Malva-Schalek-Hof";"1060 Wien, D¸rergasse D¸rergasse";"1979";"1982";"";"Johann Ausch";"nein";"";"";"15";"0";"https://www.wwpipe.at/web-portal/complex-description/1606321"
"Linke Wienzeile 132";"1060 Wien, Linke Wienzeile Linke Wienzeile";"1983";"1984";"";"Wilhelm (Willi) Gehrke";"nein";"";"";"26";"1";"https://www.wwpipe.at/web-portal/complex-description/1706324"
"Millergasse 39";"1060 Wien, Millergasse Millergasse";"1986";"1988";"";"Gottfried Meister";"nein";"";"";"22";"1";"https://www.wwpipe.at/web-portal/complex-description/1706326"
"Marchettigasse 16";"1060 Wien, Marchettigasse Marchettigasse";"1984";"1985";"";"Heinz Ekhart";"nein";"";"";"19";"0";"https://www.wwpipe.at/web-portal/complex-description/1706328"
"Liniengasse 27";"1060 Wien, Liniengasse Liniengasse";"1986";"1988";"";"Rudolf Hautmann, Klara Hautmann-Kiss";"nein";"";"";"22";"0";"https://www.wwpipe.at/web-portal/complex-description/1706329"
"Corneliusgasse 1";"1060 Wien, Corneliusgasse Corneliusgasse";"1988";"1989";"";"Franz Kiener";"nein";"";"";"43";"4";"https://www.wwpipe.at/web-portal/complex-description/1906330"
"Wallgasse 13";"1060 Wien, Wallgasse Wallgasse";"1986";"1988";"";"Peter Pelikan";"nein";"";"";"28";"1";"https://www.wwpipe.at/web-portal/complex-description/1906331"
"B¸rgerspitalgasse 7";"1060 Wien, B¸rgerspitalgasse B¸rgerspitalgasse";"1986";"1988";"";"Albert Zweym¸ller";"nein";"";"";"37";"1";"https://www.wwpipe.at/web-portal/complex-description/1906332"
"Mittelgasse 1";"1060 Wien, Mittelgasse Mittelgasse";"1986";"1988";"";"Kurt Braun";"nein";"";"";"30";"6";"https://www.wwpipe.at/web-portal/complex-description/1906333"
"Mittelgasse 25";"1060 Wien, Mittelgasse Mittelgasse";"1993";"1994";"";"Franz Haiden";"nein";"";"";"37";"2";"https://www.wwpipe.at/web-portal/complex-description/2306334"
"Bernardgasse 38";"1070 Wien, Bernardgasse Bernardgasse";"1925";"1926";"";"Leo Kammel sen.";"ja";"";"";"21";"4";"https://www.wwpipe.at/web-portal/complex-description/0807301"
"Neustiftgasse 143";"1070 Wien, Neustiftgasse Neustiftgasse";"1925";"1926";"";"Georg Rupprecht";"ja";"";"";"37";"3";"https://www.wwpipe.at/web-portal/complex-description/0807302"
"Neustiftgasse 14";"1070 Wien, Neustiftgasse Neustiftgasse";"1937";"1938";"";"Otto Nadel";"nein";"";"";"17";"4";"https://www.wwpipe.at/web-portal/complex-description/0807303"
"Mondscheingasse 9";"1070 Wien, Mondscheingasse Mondscheingasse";"1938";"1940";"";"Walter Pind";"ja";"";"";"18";"2";"https://www.wwpipe.at/web-portal/complex-description/0807304"
"Bernardgasse 10";"1070 Wien, Bernardgasse Bernardgasse";"1949";"1950";"";"Oskar Trubel";"ja";"";"";"10";"1";"https://www.wwpipe.at/web-portal/complex-description/0807305"
"Neustiftgasse 43";"1070 Wien, Neustiftgasse Neustiftgasse";"1954";"1956";"";"Alexis Franken";"ja";"";"";"35";"4";"https://www.wwpipe.at/web-portal/complex-description/0807306"
"Stollgasse 1";"1070 Wien, Stollgasse Stollgasse";"1955";"1956";"";"Peter Kritsch, Richard Siedek";"ja";"";"";"96";"2";"https://www.wwpipe.at/web-portal/complex-description/0807307"
"Neustiftgasse 89-91";"1070 Wien, Neustiftgasse Neustiftgasse";"1955";"1956";"";"Josef Wˆhnhart";"ja";"";"";"67";"4";"https://www.wwpipe.at/web-portal/complex-description/0807308"
"Westbahnstraﬂe 1";"1070 Wien, Westbahnstraﬂe Westbahnstraﬂe";"1958";"1960";"";"Richard Siedek";"ja";"";"";"51";"20";"https://www.wwpipe.at/web-portal/complex-description/0607310"
"Hermanngasse 9";"1070 Wien, Hermanngasse Hermanngasse";"1967";"1967";"";"Rudolf M¸nch";"nein";"";"";"26";"5";"https://www.wwpipe.at/web-portal/complex-description/0607312"
"Lindengasse 57";"1070 Wien, Lindengasse Lindengasse";"1966";"1968";"";"Hugo Potyka";"ja";"";"";"25";"5";"https://www.wwpipe.at/web-portal/complex-description/0407313"
"Badhausgasse 5-7";"1070 Wien, Badhausgasse Badhausgasse";"1980";"1982";"";"Robert Zeidner";"ja";"";"";"20";"1";"https://www.wwpipe.at/web-portal/complex-description/1607314"
"Lerchenfelder Straﬂe 33";"1070 Wien, Lerchenfelder Straﬂe Lerchenfelder Straﬂe";"1982";"1983";"";"Othmar Augustin";"nein";"";"";"14";"1";"https://www.wwpipe.at/web-portal/complex-description/1707317"
"Schottenfeldgasse 37";"1070 Wien, Schottenfeldgasse Schottenfeldgasse";"1987";"1989";"";"Libuse Partyka";"nein";"";"";"19";"0";"https://www.wwpipe.at/web-portal/complex-description/1907319"
"Feldgasse 19";"1080 Wien, Feldgasse Feldgasse";"1954";"1955";"";"Hanns Kunath";"nein";"";"";"16";"2";"https://www.wwpipe.at/web-portal/complex-description/0308014"
"Kochgasse 25";"1080 Wien, Kochgasse Kochgasse";"1952";"1953";"";"Karl Schwanzer";"nein";"";"";"35";"2";"https://www.wwpipe.at/web-portal/complex-description/0308033"
"Albertplatz 7";"1080 Wien, Albertplatz Albertplatz";"1953";"1954";"";"August Bauer";"ja";"";"";"52";"2";"https://www.wwpipe.at/web-portal/complex-description/0808305"
"Pfeilgasse 10-12";"1080 Wien, Pfeilgasse Pfeilgasse";"1954";"1956";"";"Heinrich Reitst‰tter";"ja";"";"";"60";"7";"https://www.wwpipe.at/web-portal/complex-description/0808307"
"Neudeggergasse 12";"1080 Wien, Neudeggergasse Neudeggergasse";"1955";"1956";"";"Franz Otto Bˆhm";"ja";"";"";"21";"0";"https://www.wwpipe.at/web-portal/complex-description/0808308"
"Rˆgergasse 6";"1090 Wien, Rˆgergasse Rˆgergasse";"1923";"1924";"";"Karl Alois Krist";"nein";"";"";"42";"12";"https://www.wwpipe.at/web-portal/complex-description/0809303"
"Leon-Askin-Hof";"1090 Wien, Sechsschimmelgasse Sechsschimmelgasse";"1925";"1925";"";"Josef (Jaroslav) Bayer, Hartwig Fischel";"nein";"";"";"27";"2";"https://www.wwpipe.at/web-portal/complex-description/0809304"
"Marktgasse 45";"1090 Wien, Marktgasse Marktgasse";"1926";"1927";"";"Ernst Brandl";"nein";"";"";"32";"4";"https://www.wwpipe.at/web-portal/complex-description/0809306"
"D'Orsaygasse 3-5";"1090 Wien, D'Orsay-Gasse D'Orsay-Gasse";"1927";"1928";"";"Leo Kammel sen.";"nein";"2014";"2017";"49";"5";"https://www.wwpipe.at/web-portal/complex-description/0809307"
"M¸llnergasse 20";"1090 Wien, M¸llnergasse M¸llnergasse";"1927";"1927";"";"Johann Franz W¸rzl";"nein";"";"";"22";"2";"https://www.wwpipe.at/web-portal/complex-description/0809308"
"Hernalser G¸rtel 26";"1090 Wien, Hernalser G¸rtel Hernalser G¸rtel";"1929";"1930";"";"Josef Berger, Martin Ziegler";"nein";"";"";"47";"7";"https://www.wwpipe.at/web-portal/complex-description/0809310"
"Pramergasse 30";"1090 Wien, Pramergasse Pramergasse";"1929";"1930";"";"Karl Schmalhofer";"nein";"";"";"88";"8";"https://www.wwpipe.at/web-portal/complex-description/0809311"
"D'Orsaygasse 6";"1090 Wien, D'Orsay-Gasse D'Orsay-Gasse";"1930";"1931";"";"Wilhelm Peterle";"nein";"";"";"12";"1";"https://www.wwpipe.at/web-portal/complex-description/0809312"
"Wiesengasse 32";"1090 Wien, Wiesengasse Wiesengasse";"1968";"1969";"";"Wilhelm (Willi) Gehrke";"nein";"";"";"39";"8";"https://www.wwpipe.at/web-portal/complex-description/0409313"
"Marktgasse 15-17";"1090 Wien, Marktgasse Marktgasse";"1937";"1938";"";"Franz Wiesmann";"nein";"";"";"8";"3";"https://www.wwpipe.at/web-portal/complex-description/0809314"
"Salzergasse 12";"1090 Wien, Salzergasse Salzergasse";"1937";"1938";"";"Franz Wiesmann";"ja";"";"";"9";"3";"https://www.wwpipe.at/web-portal/complex-description/0809315"
"Rufgasse 4";"1090 Wien, Rufgasse Rufgasse";"1937";"1939";"";"Erich Franz Leischner";"nein";"";"";"42";"6";"https://www.wwpipe.at/web-portal/complex-description/0809316"
"Nuﬂdorfer Straﬂe 13";"1090 Wien, Nuﬂdorfer Straﬂe Nuﬂdorfer Straﬂe";"1957";"1958";"";"Richard Horner";"nein";"";"";"16";"3";"https://www.wwpipe.at/web-portal/complex-description/0809317"
"Reznicekgasse 18-22";"1090 Wien, Reznicekgasse Reznicekgasse";"1937";"1940";"";"Karl Ehn";"nein";"";"";"55";"7";"https://www.wwpipe.at/web-portal/complex-description/0809318"
"Galileigasse 6";"1090 Wien, Galileigasse Galileigasse";"1949";"1959";"";"Johann (Hans) Stˆhr";"ja";"";"";"27";"2";"https://www.wwpipe.at/web-portal/complex-description/0809319"
"Salzergasse 19";"1090 Wien, Salzergasse Salzergasse";"1963";"1965";"";"Rupert Weber";"nein";"";"";"12";"4";"https://www.wwpipe.at/web-portal/complex-description/0409320"
"Salzergasse 14";"1090 Wien, Salzergasse Salzergasse";"1969";"1970";"";"Franz Marx";"nein";"";"";"12";"0";"https://www.wwpipe.at/web-portal/complex-description/0009321"
"Liechtensteinstraﬂe 131-133";"1090 Wien, Liechtensteinstraﬂe Liechtensteinstraﬂe";"1957";"1959";"";"Heinrich Ried";"ja";"";"";"30";"3";"https://www.wwpipe.at/web-portal/complex-description/0609323"
"Badgasse 10";"1090 Wien, Badgasse Badgasse";"1952";"1953";"";"Lionore Regnier-Perin";"nein";"";"";"26";"1";"https://www.wwpipe.at/web-portal/complex-description/0809324"
"Wiesengasse 19-21";"1090 Wien, Wiesengasse Wiesengasse";"1954";"1955";"";"Michael Otter";"nein";"";"";"21";"0";"https://www.wwpipe.at/web-portal/complex-description/0809325"
"Thurygasse 6";"1090 Wien, Thurygasse Thurygasse";"1955";"1956";"";"Wilhelm Foltin";"nein";"";"";"11";"0";"https://www.wwpipe.at/web-portal/complex-description/0809326"
"Marktgasse 9-13";"1090 Wien, Marktgasse Marktgasse";"1955";"1956";"";"Heinrich Rameder";"ja";"";"";"23";"3";"https://www.wwpipe.at/web-portal/complex-description/0809327"
"Liechtensteinstraﬂe 120";"1090 Wien, Liechtensteinstraﬂe Liechtensteinstraﬂe";"1956";"1958";"";"Alexis Franken";"ja";"";"";"10";"1";"https://www.wwpipe.at/web-portal/complex-description/0809329"
"Althanstraﬂe 11-13";"1090 Wien, Althanstraﬂe Althanstraﬂe";"1956";"1958";"";"Ludwig Schmid";"nein";"";"";"55";"5";"https://www.wwpipe.at/web-portal/complex-description/0809330"
"Althanstraﬂe 27";"1090 Wien, Althanstraﬂe Althanstraﬂe";"1957";"1959";"";"Franz Kahrer";"nein";"";"";"17";"2";"https://www.wwpipe.at/web-portal/complex-description/0609332"
"Friedl-Dicker-Brandeis-Hof";"1090 Wien, Althanstraﬂe Althanstraﬂe";"1957";"1959";"";"Franz Kahrer";"nein";"";"";"17";"1";"https://www.wwpipe.at/web-portal/complex-description/0609333"
"Hˆfergasse 9-11";"1090 Wien, Hˆfergasse Hˆfergasse";"1957";"1959";"";"Walter Kˆhler";"nein";"";"";"26";"0";"https://www.wwpipe.at/web-portal/complex-description/0309353"
"Lichtentaler Gasse 11-13";"1090 Wien, Lichtentaler Gasse Lichtentaler Gasse";"1958";"1959";"";"Robert Gerlach";"ja";"";"";"29";"1";"https://www.wwpipe.at/web-portal/complex-description/0609335"
"Lazarettgasse 13a";"1090 Wien, Lazarettgasse Lazarettgasse";"1958";"1960";"";"Walter Kˆhler";"ja";"";"";"20";"2";"https://www.wwpipe.at/web-portal/complex-description/0609336"
"Althanstraﬂe 29-31";"1090 Wien, Althanstraﬂe Althanstraﬂe";"1960";"1961";"";"Erika Hotzy-Peters";"nein";"";"";"27";"2";"https://www.wwpipe.at/web-portal/complex-description/0609337"
"Simon-Denk-Gasse 4-6";"1090 Wien, Simon-Denk-Gasse Simon-Denk-Gasse";"1960";"1961";"";"Heinrich Reitst‰tter";"ja";"";"";"32";"1";"https://www.wwpipe.at/web-portal/complex-description/0609338"
"Marktgasse 37-39";"1090 Wien, Marktgasse Marktgasse";"1962";"1964";"";"Josef Horacek";"nein";"";"";"31";"4";"https://www.wwpipe.at/web-portal/complex-description/0609339"
"Pulverturmgasse 4";"1090 Wien, Pulverturmgasse Pulverturmgasse";"1963";"1965";"";"Karl Janeschitz";"ja";"";"";"51";"2";"https://www.wwpipe.at/web-portal/complex-description/0609340"
"Karl-Schmiedbauer-Hof";"1090 Wien, Lichtentaler Gasse Lichtentaler Gasse";"1963";"1965";"";"Franz Plass";"nein";"";"";"22";"3";"https://www.wwpipe.at/web-portal/complex-description/0609341"
"Marktgasse 19";"1090 Wien, Marktgasse Marktgasse";"1963";"1965";"";"Lionore Regnier-Perin";"nein";"";"";"12";"0";"https://www.wwpipe.at/web-portal/complex-description/0609342"
"Liechtensteinstraﬂe 93";"1090 Wien, Liechtensteinstraﬂe Liechtensteinstraﬂe";"1964";"1966";"";"Johann Schobermayr";"nein";"";"";"22";"3";"https://www.wwpipe.at/web-portal/complex-description/0609343"
"Liechtensteinstraﬂe 101";"1090 Wien, Liechtensteinstraﬂe Liechtensteinstraﬂe";"1964";"1966";"";"Johann Schobermayr";"nein";"";"";"11";"3";"https://www.wwpipe.at/web-portal/complex-description/0609344"
"Salzergasse 21";"1090 Wien, Salzergasse Salzergasse";"1963";"1965";"";"Franz Plass";"nein";"";"";"14";"1";"https://www.wwpipe.at/web-portal/complex-description/0609345"
"Ingrid-Smejkal-Hof";"1090 Wien, Lichtentaler Gasse Lichtentaler Gasse";"1973";"1975";"";"Hans Steineder";"nein";"";"";"48";"4";"https://www.wwpipe.at/web-portal/complex-description/1209346"
"Salzergasse 29-31";"1090 Wien, Salzergasse Salzergasse";"1976";"1977";"";"Eduard Ebner";"nein";"";"";"28";"2";"https://www.wwpipe.at/web-portal/complex-description/1209347"
"Salzergasse 42";"1090 Wien, Salzergasse Salzergasse";"";"";"2007";"";"nein";"";"";"0";"0";"https://www.wwpipe.at/web-portal/complex-description/0309348"
"Liechtensteinstraﬂe 137";"1090 Wien, Liechtensteinstraﬂe Liechtensteinstraﬂe";"1985";"1986";"";"Walter Muchar";"nein";"";"";"28";"0";"https://www.wwpipe.at/web-portal/complex-description/1709350"
"S‰ulengasse 18";"1090 Wien, S‰ulengasse S‰ulengasse";"1928";"1928";"";"Bernhard Pichler";"nein";"";"";"1";"1";"https://www.wwpipe.at/web-portal/complex-description/0809351"
"Lazarettgasse 17";"1090 Wien, Lazarettgasse Lazarettgasse";"1993";"1995";"";"Artur Paul Duniecki";"nein";"";"";"30";"3";"https://www.wwpipe.at/web-portal/complex-description/2309354"
"Herzgasse 76";"1100 Wien, Herzgasse Herzgasse";"1894";"1894";"";"Johann Stielmarzer";"nein";"";"";"21";"1";"https://www.wwpipe.at/web-portal/complex-description/0310003"
"Gellertgasse 21";"1100 Wien, Gellertgasse Gellertgasse";"1957";"1957";"";"Heinrich Vana";"nein";"";"";"85";"8";"https://www.wwpipe.at/web-portal/complex-description/0310008"
"B¸rgergasse 10";"1100 Wien, B¸rgergasse B¸rgergasse";"1963";"1964";"";"Edith Lessel";"nein";"";"";"12";"0";"https://www.wwpipe.at/web-portal/complex-description/0310031"
"Mundygasse 12";"1100 Wien, Mundygasse Mundygasse";"1956";"1956";"";"Alfons Binder";"nein";"";"";"39";"0";"https://www.wwpipe.at/web-portal/complex-description/0310050"
"Steudelgasse 18";"1100 Wien, Steudelgasse Steudelgasse";"1955";"1955";"";"Carl Rˆssler";"nein";"";"";"35";"0";"https://www.wwpipe.at/web-portal/complex-description/0310060"
"Kennergasse 10";"1100 Wien, Kennergasse Kennergasse";"1924";"1925";"";"Josef Hofbauer, Wilhelm Baumgarten";"ja";"";"";"162";"8";"https://www.wwpipe.at/web-portal/complex-description/0810302"
"Troststraﬂe 64-66";"1100 Wien, Troststraﬂe Troststraﬂe";"1924";"1926";"";"Klemens M. Kattner, Alexander Graf";"ja";"";"";"121";"5";"https://www.wwpipe.at/web-portal/complex-description/0810304"
"Van-der-N¸ll-Gasse 82-86";"1100 Wien, Van-der-N¸ll-Gasse Van-der-N¸ll-Gasse";"1925";"1926";"";"Ernst Egli";"nein";"";"";"135";"9";"https://www.wwpipe.at/web-portal/complex-description/0810305"
"B¸rgergasse 22";"1100 Wien, B¸rgergasse B¸rgergasse";"1925";"1925";"";"Heinrich Ried";"nein";"";"";"116";"8";"https://www.wwpipe.at/web-portal/complex-description/0810306"
"Friesenplatz 1-2";"1100 Wien, Friesenplatz Friesenplatz";"1925";"1925";"";"Erwin Bˆck, Max Theuer, Friedrich Zotter";"nein";"";"";"178";"13";"https://www.wwpipe.at/web-portal/complex-description/0810308"
"B¸rgergasse 17-19";"1100 Wien, B¸rgergasse B¸rgergasse";"1926";"1927";"";"Oskar Wlach";"nein";"";"";"199";"12";"https://www.wwpipe.at/web-portal/complex-description/0810310"
"Hasengasse 35-41";"1100 Wien, Hasengasse Hasengasse";"1926";"1927";"";"Georg Rupprecht";"nein";"";"";"171";"5";"https://www.wwpipe.at/web-portal/complex-description/0810312"
"Friedrich-Knauer-Gasse 2-4";"1100 Wien, Friedrich-Knauer-Gasse Friedrich-Knauer-Gasse";"1929";"1929";"";"Otto Rudolf Polak-Hellwig";"nein";"";"";"56";"1";"https://www.wwpipe.at/web-portal/complex-description/0810313"
"Friedrich-Knauer-Gasse 6-8";"1100 Wien, Friedrich-Knauer-Gasse Friedrich-Knauer-Gasse";"1929";"1929";"";"Anton Valentin";"nein";"";"";"89";"0";"https://www.wwpipe.at/web-portal/complex-description/0810314"
"Puchsbaumgasse 11-13";"1100 Wien, Puchsbaumgasse Puchsbaumgasse";"1929";"1930";"";"Rudolf (Rolf) Eugen Heger";"nein";"";"";"29";"0";"https://www.wwpipe.at/web-portal/complex-description/0810315"
"Alxingergasse 97-103";"1100 Wien, Alxingergasse Alxingergasse";"1957";"1958";"";"Peter Tˆlzer, Maria Tˆlzer";"ja";"";"";"92";"2";"https://www.wwpipe.at/web-portal/complex-description/0810317"
"Puchsbaumplatz 14";"1100 Wien, Puchsbaumplatz Puchsbaumplatz";"1929";"1929";"";"Fritz Reichl";"nein";"";"";"11";"0";"https://www.wwpipe.at/web-portal/complex-description/0810318"
"Triester Straﬂe 75-77";"1100 Wien, Triester Straﬂe Triester Straﬂe";"1929";"1930";"";"Karl Adalbert Andreas Fischl-Pirkh‰nfeld";"nein";"";"";"44";"3";"https://www.wwpipe.at/web-portal/complex-description/0810320"
"Angeligasse 78-80";"1100 Wien, Angeligasse Angeligasse";"1929";"1930";"";"Edmund Misterka, Leopold Simony";"nein";"";"";"90";"6";"https://www.wwpipe.at/web-portal/complex-description/0810321"
"Margarethe-Hilferding-Hof";"1100 Wien, Leebgasse Leebgasse";"1928";"1929";"";"Franz Zabza";"ja";"";"";"107";"3";"https://www.wwpipe.at/web-portal/complex-description/0810322"
"Bernhardtstalgasse 38";"1100 Wien, Bernhardtstalgasse Bernhardtstalgasse";"1965";"1965";"";"Carl A. J. Hala, Paul Detre";"ja";"";"";"102";"11";"https://www.wwpipe.at/web-portal/complex-description/0610323"
"Schrankenberggasse 22";"1100 Wien, Schrankenberggasse Schrankenberggasse";"1929";"1929";"";"Josef Berger";"nein";"";"";"12";"1";"https://www.wwpipe.at/web-portal/complex-description/0810324"
"Triester Straﬂe 51-53";"1100 Wien, Triester Straﬂe Triester Straﬂe";"1929";"1929";"";"Johann Franz W¸rzl";"nein";"";"";"37";"1";"https://www.wwpipe.at/web-portal/complex-description/0810325"
"Kudlichgasse 26-28";"1100 Wien, Kudlichgasse Kudlichgasse";"1930";"1930";"";"Florian Prantl";"nein";"";"";"32";"1";"https://www.wwpipe.at/web-portal/complex-description/0810326"
"Eschenallee 1-9";"1100 Wien, Eschenallee Eschenallee";"1929";"1929";"";"Karl Alois Krist";"nein";"";"";"108";"1";"https://www.wwpipe.at/web-portal/complex-description/0810327"
"Laxenburger Straﬂe 92";"1100 Wien, Laxenburger Straﬂe Laxenburger Straﬂe";"1931";"1932";"";"Josef Hahn";"nein";"";"";"67";"0";"https://www.wwpipe.at/web-portal/complex-description/0810329"
"Grenzackerstraﬂe 7-11";"1100 Wien, Grenzackerstraﬂe Grenzackerstraﬂe";"1968";"1970";"";"Wolfram Schindler, Karl Oeller, Erika Schreiber, Heinrich Reitst‰tter";"ja";"";"";"246";"53";"https://www.wwpipe.at/web-portal/complex-description/0410330"
"Leebgasse 94-96";"1100 Wien, Leebgasse Leebgasse";"1931";"1932";"";"Rudolf Scherer";"nein";"";"";"72";"3";"https://www.wwpipe.at/web-portal/complex-description/0810331"
"Dieselgasse 22";"1100 Wien, Dieselgasse Dieselgasse";"1931";"1932";"";"Ernst Kurt Richter";"nein";"";"";"19";"1";"https://www.wwpipe.at/web-portal/complex-description/0810332"
"Kudlichgasse 35";"1100 Wien, Kudlichgasse Kudlichgasse";"1930";"1931";"";"Karl Dorfmeister";"nein";"";"";"41";"2";"https://www.wwpipe.at/web-portal/complex-description/0810335"
"Mundygasse 1";"1100 Wien, Mundygasse Mundygasse";"1932";"1933";"";"Paul G¸tl";"ja";"";"";"161";"4";"https://www.wwpipe.at/web-portal/complex-description/0810341"
"Triester Straﬂe 85";"1100 Wien, Triester Straﬂe Triester Straﬂe";"1929";"1932";"";"Silvio Mohr, Robert Hartinger";"ja";"";"";"149";"4";"https://www.wwpipe.at/web-portal/complex-description/0810342"
"Raxstraﬂe 21-27";"1100 Wien, Raxstraﬂe Raxstraﬂe";"1931";"1933";"";"Johann Flieger";"nein";"";"";"250";"14";"https://www.wwpipe.at/web-portal/complex-description/0810343"
"B¸rgergasse 21-23";"1100 Wien, B¸rgergasse B¸rgergasse";"1933";"1935";"";"Josef Frank, Oskar Wlach";"nein";"";"";"362";"14";"https://www.wwpipe.at/web-portal/complex-description/0810344"
"Buchengasse 25-37";"1100 Wien, Buchengasse Buchengasse";"1936";"1938";"";"Konstantin Peller";"nein";"";"";"172";"11";"https://www.wwpipe.at/web-portal/complex-description/0810346"
"Sibeliusstraﬂe 5-11";"1100 Wien, Sibeliusstraﬂe Sibeliusstraﬂe";"1970";"1972";"";"Berthold Gabriel, Harald Woisetschl‰ger, Theodor Schˆll, Richard Siedek";"ja";"";"";"309";"10";"https://www.wwpipe.at/web-portal/complex-description/0010347"
"Erlachgasse 53-57";"1100 Wien, Erlachgasse Erlachgasse";"1938";"1938";"";"Franz Wiesmann";"ja";"";"";"93";"8";"https://www.wwpipe.at/web-portal/complex-description/0810348"
"Troststraﬂe 21-37";"1100 Wien, Troststraﬂe Troststraﬂe";"1939";"1942";"";"Walter Pind";"nein";"";"";"145";"19";"https://www.wwpipe.at/web-portal/complex-description/0810349"
"Ettenreichgasse 42-44";"1100 Wien, Ettenreichgasse Ettenreichgasse";"1935";"1936";"";"Franz Wiesmann";"ja";"";"";"94";"5";"https://www.wwpipe.at/web-portal/complex-description/0810351"
"Franz-Schuh-Gasse 26";"1100 Wien, Franz-Schuh-Gasse Franz-Schuh-Gasse";"1941";"1943";"";"Robert Oerley";"nein";"";"";"34";"0";"https://www.wwpipe.at/web-portal/complex-description/0810352"
"Raxstraﬂe 6-8";"1100 Wien, Raxstraﬂe Raxstraﬂe";"1952";"1953";"";"Karl Schwarz";"ja";"";"";"277";"11";"https://www.wwpipe.at/web-portal/complex-description/0810355"
"Antonie-Alt-Hof";"1100 Wien, Leebgasse Leebgasse";"1951";"1952";"";"Karl Vodak sen., Florian Omasta, Viktor Fenzl";"ja";"";"";"120";"5";"https://www.wwpipe.at/web-portal/complex-description/0810356"
"Dampfgasse 18-20";"1100 Wien, Dampfgasse Dampfgasse";"1968";"1970";"";"Erich Sulke, Jaro K. Merinsky";"nein";"";"";"103";"2";"https://www.wwpipe.at/web-portal/complex-description/0010357"
"Hofherrgasse 5-13";"1100 Wien, Hofherrgasse Hofherrgasse";"1952";"1954";"";"Bruno Buzek, Otto Schˆnthal, Josef Baudys";"ja";"";"";"157";"3";"https://www.wwpipe.at/web-portal/complex-description/0810358"
"Troststraﬂe 20-30";"1100 Wien, Troststraﬂe Troststraﬂe";"1952";"1953";"";"Walter H¸bner, Otto Reihs, Josef Ludwig Kalbac, Julius Bergmann";"ja";"";"";"233";"3";"https://www.wwpipe.at/web-portal/complex-description/0810359"
"Oberlaaer Straﬂe 193";"1100 Wien, Ober-Laaer Straﬂe Ober-Laaer Straﬂe";"1951";"1951";"";"Franz Lax, Josef Seeberger";"ja";"";"";"57";"5";"https://www.wwpipe.at/web-portal/complex-description/0810360"
"Randhartingergasse 17";"1100 Wien, Randhartingergasse Randhartingergasse";"1908";"1908";"";"Albrecht Michler";"nein";"";"";"26";"0";"https://www.wwpipe.at/web-portal/complex-description/0810362"
"Pernerstorfergasse 60";"1100 Wien, Pernerstorfergasse Pernerstorfergasse";"1952";"1953";"";"Rudolf M¸nch, Rudolf Goder";"ja";"";"";"124";"5";"https://www.wwpipe.at/web-portal/complex-description/0810363"
"Neilreichgasse 85-89";"1100 Wien, Neilreichgasse Neilreichgasse";"1955";"1956";"";"Raoul Lavaulx, Hans Schimitzek, Kurt Nehrer";"ja";"";"";"157";"2";"https://www.wwpipe.at/web-portal/complex-description/0810364"
"Herzgasse 99-101";"1100 Wien, Herzgasse Herzgasse";"1953";"1954";"";"Alfred Schmid, Victor Mittag, Hans Gass";"ja";"";"";"219";"6";"https://www.wwpipe.at/web-portal/complex-description/0810365"
"Kudlichgasse 12";"1100 Wien, Kudlichgasse Kudlichgasse";"1954";"1955";"";"Hans Bolek";"nein";"";"";"19";"0";"https://www.wwpipe.at/web-portal/complex-description/0810366"
"Jagdgasse 1d";"1100 Wien, Jagdgasse Jagdgasse";"1954";"1956";"";"Hermann Tamussino, Johann Rezac, Fritz Waage";"ja";"";"";"278";"9";"https://www.wwpipe.at/web-portal/complex-description/0810367"
"Anna-Boschek-Hof";"1100 Wien, Davidgasse Davidgasse";"1953";"1956";"";"Harald Bauer, Fritz Slama, Rudolf Karl Peschel, Siegfried Mˆrth, Ferdinand Riedl, Josef (Jaroslav) Bayer";"ja";"";"";"419";"21";"https://www.wwpipe.at/web-portal/complex-description/0810368"
"Wirerstraﬂe 6-14";"1100 Wien, Wirerstraﬂe Wirerstraﬂe";"1955";"1956";"";"Anton Schmid, Friedrich (Fritz) Novotny";"ja";"";"";"104";"3";"https://www.wwpipe.at/web-portal/complex-description/0810369"
"Troststraﬂe 8-16";"1100 Wien, Troststraﬂe Troststraﬂe";"1955";"1957";"";"Alexander Kratky, Leopold Tinhof, Martin Sauer, Ernst Berg";"ja";"";"";"201";"5";"https://www.wwpipe.at/web-portal/complex-description/0810370"
"Puchsbaumgasse 5-7";"1100 Wien, Puchsbaumgasse Puchsbaumgasse";"1955";"1956";"";"Willy Grunert, Erich Lamprecht, Fred Freyler, Othmar Augustin";"ja";"";"";"178";"1";"https://www.wwpipe.at/web-portal/complex-description/0810371"
"Rechberggasse 16-20";"1100 Wien, Rechberggasse Rechberggasse";"1953";"1955";"";"Rudolf Bazalka, Karl Zepke, Bruno Tinhofer, Otto Pesek";"ja";"";"";"201";"9";"https://www.wwpipe.at/web-portal/complex-description/0810372"
"Antonsplatz 14-15";"1100 Wien, Antonsplatz Antonsplatz";"1955";"1957";"";"Paul Widmann, Walther Raschka";"ja";"";"";"110";"6";"https://www.wwpipe.at/web-portal/complex-description/0810373"
"Migerkastraﬂe 1-3";"1100 Wien, Migerkastraﬂe Migerkastraﬂe";"1956";"1958";"";"Josef (Jaroslav) Bayer, Anna Fembˆck";"ja";"";"";"129";"8";"https://www.wwpipe.at/web-portal/complex-description/0810378"
"Hausergasse 3-7";"1100 Wien, Hausergasse Hausergasse";"1956";"1957";"";"Rudolf Wawrik, Karl Vodak sen.";"ja";"";"";"110";"2";"https://www.wwpipe.at/web-portal/complex-description/0810379"
"Oberlaaer Straﬂe 87";"1100 Wien, Ober-Laaer Straﬂe Ober-Laaer Straﬂe";"1956";"1956";"";"Leopoldine Schwarzinger";"ja";"";"";"42";"4";"https://www.wwpipe.at/web-portal/complex-description/0810380"
"Karplusgasse 1-39";"1100 Wien, Karplusgasse Karplusgasse";"1957";"1959";"";"Leo Kammel jun., Franz Wosatka, Viktor Kromp, Paul Ehrenzweig, Alexander Kratky";"nein";"";"";"384";"16";"https://www.wwpipe.at/web-portal/complex-description/0810382"
"Rotenhofgasse 80-84";"1100 Wien, Rotenhofgasse Rotenhofgasse";"1957";"1958";"";"Walter Muchar, Wilfried Poszpisily, Franz Requat, Wilhelm Kleyhons, Anton Schmid";"ja";"";"";"261";"18";"https://www.wwpipe.at/web-portal/complex-description/0810383"
"Guﬂriegelstraﬂe 51-59";"1100 Wien, Guﬂriegelstraﬂe Guﬂriegelstraﬂe";"1957";"1959";"";"Anton Herrgesell, Josef Leitner, G¸nter Krisch, Robert Fussek, Werner John, Rudolf Jarosch, Anton Christl, Heinz Rollig";"ja";"";"";"451";"23";"https://www.wwpipe.at/web-portal/complex-description/0810384"
"Oberlaaer Straﬂe 39";"1100 Wien, Ober-Laaer Straﬂe Ober-Laaer Straﬂe";"1958";"1959";"";"Elisabeth Gass, Hans Gass";"nein";"";"";"96";"11";"https://www.wwpipe.at/web-portal/complex-description/0610385"
"Troststraﬂe 13-19";"1100 Wien, Troststraﬂe Troststraﬂe";"1957";"1958";"";"Heinrich Reitst‰tter, Fritz Slama, Alois Plessinger";"ja";"";"";"197";"8";"https://www.wwpipe.at/web-portal/complex-description/0610386"
"Dieselgasse 11-17";"1100 Wien, Dieselgasse Dieselgasse";"1959";"1960";"";"Friedrich Albrecht, Rudolf Karl Peschel, Ferdinand Zimmermann, Julius Bergmann, Heinz Scheide, Alfred Schˆmer";"ja";"";"";"255";"5";"https://www.wwpipe.at/web-portal/complex-description/0610387"
"Laaer-Berg-Straﬂe 34-38";"1100 Wien, Laaer-Berg-Straﬂe Laaer-Berg-Straﬂe";"1960";"1963";"";"Hermann Kutschera";"nein";"";"";"256";"8";"https://www.wwpipe.at/web-portal/complex-description/0610388"
"Schrankenberggasse 29";"1100 Wien, Schrankenberggasse Schrankenberggasse";"1960";"1961";"";"Ferdinand Riedl";"ja";"";"";"54";"2";"https://www.wwpipe.at/web-portal/complex-description/0610390"
"Brunnweg 4";"1100 Wien, Brunnweg Brunnweg";"1960";"1961";"";"Fritz Judtmann, Alois Tischer, Anton Steflicek";"ja";"";"";"172";"0";"https://www.wwpipe.at/web-portal/complex-description/0610391"
"Holbeingasse 11";"1100 Wien, Holbeingasse Holbeingasse";"1960";"1961";"";"Fritz Judtmann, Anton Steflicek, Alois Tischer";"nein";"";"";"120";"4";"https://www.wwpipe.at/web-portal/complex-description/0610392"
"Neilreichgasse 95-99";"1100 Wien, Neilreichgasse Neilreichgasse";"1960";"1962";"";"Heinrich Benedikt, Lucia Aichinger, Hermann Aichinger jun.";"nein";"";"";"162";"7";"https://www.wwpipe.at/web-portal/complex-description/0610393"
"Quaringasse 22";"1100 Wien, Quaringasse Quaringasse";"1961";"1962";"";"Hans Paar";"nein";"";"";"60";"1";"https://www.wwpipe.at/web-portal/complex-description/0610394"
"Feuchterslebengasse 67";"1100 Wien, Feuchterslebengasse Feuchterslebengasse";"1960";"1964";"";"Alexander Kratky, Erich Schlˆss, Franz M¸llner, Rudolf Pamlitschka, Robert Weinlich, Walter H¸bner, Bruno Hampel, Josef Mergenthal, Josef Schmelzenbart";"nein";"";"";"428";"7";"https://www.wwpipe.at/web-portal/complex-description/0610395"
"Eisenstadtplatz 4-8";"1100 Wien, Eisenstadtplatz Eisenstadtplatz";"1960";"1963";"";"Werner Schrˆfl, Othmar Augustin, Maria Tˆlzer, Hermann Kutschera, Siegfried Theiﬂ, Artur Perotti, Walter Jaksch, Hans Jaksch, Leopold Ledwinka, Peter Tˆlzer";"nein";"";"";"174";"5";"https://www.wwpipe.at/web-portal/complex-description/0610397"
"Patrubangasse 9";"1100 Wien, Patrubangasse Patrubangasse";"1960";"1963";"";"Othmar Augustin, Werner Schrˆfl, Leopold Ledwinka, Hans Jaksch, Hermann Kutschera, Maria Tˆlzer, Peter Tˆlzer, Siegfried Theiﬂ, Walter Jaksch, Artur Perotti";"nein";"";"";"118";"6";"https://www.wwpipe.at/web-portal/complex-description/0610398"
"Laaer-Berg-Straﬂe 32";"1100 Wien, Laaer-Berg-Straﬂe Laaer-Berg-Straﬂe";"1960";"1963";"";"Siegfried Theiﬂ, Walter Jaksch, Hans Jaksch";"ja";"";"";"149";"47";"https://www.wwpipe.at/web-portal/complex-description/0610399"
"Neilreichgasse 56";"1100 Wien, Neilreichgasse Neilreichgasse";"1961";"1962";"";"Walter Muchar, Kurt Nehrer";"ja";"";"";"92";"5";"https://www.wwpipe.at/web-portal/complex-description/0610400"
"Graffgasse 12";"1100 Wien, Graffgasse Graffgasse";"1961";"1962";"";"Wilfried Poszpisily";"nein";"";"";"50";"0";"https://www.wwpipe.at/web-portal/complex-description/0610401"
"Raxstraﬂe 38";"1100 Wien, Raxstraﬂe Raxstraﬂe";"1961";"1963";"";"Paul Ehrenzweig, Johannes (Hannes) Lintl, Libuse Partyka, Eugenie Pippal-Kottnig, Rudolf Jarosch";"ja";"";"";"35";"4";"https://www.wwpipe.at/web-portal/complex-description/0610402"
"Raxstraﬂe 27a";"1100 Wien, Raxstraﬂe Raxstraﬂe";"1961";"1963";"";"Hans MuttonÈ, Otto Gruen, Friedrich (Fritz) Novotny, Paul Detre";"nein";"";"";"71";"2";"https://www.wwpipe.at/web-portal/complex-description/0610403"
"Braunspergengasse 27";"1100 Wien, Braunspergengasse Braunspergengasse";"1961";"1963";"";"Paul Detre, Friedrich (Fritz) Novotny, Otto Gruen, Hans MuttonÈ";"ja";"";"";"197";"1";"https://www.wwpipe.at/web-portal/complex-description/0610404"
"Fernkorngasse 100";"1100 Wien, Fernkorngasse Fernkorngasse";"1963";"1964";"";"Max Philippitsch, Alfred Podgorschek";"nein";"";"";"135";"0";"https://www.wwpipe.at/web-portal/complex-description/0410405"
"Raxstraﬂe 22";"1100 Wien, Raxstraﬂe Raxstraﬂe";"1963";"1965";"";"Max Philippitsch, Alfred Podgorschek";"nein";"";"";"135";"12";"https://www.wwpipe.at/web-portal/complex-description/0610405"
"Klausenburger Straﬂe 33";"1100 Wien, Klausenburger Straﬂe Klausenburger Straﬂe";"1964";"1965";"";"Anton Steflicek";"ja";"";"";"97";"0";"https://www.wwpipe.at/web-portal/complex-description/0610407"
"Laxenburger Straﬂe 203-217";"1100 Wien, Laxenburger Straﬂe Laxenburger Straﬂe";"1953";"1956";"";"(Franz) Hubert Matuschek, Anton Ubl";"ja";"";"";"272";"19";"https://www.wwpipe.at/web-portal/complex-description/0810409"
"Laxenburger Straﬂe 140-142";"1100 Wien, Laxenburger Straﬂe Laxenburger Straﬂe";"1953";"1954";"";"(Franz) Hubert Matuschek, Anton Ubl";"ja";"";"";"10";"5";"https://www.wwpipe.at/web-portal/complex-description/0810410"
"Laaer-Berg-Straﬂe 166";"1100 Wien, Laaer-Berg-Straﬂe Laaer-Berg-Straﬂe";"1928";"1929";"";"Franz Schacherl";"ja";"";"";"19";"7";"https://www.wwpipe.at/web-portal/complex-description/0810416"
"Laaer-Berg-Straﬂe 168";"1100 Wien, Laaer-Berg-Straﬂe Laaer-Berg-Straﬂe";"1929";"1930";"";"Franz Schacherl";"nein";"";"";"20";"8";"https://www.wwpipe.at/web-portal/complex-description/0810417"
"Laaer-Berg-Straﬂe 172";"1100 Wien, Laaer-Berg-Straﬂe Laaer-Berg-Straﬂe";"1929";"1930";"";"Franz Schacherl";"nein";"";"";"26";"4";"https://www.wwpipe.at/web-portal/complex-description/0810418"
"Laaer-Berg-Straﬂe 202";"1100 Wien, Laaer-Berg-Straﬂe Laaer-Berg-Straﬂe";"1928";"1929";"";"Franz Schacherl";"nein";"";"";"35";"2";"https://www.wwpipe.at/web-portal/complex-description/0810419"
"Kempelengasse 5";"1100 Wien, Kempelengasse Kempelengasse";"1983";"1985";"";"Friedrich Albrecht, Herbert M¸ller-Hartburg, Kurt Neugebauer, Robert Sturmberger, Helmuth Kunze, Carl Appel";"nein";"";"";"373";"2";"https://www.wwpipe.at/web-portal/complex-description/1710437"
"Quellenplatz 4";"1100 Wien, Quellenplatz Quellenplatz";"1985";"1987";"";"Annemarie Obermann";"nein";"";"";"35";"10";"https://www.wwpipe.at/web-portal/complex-description/1710438"
"Hebbelplatz 3";"1100 Wien, Hebbelplatz Hebbelplatz";"1982";"1985";"";"Rudolf Lamprecht, Walter Lagler";"nein";"";"";"160";"11";"https://www.wwpipe.at/web-portal/complex-description/1710440"
"Steudelgasse 42";"1100 Wien, Steudelgasse Steudelgasse";"1983";"1984";"";"Josef Seeberger";"nein";"";"";"35";"2";"https://www.wwpipe.at/web-portal/complex-description/1710441"
"Puchsbaumplatz 13";"1100 Wien, Puchsbaumplatz Puchsbaumplatz";"1985";"1987";"";"Reinhard Fuchs";"nein";"";"";"14";"0";"https://www.wwpipe.at/web-portal/complex-description/1710443"
"Johann-Pˆlzer-Gasse 4";"1100 Wien, Johann-Pˆlzer-Gasse Johann-Pˆlzer-Gasse";"1972";"1974";"";"Bruno Tinhofer";"nein";"";"";"26";"0";"https://www.wwpipe.at/web-portal/complex-description/1210444"
"Herzgasse 15-19";"1100 Wien, Herzgasse Herzgasse";"1989";"1991";"";"Josef Krawina";"ja";"";"";"68";"5";"https://www.wwpipe.at/web-portal/complex-description/2110447"
"Simmeringer Hauptstraﬂe 240";"1110 Wien, Simmeringer Hauptstraﬂe Simmeringer Hauptstraﬂe";"1924";"1925";"";"Wilhelm Peterle";"nein";"2020";"2021";"32";"8";"https://www.wwpipe.at/web-portal/complex-description/0811305"
"Gratian-Marx-Straﬂe 4";"1110 Wien, Gratian-Marx-Straﬂe Gratian-Marx-Straﬂe";"1929";"1929";"";"Alfred Wildhack";"nein";"";"";"12";"3";"https://www.wwpipe.at/web-portal/complex-description/0811310"
"Schneidergasse 9";"1110 Wien, Schneidergasse Schneidergasse";"1928";"1929";"";"Friedrich Fischer I";"nein";"";"";"9";"0";"https://www.wwpipe.at/web-portal/complex-description/0811311"
"Herbortgasse 43";"1110 Wien, Herbortgasse Herbortgasse";"1929";"1929";"";"Heinz Rollig";"nein";"";"";"50";"0";"https://www.wwpipe.at/web-portal/complex-description/0811313"
"Fuchsrˆhrenstraﬂe 22-30";"1110 Wien, Fuchsrˆhrenstraﬂe Fuchsrˆhrenstraﬂe";"1930";"1932";"";"Rudolf Perthen";"nein";"";"";"86";"3";"https://www.wwpipe.at/web-portal/complex-description/0811315"
"Rosa-Jochmann-Hof";"1110 Wien, Simmeringer Hauptstraﬂe Simmeringer Hauptstraﬂe";"1931";"1932";"";"Josef Frank, Oskar Wlach";"ja";"";"";"276";"16";"https://www.wwpipe.at/web-portal/complex-description/0811316"
"Eisteichstraﬂe 11";"1110 Wien, Eisteichstraﬂe Eisteichstraﬂe";"1957";"1958";"";"Armin Dolesch";"nein";"";"";"32";"5";"https://www.wwpipe.at/web-portal/complex-description/0811317"
"Zippererstraﬂe 14";"1110 Wien, Zippererstraﬂe Zippererstraﬂe";"1949";"1954";"";"Hans Steineder, Rudolf Wawrik";"ja";"";"";"162";"9";"https://www.wwpipe.at/web-portal/complex-description/0811320"
"Delsenbachgasse 7-11";"1110 Wien, Delsenbachgasse Delsenbachgasse";"1949";"1950";"";"Willy Grunert";"nein";"";"";"81";"3";"https://www.wwpipe.at/web-portal/complex-description/0811321"
"Wilhelm-Otto-Straﬂe 3-5";"1110 Wien, Wilhelm-Otto-Straﬂe Wilhelm-Otto-Straﬂe";"1957";"1958";"";"Armin Dolesch";"ja";"";"";"27";"3";"https://www.wwpipe.at/web-portal/complex-description/0811323"
"Gratian-Marx-Straﬂe 5";"1110 Wien, Gratian-Marx-Straﬂe Gratian-Marx-Straﬂe";"1952";"1952";"";"Rudolf Wesecky";"nein";"";"";"17";"1";"https://www.wwpipe.at/web-portal/complex-description/0811327"
"Gratian-Marx-Straﬂe 12-14";"1110 Wien, Gratian-Marx-Straﬂe Gratian-Marx-Straﬂe";"1953";"1954";"";"Erich Lamprecht";"nein";"";"";"52";"1";"https://www.wwpipe.at/web-portal/complex-description/0811328"
"Ehamgasse 49";"1110 Wien, Ehamgasse Ehamgasse";"1955";"1956";"";"Carl Aubˆck";"ja";"";"";"15";"2";"https://www.wwpipe.at/web-portal/complex-description/0811329"
"Krausegasse 14";"1110 Wien, Krausegasse Krausegasse";"1953";"1954";"";"Hanns Kunath";"nein";"";"";"33";"2";"https://www.wwpipe.at/web-portal/complex-description/0811331"
"Molitorgasse 5-9";"1110 Wien, Molitorgasse Molitorgasse";"1955";"1957";"";"Oskar Trubel";"ja";"";"";"47";"0";"https://www.wwpipe.at/web-portal/complex-description/0811335"
"Dommesgasse 1-7";"1110 Wien, Dommesgasse Dommesgasse";"1956";"1957";"";"Otto Schˆnthal, Matth‰us Jiszda II., Fritz Slama";"ja";"";"";"125";"11";"https://www.wwpipe.at/web-portal/complex-description/0811368"
"Herbortgasse 42";"1110 Wien, Herbortgasse Herbortgasse";"1958";"1959";"";"Rudolf Brandst‰tter";"ja";"";"";"64";"0";"https://www.wwpipe.at/web-portal/complex-description/0611370"
"Rinnbˆckstraﬂe 14-18";"1110 Wien, Rinnbˆckstraﬂe Rinnbˆckstraﬂe";"1960";"1961";"";"Rudolf Hˆnig";"ja";"";"";"39";"7";"https://www.wwpipe.at/web-portal/complex-description/0611371"
"Geystraﬂe 5-7";"1110 Wien, Geystraﬂe Geystraﬂe";"1960";"1961";"";"Robert Kapeller";"nein";"2013";"2020";"29";"0";"https://www.wwpipe.at/web-portal/complex-description/0611373"
"Simmeringer Hauptstraﬂe 136-140";"1110 Wien, Simmeringer Hauptstraﬂe Simmeringer Hauptstraﬂe";"1960";"1961";"";"Walter Foral";"nein";"";"";"46";"6";"https://www.wwpipe.at/web-portal/complex-description/0611375"
"Rˆmersthalgasse 9-17";"1110 Wien, Rˆmersthalgasse Rˆmersthalgasse";"1961";"1962";"";"Leopoldine Schwarzinger, Felix Hasenˆhrl";"ja";"";"";"118";"1";"https://www.wwpipe.at/web-portal/complex-description/0511376"
"Mautner-Markhof-Gasse 10";"1110 Wien, Mautner-Markhof-Gasse Mautner-Markhof-Gasse";"1964";"1966";"";"Karl Peroutka, Hans Gass, Otto Nadel, Elisabeth Gass, Rudolf Wawrik";"ja";"";"";"641";"7";"https://www.wwpipe.at/web-portal/complex-description/0611377"
"Karl-Lory-Hof";"1110 Wien, Lorystraﬂe Lorystraﬂe";"1964";"1966";"";"Rotraut Hommer";"ja";"";"";"95";"3";"https://www.wwpipe.at/web-portal/complex-description/0511379"
"Th¸rnlhofstraﬂe 21-23";"1110 Wien, Th¸rnlhofstraﬂe Th¸rnlhofstraﬂe";"1969";"1970";"";"Wiener Stadtbauamt, MA24";"ja";"";"";"364";"3";"https://www.wwpipe.at/web-portal/complex-description/0011386"
"Th¸rnlhofstraﬂe 20-24";"1110 Wien, Th¸rnlhofstraﬂe Th¸rnlhofstraﬂe";"1971";"1972";"";"Ernst Lederer-Ponzer, Harald Scheidl, G¸nther Ludwig, Friedrich Holey, Richard Praun, Friedrich Weinkopf, Adolf Svancar, Walter H¸bner, Ludwig Hammerschmid, Kurt Neugebauer, Edgar Gˆth, Eugenie Pippal-Kottnig, Rudolf Angelides";"ja";"";"";"621";"2";"https://www.wwpipe.at/web-portal/complex-description/0011387"
"Muhrhoferweg 13-19";"1110 Wien, Muhrhoferweg Muhrhoferweg";"1971";"1972";"";"Karl Musil, Anton Holtermann, Walter Schneider, Otmar Patak, Franz A. Bayer, Franz Kahrer, Walter Klingraber";"ja";"";"";"419";"17";"https://www.wwpipe.at/web-portal/complex-description/0011388"
"Muhrhoferweg 7-11";"1110 Wien, Muhrhoferweg Muhrhoferweg";"1972";"1973";"";"Walter Schneider, Franz A. Bayer, Otmar Patak, Franz Kahrer, Karl Musil, Walter Klingraber, Anton Holtermann";"ja";"";"";"460";"3";"https://www.wwpipe.at/web-portal/complex-description/0011389"
"Pantucekgasse 33";"1110 Wien, Pantucekgasse Pantucekgasse";"1969";"1970";"";"Friedrich Holey, Adolf Svancar, Edgar Gˆth, Kurt Neugebauer, Ernst Lederer-Ponzer, Friedrich Weinkopf, Eugenie Pippal-Kottnig, G¸nther Ludwig, Rudolf Angelides, Richard Praun, Walter H¸bner, Harald Scheidl, Ludwig Hammerschmid";"ja";"";"";"446";"6";"https://www.wwpipe.at/web-portal/complex-description/1111391"
"Muhrhoferweg 1-5";"1110 Wien, Muhrhoferweg Muhrhoferweg";"1971";"1973";"";"Franz Kahrer, Karl Musil, Franz A. Bayer, Walter Schneider, Anton Holtermann, Otmar Patak";"ja";"";"";"497";"3";"https://www.wwpipe.at/web-portal/complex-description/1211392"
"Pantucekgasse 9-11";"1110 Wien, Pantucekgasse Pantucekgasse";"1972";"1973";"";"G¸nther Ludwig, Walter H¸bner, Ernst Lederer-Ponzer, Kurt Neugebauer, Friedrich Weinkopf, Edgar Gˆth, Richard Praun, Eugenie Pippal-Kottnig, Ludwig Hammerschmid, Adolf Svancar, Friedrich Holey, Harald Scheidl, Rudolf Angelides";"ja";"";"";"472";"4";"https://www.wwpipe.at/web-portal/complex-description/1211393"
"Lorystraﬂe 57";"1110 Wien, Lorystraﬂe Lorystraﬂe";"1975";"1976";"";"Robert Poschacher";"nein";"";"";"35";"1";"https://www.wwpipe.at/web-portal/complex-description/1211395"
"Luzegasse 2-4";"1110 Wien, Luzegasse Luzegasse";"1976";"1978";"";"Heinrich Benedikt, Walter Strauss";"ja";"";"";"98";"8";"https://www.wwpipe.at/web-portal/complex-description/1411396"
"Eisteichstraﬂe 17-27";"1110 Wien, Eisteichstraﬂe Eisteichstraﬂe";"1976";"1982";"";"Peter E. Swienty, Peter Paul Pontiller";"nein";"";"";"150";"20";"https://www.wwpipe.at/web-portal/complex-description/1511397"
"Kaiser-Ebersdorfer Straﬂe 290-292";"1110 Wien, Kaiser-Ebersdorfer Straﬂe Kaiser-Ebersdorfer Straﬂe";"1977";"1979";"";"August Kastner";"ja";"";"";"26";"4";"https://www.wwpipe.at/web-portal/complex-description/1511398"
"Wilhelm-Otto-Straﬂe 1";"1110 Wien, Wilhelm-Otto-Straﬂe Wilhelm-Otto-Straﬂe";"1978";"1980";"";"Bertwin Pichler, Bernhard Lindner";"nein";"";"";"28";"0";"https://www.wwpipe.at/web-portal/complex-description/1511399"
"Richard-Wadani-Hof";"1110 Wien, Kaiser-Ebersdorfer Straﬂe Kaiser-Ebersdorfer Straﬂe";"1979";"1981";"";"Walter Muchar";"nein";"";"";"45";"4";"https://www.wwpipe.at/web-portal/complex-description/1611400"
"Oberleitengasse 19-23";"1110 Wien, Oberleitengasse Oberleitengasse";"1983";"1985";"";"Johannes Peter";"nein";"";"";"52";"2";"https://www.wwpipe.at/web-portal/complex-description/1711403"
"Johann-Hatzl-Hof";"1110 Wien, Simmeringer Hauptstraﬂe Simmeringer Hauptstraﬂe";"1982";"1985";"";"Peter Gebhart, Josef Kohlseisen, Ernst Strˆher, Gerd Neversal, Norbert Kotz, Emma Berg";"ja";"";"";"423";"44";"https://www.wwpipe.at/web-portal/complex-description/1711405"
"Lorystraﬂe 46-48";"1110 Wien, Lorystraﬂe Lorystraﬂe";"1987";"1989";"";"Harry Gl¸ck";"nein";"";"";"90";"2";"https://www.wwpipe.at/web-portal/complex-description/1911408"
"Oberleitengasse 1";"1110 Wien, Oberleitengasse Oberleitengasse";"1989";"1991";"";"Heinz Werderitsch, Diether S. Hoppe";"nein";"";"";"91";"2";"https://www.wwpipe.at/web-portal/complex-description/2011409"
"Dreherstraﬂe 2";"1110 Wien, Muhrhoferweg Muhrhoferweg";"1991";"1992";"";"Hilde Filas";"nein";"";"";"40";"0";"https://www.wwpipe.at/web-portal/complex-description/2111410"
"Franz-Haas-Hof";"1110 Wien, Simmeringer Hauptstraﬂe Simmeringer Hauptstraﬂe";"1991";"1993";"";"Helmut Stumvoll, Eva Weil, Georg M. Feferle";"nein";"";"";"158";"13";"https://www.wwpipe.at/web-portal/complex-description/2111411"
"Schˆnbrunner Straﬂe 195";"1120 Wien, Schˆnbrunner Straﬂe Schˆnbrunner Straﬂe";"1969";"1969";"";"Friedrich Pangratz, Rudolf Sorgo, Elisabeth Hofbauer-Lachner, Julius Csizmazia";"ja";"";"";"116";"9";"https://www.wwpipe.at/web-portal/complex-description/0312001"
"Kl‰hrgasse 4";"1120 Wien, Kl‰hrgasse Kl‰hrgasse";"1954";"1955";"";"Otto Schindler";"nein";"";"";"11";"0";"https://www.wwpipe.at/web-portal/complex-description/0312009"
"Theresienbadgasse 1";"1120 Wien, Theresienbadgasse Theresienbadgasse";"1911";"1911";"";"Max Neuwirth";"ja";"";"";"5";"11";"https://www.wwpipe.at/web-portal/complex-description/0312018"
"Moosbruggergasse 1";"1120 Wien, Moosbruggergasse Moosbruggergasse";"1956";"1956";"";"Friedrich (Fritz) Novotny";"nein";"";"";"61";"4";"https://www.wwpipe.at/web-portal/complex-description/0312033"
"Rauchgasse 37";"1120 Wien, Rauchgasse Rauchgasse";"1956";"1956";"";"Matth‰us Jiszda II.";"nein";"";"";"22";"0";"https://www.wwpipe.at/web-portal/complex-description/0312053"
"Am Wienerberg";"1120 Wien, Wienerbergstraﬂe Wienerbergstraﬂe";"1926";"1927";"";"Karl Dorfmeister, Rudolf Perco, Paul G¸tl, Camillo Fritz Discher, Rudolf Frass";"ja";"";"";"778";"17";"https://www.wwpipe.at/web-portal/complex-description/0812305"
"Lichtensterngasse 3-21";"1120 Wien, Lichtensterngasse Lichtensterngasse";"1967";"1969";"";"Karl Kaill, Gerhard E.J. Dubin, Fritz Slama, Hans Dedek, Joseph Zimmel, Bruno Buzek, Friedrich Binder";"ja";"";"";"400";"4";"https://www.wwpipe.at/web-portal/complex-description/0512311"
"Karl-Lˆwe-Gasse 7-9";"1120 Wien, Karl-Lˆwe-Gasse Karl-Lˆwe-Gasse";"1967";"1969";"";"Rotraut Hommer";"nein";"";"";"39";"2";"https://www.wwpipe.at/web-portal/complex-description/0412312"
"Sagedergasse 7-11";"1120 Wien, Sagedergasse Sagedergasse";"1969";"1971";"";"Walter Muchar, Walter Havelec, Michael Pribitzer, Libuse Partyka";"ja";"";"";"446";"5";"https://www.wwpipe.at/web-portal/complex-description/0012313"
"Korbergasse 8";"1120 Wien, Korbergasse Korbergasse";"1969";"1971";"";"Fritz Sammer";"nein";"";"";"16";"0";"https://www.wwpipe.at/web-portal/complex-description/0012314"
"Schlˆglgasse 71";"1120 Wien, Schlˆglgasse Schlˆglgasse";"1959";"1959";"";"Hans Zahlbruckner, Karl Kotratschek";"ja";"";"";"19";"2";"https://www.wwpipe.at/web-portal/complex-description/0612317"
"Karl-Lˆwe-Gasse 4";"1120 Wien, Karl-Lˆwe-Gasse Karl-Lˆwe-Gasse";"1929";"1930";"";"Anton Potyka";"nein";"";"";"16";"0";"https://www.wwpipe.at/web-portal/complex-description/0812318"
"Koppreitergasse 24-26";"1120 Wien, Koppreitergasse Koppreitergasse";"1929";"1929";"";"Ernst Miksch";"nein";"";"";"34";"2";"https://www.wwpipe.at/web-portal/complex-description/0812319"
"Liebenstraﬂe 48";"1120 Wien, Liebenstraﬂe Liebenstraﬂe";"1929";"1929";"";"Josef Beer";"nein";"";"";"32";"1";"https://www.wwpipe.at/web-portal/complex-description/0812320"
"Karl-Lˆwe-Gasse 12";"1120 Wien, Karl-Lˆwe-Gasse Karl-Lˆwe-Gasse";"1929";"1930";"";"Jacques Schwefel";"nein";"";"";"12";"0";"https://www.wwpipe.at/web-portal/complex-description/0812321"
"Oswaldgasse 14-22";"1120 Wien, Oswaldgasse Oswaldgasse";"1929";"1930";"";"Alfred Kraupa";"nein";"";"";"151";"6";"https://www.wwpipe.at/web-portal/complex-description/0812322"
"Schˆnbrunner Straﬂe 181-183";"1120 Wien, Schˆnbrunner Straﬂe Schˆnbrunner Straﬂe";"1969";"1971";"";"Lionore Regnier-Perin";"nein";"";"";"19";"5";"https://www.wwpipe.at/web-portal/complex-description/0412323"
"Fockygasse 53";"1120 Wien, Fockygasse Fockygasse";"1930";"1932";"";"Bernhard Pichler";"ja";"";"";"47";"2";"https://www.wwpipe.at/web-portal/complex-description/0812325"
"M¸nchenstraﬂe 24";"1120 Wien, M¸nchenstraﬂe M¸nchenstraﬂe";"1930";"1931";"";"Otto Kollisch";"nein";"";"";"29";"1";"https://www.wwpipe.at/web-portal/complex-description/0812326"
"Malfattigasse 39";"1120 Wien, Malfattigasse Malfattigasse";"1929";"1930";"";"Klemens M. Kattner";"nein";"";"";"42";"3";"https://www.wwpipe.at/web-portal/complex-description/0812327"
"Rosenh¸gelstraﬂe 35a";"1120 Wien, Rosenh¸gelstraﬂe Rosenh¸gelstraﬂe";"1930";"1931";"";"Viktor Reiter";"nein";"";"";"40";"6";"https://www.wwpipe.at/web-portal/complex-description/0812328"
"Wolfganggasse 54";"1120 Wien, Wolfganggasse Wolfganggasse";"1930";"1931";"";"Rudolf Karl Peschel";"nein";"";"";"32";"0";"https://www.wwpipe.at/web-portal/complex-description/0812329"
"Arndtstraﬂe 30-34";"1120 Wien, Arndtstraﬂe Arndtstraﬂe";"1969";"1971";"";"Rudolf Sorgo, Julius Csizmazia, Friedrich Pangratz, Elisabeth Hofbauer-Lachner";"ja";"";"";"52";"0";"https://www.wwpipe.at/web-portal/complex-description/0012330"
"Malfattigasse 13";"1120 Wien, Malfattigasse Malfattigasse";"1930";"1931";"";"Johann (Hans) Zamecznik";"nein";"";"";"26";"1";"https://www.wwpipe.at/web-portal/complex-description/0812331"
"Zeleborgasse 7";"1120 Wien, Zeleborgasse Zeleborgasse";"1930";"1931";"";"Otto Bauer";"nein";"";"";"17";"1";"https://www.wwpipe.at/web-portal/complex-description/0812332"
"Malfattigasse 7";"1120 Wien, Malfattigasse Malfattigasse";"1931";"1932";"";"Stefan Fayans";"nein";"";"";"49";"3";"https://www.wwpipe.at/web-portal/complex-description/0812333"
"Wienerbergstraﬂe 10";"1120 Wien, Wienerbergstraﬂe Wienerbergstraﬂe";"1931";"1932";"";"Carl Witzmann";"nein";"";"";"158";"4";"https://www.wwpipe.at/web-portal/complex-description/0812334"
"Fockygasse 40-44";"1120 Wien, Fockygasse Fockygasse";"1933";"1935";"";"Franz Wiesmann";"nein";"";"";"63";"0";"https://www.wwpipe.at/web-portal/complex-description/0812336"
"Wolfganggasse 50-52";"1120 Wien, Wolfganggasse Wolfganggasse";"1941";"1943";"";"Werner Theiﬂ, Siegfried Theiﬂ, Hans Jaksch";"nein";"";"";"61";"1";"https://www.wwpipe.at/web-portal/complex-description/0812338"
"Malfattigasse 27-31";"1120 Wien, Malfattigasse Malfattigasse";"1948";"1951";"";"Josef Ludwig Kalbac";"nein";"";"";"45";"8";"https://www.wwpipe.at/web-portal/complex-description/0812339"
"Schwenkgasse 54-60";"1120 Wien, Schwenkgasse Schwenkgasse";"1949";"1950";"";"Heinz Rollig";"ja";"";"";"42";"7";"https://www.wwpipe.at/web-portal/complex-description/0812340"
"Vierthalergasse 11-17";"1120 Wien, Vierthalergasse Vierthalergasse";"1953";"1954";"";"Hermann Stiegholzer";"ja";"";"";"172";"7";"https://www.wwpipe.at/web-portal/complex-description/0812341"
"Hohenbergstraﬂe 24-32";"1120 Wien, Hohenbergstraﬂe Hohenbergstraﬂe";"1949";"1950";"";"Franz Mˆrth";"ja";"";"";"79";"4";"https://www.wwpipe.at/web-portal/complex-description/0812343"
"Pachm¸llergasse 21";"1120 Wien, Pachm¸llergasse Pachm¸llergasse";"1950";"1951";"";"Erich Kaindl";"nein";"";"";"20";"1";"https://www.wwpipe.at/web-portal/complex-description/0812344"
"Steinhagegasse 9";"1120 Wien, Steinhagegasse Steinhagegasse";"1950";"1951";"";"Emil Nibio, Josef Leitner";"nein";"";"";"20";"0";"https://www.wwpipe.at/web-portal/complex-description/0812345"
"Kollmayergasse 2-8";"1120 Wien, Kollmayergasse Kollmayergasse";"1950";"1951";"";"Rudolf Goder";"ja";"";"";"44";"3";"https://www.wwpipe.at/web-portal/complex-description/0812346"
"Hohenbergstraﬂe 14-16";"1120 Wien, Hohenbergstraﬂe Hohenbergstraﬂe";"1951";"1952";"";"Edith Lessel";"ja";"";"";"59";"5";"https://www.wwpipe.at/web-portal/complex-description/0812349"
"Arndtstraﬂe 31-33";"1120 Wien, Arndtstraﬂe Arndtstraﬂe";"1951";"1952";"";"Heinrich Reitst‰tter, Alois Plessinger";"ja";"";"";"124";"1";"https://www.wwpipe.at/web-portal/complex-description/0812350"
"Hoffingergasse 5";"1120 Wien, Hoffingergasse Hoffingergasse";"1951";"1952";"";"Werner Grˆll";"nein";"";"";"69";"2";"https://www.wwpipe.at/web-portal/complex-description/0812351"
"Pirkebnerstraﬂe 1-3";"1120 Wien, Pirkebnerstraﬂe Pirkebnerstraﬂe";"1949";"1954";"";"Franz Wiesmayr, Erich Majores, Walter Majores, Josef (Jaroslav) Bayer";"ja";"";"";"227";"4";"https://www.wwpipe.at/web-portal/complex-description/0812354"
"Stachegasse 1-3";"1120 Wien, Stachegasse Stachegasse";"1954";"1955";"";"Hans Hassmann, Franz Peydl";"nein";"";"";"99";"1";"https://www.wwpipe.at/web-portal/complex-description/0812356"
"Spittelbreitengasse 23";"1120 Wien, Spittelbreitengasse Spittelbreitengasse";"1954";"1955";"";"Karl Molnar, Herbert Prehsler, Karl Hauschka, Robert Gerlach, Oskar Trubel, Alexander Kratky, Anton Ceplecha, Bruno Buzek, Hans Bichler";"ja";"";"";"577";"15";"https://www.wwpipe.at/web-portal/complex-description/0812357"
"Migazziplatz 8-9";"1120 Wien, Migazziplatz Migazziplatz";"1953";"1954";"";"Viktor Fenzl, Gustav Hoppe";"ja";"";"";"119";"3";"https://www.wwpipe.at/web-portal/complex-description/0812358"
"Schlˆglgasse 17";"1120 Wien, Schlˆglgasse Schlˆglgasse";"1953";"1954";"";"Willy Grunert, Erika Hotzy-Peters";"ja";"";"";"88";"3";"https://www.wwpipe.at/web-portal/complex-description/0812359"
"Josef-Mikl-Hof";"1120 Wien, Schˆnbrunner Straﬂe Schˆnbrunner Straﬂe";"1960";"1962";"";"Stephan A. Kraft, Richard Praun";"ja";"";"";"41";"8";"https://www.wwpipe.at/web-portal/complex-description/0612360"
"Rothenburgstraﬂe 3";"1120 Wien, Rothenburgstraﬂe Rothenburgstraﬂe";"1953";"1955";"";"Rudolf Kolowrath";"ja";"";"";"97";"1";"https://www.wwpipe.at/web-portal/complex-description/0812361"
"Eichenstraﬂe 50-52";"1120 Wien, Eichenstraﬂe Eichenstraﬂe";"1954";"1955";"";"Vinzenz Herrmann";"ja";"";"";"23";"5";"https://www.wwpipe.at/web-portal/complex-description/0812363"
"Hetzendorfer Straﬂe 96";"1120 Wien, Hetzendorfer Straﬂe Hetzendorfer Straﬂe";"1954";"1955";"";"Richard Pfob";"ja";"";"";"48";"3";"https://www.wwpipe.at/web-portal/complex-description/0812364"
"Gaﬂmannstraﬂe 1-19";"1120 Wien, Gaﬂmannstraﬂe Gaﬂmannstraﬂe";"1954";"1956";"";"Alfred Perl, Josef Ludwig Kalbac";"ja";"";"";"111";"8";"https://www.wwpipe.at/web-portal/complex-description/0812365"
"Hetzendorfer Straﬂe 43-45";"1120 Wien, Hetzendorfer Straﬂe Hetzendorfer Straﬂe";"1955";"1957";"";"Eugen R. Sch¸ssler";"ja";"";"";"33";"6";"https://www.wwpipe.at/web-portal/complex-description/0812367"
"Unter-Meidlinger Straﬂe 16-22";"1120 Wien, Unter-Meidlinger Straﬂe Unter-Meidlinger Straﬂe";"1959";"1961";"";"Friedrich Euler, Wilhelm (Willi) Gehrke, Herbert Thurner, Maria Petter, Gerhard Kolbe, Karl Maria Lang";"ja";"";"";"414";"12";"https://www.wwpipe.at/web-portal/complex-description/0812369"
"J‰gerhausgasse 52-56";"1120 Wien, J‰gerhausgasse J‰gerhausgasse";"1957";"1958";"";"Franz Plass";"ja";"";"";"80";"2";"https://www.wwpipe.at/web-portal/complex-description/0812370"
"Wienerbergstraﬂe 14";"1120 Wien, Wienerbergstraﬂe Wienerbergstraﬂe";"1959";"1960";"";"Heinrich (Heinz) Reiter, Brigitte Wiedmann";"ja";"";"";"109";"7";"https://www.wwpipe.at/web-portal/complex-description/0612371"
"Tivoligasse 13";"1120 Wien, Tivoligasse Tivoligasse";"1959";"1961";"";"Vinzenz Herrmann, Helene Koller-Buchwieser, Theodora Bauer";"nein";"";"";"125";"4";"https://www.wwpipe.at/web-portal/complex-description/0612373"
"J‰gerhausgasse 58-66";"1120 Wien, J‰gerhausgasse J‰gerhausgasse";"1960";"1961";"";"Franz Plass";"ja";"";"";"89";"11";"https://www.wwpipe.at/web-portal/complex-description/0612374"
"Tivoligasse 4-6";"1120 Wien, Tivoligasse Tivoligasse";"1961";"1963";"";"Franz A. Bayer";"ja";"";"";"49";"4";"https://www.wwpipe.at/web-portal/complex-description/0612375"
"Liebenstraﬂe 36-40";"1120 Wien, Liebenstraﬂe Liebenstraﬂe";"1963";"1965";"";"Ernst Lederer-Ponzer, Friedrich Weinkopf, Konrad Gollob";"nein";"";"";"89";"1";"https://www.wwpipe.at/web-portal/complex-description/0612376"
"Hohenbergstraﬂe 34";"1120 Wien, Hohenbergstraﬂe Hohenbergstraﬂe";"1927";"1930";"";"Camillo Fritz Discher, Karl Dirnhuber";"ja";"";"";"37";"0";"https://www.wwpipe.at/web-portal/complex-description/0812377"
"Hohenbergstraﬂe 36-38";"1120 Wien, Hohenbergstraﬂe Hohenbergstraﬂe";"1927";"1930";"";"Karl Dirnhuber, Camillo Fritz Discher";"ja";"";"";"40";"5";"https://www.wwpipe.at/web-portal/complex-description/0812378"
"Hohenbergstraﬂe 40";"1120 Wien, Hohenbergstraﬂe Hohenbergstraﬂe";"1927";"1930";"";"Camillo Fritz Discher, Karl Dirnhuber";"ja";"";"";"24";"1";"https://www.wwpipe.at/web-portal/complex-description/0812379"
"Rotenm¸hlgasse 64";"1120 Wien, Rotenm¸hlgasse Rotenm¸hlgasse";"1929";"1930";"";"Camillo Fritz Discher";"ja";"";"";"212";"2";"https://www.wwpipe.at/web-portal/complex-description/0812380"
"Ratschkygasse 41-43";"1120 Wien, Ratschkygasse Ratschkygasse";"1929";"1930";"";"Camillo Fritz Discher";"nein";"";"";"90";"0";"https://www.wwpipe.at/web-portal/complex-description/0812381"
"Egger-Lienz-Gasse 2-6";"1120 Wien, Egger-Lienz-Gasse Egger-Lienz-Gasse";"1928";"1930";"";"Camillo Fritz Discher, Karl Dirnhuber";"nein";"";"";"80";"3";"https://www.wwpipe.at/web-portal/complex-description/0812382"
"Theergasse 3-5";"1120 Wien, Theergasse Theergasse";"1929";"1930";"";"Karl Dirnhuber";"nein";"";"";"138";"10";"https://www.wwpipe.at/web-portal/complex-description/0812383"
"Spittelbreitengasse 46-48";"1120 Wien, Spittelbreitengasse Spittelbreitengasse";"1929";"1931";"";"Camillo Fritz Discher";"nein";"";"";"71";"2";"https://www.wwpipe.at/web-portal/complex-description/0812384"
"Oswaldgasse 15-19";"1120 Wien, Oswaldgasse Oswaldgasse";"1970";"1972";"";"Friedrich Weinkopf, Konrad Gollob, Ernst Lederer-Ponzer";"ja";"";"";"45";"0";"https://www.wwpipe.at/web-portal/complex-description/0412385"
"Pohlgasse 52";"1120 Wien, Pohlgasse Pohlgasse";"1973";"1975";"";"Eugenie Pippal-Kottnig";"nein";"";"";"21";"3";"https://www.wwpipe.at/web-portal/complex-description/1212386"
"Hetzendorfer Straﬂe 100";"1120 Wien, Hetzendorfer Straﬂe Hetzendorfer Straﬂe";"1975";"1977";"";"Rupert Falkner";"nein";"";"";"34";"8";"https://www.wwpipe.at/web-portal/complex-description/1212387"
"Ignazgasse 21-25";"1120 Wien, Ignazgasse Ignazgasse";"1973";"1975";"";"Joseph Zimmel";"nein";"";"";"85";"0";"https://www.wwpipe.at/web-portal/complex-description/1212388"
"Zanaschkagasse 14";"1120 Wien, Zanaschkagasse Zanaschkagasse";"1976";"1980";"";"Michael Pribitzer, Joachim Peters, Leo Parenzan, Traude Windbrechtinger, Erich Bauer, Fritz Waclawek, Wolfgang Windbrechtinger, Viktor Hufnagl";"ja";"";"";"232";"1";"https://www.wwpipe.at/web-portal/complex-description/1512389"
"Migazziplatz 6";"1120 Wien, Migazziplatz Migazziplatz";"1980";"1982";"";"Bruno Echerer";"nein";"";"";"16";"0";"https://www.wwpipe.at/web-portal/complex-description/1612390"
"Am Schˆpfwerk 31";"1120 Wien, Am Schˆpfwerk Am Schˆpfwerk";"1977";"1980";"";"Leo Parenzan, Fritz Waclawek, Joachim Peters, Viktor Hufnagl, Wolfgang Windbrechtinger, Michael Pribitzer, Traude Windbrechtinger, Erich Bauer";"ja";"";"";"258";"6";"https://www.wwpipe.at/web-portal/complex-description/1512391"
"Sechtergasse 8-10";"1120 Wien, Sechtergasse Sechtergasse";"1979";"1981";"";"Otto Erhartt";"nein";"";"";"18";"2";"https://www.wwpipe.at/web-portal/complex-description/1512392"
"Am Schˆpfwerk 29";"1120 Wien, Am Schˆpfwerk Am Schˆpfwerk";"1977";"1980";"";"Fritz Waclawek, Erich Bauer, Michael Pribitzer, Wolfgang Windbrechtinger, Viktor Hufnagl, Joachim Peters, Traude Windbrechtinger, Leo Parenzan";"ja";"";"";"611";"41";"https://www.wwpipe.at/web-portal/complex-description/1512393"
"Zanaschkagasse 12 und 16";"1120 Wien, Zanaschkagasse Zanaschkagasse";"1976";"1980";"";"Traude Windbrechtinger, Joachim Peters, Wolfgang Windbrechtinger, Leo Parenzan, Fritz Waclawek, Erich Bauer, Viktor Hufnagl, Michael Pribitzer";"ja";"";"";"606";"11";"https://www.wwpipe.at/web-portal/complex-description/1512394"
"Wilhelmstraﬂe 39";"1120 Wien, Wilhelmstraﬂe Wilhelmstraﬂe";"1980";"1981";"";"Alfred Graf";"nein";"";"";"15";"0";"https://www.wwpipe.at/web-portal/complex-description/1612396"
"Wilhelmstraﬂe 40-44";"1120 Wien, Wilhelmstraﬂe Wilhelmstraﬂe";"1980";"1983";"";"Johannes (Hans) Hohenegger, Haimo Hofer";"nein";"";"";"69";"3";"https://www.wwpipe.at/web-portal/complex-description/1612397"
"Altmannsdorfer Straﬂe 10-14";"1120 Wien, Altmannsdorfer Straﬂe Altmannsdorfer Straﬂe";"1992";"1994";"";"Georg Baldass";"nein";"";"";"27";"0";"https://www.wwpipe.at/web-portal/complex-description/2312400"
"Flursch¸tzstraﬂe 26";"1120 Wien, Flursch¸tzstraﬂe Flursch¸tzstraﬂe";"1986";"1988";"";"G¸nther Feuerstein";"ja";"";"";"19";"3";"https://www.wwpipe.at/web-portal/complex-description/1912403"
"Rollingergasse 6-8";"1120 Wien, Rollingergasse Rollingergasse";"1988";"1989";"";"Klaus Becker, Werner Hˆfer, Josef Paul Kleihues";"nein";"";"";"165";"3";"https://www.wwpipe.at/web-portal/complex-description/1912405"
"Hetzendorfer Straﬂe 23";"1120 Wien, Hetzendorfer Straﬂe Hetzendorfer Straﬂe";"1987";"1989";"";"Helmut Wimmer, Peter Zauchenberger";"nein";"";"";"24";"0";"https://www.wwpipe.at/web-portal/complex-description/1912406"
"Schˆnbrunner Schloﬂstraﬂe 34";"1120 Wien, Schˆnbrunner Schloﬂstraﬂe Schˆnbrunner Schloﬂstraﬂe";"1990";"1991";"";"Josef Wagner, Alfred N¸rnberger, Zachari Vesselinov";"nein";"";"";"71";"1";"https://www.wwpipe.at/web-portal/complex-description/2112407"
"Sechtergasse 7";"1120 Wien, Sechtergasse Sechtergasse";"1992";"1993";"";"Ernst-Helmar Zwick";"nein";"";"";"26";"0";"https://www.wwpipe.at/web-portal/complex-description/2112408"
"Wanda-Lanzer-Hof";"1130 Wien, Speisinger Straﬂe Speisinger Straﬂe";"1928";"1929";"";"Viktor Reiter";"nein";"";"";"101";"5";"https://www.wwpipe.at/web-portal/complex-description/0813301"
"Eduard-Popp-Hof";"1130 Wien, Biraghigasse Biraghigasse";"1931";"1933";"";"Viktor Reiter";"nein";"";"";"146";"23";"https://www.wwpipe.at/web-portal/complex-description/0813303"
"Hetzendorfer Straﬂe 164-182";"1130 Wien, Hetzendorfer Straﬂe Hetzendorfer Straﬂe";"1941";"1948";"";"Julius Bergmann, Wilhelm Hubatsch";"nein";"";"";"82";"5";"https://www.wwpipe.at/web-portal/complex-description/0813306"
"Wolkersbergenstraﬂe 10";"1130 Wien, Wolkersbergenstraﬂe Wolkersbergenstraﬂe";"1949";"1949";"";"Robert Zeidner";"nein";"";"";"7";"0";"https://www.wwpipe.at/web-portal/complex-description/0813309"
"Hetzendorfer Straﬂe 165-187";"1130 Wien, Hetzendorfer Straﬂe Hetzendorfer Straﬂe";"1950";"1952";"";"Julius Bergmann, Rudolf M¸nch, Stephan A. Kraft";"ja";"";"";"209";"28";"https://www.wwpipe.at/web-portal/complex-description/0813310"
"Fasangartengasse 65";"1130 Wien, Fasangartengasse Fasangartengasse";"1950";"1951";"";"Karl Musel, Ernst Otto Hoffmann";"ja";"";"";"59";"7";"https://www.wwpipe.at/web-portal/complex-description/0813311"
"Waldvogelstraﬂe 18-24";"1130 Wien, Waldvogelstraﬂe Waldvogelstraﬂe";"1950";"1951";"";"Otto Schˆnthal, Franz Mˆrth";"nein";"";"";"203";"8";"https://www.wwpipe.at/web-portal/complex-description/0813313"
"Speisinger Straﬂe 102";"1130 Wien, Speisinger Straﬂe Speisinger Straﬂe";"1952";"1953";"";"Ludwig Schmid";"nein";"";"";"39";"2";"https://www.wwpipe.at/web-portal/complex-description/0813315"
"Veitingergasse 129-135";"1130 Wien, Veitingergasse Veitingergasse";"1952";"1953";"";"Otto Gruen, Hermann Kutschera";"ja";"";"";"128";"6";"https://www.wwpipe.at/web-portal/complex-description/0813316"
"Ebner-Rofenstein-Gasse 2-14";"1130 Wien, Ebner-Rofenstein-Gasse Ebner-Rofenstein-Gasse";"1953";"1954";"";"Wilhelm Sch¸tte";"ja";"";"";"43";"7";"https://www.wwpipe.at/web-portal/complex-description/0813319"
"Elisabeth-Barbara-Parma-Hof";"1130 Wien, Waldvogelstraﬂe Waldvogelstraﬂe";"1953";"1954";"";"Alois Tischer";"nein";"";"";"41";"2";"https://www.wwpipe.at/web-portal/complex-description/0813320"
"Speisinger Straﬂe 47-53";"1130 Wien, Speisinger Straﬂe Speisinger Straﬂe";"1953";"1954";"";"Rudolf Scherer, Armin Dolesch";"nein";"";"";"81";"10";"https://www.wwpipe.at/web-portal/complex-description/0813321"
"St.-Veit-Gasse 80";"1130 Wien, Sankt-Veit-Gasse Sankt-Veit-Gasse";"1953";"1954";"";"Karl Schwarz";"nein";"";"";"32";"3";"https://www.wwpipe.at/web-portal/complex-description/0813322"
"Montecuccoliplatz 1-3";"1130 Wien, Montecuccoliplatz Montecuccoliplatz";"1963";"1965";"";"Hans Bichler, Rosa (Rosl) Weiser";"nein";"";"";"109";"3";"https://www.wwpipe.at/web-portal/complex-description/0613323"
"Dommayergasse 5";"1130 Wien, Dommayergasse Dommayergasse";"1951";"1955";"";"Heinrich Rameder";"nein";"";"";"5";"2";"https://www.wwpipe.at/web-portal/complex-description/0813324"
"Vier-Jahreszeiten-Hof";"1130 Wien, Bossigasse Bossigasse";"1954";"1955";"";"Edith Lessel";"ja";"";"";"188";"10";"https://www.wwpipe.at/web-portal/complex-description/0813326"
"Gallgasse 2-4";"1130 Wien, Gallgasse Gallgasse";"1955";"1956";"";"Rudolf Jarosch";"nein";"";"";"42";"5";"https://www.wwpipe.at/web-portal/complex-description/0813327"
"Spohrstraﬂe 19-31";"1130 Wien, Spohrstraﬂe Spohrstraﬂe";"1955";"1958";"";"Edith Lessel";"ja";"";"";"168";"9";"https://www.wwpipe.at/web-portal/complex-description/0513328"
"Anton-Langer-Gasse 39-45";"1130 Wien, Anton-Langer-Gasse Anton-Langer-Gasse";"1956";"1957";"";"Karl Hauschka";"ja";"";"";"33";"1";"https://www.wwpipe.at/web-portal/complex-description/0813331"
"Trazerberggasse 66-88";"1130 Wien, Trazerberggasse Trazerberggasse";"1956";"1958";"";"Carl Wilhelm Schmidt";"ja";"";"";"45";"2";"https://www.wwpipe.at/web-portal/complex-description/0813332"
"Gemeindeberggasse 10-24";"1130 Wien, Gemeindeberggasse Gemeindeberggasse";"1956";"1958";"";"Rudolf Scherer, Josef Wenzel";"ja";"";"";"68";"11";"https://www.wwpipe.at/web-portal/complex-description/0513333"
"Wattmanngasse 58-60";"1130 Wien, Wattmanngasse Wattmanngasse";"1957";"1958";"";"Jaro K. Merinsky, Elisabeth Hofbauer-Lachner";"ja";"";"";"112";"14";"https://www.wwpipe.at/web-portal/complex-description/0513334"
"Himmelhofgasse 9-13";"1130 Wien, Himmelhofgasse Himmelhofgasse";"1956";"1958";"";"Karl Molnar";"ja";"";"";"25";"3";"https://www.wwpipe.at/web-portal/complex-description/0813335"
"Hanselmayergasse 9-15";"1130 Wien, Hanselmayergasse Hanselmayergasse";"1958";"1960";"";"Otto Artner";"ja";"";"";"45";"1";"https://www.wwpipe.at/web-portal/complex-description/0513336"
"Waldvogelstraﬂe 2-8";"1130 Wien, Waldvogelstraﬂe Waldvogelstraﬂe";"1962";"1964";"";"Alfred Dreier";"nein";"";"";"43";"6";"https://www.wwpipe.at/web-portal/complex-description/0613337"
"Fasangartengasse 109-115";"1130 Wien, Fasangartengasse Fasangartengasse";"1963";"1964";"";"Thomas Reinthaller, Wilhelm (Willi) Gehrke, Franz Requat";"ja";"";"";"134";"5";"https://www.wwpipe.at/web-portal/complex-description/0513338"
"Gobergasse 62-72";"1130 Wien, Gobergasse Gobergasse";"1964";"1965";"";"Friedrich Pangratz";"nein";"";"";"56";"4";"https://www.wwpipe.at/web-portal/complex-description/0613341"
"Trauttmansdorffgasse 22-24";"1130 Wien, Trauttmansdorffgasse Trauttmansdorffgasse";"1969";"1970";"";"Robert Tuma";"nein";"";"";"32";"4";"https://www.wwpipe.at/web-portal/complex-description/0413342"
"Hummelgasse 56-64";"1130 Wien, Hummelgasse Hummelgasse";"1966";"1968";"";"Josef Ludwig Kalbac";"ja";"";"";"59";"6";"https://www.wwpipe.at/web-portal/complex-description/0513343"
"Hochheimgasse 26";"1130 Wien, Hochheimgasse Hochheimgasse";"1969";"1970";"";"Stefan Karabiberoff";"nein";"";"";"32";"1";"https://www.wwpipe.at/web-portal/complex-description/0413345"
"Speisinger Straﬂe 100";"1130 Wien, Speisinger Straﬂe Speisinger Straﬂe";"1970";"1971";"";"Albrecht F. Hrzan";"nein";"";"";"18";"5";"https://www.wwpipe.at/web-portal/complex-description/0413346"
"Heinrich-Hies-Hof";"1130 Wien, Schluckergasse Schluckergasse";"1971";"1972";"";"Ferdinand Gaisser, Adolf Illner";"ja";"";"";"84";"1";"https://www.wwpipe.at/web-portal/complex-description/0013347"
"Speisinger Straﬂe 68";"1130 Wien, Speisinger Straﬂe Speisinger Straﬂe";"1976";"1978";"";"Johann Pleyer";"nein";"";"";"14";"0";"https://www.wwpipe.at/web-portal/complex-description/1513348"
"Jagdschloﬂgasse 40";"1130 Wien, Jagdschloﬂgasse Jagdschloﬂgasse";"1976";"1978";"";"Max R. Gosch";"nein";"";"";"25";"0";"https://www.wwpipe.at/web-portal/complex-description/1513349"
"Schrutkagasse 1-7";"1130 Wien, Schrutkagasse Schrutkagasse";"1981";"1983";"";"Manfred Nehrer, Reinhard Medek";"nein";"";"";"28";"3";"https://www.wwpipe.at/web-portal/complex-description/1613352"
"Versorgungsheimstraﬂe 19";"1130 Wien, Versorgungsheimstraﬂe Versorgungsheimstraﬂe";"1978";"1980";"";"Kurt Keiter";"nein";"";"";"22";"1";"https://www.wwpipe.at/web-portal/complex-description/1513353"
"Friedrich-Engels-Platz 9";"1200 Wien, Friedrich-Engels-Platz Friedrich-Engels-Platz";"1930";"1933";"";"Rudolf Perco";"ja";"";"";"326";"4";"https://www.wwpipe.at/web-portal/complex-description/0820316"
"Aignerstraﬂe 8-14";"1200 Wien, Aignerstraﬂe Aignerstraﬂe";"1930";"1932";"";"Rudolf Perco";"nein";"";"";"55";"0";"https://www.wwpipe.at/web-portal/complex-description/0820322"
"Hauptstraﬂe 105";"1140 Wien, Hauptstraﬂe Hauptstraﬂe";"1968";"1969";"";"Ernst Otto Hoffmann";"nein";"";"";"13";"1";"https://www.wwpipe.at/web-portal/complex-description/0314038"
"Pevetzgasse 4";"1140 Wien, Pevetzgasse Pevetzgasse";"";"";"1890";"Matth‰us Bohdal";"nein";"";"";"0";"0";"https://www.wwpipe.at/web-portal/complex-description/0314053"
"H¸ttelbergstraﬂe 26 a";"1140 Wien, H¸ttelbergstraﬂe H¸ttelbergstraﬂe";"";"";"1886";"Otto Wagner";"nein";"";"";"3";"0";"https://www.wwpipe.at/web-portal/complex-description/0314071"
"H¸tteldorfer Straﬂe 265-267";"1140 Wien, H¸tteldorfer Straﬂe H¸tteldorfer Straﬂe";"1924";"1925";"";"Josef Beer";"ja";"";"";"51";"8";"https://www.wwpipe.at/web-portal/complex-description/0814301"
"Phillipsgasse 8";"1140 Wien, Phillipsgasse Phillipsgasse";"1924";"1925";"";"Hans Jaksch, Siegfried Theiﬂ";"ja";"";"";"164";"28";"https://www.wwpipe.at/web-portal/complex-description/0814302"
"Goldschlagstraﬂe 193-195";"1140 Wien, Goldschlagstraﬂe Goldschlagstraﬂe";"1925";"1926";"";"Heinrich Vana";"nein";"";"";"47";"7";"https://www.wwpipe.at/web-portal/complex-description/0814305"
"Lenneisgasse 11-13";"1140 Wien, Lenneisgasse Lenneisgasse";"1925";"1926";"";"Konstantin Peller";"ja";"";"";"133";"9";"https://www.wwpipe.at/web-portal/complex-description/0814306"
"Meiselstraﬂe 67-69";"1140 Wien, Meiselstraﬂe Meiselstraﬂe";"1925";"1926";"";"Rudolf Sowa, Anton Drexler, Rudolf (Rolf) Eugen Heger";"nein";"";"";"257";"7";"https://www.wwpipe.at/web-portal/complex-description/0814307"
"Linzer Straﬂe 254";"1140 Wien, Linzer Straﬂe Linzer Straﬂe";"1925";"1926";"";"Michael Rosenauer";"ja";"";"";"101";"14";"https://www.wwpipe.at/web-portal/complex-description/0814308"
"H¸ttelbergstraﬂe 7";"1140 Wien, H¸ttelbergstraﬂe H¸ttelbergstraﬂe";"1927";"1928";"";"Wilhelm Peterle";"nein";"";"";"20";"3";"https://www.wwpipe.at/web-portal/complex-description/0814309"
"Meiselstraﬂe 76";"1140 Wien, Meiselstraﬂe Meiselstraﬂe";"1928";"1928";"";"Josef Beer";"nein";"";"";"14";"1";"https://www.wwpipe.at/web-portal/complex-description/0814310"
"Cervantesgasse 9";"1140 Wien, Cervantesgasse Cervantesgasse";"1928";"1929";"";"Rudolf (Rolf) Eugen Heger";"nein";"";"";"12";"0";"https://www.wwpipe.at/web-portal/complex-description/0814311"
"Neubeckgasse 4";"1140 Wien, Neubeckgasse Neubeckgasse";"1928";"1929";"";"Alfred Adler";"nein";"";"";"15";"1";"https://www.wwpipe.at/web-portal/complex-description/0814312"
"Meiselstraﬂe 73";"1140 Wien, Meiselstraﬂe Meiselstraﬂe";"";"";"1928";"Theodor Schˆll";"nein";"";"";"11";"0";"https://www.wwpipe.at/web-portal/complex-description/0814313"
"Gr¸ndorfgasse 4";"1140 Wien, Gr¸ndorfgasse Gr¸ndorfgasse";"";"";"1928";"Heinrich Ried";"ja";"";"";"13";"0";"https://www.wwpipe.at/web-portal/complex-description/0814314"
"Cervantesgasse 3";"1140 Wien, Cervantesgasse Cervantesgasse";"";"";"1928";"Klemens M. Kattner";"ja";"";"";"25";"0";"https://www.wwpipe.at/web-portal/complex-description/0814315"
"Hickelgasse 12";"1140 Wien, Hickelgasse Hickelgasse";"";"";"1928";"Adolf Paar, Hans Paar";"nein";"";"";"13";"4";"https://www.wwpipe.at/web-portal/complex-description/0814316"
"Mitisgasse 36-38";"1140 Wien, Mitisgasse Mitisgasse";"1960";"1961";"";"Karl Hartl";"ja";"";"";"42";"1";"https://www.wwpipe.at/web-portal/complex-description/0614317"
"Sebastian-Kelch-Gasse 4-6";"1140 Wien, Sebastian-Kelch-Gasse Sebastian-Kelch-Gasse";"1928";"1929";"";"Heinrich Vana";"nein";"";"";"23";"1";"https://www.wwpipe.at/web-portal/complex-description/0814319"
"Sebastian-Kelch-Gasse 5-7";"1140 Wien, Sebastian-Kelch-Gasse Sebastian-Kelch-Gasse";"1928";"1929";"";"Karl Holey";"ja";"";"";"36";"3";"https://www.wwpipe.at/web-portal/complex-description/0814320"
"Gr¸ndorfgasse 1-3";"1140 Wien, Gr¸ndorfgasse Gr¸ndorfgasse";"1928";"1929";"";"Viktor Fenzl";"nein";"";"";"34";"3";"https://www.wwpipe.at/web-portal/complex-description/0814321"
"Fenzlgasse 31";"1140 Wien, Fenzlgasse Fenzlgasse";"1957";"1959";"";"Leonhard G. Schˆppler";"ja";"";"";"24";"3";"https://www.wwpipe.at/web-portal/complex-description/0814323"
"Sebastian-Kelch-Gasse 1-3";"1140 Wien, Sebastian-Kelch-Gasse Sebastian-Kelch-Gasse";"1928";"1929";"";"Josef Frank";"nein";"";"";"49";"6";"https://www.wwpipe.at/web-portal/complex-description/0814324"
"Goldschlagstraﬂe 148-158";"1140 Wien, Goldschlagstraﬂe Goldschlagstraﬂe";"1951";"1956";"";"Hans Wˆlfl, Franz Zajicek, Rudolf Bazalka, Hans Dedek";"ja";"";"";"254";"8";"https://www.wwpipe.at/web-portal/complex-description/0814325"
"Hickelgasse 16";"1140 Wien, Hickelgasse Hickelgasse";"";"";"1929";"Helmut Wagner-Freynsheim";"nein";"";"";"15";"0";"https://www.wwpipe.at/web-portal/complex-description/0814326"
"Johanna-Dohnal-Hof";"1140 Wien, Jenullgasse Jenullgasse";"1931";"1932";"";"Wilhelm Paul Wohlmeyer, Friedrich Pindt, Hans Kukula";"nein";"";"";"92";"0";"https://www.wwpipe.at/web-portal/complex-description/0814327"
"Onno-Klopp-Gasse 12-16";"1140 Wien, Onno-Klopp-Gasse Onno-Klopp-Gasse";"1929";"1956";"";"Karl Badstieber, Walther Raschka";"ja";"";"";"140";"13";"https://www.wwpipe.at/web-portal/complex-description/0814328"
"Goldschlagstraﬂe 144-146";"1140 Wien, Goldschlagstraﬂe Goldschlagstraﬂe";"1929";"1930";"";"Rudolf Sowa";"nein";"";"";"119";"9";"https://www.wwpipe.at/web-portal/complex-description/0814329"
"Linzer Straﬂe 374";"1140 Wien, Linzer Straﬂe Linzer Straﬂe";"1958";"1959";"";"Rudolf Dinner";"ja";"";"";"21";"0";"https://www.wwpipe.at/web-portal/complex-description/0614330"
"Dreyhausenstraﬂe 28-30";"1140 Wien, Dreyhausenstraﬂe Dreyhausenstraﬂe";"1942";"1942";"";"Rudolf Felsenstein";"ja";"";"";"25";"1";"https://www.wwpipe.at/web-portal/complex-description/0814331"
"Breitenseer Straﬂe 106-108";"1140 Wien, Breitenseer Straﬂe Breitenseer Straﬂe";"1931";"1932";"";"Hugo Gorge";"nein";"";"";"146";"5";"https://www.wwpipe.at/web-portal/complex-description/0814333"
"Rupertgasse 6-16";"1140 Wien, Rupertgasse Rupertgasse";"1930";"1931";"";"Franz Wiesmann, Engelbert Mang";"ja";"";"";"120";"5";"https://www.wwpipe.at/web-portal/complex-description/0814334"
"Penzinger Straﬂe 138-140";"1140 Wien, Penzinger Straﬂe Penzinger Straﬂe";"1930";"1931";"";"Alexander Popp";"ja";"";"";"123";"7";"https://www.wwpipe.at/web-portal/complex-description/0814335"
"Hickelgasse 11";"1140 Wien, Hickelgasse Hickelgasse";"1930";"1931";"";"Walter Pind";"ja";"";"";"13";"0";"https://www.wwpipe.at/web-portal/complex-description/0814336"
"Breitenseer Straﬂe 110-112";"1140 Wien, Breitenseer Straﬂe Breitenseer Straﬂe";"1930";"1931";"";"Hugo Mayer";"nein";"";"";"425";"14";"https://www.wwpipe.at/web-portal/complex-description/0814337"
"Linzer Straﬂe 60-62";"1140 Wien, Linzer Straﬂe Linzer Straﬂe";"1966";"1967";"";"Alois Plessinger";"nein";"";"";"52";"6";"https://www.wwpipe.at/web-portal/complex-description/0614342"
"Hochsatzengasse 6";"1140 Wien, Hochsatzengasse Hochsatzengasse";"1949";"1950";"";"Walter Kˆhler";"ja";"";"";"21";"0";"https://www.wwpipe.at/web-portal/complex-description/0814343"
"Hickelgasse 8";"1140 Wien, Hickelgasse Hickelgasse";"1950";"1951";"";"Friedrich Euler, Herbert Thurner";"ja";"";"";"33";"1";"https://www.wwpipe.at/web-portal/complex-description/0814344"
"Goldschlagstraﬂe 142";"1140 Wien, Goldschlagstraﬂe Goldschlagstraﬂe";"1949";"1950";"";"Johann Franz W¸rzl";"ja";"";"";"29";"1";"https://www.wwpipe.at/web-portal/complex-description/0814345"
"Lenneisgasse 4-8";"1140 Wien, Lenneisgasse Lenneisgasse";"1952";"1953";"";"Walter Muchar, Walter Schreier, Norbert Laad, Wilfried Poszpisily";"ja";"";"";"252";"4";"https://www.wwpipe.at/web-portal/complex-description/0814346"
"Niederpointenstraﬂe 7";"1140 Wien, Niederpointenstraﬂe Niederpointenstraﬂe";"1967";"1969";"";"Friedrich Fuchs, Albrecht F. Hrzan";"ja";"";"";"165";"9";"https://www.wwpipe.at/web-portal/complex-description/0514347"
"Baumgartenstraﬂe 25-33";"1140 Wien, Baumgartenstraﬂe Baumgartenstraﬂe";"1952";"1953";"";"Edith Lessel";"nein";"";"";"48";"2";"https://www.wwpipe.at/web-portal/complex-description/0814348"
"Gustav-Klimt-Hof";"1140 Wien, Linzer Straﬂe Linzer Straﬂe";"1967";"1968";"";"G¸nter Zeman, Alfred Viktor Pal";"nein";"";"";"118";"13";"https://www.wwpipe.at/web-portal/complex-description/0414349"
"Hadikgasse 268-272";"1140 Wien, Hadikgasse Hadikgasse";"1953";"1954";"";"Karl Hartl, Walter ProchÈ, Egon Karl Fridinger, Karl Zepke, Heinz Surbˆck";"ja";"";"";"240";"8";"https://www.wwpipe.at/web-portal/complex-description/0814350"
"Deutschordenstraﬂe 27-35";"1140 Wien, Deutschordenstraﬂe Deutschordenstraﬂe";"1953";"1955";"";"Fritz Purr, Erich Lamprecht, Georg Lippert, Ulrike Manhardt";"ja";"";"";"137";"3";"https://www.wwpipe.at/web-portal/complex-description/0814351"
"Amortgasse 1-17";"1140 Wien, Amortgasse Amortgasse";"1954";"1956";"";"Walter Muchar, Wilfried Poszpisily";"ja";"";"";"226";"10";"https://www.wwpipe.at/web-portal/complex-description/0814352"
"H¸tteldorfer Straﬂe 252";"1140 Wien, H¸tteldorfer Straﬂe H¸tteldorfer Straﬂe";"1969";"1971";"";"Stefan Karabiberoff";"ja";"";"";"55";"3";"https://www.wwpipe.at/web-portal/complex-description/0414353"
"Prochstraﬂe 21-23";"1140 Wien, Prochstraﬂe Prochstraﬂe";"1973";"1976";"";"Ernst Berg, Viktor Adler";"nein";"";"";"163";"6";"https://www.wwpipe.at/web-portal/complex-description/1214354"
"Hickelgasse 4-6";"1140 Wien, Hickelgasse Hickelgasse";"1954";"1956";"";"Ernst Lederer-Ponzer";"nein";"";"";"45";"3";"https://www.wwpipe.at/web-portal/complex-description/0814355"
"Wolfersberggasse 13-17";"1140 Wien, Wolfersberggasse Wolfersberggasse";"1954";"1955";"";"Alois Plessinger";"ja";"";"";"81";"6";"https://www.wwpipe.at/web-portal/complex-description/0814356"
"Hadikgasse 288-294";"1140 Wien, Hadikgasse Hadikgasse";"1954";"1956";"";"Friedrich Schlossberg";"ja";"";"";"75";"5";"https://www.wwpipe.at/web-portal/complex-description/0814357"
"Marcusgasse 4-12";"1140 Wien, Marcusgasse Marcusgasse";"1961";"1963";"";"Karl Kaill, Joachim Peters, Anton Josef Osika";"nein";"";"";"128";"8";"https://www.wwpipe.at/web-portal/complex-description/0614358"
"Cumberlandstraﬂe 20";"1140 Wien, Cumberlandstraﬂe Cumberlandstraﬂe";"1956";"1957";"";"Otto Nadel";"ja";"";"";"23";"0";"https://www.wwpipe.at/web-portal/complex-description/0814359"
"Linzer Straﬂe 253-255";"1140 Wien, Linzer Straﬂe Linzer Straﬂe";"1972";"1973";"";"Rudolf Dinner";"nein";"";"";"24";"8";"https://www.wwpipe.at/web-portal/complex-description/1114360"
"Rudolf-Edlinger-Hof";"1140 Wien, Deutschordenstraﬂe Deutschordenstraﬂe";"1953";"1955";"";"Fritz Purr, Erich Lamprecht, Georg Lippert, Ulrike Manhardt";"ja";"";"";"133";"5";"https://www.wwpipe.at/web-portal/complex-description/0814361"
"Dreyhausenstraﬂe 46";"1140 Wien, Dreyhausenstraﬂe Dreyhausenstraﬂe";"1955";"1957";"";"Anton Brenner";"ja";"";"";"26";"1";"https://www.wwpipe.at/web-portal/complex-description/0814362"
"Sanatoriumstraﬂe 19-25";"1140 Wien, Sanatoriumstraﬂe Sanatoriumstraﬂe";"1955";"1957";"";"Josef Horacek, Josef Promintzer";"ja";"";"";"145";"9";"https://www.wwpipe.at/web-portal/complex-description/0514365"
"Hauptstraﬂe 89";"1140 Wien, Hauptstraﬂe Hauptstraﬂe";"1956";"1957";"";"Wiener Stadtbauamt, MA19";"nein";"";"";"14";"2";"https://www.wwpipe.at/web-portal/complex-description/0814366"
"M¸hlbergstraﬂe 4-6";"1140 Wien, M¸hlbergstraﬂe M¸hlbergstraﬂe";"1957";"1958";"";"Konstantin Peller";"ja";"";"";"18";"1";"https://www.wwpipe.at/web-portal/complex-description/0814368"
"H¸tteldorfer Straﬂe 268-276";"1140 Wien, H¸tteldorfer Straﬂe H¸tteldorfer Straﬂe";"1957";"1959";"";"Roland Starzen, Raoul Lavaulx";"ja";"";"";"123";"10";"https://www.wwpipe.at/web-portal/complex-description/0614369"
"Breitenseer Straﬂe 68-74";"1140 Wien, Breitenseer Straﬂe Breitenseer Straﬂe";"1957";"1959";"";"Hermann Aichinger, Heinrich Benedikt";"ja";"";"";"94";"3";"https://www.wwpipe.at/web-portal/complex-description/0814370"
"K‰the-Jonas-Hof";"1140 Wien, Waidhausenstraﬂe Waidhausenstraﬂe";"1962";"1964";"";"Walter Kˆhler, Josef Krawina";"ja";"";"";"103";"7";"https://www.wwpipe.at/web-portal/complex-description/0514371"
"Rosentalgasse 15";"1140 Wien, Rosentalgasse Rosentalgasse";"1964";"1966";"";"Hans Steineder";"ja";"";"";"103";"12";"https://www.wwpipe.at/web-portal/complex-description/0514374"
"Anzbachgasse 31";"1140 Wien, Anzbachgasse Anzbachgasse";"1967";"1969";"";"Maria Tˆlzer, Peter Tˆlzer";"ja";"";"";"219";"29";"https://www.wwpipe.at/web-portal/complex-description/0414375"
"Linzer Straﬂe 474-478";"1140 Wien, Linzer Straﬂe Linzer Straﬂe";"1974";"1975";"";"Georg Russwurm";"ja";"";"";"43";"8";"https://www.wwpipe.at/web-portal/complex-description/1214376"
"Salisstraﬂe 5-15";"1140 Wien, Salisstraﬂe Salisstraﬂe";"1974";"1976";"";"Kurt Neugebauer, Friedrich (Fritz) Gr¸nberger";"ja";"";"";"112";"5";"https://www.wwpipe.at/web-portal/complex-description/1214377"
"Linzer Straﬂe 20-26";"1140 Wien, Linzer Straﬂe Linzer Straﬂe";"1979";"1983";"";"Friedrich Fischer II";"nein";"";"";"48";"8";"https://www.wwpipe.at/web-portal/complex-description/1614378"
"Linzer Straﬂe 397-399";"1140 Wien, Linzer Straﬂe Linzer Straﬂe";"1979";"1983";"";"Rudolf Lamprecht";"nein";"";"";"24";"3";"https://www.wwpipe.at/web-portal/complex-description/1614381"
"Huttengasse 2-4";"1140 Wien, Huttengasse Huttengasse";"1983";"1985";"";"Bernd Neubauer";"nein";"";"";"25";"2";"https://www.wwpipe.at/web-portal/complex-description/1714384"
"Schwendergasse 15";"1150 Wien, Schwendergasse Schwendergasse";"1965";"1967";"";"Friedrich Hintermayr";"nein";"";"";"19";"2";"https://www.wwpipe.at/web-portal/complex-description/0315030"
"Braunhirschengasse 33-37";"1150 Wien, Braunhirschengasse Braunhirschengasse";"1967";"1967";"";"Albrecht F. Hrzan";"nein";"";"";"25";"2";"https://www.wwpipe.at/web-portal/complex-description/0315048"
"Wohnsiedlung Schmelz";"1150 Wien, Wohnsiedlung Schmelz Wohnsiedlung Schmelz";"1919";"1924";"";"Hugo Mayer";"ja";"";"";"719";"61";"https://www.wwpipe.at/web-portal/complex-description/0715301"
"H¸tteldorfer Straﬂe 3-5";"1150 Wien, H¸tteldorfer Straﬂe H¸tteldorfer Straﬂe";"";"";"1925";"Karl Dirnhuber";"nein";"";"";"68";"5";"https://www.wwpipe.at/web-portal/complex-description/0815303"
"Chrobakgasse 3-5";"1150 Wien, Chrobakgasse Chrobakgasse";"1925";"1926";"";"Arnold Hatschek";"nein";"";"";"60";"2";"https://www.wwpipe.at/web-portal/complex-description/0815305"
"Oeverseestraﬂe 25-29";"1150 Wien, Oeverseestraﬂe Oeverseestraﬂe";"1926";"1927";"";"Carl Witzmann";"nein";"";"";"114";"2";"https://www.wwpipe.at/web-portal/complex-description/0815307"
"Giselhergasse 6-12";"1150 Wien, Giselhergasse Giselhergasse";"1926";"1927";"";"Gottlieb Michal";"nein";"";"";"119";"17";"https://www.wwpipe.at/web-portal/complex-description/0815308"
"Neusserplatz 1";"1150 Wien, Neusserplatz Neusserplatz";"1926";"1927";"";"Michael Rosenauer";"nein";"";"";"84";"1";"https://www.wwpipe.at/web-portal/complex-description/0815311"
"Geyschl‰gergasse 2-12";"1150 Wien, Geyschl‰gergasse Geyschl‰gergasse";"1928";"1929";"";"Max Fellerer";"nein";"";"";"57";"4";"https://www.wwpipe.at/web-portal/complex-description/0815312"
"Pilgerimgasse 4-6";"1150 Wien, Pilgerimgasse Pilgerimgasse";"1930";"1931";"";"Viktor Lurje";"nein";"";"";"64";"3";"https://www.wwpipe.at/web-portal/complex-description/0815314"
"Gablenzgasse 35-37";"1150 Wien, Gablenzgasse Gablenzgasse";"1931";"1932";"";"Leo Kammel sen.";"ja";"";"";"116";"3";"https://www.wwpipe.at/web-portal/complex-description/0815315"
"Loeschenkohlgasse 30-32";"1150 Wien, Loeschenkohlgasse Loeschenkohlgasse";"1931";"1932";"";"Oskar Strnad";"nein";"";"";"77";"4";"https://www.wwpipe.at/web-portal/complex-description/0815316"
"Costagasse 15";"1150 Wien, Costagasse Costagasse";"1957";"1958";"";"Michael Otter";"nein";"";"";"19";"1";"https://www.wwpipe.at/web-portal/complex-description/0815317"
"Rauchfangkehrergasse 26";"1150 Wien, Rauchfangkehrergasse Rauchfangkehrergasse";"1924";"1925";"";"Anton Brenner";"nein";"";"";"33";"3";"https://www.wwpipe.at/web-portal/complex-description/0815320"
"Graumanngasse 31-33";"1150 Wien, Graumanngasse Graumanngasse";"1927";"1928";"";"Hans Seitl, Alexander Graf";"nein";"";"";"42";"4";"https://www.wwpipe.at/web-portal/complex-description/0815321"
"Braunhirschengasse 12-20";"1150 Wien, Braunhirschengasse Braunhirschengasse";"1957";"1959";"";"Emil Hoppe, Ulrike Manhardt";"ja";"";"";"42";"7";"https://www.wwpipe.at/web-portal/complex-description/0815323"
"Tautenhayngasse 28";"1150 Wien, Tautenhayngasse Tautenhayngasse";"1935";"1936";"";"Franz Wiesmann";"ja";"";"";"150";"7";"https://www.wwpipe.at/web-portal/complex-description/0815325"
"Camillo-Sitte-Gasse 11-13";"1150 Wien, Camillo-Sitte-Gasse Camillo-Sitte-Gasse";"1943";"1944";"";"Rudolf Eisler";"nein";"";"";"49";"0";"https://www.wwpipe.at/web-portal/complex-description/0815326"
"Matthias-Schˆnerer-Gasse 14-18";"1150 Wien, Matthias-Schˆnerer-Gasse Matthias-Schˆnerer-Gasse";"1941";"1942";"";"Viktor Reiter";"nein";"";"";"67";"0";"https://www.wwpipe.at/web-portal/complex-description/0815327"
"Jheringgasse 3-5";"1150 Wien, Jheringgasse Jheringgasse";"1940";"1941";"";"Alfred Kraupa";"nein";"";"";"35";"0";"https://www.wwpipe.at/web-portal/complex-description/0815328"
"Alliogasse 8-10";"1150 Wien, Alliogasse Alliogasse";"1941";"1944";"";"Erich Oberdorfer";"nein";"";"";"118";"0";"https://www.wwpipe.at/web-portal/complex-description/0815329"
"Tellgasse 18";"1150 Wien, Tellgasse Tellgasse";"1959";"1960";"";"Franz Peck";"nein";"";"";"14";"0";"https://www.wwpipe.at/web-portal/complex-description/0615330"
"Nobilegasse 36";"1150 Wien, Nobilegasse Nobilegasse";"1949";"1950";"";"Leonhard G. Schˆppler";"nein";"";"";"15";"0";"https://www.wwpipe.at/web-portal/complex-description/0815331"
"Sturzgasse 29";"1150 Wien, Sturzgasse Sturzgasse";"1949";"1950";"";"Rudolf Scherer";"ja";"";"";"14";"0";"https://www.wwpipe.at/web-portal/complex-description/0815332"
"Plunkergasse 4-12";"1150 Wien, Plunkergasse Plunkergasse";"1950";"1954";"";"Karl Musel, Karl Janeschitz, Ernst W. Irsigler, Emil Dietrich, Fritz Z¸gner";"ja";"";"";"155";"10";"https://www.wwpipe.at/web-portal/complex-description/0815333"
"F¸nfhausgasse 16-18";"1150 Wien, F¸nfhausgasse F¸nfhausgasse";"1950";"1951";"";"Karl Kaill";"nein";"";"";"42";"3";"https://www.wwpipe.at/web-portal/complex-description/0815334"
"Grimmgasse 17";"1150 Wien, Grimmgasse Grimmgasse";"1952";"1953";"";"Walther Raschka";"nein";"";"";"13";"0";"https://www.wwpipe.at/web-portal/complex-description/0815335"
"Gablenzgasse 41";"1150 Wien, Gablenzgasse Gablenzgasse";"1952";"1953";"";"Fritz Z¸gner, Emil Dietrich, Florian Omasta";"ja";"";"";"190";"7";"https://www.wwpipe.at/web-portal/complex-description/0815336"
"Loeschenkohlgasse 3";"1150 Wien, Loeschenkohlgasse Loeschenkohlgasse";"1954";"1955";"";"Franz Tominsek";"ja";"";"";"26";"0";"https://www.wwpipe.at/web-portal/complex-description/0815340"
"Graumanngasse 12";"1150 Wien, Graumanngasse Graumanngasse";"1966";"1968";"";"Heinrich Schwetter";"ja";"";"";"34";"4";"https://www.wwpipe.at/web-portal/complex-description/0415342"
"Kellinggasse 7";"1150 Wien, Kellinggasse Kellinggasse";"1953";"1954";"";"Ludwig Schmid";"nein";"";"";"10";"1";"https://www.wwpipe.at/web-portal/complex-description/0815344"
"Gablenzgasse 27";"1150 Wien, Gablenzgasse Gablenzgasse";"1956";"1957";"";"Hans Paar";"ja";"";"";"44";"3";"https://www.wwpipe.at/web-portal/complex-description/0815345"
"Witzelsbergergasse 16-18";"1150 Wien, Witzelsbergergasse Witzelsbergergasse";"1956";"1957";"";"Leonhard G. Schˆppler";"ja";"";"";"25";"0";"https://www.wwpipe.at/web-portal/complex-description/0815346"
"Turnergasse 7";"1150 Wien, Turnergasse Turnergasse";"1956";"1957";"";"Carl Leopold M¸ller";"nein";"";"";"19";"2";"https://www.wwpipe.at/web-portal/complex-description/0815347"
"Meiselstraﬂe 11";"1150 Wien, Meiselstraﬂe Meiselstraﬂe";"1957";"1959";"";"Ludwig Schmid";"ja";"";"";"57";"6";"https://www.wwpipe.at/web-portal/complex-description/0615349"
"Johnstraﬂe 81";"1150 Wien, Johnstraﬂe Johnstraﬂe";"1960";"1961";"";"Adolf Ellinger";"ja";"";"";"15";"0";"https://www.wwpipe.at/web-portal/complex-description/0615350"
"Oelweingasse 7";"1150 Wien, Oelweingasse Oelweingasse";"1961";"1962";"";"Matth‰us Jiszda II.";"ja";"";"";"16";"1";"https://www.wwpipe.at/web-portal/complex-description/0615351"
"Alliogasse 21";"1150 Wien, Alliogasse Alliogasse";"1962";"1963";"";"Josef Baudys";"nein";"";"";"49";"3";"https://www.wwpipe.at/web-portal/complex-description/0615352"
"Braunhirschengasse 43";"1150 Wien, Braunhirschengasse Braunhirschengasse";"1965";"1966";"";"Albrecht F. Hrzan";"nein";"";"";"10";"0";"https://www.wwpipe.at/web-portal/complex-description/0615354"
"Schwendergasse 21-23";"1150 Wien, Schwendergasse Schwendergasse";"1969";"1971";"";"Josef Baudys";"nein";"";"";"19";"3";"https://www.wwpipe.at/web-portal/complex-description/0015357"
"Braunhirschengasse 17-21";"1150 Wien, Braunhirschengasse Braunhirschengasse";"1967";"1969";"";"Anton Valentin, Friedrich Punzmann";"nein";"";"";"29";"1";"https://www.wwpipe.at/web-portal/complex-description/0415358"
"Oelweingasse 22-26";"1150 Wien, Oelweingasse Oelweingasse";"1969";"1971";"";"Herbert M¸ller-Hartburg";"nein";"";"";"41";"4";"https://www.wwpipe.at/web-portal/complex-description/0415359"
"Braunhirschengasse 9";"1150 Wien, Braunhirschengasse Braunhirschengasse";"1967";"1969";"";"Anton Valentin, Friedrich Punzmann";"nein";"";"";"10";"1";"https://www.wwpipe.at/web-portal/complex-description/0415360"
"Braunhirschengasse 13";"1150 Wien, Braunhirschengasse Braunhirschengasse";"1967";"1969";"";"Friedrich Punzmann, Anton Valentin";"nein";"";"";"10";"1";"https://www.wwpipe.at/web-portal/complex-description/0415361"
"Goldschlagstraﬂe 107";"1150 Wien, Goldschlagstraﬂe Goldschlagstraﬂe";"1969";"1973";"";"Walter Jaksch";"ja";"";"";"30";"3";"https://www.wwpipe.at/web-portal/complex-description/1115363"
"Jurekgasse 5";"1150 Wien, Jurekgasse Jurekgasse";"1973";"1975";"";"Roland Berreck";"nein";"";"";"29";"5";"https://www.wwpipe.at/web-portal/complex-description/1215365"
"Sechshauser Straﬂe 94-96";"1150 Wien, Sechshauser Straﬂe Sechshauser Straﬂe";"1973";"1975";"";"Friedrich Rollwagen";"nein";"";"";"18";"3";"https://www.wwpipe.at/web-portal/complex-description/1215366"
"Oelweingasse 6-8";"1150 Wien, Oelweingasse Oelweingasse";"1973";"1974";"";"Herbert M¸ller-Hartburg";"nein";"";"";"26";"1";"https://www.wwpipe.at/web-portal/complex-description/1215367"
"F¸nfhausgasse 14";"1150 Wien, F¸nfhausgasse F¸nfhausgasse";"1974";"1975";"";"Carl A. J. Hala";"nein";"";"";"9";"1";"https://www.wwpipe.at/web-portal/complex-description/1215368"
"Jurekgasse 29";"1150 Wien, Jurekgasse Jurekgasse";"1974";"1975";"";"Carl A. J. Hala";"nein";"";"";"32";"0";"https://www.wwpipe.at/web-portal/complex-description/1215369"
"Braunhirschengasse 36-38";"1150 Wien, Braunhirschengasse Braunhirschengasse";"1975";"1977";"";"Josef Horacek";"ja";"";"";"34";"1";"https://www.wwpipe.at/web-portal/complex-description/1215370"
"Meiselstraﬂe 36-42";"1150 Wien, Meiselstraﬂe Meiselstraﬂe";"1974";"1977";"";"Friedrich Pangratz, Rolf Simlinger";"ja";"";"";"67";"1";"https://www.wwpipe.at/web-portal/complex-description/1215371"
"Robert-Hamerling-Gasse 15";"1150 Wien, Robert-Hamerling-Gasse Robert-Hamerling-Gasse";"1975";"1977";"";"Rudolf Felix Weber";"nein";"";"";"42";"1";"https://www.wwpipe.at/web-portal/complex-description/1215372"
"Clementinengasse 6";"1150 Wien, Clementinengasse Clementinengasse";"1974";"1975";"";"Josef Seeberger";"nein";"";"";"12";"0";"https://www.wwpipe.at/web-portal/complex-description/1215373"
"Talgasse 2";"1150 Wien, Talgasse Talgasse";"1974";"1975";"";"Josef Seeberger";"nein";"";"";"21";"0";"https://www.wwpipe.at/web-portal/complex-description/1215374"
"Ansch¸tzgasse 8a";"1150 Wien, Ansch¸tzgasse Ansch¸tzgasse";"1975";"1976";"";"Peter Koban";"nein";"";"";"36";"0";"https://www.wwpipe.at/web-portal/complex-description/1215376"
"Turnergasse 22";"1150 Wien, Turnergasse Turnergasse";"1976";"1979";"";"Franz Morawez";"nein";"";"";"21";"0";"https://www.wwpipe.at/web-portal/complex-description/1515377"
"Maria-Jonas-Hof";"1150 Wien, Turnergasse Turnergasse";"1975";"1976";"";"Franz Morawez";"nein";"";"";"15";"0";"https://www.wwpipe.at/web-portal/complex-description/1215378"
"Sturzgasse 14";"1150 Wien, Sturzgasse Sturzgasse";"1975";"1977";"";"Walter Jaksch";"nein";"";"";"12";"1";"https://www.wwpipe.at/web-portal/complex-description/1215380"
"Ansch¸tzgasse 4a";"1150 Wien, Ansch¸tzgasse Ansch¸tzgasse";"1975";"1976";"";"Gabor Fettik, Helmuth Frank";"nein";"";"";"47";"1";"https://www.wwpipe.at/web-portal/complex-description/1215381"
"Storchengasse 16-20";"1150 Wien, Storchengasse Storchengasse";"1978";"1979";"";"Peter Schwager";"nein";"";"";"37";"2";"https://www.wwpipe.at/web-portal/complex-description/1515383"
"Sturzgasse 37";"1150 Wien, Sturzgasse Sturzgasse";"1975";"1977";"";"Josef Wˆhnhart";"nein";"";"";"25";"0";"https://www.wwpipe.at/web-portal/complex-description/1215384"
"Jurekgasse 6";"1150 Wien, Jurekgasse Jurekgasse";"1975";"1977";"";"Raimund Haintz";"nein";"";"";"14";"2";"https://www.wwpipe.at/web-portal/complex-description/1215386"
"Kranzgasse 5";"1150 Wien, Kranzgasse Kranzgasse";"1979";"1980";"";"Franz-Joachim Z¸low";"nein";"";"";"21";"1";"https://www.wwpipe.at/web-portal/complex-description/1515387"
"Lehnergasse 4";"1150 Wien, Lehnergasse Lehnergasse";"1976";"1977";"";"Leopold (Leo) Fellner";"nein";"";"";"10";"0";"https://www.wwpipe.at/web-portal/complex-description/1215388"
"Weiglgasse 6-10";"1150 Wien, Weiglgasse Weiglgasse";"1976";"1980";"";"Wilhelm Holzbauer";"nein";"";"";"291";"14";"https://www.wwpipe.at/web-portal/complex-description/1215389"
"Ansch¸tzgasse 9-13";"1150 Wien, Ansch¸tzgasse Ansch¸tzgasse";"1978";"1981";"";"Heinz Ekhart, Stefan K. H¸bner";"nein";"";"";"79";"1";"https://www.wwpipe.at/web-portal/complex-description/1515390"
"Kranzgasse 20";"1150 Wien, Kranzgasse Kranzgasse";"1980";"1981";"";"G¸nther Ludwig";"nein";"";"";"18";"0";"https://www.wwpipe.at/web-portal/complex-description/1615392"
"Geibelgasse 10";"1150 Wien, Geibelgasse Geibelgasse";"1978";"1980";"";"Leopoldine Schwarzinger";"nein";"";"";"19";"0";"https://www.wwpipe.at/web-portal/complex-description/1515393"
"Grimmgasse 19";"1150 Wien, Grimmgasse Grimmgasse";"1978";"1980";"";"Walter Olensky";"nein";"";"";"15";"0";"https://www.wwpipe.at/web-portal/complex-description/1515394"
"Reindorfgasse 9";"1150 Wien, Reindorfgasse Reindorfgasse";"1978";"1980";"";"Johannes Peter";"nein";"";"";"29";"4";"https://www.wwpipe.at/web-portal/complex-description/1515395"
"Grimmgasse 4";"1150 Wien, Grimmgasse Grimmgasse";"1978";"1980";"";"Gabor Fettik";"nein";"";"";"16";"1";"https://www.wwpipe.at/web-portal/complex-description/1515396"
"Hagengasse 21";"1150 Wien, Hagengasse Hagengasse";"1978";"1979";"";"Peter Koban";"nein";"";"";"15";"1";"https://www.wwpipe.at/web-portal/complex-description/1515397"
"Dankwartgasse 6";"1150 Wien, Dankwartgasse Dankwartgasse";"1977";"1979";"";"Heribert Soyka";"nein";"";"";"16";"1";"https://www.wwpipe.at/web-portal/complex-description/1515398"
"Clementinengasse 3";"1150 Wien, Clementinengasse Clementinengasse";"1979";"1980";"";"Ernst Lederer-Ponzer";"nein";"";"";"26";"1";"https://www.wwpipe.at/web-portal/complex-description/1515399"
"Grimmgasse 8";"1150 Wien, Grimmgasse Grimmgasse";"1978";"1980";"";"Gerhard Kleindienst";"nein";"";"";"13";"0";"https://www.wwpipe.at/web-portal/complex-description/1515400"
"Reindorfgasse 38";"1150 Wien, Reindorfgasse Reindorfgasse";"1979";"1980";"";"Friedrich Moser";"nein";"";"";"25";"5";"https://www.wwpipe.at/web-portal/complex-description/1515401"
"Dreihausgasse 8-10";"1150 Wien, Dreihausgasse Dreihausgasse";"1980";"1981";"";"Hans Scasn˝";"nein";"";"";"33";"0";"https://www.wwpipe.at/web-portal/complex-description/1615402"
"Grimmgasse 15";"1150 Wien, Grimmgasse Grimmgasse";"1981";"1983";"";"Gabor Fettik, Walter Olensky";"nein";"";"";"17";"0";"https://www.wwpipe.at/web-portal/complex-description/1615403"
"Herklotzgasse 17-19";"1150 Wien, Herklotzgasse Herklotzgasse";"1981";"1983";"";"Karl Kotal";"nein";"";"";"32";"0";"https://www.wwpipe.at/web-portal/complex-description/1615404"
"Grimmgasse 44";"1150 Wien, Grimmgasse Grimmgasse";"1982";"1984";"";"Johannes Peter";"nein";"";"";"21";"1";"https://www.wwpipe.at/web-portal/complex-description/1615405"
"Dadlergasse 17";"1150 Wien, Dadlergasse Dadlergasse";"1982";"1984";"";"Erich Boltenstern";"nein";"";"";"50";"4";"https://www.wwpipe.at/web-portal/complex-description/1715406"
"Hollergasse 12";"1150 Wien, Hollergasse Hollergasse";"1981";"1982";"";"Werner Appelt";"nein";"";"";"15";"3";"https://www.wwpipe.at/web-portal/complex-description/1615407"
"Braunhirschengasse 8-10";"1150 Wien, Braunhirschengasse Braunhirschengasse";"1982";"1984";"";"Engelbert Eder";"nein";"";"";"15";"0";"https://www.wwpipe.at/web-portal/complex-description/1715408"
"Hollergasse 21";"1150 Wien, Hollergasse Hollergasse";"1983";"1985";"";"Diether S. Hoppe";"nein";"";"";"14";"1";"https://www.wwpipe.at/web-portal/complex-description/1715409"
"Reichsapfelgasse 9";"1150 Wien, Reichsapfelgasse Reichsapfelgasse";"1983";"1985";"";"Allgemeine Wohnbau Planung GesmbH";"nein";"";"";"37";"1";"https://www.wwpipe.at/web-portal/complex-description/1715410"
"Beckmanngasse 64";"1150 Wien, Beckmanngasse Beckmanngasse";"1984";"1987";"";"Heinz Ekhart";"nein";"";"";"10";"1";"https://www.wwpipe.at/web-portal/complex-description/1715411"
"Goldschlagstraﬂe 91";"1150 Wien, Goldschlagstraﬂe Goldschlagstraﬂe";"1984";"1985";"";"Manfred Kobel";"nein";"";"";"12";"2";"https://www.wwpipe.at/web-portal/complex-description/1715412"
"Heinickegasse 3";"1150 Wien, Heinickegasse Heinickegasse";"1985";"1986";"";"Rudolf Foltin";"nein";"";"";"13";"0";"https://www.wwpipe.at/web-portal/complex-description/1715413"
"Zinckgasse 5-7";"1150 Wien, Zinckgasse Zinckgasse";"1985";"1987";"";"Heinz Scheide, Karl W. Zimmermann";"nein";"";"";"32";"3";"https://www.wwpipe.at/web-portal/complex-description/1715414"
"F¸nfhausgasse 6-8";"1150 Wien, F¸nfhausgasse F¸nfhausgasse";"1985";"1987";"";"Emil Kovacic";"nein";"";"";"23";"1";"https://www.wwpipe.at/web-portal/complex-description/1715415"
"Storchengasse 22";"1150 Wien, Storchengasse Storchengasse";"1985";"1986";"";"Peter Schwager";"nein";"";"";"21";"0";"https://www.wwpipe.at/web-portal/complex-description/1715416"
"Ansch¸tzgasse 10";"1150 Wien, Ansch¸tzgasse Ansch¸tzgasse";"1985";"1987";"";"Helmut Wimmer";"nein";"";"";"19";"0";"https://www.wwpipe.at/web-portal/complex-description/1715417"
"Ortnergasse 5";"1150 Wien, Ortnergasse Ortnergasse";"1985";"1986";"";"Rudolf Guttmann";"nein";"";"";"11";"0";"https://www.wwpipe.at/web-portal/complex-description/1715418"
"Kellinggasse 13";"1150 Wien, Kellinggasse Kellinggasse";"1985";"1986";"";"Rudolf Guttmann";"nein";"";"";"14";"0";"https://www.wwpipe.at/web-portal/complex-description/1715419"
"Diefenbachgasse 30";"1150 Wien, Diefenbachgasse Diefenbachgasse";"1989";"1990";"";"Peter Zauchenberger";"ja";"";"";"16";"0";"https://www.wwpipe.at/web-portal/complex-description/2015420"
"Sturzgasse 31-33";"1150 Wien, Sturzgasse Sturzgasse";"1989";"1990";"";"Rudolf Lamprecht";"ja";"";"";"22";"0";"https://www.wwpipe.at/web-portal/complex-description/1915421"
"Rustengasse 10";"1150 Wien, Rustengasse Rustengasse";"1989";"1991";"";"Roland C‰sar";"nein";"";"";"21";"1";"https://www.wwpipe.at/web-portal/complex-description/2115422"
"Toﬂgasse 5";"1150 Wien, Tossgasse Tossgasse";"1989";"1990";"";"Roland C‰sar";"nein";"";"";"10";"0";"https://www.wwpipe.at/web-portal/complex-description/1915423"
"Beckmanngasse 66";"1150 Wien, Beckmanngasse Beckmanngasse";"1984";"1987";"";"Heinz Ekhart";"nein";"";"";"10";"0";"https://www.wwpipe.at/web-portal/complex-description/1715424"
"Karmeliterhofgasse 7-9";"1150 Wien, Karmeliterhofgasse Karmeliterhofgasse";"1991";"1992";"";"Herbert Scheiner";"nein";"";"";"35";"0";"https://www.wwpipe.at/web-portal/complex-description/2115425"
"Oelweingasse 3-5";"1150 Wien, Oelweingasse Oelweingasse";"1990";"1992";"";"Andreas Zangerl";"nein";"";"";"24";"1";"https://www.wwpipe.at/web-portal/complex-description/2115426"
"Rauchfangkehrergasse 17-27";"1150 Wien, Rauchfangkehrergasse Rauchfangkehrergasse";"1987";"1990";"";"Gert M. Mayr-Keber";"nein";"";"";"82";"1";"https://www.wwpipe.at/web-portal/complex-description/2015436"
"Kirchstetterngasse 60";"1160 Wien, Kirchstetterngasse Kirchstetterngasse";"1956";"1957";"";"Walther Raschka";"nein";"";"";"20";"2";"https://www.wwpipe.at/web-portal/complex-description/0316006"
"Neulerchenfelder Straﬂe 52";"1160 Wien, Neulerchenfelder Straﬂe Neulerchenfelder Straﬂe";"1953";"1958";"";"Otto Leopold, Walter Totz";"nein";"";"";"12";"2";"https://www.wwpipe.at/web-portal/complex-description/0316041"
"Enenkelstraﬂe 35";"1160 Wien, Enenkelstraﬂe Enenkelstraﬂe";"1922";"1922";"";"Hugo Mayer";"nein";"";"";"48";"4";"https://www.wwpipe.at/web-portal/complex-description/0816301"
"Josef-Srp-Hof";"1160 Wien, Thaliastraﬂe Thaliastraﬂe";"1926";"1926";"";"Rudolf Weiser";"nein";"";"";"19";"7";"https://www.wwpipe.at/web-portal/complex-description/0816308"
"Br¸ﬂlgasse 34";"1160 Wien, Br¸ﬂlgasse Br¸ﬂlgasse";"1927";"1928";"";"Franz Wiesmann";"ja";"";"";"18";"1";"https://www.wwpipe.at/web-portal/complex-description/0816312"
"Thalhaimergasse 44";"1160 Wien, Thalhaimergasse Thalhaimergasse";"1927";"1927";"";"Franz Wiesmann";"ja";"";"";"17";"1";"https://www.wwpipe.at/web-portal/complex-description/0816313"
"Hella-Hanzlik-Hof";"1160 Wien, Br¸ﬂlgasse Br¸ﬂlgasse";"1927";"1928";"";"Leopold Schulz";"nein";"";"";"49";"0";"https://www.wwpipe.at/web-portal/complex-description/0816314"
"Mildeplatz 7";"1160 Wien, Mildeplatz Mildeplatz";"1958";"1959";"";"Friedrich Weinkopf";"ja";"";"";"22";"2";"https://www.wwpipe.at/web-portal/complex-description/0616317"
"Sulmgasse 22-24";"1160 Wien, Sulmgasse Sulmgasse";"1930";"1931";"";"Hans Schimitzek";"nein";"";"";"20";"1";"https://www.wwpipe.at/web-portal/complex-description/0816319"
"Redtenbachergasse 40-44";"1160 Wien, Redtenbachergasse Redtenbachergasse";"1930";"1931";"";"Alfred Adler";"nein";"";"";"30";"0";"https://www.wwpipe.at/web-portal/complex-description/0816320"
"Paletzgasse 17";"1160 Wien, Paletzgasse Paletzgasse";"1930";"1931";"";"Josef (Jaroslav) Bayer";"nein";"";"";"82";"2";"https://www.wwpipe.at/web-portal/complex-description/0816321"
"Ganglbauergasse 4-12";"1160 Wien, Ganglbauergasse Ganglbauergasse";"1930";"1931";"";"Heinrich Vana";"ja";"";"";"122";"4";"https://www.wwpipe.at/web-portal/complex-description/0816322"
"Lorenz-Mandl-Gasse 36-38";"1160 Wien, Lorenz-Mandl-Gasse Lorenz-Mandl-Gasse";"1958";"1959";"";"Franz A. Bayer";"ja";"";"";"59";"1";"https://www.wwpipe.at/web-portal/complex-description/0616323"
"Heindlgasse 7-9";"1160 Wien, Heindlgasse Heindlgasse";"1931";"1932";"";"Hans Seitl";"nein";"";"";"25";"0";"https://www.wwpipe.at/web-portal/complex-description/0816326"
"Arltgasse 2-16";"1160 Wien, Arltgasse Arltgasse";"1931";"1956";"";"Anton Potyka, Hans Gass, Engelbert Mang, Anny Beranek";"ja";"";"";"226";"8";"https://www.wwpipe.at/web-portal/complex-description/0816327"
"Pfenninggeldgasse 3-7";"1160 Wien, Pfenninggeldgasse Pfenninggeldgasse";"1931";"1932";"";"Otto Nadel";"ja";"";"";"33";"3";"https://www.wwpipe.at/web-portal/complex-description/0816328"
"Hasnerstraﬂe 111-115";"1160 Wien, Hasnerstraﬂe Hasnerstraﬂe";"1931";"1932";"";"Franz Zabza";"ja";"";"";"37";"2";"https://www.wwpipe.at/web-portal/complex-description/0816329"
"Lorenz-Mandl-Gasse 7-9";"1160 Wien, Lorenz-Mandl-Gasse Lorenz-Mandl-Gasse";"1958";"1959";"";"Fritz Bˆhm-Raffay";"ja";"";"";"31";"0";"https://www.wwpipe.at/web-portal/complex-description/0616330"
"Odoakergasse 10-18";"1160 Wien, Odoakergasse Odoakergasse";"1933";"1933";"";"Karl Schmalhofer";"nein";"";"";"103";"5";"https://www.wwpipe.at/web-portal/complex-description/0816333"
"Haberlgasse 74";"1160 Wien, Haberlgasse Haberlgasse";"";"";"1938";"Erich Franz Leischner";"nein";"";"";"28";"1";"https://www.wwpipe.at/web-portal/complex-description/0816334"
"Wiesberggasse 6b";"1160 Wien, Wiesberggasse Wiesberggasse";"1936";"1937";"";"Karl Ehn";"ja";"";"";"67";"6";"https://www.wwpipe.at/web-portal/complex-description/0816336"
"Frˆbelgasse 55-57";"1160 Wien, Frˆbelgasse Frˆbelgasse";"1932";"1933";"";"Wiener Stadtbauamt, MA22";"nein";"";"";"30";"4";"https://www.wwpipe.at/web-portal/complex-description/0816337"
"Arltgasse 34-36";"1160 Wien, Arltgasse Arltgasse";"1949";"1950";"";"Karl Ehn";"nein";"";"";"27";"2";"https://www.wwpipe.at/web-portal/complex-description/0816338"
"Degengasse 7";"1160 Wien, Degengasse Degengasse";"1949";"1950";"";"Karl Vodak sen.";"nein";"";"";"16";"0";"https://www.wwpipe.at/web-portal/complex-description/0816339"
"Haberlgasse 76";"1160 Wien, Haberlgasse Haberlgasse";"1949";"1952";"";"Robert Ulrich, Leo Kammel sen.";"ja";"";"";"20";"3";"https://www.wwpipe.at/web-portal/complex-description/0816340"
"Panikengasse 6-8";"1160 Wien, Panikengasse Panikengasse";"1957";"1959";"";"Otto Nadel";"ja";"";"";"55";"0";"https://www.wwpipe.at/web-portal/complex-description/0616341"
"Koppstraﬂe 6";"1160 Wien, Koppstraﬂe Koppstraﬂe";"1952";"1953";"";"Hans Steindl";"nein";"";"";"30";"1";"https://www.wwpipe.at/web-portal/complex-description/0816344"
"Payergasse 18";"1160 Wien, Payergasse Payergasse";"1952";"1953";"";"Josef Wenz";"nein";"";"";"21";"0";"https://www.wwpipe.at/web-portal/complex-description/0816345"
"Wernhardtstraﬂe 12-16";"1160 Wien, Wernhardtstraﬂe Wernhardtstraﬂe";"1952";"1954";"";"Otto Katschenka, Karl Harberger, Alois Plessinger";"ja";"";"";"128";"2";"https://www.wwpipe.at/web-portal/complex-description/0816348"
"Karl-Metschl-Gasse 13-23";"1160 Wien, Karl-Metschl-Gasse Karl-Metschl-Gasse";"1953";"1954";"";"Walter Vasa, Oskar Heymann";"nein";"";"";"69";"2";"https://www.wwpipe.at/web-portal/complex-description/0816349"
"Klausgasse 1-11";"1160 Wien, Klausgasse Klausgasse";"1954";"1955";"";"Elisabeth Pongracz, Jakob Zachar, Anton Kralik, Georg Fleischmann";"ja";"";"";"277";"9";"https://www.wwpipe.at/web-portal/complex-description/0816351"
"Winterburgergasse 3-11";"1160 Wien, Winterburgergasse Winterburgergasse";"1966";"1968";"";"Ferdinand Albrecht, Bruno Tinhofer, Julius Bergmann, Walter Stepanik";"ja";"";"";"259";"9";"https://www.wwpipe.at/web-portal/complex-description/0516353"
"Heindlgasse 4";"1160 Wien, Heindlgasse Heindlgasse";"1954";"1956";"";"Hans Wˆlfl";"nein";"";"";"38";"2";"https://www.wwpipe.at/web-portal/complex-description/0816355"
"Hofferplatz 3";"1160 Wien, Hofferplatz Hofferplatz";"1955";"1957";"";"Julius Bergmann";"ja";"";"";"52";"4";"https://www.wwpipe.at/web-portal/complex-description/0816356"
"Weinheimergasse 7-9";"1160 Wien, Weinheimergasse Weinheimergasse";"1959";"1961";"";"Alfred Kraupa, Alfred Kratochwil";"ja";"";"";"102";"5";"https://www.wwpipe.at/web-portal/complex-description/0616358"
"Abelegasse 12";"1160 Wien, Abelegasse Abelegasse";"1955";"1956";"";"Josef Wurts";"ja";"";"";"17";"2";"https://www.wwpipe.at/web-portal/complex-description/0816359"
"Maroltingergasse 19-25";"1160 Wien, Maroltingergasse Maroltingergasse";"1959";"1960";"";"Rudolf Wawrik, Paul Schopper";"nein";"";"";"99";"6";"https://www.wwpipe.at/web-portal/complex-description/0616361"
"Ottakringer Straﬂe 217-221";"1160 Wien, Ottakringer Straﬂe Ottakringer Straﬂe";"1960";"1962";"";"Robert W. Preissecker";"ja";"";"";"42";"3";"https://www.wwpipe.at/web-portal/complex-description/0616362"
"Karoline-Pluskal-Hof";"1160 Wien, Sandleitengasse Sandleitengasse";"1960";"1962";"";"Anton Schweighofer, Rupert Falkner, Matthias Lukas Lang, Peter Czernin";"ja";"";"";"193";"4";"https://www.wwpipe.at/web-portal/complex-description/0616363"
"Ottakringer Straﬂe 147";"1160 Wien, Ottakringer Straﬂe Ottakringer Straﬂe";"1965";"1967";"";"Erwin H(einz) Dusl, Gerhard Kolbe, Frank Schl‰ger";"nein";"";"";"25";"2";"https://www.wwpipe.at/web-portal/complex-description/0616364"
"Mildeplatz 3";"1160 Wien, Mildeplatz Mildeplatz";"1967";"1968";"";"Karl Hauschka";"nein";"";"";"32";"1";"https://www.wwpipe.at/web-portal/complex-description/0416365"
"Winterburgergasse 1";"1160 Wien, Winterburgergasse Winterburgergasse";"1967";"1969";"";"Bruno Tinhofer";"nein";"";"";"34";"5";"https://www.wwpipe.at/web-portal/complex-description/0016366"
"Roseggergasse 44-46";"1160 Wien, Roseggergasse Roseggergasse";"1952";"1953";"";"Josef Horacek";"ja";"";"";"90";"10";"https://www.wwpipe.at/web-portal/complex-description/0816367"
"Friedrich-Kaiser-Gasse 36-38";"1160 Wien, Friedrich-Kaiser-Gasse Friedrich-Kaiser-Gasse";"1973";"1975";"";"Heinrich Reitst‰tter";"nein";"";"";"26";"4";"https://www.wwpipe.at/web-portal/complex-description/1216369"
"Abelegasse 29";"1160 Wien, Abelegasse Abelegasse";"1973";"1975";"";"Hellmut Schwab";"ja";"";"";"71";"1";"https://www.wwpipe.at/web-portal/complex-description/1216370"
"Haberlgasse 86";"1160 Wien, Haberlgasse Haberlgasse";"1973";"1975";"";"G¸nther Oberhofer, Josef Krawina";"ja";"";"";"18";"0";"https://www.wwpipe.at/web-portal/complex-description/1216371"
"Friedrich-Kaiser-Gasse 18-24";"1160 Wien, Friedrich-Kaiser-Gasse Friedrich-Kaiser-Gasse";"1975";"1977";"";"Johannes Lust";"nein";"";"";"41";"5";"https://www.wwpipe.at/web-portal/complex-description/1216372"
"Degengasse 34-38";"1160 Wien, Degengasse Degengasse";"1975";"1978";"";"Hermann Kittel";"ja";"";"";"54";"1";"https://www.wwpipe.at/web-portal/complex-description/1216374"
"Ameisbachzeile 119-123";"1160 Wien, Ameisbachzeile Ameisbachzeile";"1976";"1979";"";"Kurt Hlaweniczka";"ja";"";"";"163";"9";"https://www.wwpipe.at/web-portal/complex-description/1216375"
"Arnethgasse 105";"1160 Wien, Arnethgasse Arnethgasse";"1977";"1979";"";"Rudolf Angelides";"nein";"";"";"23";"3";"https://www.wwpipe.at/web-portal/complex-description/1516376"
"Bachgasse 14";"1160 Wien, Bachgasse Bachgasse";"1977";"1979";"";"Harald Wieser";"nein";"";"";"11";"0";"https://www.wwpipe.at/web-portal/complex-description/1516378"
"Grundsteingasse 6";"1160 Wien, Grundsteingasse Grundsteingasse";"1979";"1981";"";"Maria Anna Hutter";"nein";"";"";"15";"0";"https://www.wwpipe.at/web-portal/complex-description/1516379"
"Feﬂtgasse 12-14";"1160 Wien, Feﬂtgasse Feﬂtgasse";"1977";"1980";"";"Ottokar Uhl";"nein";"";"";"39";"3";"https://www.wwpipe.at/web-portal/complex-description/1516380"
"Ganglbauergasse 7";"1160 Wien, Ganglbauergasse Ganglbauergasse";"1976";"1983";"";"Michael Wachberger, Hedwig (Hedy) Wachberger";"ja";"";"";"15";"0";"https://www.wwpipe.at/web-portal/complex-description/1616381"
"Grundsteingasse 66";"1160 Wien, Grundsteingasse Grundsteingasse";"1978";"1979";"";"Adolf Svancar";"nein";"";"";"16";"0";"https://www.wwpipe.at/web-portal/complex-description/1516382"
"Feﬂtgasse 16";"1160 Wien, Feﬂtgasse Feﬂtgasse";"1980";"1982";"";"Ottokar Uhl";"nein";"";"";"29";"2";"https://www.wwpipe.at/web-portal/complex-description/1616383"
"Johann-Nepomuk-Berger-Platz 7";"1160 Wien, Johann-Nepomuk-Berger-Platz Johann-Nepomuk-Berger-Platz";"1982";"1983";"";"Ottokar Uhl";"nein";"";"";"18";"0";"https://www.wwpipe.at/web-portal/complex-description/1616384"
"Sulmgasse 2-6";"1160 Wien, Sulmgasse Sulmgasse";"1978";"1980";"";"Hellfried Dietz, Alois Brunner";"nein";"";"";"63";"6";"https://www.wwpipe.at/web-portal/complex-description/1516386"
"Gerhard-Hanappi-Hof";"1160 Wien, Liebhartsgasse Liebhartsgasse";"1979";"1981";"";"Gerhard Hanappi";"nein";"";"";"25";"1";"https://www.wwpipe.at/web-portal/complex-description/1616387"
"Eisnergasse 15-17";"1160 Wien, Eisnergasse Eisnergasse";"1981";"1982";"";"Hans Wolfgang J‰ger, Werner Havlicek";"ja";"";"";"24";"1";"https://www.wwpipe.at/web-portal/complex-description/1616388"
"Ottakringer Straﬂe 103";"1160 Wien, Ottakringer Straﬂe Ottakringer Straﬂe";"1981";"1982";"";"Werner Havlicek, Hans Wolfgang J‰ger";"nein";"";"";"14";"3";"https://www.wwpipe.at/web-portal/complex-description/1616391"
"Ottakringer Straﬂe 194-196";"1160 Wien, Ottakringer Straﬂe Ottakringer Straﬂe";"1980";"1983";"";"Rainer Stelzig, Otmar Patak, Hansjˆrg Weinhandl, Georg Smutny";"nein";"";"";"192";"5";"https://www.wwpipe.at/web-portal/complex-description/1616393"
"Neumayrgasse 7-9";"1160 Wien, Neumayrgasse Neumayrgasse";"1983";"1985";"";"Reinhard Gieselmann";"ja";"";"";"104";"4";"https://www.wwpipe.at/web-portal/complex-description/1716394"
"Ottakringer Straﬂe 188";"1160 Wien, Ottakringer Straﬂe Ottakringer Straﬂe";"1984";"1985";"";"Wilhelm (Willi) Reichel, Anton (Toni) Lenhardt";"nein";"";"";"67";"4";"https://www.wwpipe.at/web-portal/complex-description/1716395"
"Ottakringer Straﬂe 145";"1160 Wien, Ottakringer Straﬂe Ottakringer Straﬂe";"1984";"1986";"";"Johannes (Hans) Hohenegger";"nein";"";"";"13";"1";"https://www.wwpipe.at/web-portal/complex-description/1716398"
"Brunnengasse 7";"1160 Wien, Brunnengasse Brunnengasse";"1984";"1985";"";"Erwin H(einz) Dusl";"nein";"";"";"15";"1";"https://www.wwpipe.at/web-portal/complex-description/1716399"
"Eisnergasse 11-13";"1160 Wien, Eisnergasse Eisnergasse";"1984";"1985";"";"Werner Havlicek, Hans Wolfgang J‰ger";"nein";"";"";"28";"0";"https://www.wwpipe.at/web-portal/complex-description/1716400"
"Bachgasse 22";"1160 Wien, Bachgasse Bachgasse";"1985";"1986";"";"Herbert W¸ster, Kurt Eckel";"nein";"";"";"18";"0";"https://www.wwpipe.at/web-portal/complex-description/1716401"
"Friedrich-Kaiser-Gasse 27";"1160 Wien, Friedrich-Kaiser-Gasse Friedrich-Kaiser-Gasse";"1985";"1986";"";"Herbert W¸ster, Kurt Eckel";"nein";"";"";"9";"0";"https://www.wwpipe.at/web-portal/complex-description/1716402"
"Roseggergasse 43";"1160 Wien, Roseggergasse Roseggergasse";"1986";"1987";"";"Klaus G. Musil";"nein";"";"";"18";"0";"https://www.wwpipe.at/web-portal/complex-description/1916403"
"Arnethgasse 43-45";"1160 Wien, Arnethgasse Arnethgasse";"1988";"1990";"";"Peter Czerveniak";"nein";"";"";"19";"0";"https://www.wwpipe.at/web-portal/complex-description/1916404"
"Richard-Wagner-Platz 3";"1160 Wien, Richard-Wagner-Platz Richard-Wagner-Platz";"1989";"1991";"";"Robert Kanfer";"nein";"";"";"23";"3";"https://www.wwpipe.at/web-portal/complex-description/2116406"
"Hubert-Pfoch-Hof";"1160 Wien, Thaliastraﬂe Thaliastraﬂe";"1985";"1992";"";"Manfred Nehrer, Reinhard Medek";"nein";"";"";"40";"5";"https://www.wwpipe.at/web-portal/complex-description/2116407"
"Abelegasse 14-16";"1160 Wien, Abelegasse Abelegasse";"1991";"1992";"";"Robert Labi";"nein";"";"";"15";"1";"https://www.wwpipe.at/web-portal/complex-description/2116408"
"Arltgasse 38-40";"1160 Wien, Arltgasse Arltgasse";"1991";"1992";"";"Zachari Vesselinov";"nein";"";"";"28";"0";"https://www.wwpipe.at/web-portal/complex-description/2116409"
"Sandleitengasse 55";"1160 Wien, Sandleitengasse Sandleitengasse";"1991";"1992";"";"Erich Amon";"nein";"";"";"34";"1";"https://www.wwpipe.at/web-portal/complex-description/2116410"
"Nattergasse 19";"1170 Wien, Nattergasse Nattergasse";"1951";"1952";"";"Johann (Hans) Stˆhr";"nein";"";"";"13";"0";"https://www.wwpipe.at/web-portal/complex-description/0317008"
"Balderichgasse 23-29";"1170 Wien, Balderichgasse Balderichgasse";"1922";"1924";"";"Karl Ehn";"nein";"";"";"133";"26";"https://www.wwpipe.at/web-portal/complex-description/0817301"
"Bergsteiggasse 28";"1170 Wien, Bergsteiggasse Bergsteiggasse";"1924";"1924";"";"Otto Rudolf Polak-Hellwig";"nein";"";"";"26";"7";"https://www.wwpipe.at/web-portal/complex-description/0817302"
"Kastnergasse 25-27";"1170 Wien, Kastnergasse Kastnergasse";"1925";"1925";"";"Johann Franz W¸rzl";"nein";"";"";"41";"2";"https://www.wwpipe.at/web-portal/complex-description/0817303"
"Richthausenstraﬂe 3";"1170 Wien, Richthausenstraﬂe Richthausenstraﬂe";"1924";"1925";"";"Theodor Schˆll";"nein";"";"";"46";"1";"https://www.wwpipe.at/web-portal/complex-description/0817305"
"Rˆtzergasse 29-31";"1170 Wien, Rˆtzergasse Rˆtzergasse";"1925";"1926";"";"Alfred Schmid";"nein";"";"";"38";"3";"https://www.wwpipe.at/web-portal/complex-description/0817306"
"Dornbacher Straﬂe 84a";"1170 Wien, Dornbacher Straﬂe Dornbacher Straﬂe";"1928";"1929";"";"Walther Raschka";"nein";"";"";"21";"4";"https://www.wwpipe.at/web-portal/complex-description/0817308"
"Wattgasse 88";"1170 Wien, Wattgasse Wattgasse";"1928";"1929";"";"Karl Schˆn, Wilhelm Schˆn";"nein";"";"";"64";"5";"https://www.wwpipe.at/web-portal/complex-description/0817309"
"Wattgasse 96-98";"1170 Wien, Wattgasse Wattgasse";"1929";"1930";"";"Alfred Teller, Emmerich Spielmann";"ja";"";"";"259";"15";"https://www.wwpipe.at/web-portal/complex-description/0817311"
"Weidmanngasse 14";"1170 Wien, Weidmanngasse Weidmanngasse";"1937";"1937";"";"Konstantin Peller, Karl Julius Stoik";"ja";"";"";"18";"0";"https://www.wwpipe.at/web-portal/complex-description/0817313"
"Taubergasse 1-3";"1170 Wien, Taubergasse Taubergasse";"1937";"1938";"";"Konstantin Peller";"ja";"";"";"73";"7";"https://www.wwpipe.at/web-portal/complex-description/0817314"
"Christine-Nˆstlinger-Hof";"1170 Wien, Rosensteingasse Rosensteingasse";"1949";"1950";"";"Erwin Bˆck, Gustav Hoppe";"ja";"";"";"264";"14";"https://www.wwpipe.at/web-portal/complex-description/0817315"
"Pretschgogasse 16";"1170 Wien, Pretschgogasse Pretschgogasse";"1950";"1951";"";"Matth‰us Jiszda II.";"nein";"";"";"46";"2";"https://www.wwpipe.at/web-portal/complex-description/0817316"
"Pezzlgasse 71-81";"1170 Wien, Pezzlgasse Pezzlgasse";"1961";"1962";"";"Franz Schuster";"ja";"";"";"71";"1";"https://www.wwpipe.at/web-portal/complex-description/0517317"
"Neuwaldegger Straﬂe 19-21";"1170 Wien, Neuwaldegger Straﬂe Neuwaldegger Straﬂe";"1952";"1953";"";"Wilhelm Hubatsch";"ja";"";"";"48";"3";"https://www.wwpipe.at/web-portal/complex-description/0817318"
"Kastnergasse 28-30";"1170 Wien, Kastnergasse Kastnergasse";"1955";"1956";"";"Carl Rˆssler";"ja";"";"";"37";"1";"https://www.wwpipe.at/web-portal/complex-description/0817319"
"D¸rauergasse 9-13";"1170 Wien, D¸rauergasse D¸rauergasse";"1952";"1953";"";"Heinrich Reitst‰tter, Karl Peroutka, Franz Weiss";"ja";"";"";"175";"4";"https://www.wwpipe.at/web-portal/complex-description/0817320"
"Vollbadgasse 5";"1170 Wien, Vollbadgasse Vollbadgasse";"1953";"1957";"";"Fritz Judtmann, Anton Steflicek";"ja";"";"";"184";"15";"https://www.wwpipe.at/web-portal/complex-description/0817322"
"Hernalser Hauptstraﬂe 100";"1170 Wien, Hernalser Hauptstraﬂe Hernalser Hauptstraﬂe";"1966";"1967";"";"Josef Krawina";"ja";"";"";"47";"7";"https://www.wwpipe.at/web-portal/complex-description/0617323"
"Ortliebgasse 35-37";"1170 Wien, Ortliebgasse Ortliebgasse";"1953";"1954";"";"Johann (Hans) Stˆhr, Ludwig Schmid, Wilhelm Glattes";"nein";"";"";"55";"5";"https://www.wwpipe.at/web-portal/complex-description/0817324"
"Promenadegasse 19";"1170 Wien, Promenadegasse Promenadegasse";"1953";"1954";"";"Bruno Tinhofer, Karl Kaill";"ja";"";"";"95";"4";"https://www.wwpipe.at/web-portal/complex-description/0817325"
"Jˆrgerstraﬂe 38";"1170 Wien, Jˆrgerstraﬂe Jˆrgerstraﬂe";"1954";"1955";"";"Felix Hasenˆhrl";"ja";"";"";"25";"3";"https://www.wwpipe.at/web-portal/complex-description/0817326"
"Gschwandnergasse 53-57";"1170 Wien, Gschwandnergasse Gschwandnergasse";"1955";"1957";"";"Lionore Regnier-Perin, Friedrich Hintermayr";"ja";"";"";"58";"6";"https://www.wwpipe.at/web-portal/complex-description/0817328"
"Zeillergasse 39-43";"1170 Wien, Zeillergasse Zeillergasse";"1957";"1958";"";"Robert Ulrich, Norbert Mandl";"ja";"";"";"97";"9";"https://www.wwpipe.at/web-portal/complex-description/0817332"
"Alszeile 118";"1170 Wien, Alszeile Alszeile";"1962";"1964";"";"Richard Pfob, Herbert M¸ller-Hartburg, Karl Hosmann";"ja";"";"";"122";"16";"https://www.wwpipe.at/web-portal/complex-description/0617333"
"Vollbadgasse 1";"1170 Wien, Vollbadgasse Vollbadgasse";"1962";"1964";"";"Alois Brunner";"nein";"";"";"18";"0";"https://www.wwpipe.at/web-portal/complex-description/0617334"
"Weiﬂgasse 15";"1170 Wien, Weiﬂgasse Weiﬂgasse";"1967";"1967";"";"Erwin Bˆck";"nein";"";"";"55";"4";"https://www.wwpipe.at/web-portal/complex-description/0417335"
"Comeniusgasse 2";"1170 Wien, Comeniusgasse Comeniusgasse";"1963";"1965";"";"Manfred Wild, Erich Bauer, Franz Andel";"nein";"";"";"112";"6";"https://www.wwpipe.at/web-portal/complex-description/0517336"
"Sautergasse 40-42";"1170 Wien, Sautergasse Sautergasse";"1964";"1965";"";"G¸nter Krisch";"nein";"";"";"53";"4";"https://www.wwpipe.at/web-portal/complex-description/0617337"
"Neuwaldegger Straﬂe 3";"1170 Wien, Neuwaldegger Straﬂe Neuwaldegger Straﬂe";"1966";"1967";"";"Wilhelm Sch¸tte";"ja";"";"";"27";"4";"https://www.wwpipe.at/web-portal/complex-description/0617338"
"Taubergasse 5-7";"1170 Wien, Taubergasse Taubergasse";"1971";"1974";"";"Anton Brenner jun.";"nein";"";"";"48";"2";"https://www.wwpipe.at/web-portal/complex-description/0417339"
"Leopold-Ernst-Gasse 22";"1170 Wien, Leopold-Ernst-Gasse Leopold-Ernst-Gasse";"1976";"1978";"";"GESIBA Gemeinn¸tzige Siedlungs- und Bauaktiengesellschaft";"ja";"";"";"28";"1";"https://www.wwpipe.at/web-portal/complex-description/1217340"
"Weidmanngasse 28";"1170 Wien, Weidmanngasse Weidmanngasse";"1979";"1980";"";"GESIBA Gemeinn¸tzige Siedlungs- und Bauaktiengesellschaft";"ja";"";"";"17";"2";"https://www.wwpipe.at/web-portal/complex-description/1517342"
"Horneckgasse 16";"1170 Wien, Horneckgasse Horneckgasse";"1977";"1979";"";"Georg Bachmayr-Heyda";"nein";"";"";"10";"0";"https://www.wwpipe.at/web-portal/complex-description/1517343"
"Rosensteingasse 63";"1170 Wien, Rosensteingasse Rosensteingasse";"1978";"1980";"";"G¸nther Kaufmann";"nein";"";"";"11";"0";"https://www.wwpipe.at/web-portal/complex-description/1517344"
"Dornbacher Straﬂe 119";"1170 Wien, Dornbacher Straﬂe Dornbacher Straﬂe";"1981";"1982";"";"Berthold Gabriel";"nein";"";"";"20";"0";"https://www.wwpipe.at/web-portal/complex-description/1617345"
"Sautergasse 44";"1170 Wien, Sautergasse Sautergasse";"1979";"1982";"";"Dieter Scheimpflug";"nein";"";"";"12";"0";"https://www.wwpipe.at/web-portal/complex-description/1617346"
"Ortliebgasse 1-3";"1170 Wien, Ortliebgasse Ortliebgasse";"1980";"1982";"";"Rudolf Weichinger";"nein";"";"";"43";"7";"https://www.wwpipe.at/web-portal/complex-description/1617347"
"Rosensteingasse 47-49";"1170 Wien, Rosensteingasse Rosensteingasse";"1980";"1982";"";"Kurt Walder";"nein";"";"";"37";"1";"https://www.wwpipe.at/web-portal/complex-description/1617348"
"Weidmanngasse 33";"1170 Wien, Weidmanngasse Weidmanngasse";"1981";"1983";"";"Wilhelm Twerdy";"ja";"";"";"20";"2";"https://www.wwpipe.at/web-portal/complex-description/1617349"
"Leopold-Ernst-Gasse 20";"1170 Wien, Leopold-Ernst-Gasse Leopold-Ernst-Gasse";"1983";"1984";"";"GESIBA Gemeinn¸tzige Siedlungs- und Bauaktiengesellschaft";"nein";"";"";"15";"1";"https://www.wwpipe.at/web-portal/complex-description/0317363"
"Rosensteingasse 61";"1170 Wien, Rosensteingasse Rosensteingasse";"1983";"1984";"";"G¸nther Kaufmann";"nein";"";"";"11";"1";"https://www.wwpipe.at/web-portal/complex-description/1717352"
"Elterleinplatz 9-12";"1170 Wien, Elterleinplatz Elterleinplatz";"1984";"1986";"";"Harry Gl¸ck, Erwin Christoph, Tadeusz Spychala, Werner Hˆfer";"ja";"";"";"111";"10";"https://www.wwpipe.at/web-portal/complex-description/1717354"
"Weidmanngasse 34";"1170 Wien, Weidmanngasse Weidmanngasse";"1984";"1985";"";"Manfred Kobel";"nein";"";"";"25";"0";"https://www.wwpipe.at/web-portal/complex-description/1717355"
"Hernalser Hauptstraﬂe 69";"1170 Wien, Hernalser Hauptstraﬂe Hernalser Hauptstraﬂe";"1988";"1988";"";"Johann Ausch, Peter Leibetseder";"nein";"";"";"79";"3";"https://www.wwpipe.at/web-portal/complex-description/1917356"
"Taubergasse 19";"1170 Wien, Taubergasse Taubergasse";"1986";"1988";"";"Josef Wagner, Alfred N¸rnberger";"nein";"";"";"50";"1";"https://www.wwpipe.at/web-portal/complex-description/1917358"
"Rˆtzergasse 17";"1170 Wien, Rˆtzergasse Rˆtzergasse";"1984";"1986";"";"Erwin Christoph, Harry Gl¸ck, Werner Hˆfer, Tadeusz Spychala";"ja";"";"";"77";"5";"https://www.wwpipe.at/web-portal/complex-description/1917359"
"Beheimgasse 59";"1170 Wien, Beheimgasse Beheimgasse";"1989";"1990";"";"Fritz Gerhard Mayr, Rolf Simlinger";"nein";"";"";"19";"1";"https://www.wwpipe.at/web-portal/complex-description/1917361"
"Kalvarienberggasse 31";"1170 Wien, Kalvarienberggasse Kalvarienberggasse";"1984";"1986";"";"Werner Hˆfer, Erwin Christoph, Tadeusz Spychala, Harry Gl¸ck";"ja";"";"";"0";"1";"https://www.wwpipe.at/web-portal/complex-description/1717401"
"Scheibenbergstraﬂe 71";"1180 Wien, Scheibenbergstraﬂe Scheibenbergstraﬂe";"";"";"1871";"unbekannt unbekannt";"nein";"";"";"1";"5";"https://www.wwpipe.at/web-portal/complex-description/0318003"
"Lacknergasse 96";"1180 Wien, Lacknergasse Lacknergasse";"1923";"1923";"";"Josef Bittner";"nein";"";"";"31";"8";"https://www.wwpipe.at/web-portal/complex-description/0818301"
"Schopenhauerstraﬂe 86";"1180 Wien, Schopenhauerstraﬂe Schopenhauerstraﬂe";"1924";"1925";"";"Hans Pfann";"nein";"";"";"13";"1";"https://www.wwpipe.at/web-portal/complex-description/0818304"
"Weimarer Straﬂe 1";"1180 Wien, Weimarer Straﬂe Weimarer Straﬂe";"1924";"1925";"";"Karl Dirnhuber";"nein";"";"";"23";"3";"https://www.wwpipe.at/web-portal/complex-description/0818305"
"Gentzgasse 45";"1180 Wien, Gentzgasse Gentzgasse";"1926";"1926";"";"Siegmund Katz";"nein";"";"";"27";"4";"https://www.wwpipe.at/web-portal/complex-description/0818307"
"Gentzgasse 79";"1180 Wien, Gentzgasse Gentzgasse";"1926";"1927";"";"Ludwig Schˆne";"ja";"";"";"18";"4";"https://www.wwpipe.at/web-portal/complex-description/0818308"
"Antonigasse 100";"1180 Wien, Antonigasse Antonigasse";"1926";"1927";"";"Erich Franz Leischner";"nein";"";"";"13";"2";"https://www.wwpipe.at/web-portal/complex-description/0818309"
"W‰hringer Straﬂe 188-190";"1180 Wien, W‰hringer Straﬂe W‰hringer Straﬂe";"1926";"1928";"";"Michael Rosenauer";"nein";"";"";"269";"14";"https://www.wwpipe.at/web-portal/complex-description/0818310"
"Mollgasse 3-5";"1180 Wien, Mollgasse Mollgasse";"1928";"1929";"";"Franz Wiesmann";"nein";"";"";"51";"6";"https://www.wwpipe.at/web-portal/complex-description/0818312"
"Hockegasse 9";"1180 Wien, Hockegasse Hockegasse";"1928";"1929";"";"Paul G¸tl";"nein";"";"";"33";"4";"https://www.wwpipe.at/web-portal/complex-description/0818313"
"Weimarer Straﬂe 8-10";"1180 Wien, Weimarer Straﬂe Weimarer Straﬂe";"1928";"1929";"";"Konstantin Peller";"nein";"";"";"66";"4";"https://www.wwpipe.at/web-portal/complex-description/0818314"
"Kˆhlergasse 1-3";"1180 Wien, Kˆhlergasse Kˆhlergasse";"1929";"1930";"";"Paul Fischel, Heinrich Siller";"nein";"";"";"33";"5";"https://www.wwpipe.at/web-portal/complex-description/0818315"
"Rudolf-Sigmund-Hof";"1180 Wien, Gersthofer Straﬂe Gersthofer Straﬂe";"1930";"1931";"";"Karl Schˆn, Wilhelm Schˆn";"ja";"";"";"273";"20";"https://www.wwpipe.at/web-portal/complex-description/0818316"
"W‰hringer Straﬂe 165";"1180 Wien, W‰hringer Straﬂe W‰hringer Straﬂe";"1960";"1960";"";"Ludwig Schmid";"nein";"";"";"9";"3";"https://www.wwpipe.at/web-portal/complex-description/0618317"
"Staudgasse 48-50";"1180 Wien, Staudgasse Staudgasse";"1949";"1950";"";"Julius Bergmann";"nein";"";"";"15";"1";"https://www.wwpipe.at/web-portal/complex-description/0818318"
"Albrecht-Konecny-Hof";"1180 Wien, Schˆffelgasse Schˆffelgasse";"1931";"1932";"";"Franz Wiesmann";"ja";"";"";"64";"6";"https://www.wwpipe.at/web-portal/complex-description/0818319"
"Pˆtzleinsdorfer Straﬂe 100";"1180 Wien, Pˆtzleinsdorfer Straﬂe Pˆtzleinsdorfer Straﬂe";"1961";"1962";"";"Rudolf Eisler";"nein";"";"";"27";"3";"https://www.wwpipe.at/web-portal/complex-description/0618320"
"Gabriele-Proft-Hof";"1180 Wien, Messerschmidtgasse Messerschmidtgasse";"1933";"1934";"";"Wilhelm Peterle";"ja";"";"";"131";"4";"https://www.wwpipe.at/web-portal/complex-description/0818322"
"Teschnergasse 20";"1180 Wien, Teschnergasse Teschnergasse";"1966";"1967";"";"Otmar Brunner";"nein";"";"";"47";"0";"https://www.wwpipe.at/web-portal/complex-description/0618323"
"Simonygasse 2b";"1180 Wien, Simonygasse Simonygasse";"1948";"1950";"";"Josef Horacek, Hanns Kunath, Josef Wurts, Heinrich Vana";"ja";"";"";"125";"15";"https://www.wwpipe.at/web-portal/complex-description/0818324"
"Sternwartestraﬂe 29";"1180 Wien, Sternwartestraﬂe Sternwartestraﬂe";"1949";"1950";"";"Hans Wˆlfl";"nein";"";"";"16";"0";"https://www.wwpipe.at/web-portal/complex-description/0818325"
"Michaelerstraﬂe 30";"1180 Wien, Michaelerstraﬂe Michaelerstraﬂe";"1950";"1951";"";"Friedrich (Fritz) Kastner";"nein";"";"";"34";"3";"https://www.wwpipe.at/web-portal/complex-description/0818326"
"Paulinengasse 13";"1180 Wien, Paulinengasse Paulinengasse";"1950";"1952";"";"Hans Riedl, Wilhelm (Willi) Reichel";"ja";"";"";"27";"6";"https://www.wwpipe.at/web-portal/complex-description/0818327"
"Czartoryskigasse 62-68";"1180 Wien, Czartoryskigasse Czartoryskigasse";"1953";"1954";"";"Franz Gomsi, Karl Adolf Schubert, Robert Kramreiter";"ja";"";"";"186";"5";"https://www.wwpipe.at/web-portal/complex-description/0818329"
"Kreuzgasse 32";"1180 Wien, Kreuzgasse Kreuzgasse";"1969";"1970";"";"Walter Kˆhler";"nein";"";"";"14";"2";"https://www.wwpipe.at/web-portal/complex-description/0418330"
"Plenergasse 12-14";"1180 Wien, Plenergasse Plenergasse";"1954";"1956";"";"Friedrich Rollwagen";"ja";"";"";"42";"3";"https://www.wwpipe.at/web-portal/complex-description/0818331"
"Wielemansgasse 18-22";"1180 Wien, Wielemansgasse Wielemansgasse";"1956";"1958";"";"Karl Musil";"ja";"";"";"65";"6";"https://www.wwpipe.at/web-portal/complex-description/0818335"
"Gymnasiumstraﬂe 38";"1180 Wien, Gymnasiumstraﬂe Gymnasiumstraﬂe";"1973";"1975";"";"Kurt Buchta";"nein";"";"";"27";"4";"https://www.wwpipe.at/web-portal/complex-description/1218337"
"Martinstraﬂe 85";"1180 Wien, Martinstraﬂe Martinstraﬂe";"1982";"1983";"";"Hans Krupitza";"nein";"";"";"16";"0";"https://www.wwpipe.at/web-portal/complex-description/1618339"
"Peter-Jordan-Straﬂe 81";"1180 Wien, Peter-Jordan-Straﬂe Peter-Jordan-Straﬂe";"1978";"1981";"";"Helmut Benesch, Josef Moser, Rudolf Sigmund, Klaus Aggermann, Martha Bolldorf-Reitst‰tter, Anton Holtermann";"nein";"";"";"151";"13";"https://www.wwpipe.at/web-portal/complex-description/1518341"
"Theresiengasse 69-71";"1180 Wien, Theresiengasse Theresiengasse";"1983";"1983";"";"Maria Tˆlzer, Peter Tˆlzer";"ja";"";"";"29";"2";"https://www.wwpipe.at/web-portal/complex-description/1618342"
"Leitermayergasse 52";"1180 Wien, Leitermayergasse Leitermayergasse";"1982";"1982";"";"Edith Lassmann";"nein";"";"";"35";"0";"https://www.wwpipe.at/web-portal/complex-description/1618343"
"Karlweisgasse 41";"1180 Wien, Karlweisgasse Karlweisgasse";"1956";"1958";"";"Erwin Fabrici";"ja";"";"";"53";"6";"https://www.wwpipe.at/web-portal/complex-description/0518348"
"Billrothstraﬂe 77";"1190 Wien, Billrothstraﬂe Billrothstraﬂe";"1954";"1955";"";"Leopold Ledwinka";"ja";"";"";"22";"1";"https://www.wwpipe.at/web-portal/complex-description/0319050"
"Krottenbachstraﬂe 40";"1190 Wien, Krottenbachstraﬂe Krottenbachstraﬂe";"1966";"1970";"";"Alois Brunner";"ja";"";"";"55";"9";"https://www.wwpipe.at/web-portal/complex-description/0319083"
"Krottenbachstraﬂe 37";"1190 Wien, Krottenbachstraﬂe Krottenbachstraﬂe";"1962";"1963";"";"Johann (Hans) Stˆhr";"nein";"";"";"13";"3";"https://www.wwpipe.at/web-portal/complex-description/0319097"
"Ruthgasse 7";"1190 Wien, Ruthgasse Ruthgasse";"1906";"1969";"";"Karl Riess, Kurt Neugebauer, Robert Kapeller";"nein";"";"";"51";"10";"https://www.wwpipe.at/web-portal/complex-description/0319127"
"Schegargasse 17";"1190 Wien, Schegargasse Schegargasse";"1923";"1924";"";"Friedrich J‰ckel";"nein";"";"";"58";"3";"https://www.wwpipe.at/web-portal/complex-description/0819303"
"Dˆblinger G¸rtel 10";"1190 Wien, Dˆblinger G¸rtel Dˆblinger G¸rtel";"1928";"1929";"";"Leo Kammel sen.";"nein";"";"";"33";"2";"https://www.wwpipe.at/web-portal/complex-description/0819309"
"Heiligenst‰dter Straﬂe 146";"1190 Wien, Heiligenst‰dter Straﬂe Heiligenst‰dter Straﬂe";"1928";"1929";"";"Alfred Castelliz";"nein";"";"";"34";"2";"https://www.wwpipe.at/web-portal/complex-description/0819310"
"Budinskygasse 10";"1190 Wien, Budinskygasse Budinskygasse";"1930";"1931";"";"Otto Rudolf Polak-Hellwig";"nein";"";"";"70";"4";"https://www.wwpipe.at/web-portal/complex-description/0819313"
"Neustift am Walde 69-71";"1190 Wien, Neustift am Walde Neustift am Walde";"1930";"1931";"";"Hugo Gorge";"nein";"";"";"23";"1";"https://www.wwpipe.at/web-portal/complex-description/0819314"
"Ella-Briggs-Hof";"1190 Wien, Philippovichgasse Philippovichgasse";"1938";"1940";"";"Johann (Hans) Stˆhr";"ja";"";"";"43";"2";"https://www.wwpipe.at/web-portal/complex-description/0819315"
"Sieveringer Straﬂe 25";"1190 Wien, Sieveringer Straﬂe Sieveringer Straﬂe";"1949";"1950";"";"Karl Schwarz";"nein";"";"";"23";"5";"https://www.wwpipe.at/web-portal/complex-description/0819316"
"Scherpegasse 1a";"1190 Wien, Scherpegasse Scherpegasse";"1957";"1958";"";"Viktor Fenzl";"nein";"";"";"25";"1";"https://www.wwpipe.at/web-portal/complex-description/0819317"
"Heiligenst‰dter Straﬂe 166-168";"1190 Wien, Heiligenst‰dter Straﬂe Heiligenst‰dter Straﬂe";"1950";"1951";"";"Albrecht F. Hrzan, Vinzenz Herrmann";"nein";"";"";"91";"7";"https://www.wwpipe.at/web-portal/complex-description/0819318"
"Krottenbachstraﬂe 183";"1190 Wien, Krottenbachstraﬂe Krottenbachstraﬂe";"1949";"1950";"";"Viktor Fenzl";"nein";"";"";"14";"1";"https://www.wwpipe.at/web-portal/complex-description/0819319"
"Heiligenst‰dter Straﬂe 163";"1190 Wien, Heiligenst‰dter Straﬂe Heiligenst‰dter Straﬂe";"1950";"1951";"";"Hans MuttonÈ, Alexander Kratky, Friedrich (Fritz) Novotny";"ja";"";"";"152";"9";"https://www.wwpipe.at/web-portal/complex-description/0819320"
"Kahlenberger Straﬂe 7-9";"1190 Wien, Kahlenberger Straﬂe Kahlenberger Straﬂe";"1949";"1951";"";"Rudolf Hofbauer, Elisabeth Hofbauer-Lachner";"ja";"";"";"42";"1";"https://www.wwpipe.at/web-portal/complex-description/0819321"
"Grinzinger Straﬂe 123-131";"1190 Wien, Grinzinger Straﬂe Grinzinger Straﬂe";"1951";"1951";"";"Rudolf Kolowrath, Wilhelm Kaiser";"ja";"";"";"58";"1";"https://www.wwpipe.at/web-portal/complex-description/0819322"
"Probusgasse 14-16";"1190 Wien, Probusgasse Probusgasse";"1958";"1960";"";"Eva Poduschka";"ja";"";"";"21";"3";"https://www.wwpipe.at/web-portal/complex-description/0619323"
"Silbergasse 4";"1190 Wien, Silbergasse Silbergasse";"1951";"1952";"";"Josef Hoffmann, Josef Ludwig Kalbac";"ja";"";"";"69";"7";"https://www.wwpipe.at/web-portal/complex-description/0819324"
"Boschstraﬂe 20-22";"1190 Wien, Boschstraﬂe Boschstraﬂe";"1952";"1953";"";"Walter Foral, Walter Prutscher, Kurt Reinhart";"ja";"";"";"166";"4";"https://www.wwpipe.at/web-portal/complex-description/0819325"
"Weinberggasse 17";"1190 Wien, Weinberggasse Weinberggasse";"1952";"1953";"";"Otto Nadel, Alfred Schˆmer, Stephan A. Kraft";"ja";"";"";"231";"9";"https://www.wwpipe.at/web-portal/complex-description/0819326"
"Heiligenst‰dter Straﬂe 165";"1190 Wien, Heiligenst‰dter Straﬂe Heiligenst‰dter Straﬂe";"1952";"1953";"";"Karl Hauschka, Gustav Sch¸ssler";"ja";"";"";"127";"6";"https://www.wwpipe.at/web-portal/complex-description/0819328"
"Krottenbachstraﬂe 90-92";"1190 Wien, Krottenbachstraﬂe Krottenbachstraﬂe";"1953";"1954";"";"Ferdinand Kitt, Rotraut Hommer, Henry Lutz";"ja";"";"";"105";"3";"https://www.wwpipe.at/web-portal/complex-description/0819329"
"Heiligenst‰dter Straﬂe 129";"1190 Wien, Heiligenst‰dter Straﬂe Heiligenst‰dter Straﬂe";"1953";"1954";"";"Josef Hoffmann";"ja";"";"";"47";"1";"https://www.wwpipe.at/web-portal/complex-description/0819331"
"Rudolf-Sarkˆzi-Hof";"1190 Wien, Springsiedelgasse Springsiedelgasse";"1952";"1954";"";"Heinrich Vana, Norbert Schlesinger";"ja";"";"";"181";"5";"https://www.wwpipe.at/web-portal/complex-description/0819332"
"Grinzinger Straﬂe 49";"1190 Wien, Grinzinger Straﬂe Grinzinger Straﬂe";"1953";"1954";"";"Martha Bolldorf-Reitst‰tter";"nein";"";"";"18";"0";"https://www.wwpipe.at/web-portal/complex-description/0819333"
"Flotowgasse 7";"1190 Wien, Flotowgasse Flotowgasse";"1953";"1954";"";"Gottlieb Michal, Otmar Sladek";"ja";"";"";"176";"4";"https://www.wwpipe.at/web-portal/complex-description/0819334"
"Krottenbachstraﬂe 94-96";"1190 Wien, Krottenbachstraﬂe Krottenbachstraﬂe";"1953";"1955";"";"Rotraut Hommer, Henry Lutz, Ferdinand Kitt";"ja";"";"";"89";"2";"https://www.wwpipe.at/web-portal/complex-description/0819335"
"Weimarer Straﬂe 110";"1190 Wien, Weimarer Straﬂe Weimarer Straﬂe";"1954";"1955";"";"Friedrich Punzmann";"ja";"";"";"34";"2";"https://www.wwpipe.at/web-portal/complex-description/0819336"
"Krottenbachstraﬂe 39-41";"1190 Wien, Krottenbachstraﬂe Krottenbachstraﬂe";"1954";"1955";"";"Friedrich Pangratz";"nein";"";"";"38";"0";"https://www.wwpipe.at/web-portal/complex-description/0819337"
"Anton Proksch-Hof";"1190 Wien, Grinzinger Straﬂe Grinzinger Straﬂe";"1954";"1956";"";"Norbert Laad, Johann (Hans) Petermair, Fritz Reichart, Jakob Unterberger, Friedrich (Fritz) Gr¸nberger, Otto Niedermoser, Anton Valentin";"ja";"";"";"394";"26";"https://www.wwpipe.at/web-portal/complex-description/0819338"
"Heiligenst‰dter Straﬂe 141-145";"1190 Wien, Heiligenst‰dter Straﬂe Heiligenst‰dter Straﬂe";"1952";"1958";"";"Maria Tˆlzer, Peter Tˆlzer";"ja";"";"";"283";"20";"https://www.wwpipe.at/web-portal/complex-description/0819339"
"Sieveringer Straﬂe 163";"1190 Wien, Sieveringer Straﬂe Sieveringer Straﬂe";"1955";"1956";"";"Alfred Soulek";"ja";"";"";"24";"2";"https://www.wwpipe.at/web-portal/complex-description/0819340"
"Billrothstraﬂe 61";"1190 Wien, Billrothstraﬂe Billrothstraﬂe";"1956";"1957";"";"Karl Kotal";"nein";"";"";"16";"1";"https://www.wwpipe.at/web-portal/complex-description/0819341"
"Prof. Harry-Glˆckner-Hof";"1190 Wien, Paradisgasse Paradisgasse";"1955";"1957";"";"Hermann Kutschera, Hans Hoppenberger";"ja";"";"";"99";"6";"https://www.wwpipe.at/web-portal/complex-description/0819342"
"Grinzinger Straﬂe 2";"1190 Wien, Grinzinger Straﬂe Grinzinger Straﬂe";"1955";"1957";"";"Hans Steineder";"ja";"";"";"30";"5";"https://www.wwpipe.at/web-portal/complex-description/0819344"
"Mira-Lobe-Hof";"1190 Wien, Boschstraﬂe Boschstraﬂe";"1953";"1956";"";"Lois Holk, Hans Bichler, Friedrich Schlossberg, Josef Ludwig Kalbac, Karl Eckenstorfer";"ja";"";"";"273";"12";"https://www.wwpipe.at/web-portal/complex-description/0519345"
"Hansi-Lang-Hof";"1190 Wien, Hutweidengasse Hutweidengasse";"1956";"1958";"";"Maximilian (Max) Bauer, Karl Hartl, Albrecht F. Hrzan, Oskar Payer";"ja";"";"";"110";"3";"https://www.wwpipe.at/web-portal/complex-description/0819346"
"Richard-Stockinger-Hof";"1190 Wien, Cottagegasse Cottagegasse";"1958";"1959";"";"Heinrich Schmid";"ja";"";"";"56";"1";"https://www.wwpipe.at/web-portal/complex-description/0519349"
"Krottenbachstraﬂe 69-73";"1190 Wien, Krottenbachstraﬂe Krottenbachstraﬂe";"1957";"1959";"";"Ferdinand Riedl";"ja";"";"";"47";"9";"https://www.wwpipe.at/web-portal/complex-description/0819350"
"Krottenbachstraﬂe 42-46";"1190 Wien, Krottenbachstraﬂe Krottenbachstraﬂe";"1956";"1958";"";"Albrecht F. Hrzan, Oskar Payer, Maximilian (Max) Bauer, Franz Hoffmann, Karl Hartl";"ja";"";"";"99";"9";"https://www.wwpipe.at/web-portal/complex-description/0819351"
"Hameaustraﬂe 2-4";"1190 Wien, Hameaustraﬂe Hameaustraﬂe";"1958";"1960";"";"Hans H¸lle";"ja";"";"";"71";"2";"https://www.wwpipe.at/web-portal/complex-description/0619353"
"Sickenberggasse 11a";"1190 Wien, Sickenberggasse Sickenberggasse";"1958";"1960";"";"Henry Lutz";"ja";"";"";"34";"2";"https://www.wwpipe.at/web-portal/complex-description/0619354"
"Daringergasse 10";"1190 Wien, Daringergasse Daringergasse";"1958";"1959";"";"Josef (Sepp) Schuster";"ja";"";"";"24";"1";"https://www.wwpipe.at/web-portal/complex-description/0819359"
"Greinergasse 3";"1190 Wien, Greinergasse Greinergasse";"1959";"1961";"";"Hans Steineder";"nein";"";"";"26";"1";"https://www.wwpipe.at/web-portal/complex-description/0519360"
"Grinzinger Allee 19";"1190 Wien, Paradisgasse Paradisgasse";"1960";"1961";"";"Georg Lippert";"nein";"";"";"38";"6";"https://www.wwpipe.at/web-portal/complex-description/0519361"
"Heiligenst‰dter Straﬂe 167-171";"1190 Wien, Heiligenst‰dter Straﬂe Heiligenst‰dter Straﬂe";"1960";"1962";"";"Jaro K. Merinsky";"nein";"";"";"40";"7";"https://www.wwpipe.at/web-portal/complex-description/0619363"
"Gˆrgengasse 9-11";"1190 Wien, Gˆrgengasse Gˆrgengasse";"1961";"1962";"";"Herbert Thurner, Sepp Stein, Monika Stein, Friedrich Euler";"ja";"";"";"241";"9";"https://www.wwpipe.at/web-portal/complex-description/0619365"
"Sickenberggasse 1-5";"1190 Wien, Sickenberggasse Sickenberggasse";"1961";"1963";"";"Franz Peydl";"ja";"";"";"35";"6";"https://www.wwpipe.at/web-portal/complex-description/0619366"
"Sieveringer Straﬂe 102";"1190 Wien, Sieveringer Straﬂe Sieveringer Straﬂe";"1961";"1962";"";"Oskar Payer";"nein";"";"";"15";"2";"https://www.wwpipe.at/web-portal/complex-description/0619367"
"An den langen L¸ssen 17-27";"1190 Wien, An den langen L¸ssen An den langen L¸ssen";"1961";"1963";"";"Theo(dor) Trojan, Werner John";"ja";"";"";"6";"3";"https://www.wwpipe.at/web-portal/complex-description/0519368"
"Heiligenst‰dter Straﬂe 152";"1190 Wien, Heiligenst‰dter Straﬂe Heiligenst‰dter Straﬂe";"1961";"1962";"";"Jaro K. Merinsky";"nein";"";"";"18";"3";"https://www.wwpipe.at/web-portal/complex-description/0619369"
"Gˆrgengasse 26";"1190 Wien, Gˆrgengasse Gˆrgengasse";"1963";"1964";"";"Herbert Schmid, Libuse Partyka";"ja";"";"";"195";"20";"https://www.wwpipe.at/web-portal/complex-description/0619371"
"Kaasgrabengasse 3a";"1190 Wien, Kaasgrabengasse Kaasgrabengasse";"1963";"1964";"";"Friedrich Pangratz";"nein";"";"";"35";"1";"https://www.wwpipe.at/web-portal/complex-description/0519372"
"Bˆrnergasse 15";"1190 Wien, Bˆrnergasse Bˆrnergasse";"1963";"1964";"";"Anton (Toni) Lenhardt";"ja";"";"";"72";"7";"https://www.wwpipe.at/web-portal/complex-description/0619373"
"Krottenbachstraﬂe 104";"1190 Wien, Krottenbachstraﬂe Krottenbachstraﬂe";"1966";"1967";"";"(Franz) Hubert Matuschek, Oskar Trubel, Ernst Berg, Josef Wˆhnhart, Wenko Bossew";"nein";"";"";"97";"1";"https://www.wwpipe.at/web-portal/complex-description/0419374"
"Krottenbachstraﬂe 110";"1190 Wien, Krottenbachstraﬂe Krottenbachstraﬂe";"1966";"1967";"";"Wenko Bossew, Josef Wˆhnhart, (Franz) Hubert Matuschek, Ernst Berg";"ja";"";"";"200";"6";"https://www.wwpipe.at/web-portal/complex-description/0419375"
"Krottenbachstraﬂe 106";"1190 Wien, Krottenbachstraﬂe Krottenbachstraﬂe";"1965";"1966";"";"Otto Ceska, Gustav Michenthaler, Harald Bauer, Franz Wafler sen., Anton Wiltschnig, Karl Vodak sen., Robert Gerlach";"ja";"";"";"293";"21";"https://www.wwpipe.at/web-portal/complex-description/0619376"
"Kratzlgasse 3";"1190 Wien, Kratzlgasse Kratzlgasse";"1966";"1968";"";"Walter Muchar";"nein";"";"";"95";"0";"https://www.wwpipe.at/web-portal/complex-description/0419377"
"Bˆrnergasse 3";"1190 Wien, Bˆrnergasse Bˆrnergasse";"1966";"1968";"";"Franz Hoffmann";"ja";"";"";"168";"18";"https://www.wwpipe.at/web-portal/complex-description/0419378"
"Budinskygasse 25-29";"1190 Wien, Budinskygasse Budinskygasse";"1967";"1968";"";"Edith Lassmann";"ja";"";"";"36";"2";"https://www.wwpipe.at/web-portal/complex-description/0419380"
"Gˆrgengasse 8";"1190 Wien, Gˆrgengasse Gˆrgengasse";"1969";"1970";"";"G¸nter Krisch";"nein";"";"";"39";"0";"https://www.wwpipe.at/web-portal/complex-description/0019382"
"Eichelhofstraﬂe 2";"1190 Wien, Eichelhofstraﬂe Eichelhofstraﬂe";"1969";"1971";"";"Franz Marx";"ja";"";"";"47";"0";"https://www.wwpipe.at/web-portal/complex-description/0019383"
"Krottenbachstraﬂe 122";"1190 Wien, Krottenbachstraﬂe Krottenbachstraﬂe";"1969";"1972";"";"Rosl Maria Musel, Gottfried Fickl, Ernst W. Irsigler";"nein";"";"";"232";"2";"https://www.wwpipe.at/web-portal/complex-description/0419384"
"Heiligenst‰dter Straﬂe 327-331";"1190 Wien, Heiligenst‰dter Straﬂe Heiligenst‰dter Straﬂe";"1977";"1979";"";"Manfred Wehdorn, Gerhard Molzbichler";"ja";"";"";"21";"2";"https://www.wwpipe.at/web-portal/complex-description/1519386"
"Hutweidengasse 64";"1190 Wien, Hutweidengasse Hutweidengasse";"1977";"1979";"";"Roland Wagner";"ja";"";"";"51";"1";"https://www.wwpipe.at/web-portal/complex-description/1519387"
"Hardtgasse 14";"1190 Wien, Hardtgasse Hardtgasse";"1979";"1981";"";"Herta Jerzabek";"nein";"";"";"20";"0";"https://www.wwpipe.at/web-portal/complex-description/1519388"
"Gerda-Lerner-Hof";"1190 Wien, Pyrkergasse Pyrkergasse";"1981";"1983";"";"Robert Kanfer";"nein";"";"";"18";"1";"https://www.wwpipe.at/web-portal/complex-description/1619389"
"Greinergasse 20";"1190 Wien, Greinergasse Greinergasse";"1983";"1984";"";"Wilhelm (Willi) Gehrke";"nein";"";"";"15";"1";"https://www.wwpipe.at/web-portal/complex-description/1719391"
"Hardtgasse 10-12";"1190 Wien, Hardtgasse Hardtgasse";"1985";"1986";"";"Herta Jerzabek";"nein";"";"";"31";"1";"https://www.wwpipe.at/web-portal/complex-description/1719393"
"Arbesbachgasse 20";"1190 Wien, Arbesbachgasse Arbesbachgasse";"1987";"1988";"";"Peter P·zm·ndy";"nein";"";"";"34";"0";"https://www.wwpipe.at/web-portal/complex-description/1919395"
"Arbesbachgasse 14-16";"1190 Wien, Arbesbachgasse Arbesbachgasse";"1987";"1988";"";"Peter P·zm·ndy";"nein";"";"";"21";"0";"https://www.wwpipe.at/web-portal/complex-description/1919396"
"Gatterburggasse 2c";"1190 Wien, Gatterburggasse Gatterburggasse";"1988";"1989";"";"Anton Schweighofer";"nein";"";"";"19";"0";"https://www.wwpipe.at/web-portal/complex-description/1919397"
"Obkirchergasse 12-14";"1190 Wien, Obkirchergasse Obkirchergasse";"1990";"1992";"";"Wiener Stadtbauamt, MA24, Gregor Pribek";"nein";"";"";"9";"0";"https://www.wwpipe.at/web-portal/complex-description/2119398"
"Burghardtgasse 30";"1200 Wien, Burghardtgasse Burghardtgasse";"1983";"1985";"";"Anton Dolenz";"nein";"";"";"18";"0";"https://www.wwpipe.at/web-portal/complex-description/0320011"
"Manfred-Ackermann-Hof";"1200 Wien, Brigittaplatz Brigittaplatz";"1928";"1930";"";"Karl Badstieber";"nein";"";"";"20";"1";"https://www.wwpipe.at/web-portal/complex-description/0820310"
"Friedrich-Engels-Platz 1";"1200 Wien, Friedrich-Engels Platz Friedrich-Engels Platz";"1930";"1933";"";"Rudolf Perco";"ja";"";"";"150";"11";"https://www.wwpipe.at/web-portal/complex-description/0820314"
"Vorgartenstraﬂe 93";"1200 Wien, Vorgartenstraﬂe Vorgartenstraﬂe";"1957";"1958";"";"Tibor Takacs";"nein";"";"";"19";"2";"https://www.wwpipe.at/web-portal/complex-description/0820317"
"Brigittenauer L‰nde 138-142";"1200 Wien, Brigittenauer L‰nde Brigittenauer L‰nde";"1931";"1932";"";"Max Hegele";"nein";"";"";"54";"1";"https://www.wwpipe.at/web-portal/complex-description/0820319"
"Pappenheimgasse 29";"1200 Wien, Pappenheimgasse Pappenheimgasse";"1965";"1967";"";"Franz Wosatka, Friedrich Rollwagen, Richard Jicha";"nein";"";"";"126";"5";"https://www.wwpipe.at/web-portal/complex-description/0620320"
"Brigittenauer L‰nde 170-172";"1200 Wien, Brigittenauer L‰nde Brigittenauer L‰nde";"1967";"1968";"";"Helmut Leierer, Erwin Christoph, Otto Erhartt, Otto Artner, Johann (Hans) Petermair";"ja";"";"";"314";"1";"https://www.wwpipe.at/web-portal/complex-description/0420321"
"Leystraﬂe 19-21";"1200 Wien, Leystraﬂe Leystraﬂe";"1930";"1931";"";"Rudolf Perco";"nein";"";"";"375";"3";"https://www.wwpipe.at/web-portal/complex-description/0820324"
"Wehlistraﬂe 32-38";"1200 Wien, Wehlistraﬂe Wehlistraﬂe";"1914";"1915";"";"Leopold Simony";"ja";"";"";"117";"6";"https://www.wwpipe.at/web-portal/complex-description/0820326"
"Friedrich-Engels-Platz 17";"1200 Wien, Friedrich-Engels-Platz Friedrich-Engels-Platz";"1949";"1951";"";"Anton Siegl, Joseph Zimmel";"ja";"";"";"111";"4";"https://www.wwpipe.at/web-portal/complex-description/0820327"
"Wehlistraﬂe 40";"1200 Wien, Wehlistraﬂe Wehlistraﬂe";"1949";"1950";"";"Alfred Chalusch";"nein";"";"";"27";"1";"https://www.wwpipe.at/web-portal/complex-description/0820328"
"Kapaunplatz 4-6";"1200 Wien, Kapaunplatz Kapaunplatz";"1950";"1953";"";"Walter Muchar, Friedrich Schlossberg, Alfred Dreier";"nein";"";"";"285";"4";"https://www.wwpipe.at/web-portal/complex-description/0820329"
"Kapaunplatz 7";"1200 Wien, Kapaunplatz Kapaunplatz";"1950";"1953";"";"Victor Mittag, Anton Dolenz, Karl Adolf Schubert, Anton Schmid";"ja";"";"";"819";"5";"https://www.wwpipe.at/web-portal/complex-description/0820330"
"Treustraﬂe 62";"1200 Wien, Treustraﬂe Treustraﬂe";"1950";"1951";"";"Alois Plessinger";"nein";"";"";"19";"2";"https://www.wwpipe.at/web-portal/complex-description/0820331"
"Vorgartenstraﬂe 83-85";"1200 Wien, Vorgartenstraﬂe Vorgartenstraﬂe";"1951";"1952";"";"Ulrike Manhardt, Valerie Wild";"nein";"";"";"70";"4";"https://www.wwpipe.at/web-portal/complex-description/0820333"
"Leystraﬂe 119";"1200 Wien, Leystraﬂe Leystraﬂe";"1952";"1954";"";"Anny Beranek";"ja";"";"";"51";"1";"https://www.wwpipe.at/web-portal/complex-description/0820334"
"Engerthstraﬂe 82";"1200 Wien, Engerthstraﬂe Engerthstraﬂe";"1954";"1956";"";"Rolf Thomas Lauterbach, Max Brandhuber, Leopoldine Schwarzinger, Kurt Buchta";"ja";"";"";"221";"8";"https://www.wwpipe.at/web-portal/complex-description/0820336"
"Kluckygasse 11-13";"1200 Wien, Kluckygasse Kluckygasse";"1955";"1956";"";"Heinrich Schmid jun.";"ja";"";"";"31";"1";"https://www.wwpipe.at/web-portal/complex-description/0820337"
"Adalbert-Stifter-Straﬂe 23-31";"1200 Wien, Adalbert-Stifter-Straﬂe Adalbert-Stifter-Straﬂe";"1955";"1957";"";"Rudolf Sorgo, Otmar Brunner, Helmut Schinzel, Slawa Coen-Walewa, Hilde Filas, Franz Klimscha, Friedrich Radocsay";"ja";"";"";"402";"17";"https://www.wwpipe.at/web-portal/complex-description/0820338"
"Treustraﬂe 61-69";"1200 Wien, Treustraﬂe Treustraﬂe";"1956";"1958";"";"Anton Siegl, Karl H. Brunner, Fritz Sammer, Leo Nikolaus Bolldorf";"nein";"";"";"272";"6";"https://www.wwpipe.at/web-portal/complex-description/0820339"
"Engerthstraﬂe 132";"1200 Wien, Engerthstraﬂe Engerthstraﬂe";"1956";"1958";"";"Erwin Fabrici";"nein";"";"";"20";"0";"https://www.wwpipe.at/web-portal/complex-description/0820340"
"Griegstraﬂe 1-3";"1200 Wien, Griegstraﬂe Griegstraﬂe";"1957";"1959";"";"Stefan Karabiberoff, Jakob Zachar, Anton Ceplecha, Alois Brunner";"ja";"";"";"219";"5";"https://www.wwpipe.at/web-portal/complex-description/0820341"
"Wallensteinstraﬂe 68-72";"1200 Wien, Wallensteinstraﬂe Wallensteinstraﬂe";"1957";"1959";"";"Erwin Weissenbˆck, Josef Wenz, Joseph Zimmel";"ja";"";"";"174";"15";"https://www.wwpipe.at/web-portal/complex-description/0820342"
"Erna-Musik-Hof";"1200 Wien, Klosterneuburger Straﬂe Klosterneuburger Straﬂe";"1959";"1962";"";"Alfons Binder, Viktor Fenzl, Joseph Zimmel, Walter H¸bner, Ferdinand Kitt, Otmar Patak";"ja";"";"";"196";"7";"https://www.wwpipe.at/web-portal/complex-description/0620345"
"Johann Bˆhm Wohnhausanlage";"1200 Wien, Brigittaplatz Brigittaplatz";"1960";"1961";"";"Matthias Lukas Lang, Otto Hofmann, Walter ProchÈ, Fritz Waage, Rudolf Kowarz, Wilhelm Kroupa, Heinz Surbˆck";"ja";"";"";"437";"7";"https://www.wwpipe.at/web-portal/complex-description/0420346"
"Burghardtgasse 32-38";"1200 Wien, Burghardtgasse Burghardtgasse";"1960";"1961";"";"Wilhelm Foltin, Johann (Hanns) Hack, Peter Foltin";"nein";"";"";"75";"1";"https://www.wwpipe.at/web-portal/complex-description/0620348"
"Josef-Baldermann-Hof";"1200 Wien, Pasettistraﬂe Pasettistraﬂe";"1960";"1962";"";"Rudolf Grigkar, Josef (Jaroslav) Bayer, Richard Jicha";"ja";"";"";"172";"2";"https://www.wwpipe.at/web-portal/complex-description/0620350"
"Leystraﬂe 38";"1200 Wien, Leystraﬂe Leystraﬂe";"1960";"1962";"";"Josef (Jaroslav) Bayer, Richard Jicha, Rudolf Grigkar";"ja";"";"";"17";"0";"https://www.wwpipe.at/web-portal/complex-description/0620351"
"Dresdner Straﬂe 48-54";"1200 Wien, Dresdner Straﬂe Dresdner Straﬂe";"1960";"1963";"";"Otto Erhartt, Johann Schobermayr";"ja";"";"";"155";"9";"https://www.wwpipe.at/web-portal/complex-description/0620352"
"B‰uerlegasse 31";"1200 Wien, B‰uerlegasse B‰uerlegasse";"1963";"1965";"";"Alfons Binder";"nein";"";"";"61";"2";"https://www.wwpipe.at/web-portal/complex-description/0620353"
"J‰gerstraﬂe 89-95";"1200 Wien, J‰gerstraﬂe J‰gerstraﬂe";"1964";"1966";"";"Norbert Ullreich, Max R. Gosch, Othmar Augustin, Johannes (Hans) Hohenegger, Siegfried Mˆrth, Heinz Scheide, Rudolf Jarosch, Werner Schrˆfl, Liselotte Zauner";"ja";"";"";"542";"7";"https://www.wwpipe.at/web-portal/complex-description/0420354"
"Winarskystraﬂe 1-3";"1200 Wien, Winarskystraﬂe Winarskystraﬂe";"1964";"1966";"";"Eberhart Hochenegger";"nein";"";"";"48";"2";"https://www.wwpipe.at/web-portal/complex-description/0620355"
"Friedrich-Engels-Platz 21";"1200 Wien, Friedrich-Engels-Platz Friedrich-Engels-Platz";"1968";"1970";"";"Georg Russwurm, Fritz Z¸gner, Friedrich (Fritz) Gr¸nberger";"ja";"";"";"154";"13";"https://www.wwpipe.at/web-portal/complex-description/0420357"
"Marchfeldstraﬂe 16-18";"1200 Wien, Marchfeldstraﬂe Marchfeldstraﬂe";"1971";"1974";"";"Erwin Christoph, Matth‰us Jiszda II.";"ja";"";"";"173";"11";"https://www.wwpipe.at/web-portal/complex-description/0020358"
"Brigittenauer L‰nde 48";"1200 Wien, Brigittenauer L‰nde Brigittenauer L‰nde";"1974";"1976";"";"Johann Ausch";"ja";"";"";"59";"0";"https://www.wwpipe.at/web-portal/complex-description/1220359"
"Vorgartenstraﬂe 31-35";"1200 Wien, Vorgartenstraﬂe Vorgartenstraﬂe";"1983";"1985";"";"Walter ProchÈ, Kurt Stˆgerer";"nein";"";"";"116";"1";"https://www.wwpipe.at/web-portal/complex-description/1720361"
"Burghardtgasse 22";"1200 Wien, Burghardtgasse Burghardtgasse";"1983";"1985";"";"Wilfried Fragner";"nein";"";"";"18";"0";"https://www.wwpipe.at/web-portal/complex-description/1720362"
"Hartlgasse 28-30";"1200 Wien, Hartlgasse Hartlgasse";"1987";"1989";"";"Wilhelm Holzbauer, Heinz Hilmer, Christoph Sattler, Harry Gl¸ck";"ja";"";"";"160";"1";"https://www.wwpipe.at/web-portal/complex-description/1920365"
"Pappenheimgasse 10-16";"1200 Wien, Pappenheimgasse Pappenheimgasse";"1991";"1993";"";"Michael A. Hein, Otto H‰uselmayer";"nein";"";"";"137";"4";"https://www.wwpipe.at/web-portal/complex-description/2120367"
"Treustraﬂe 58-60";"1200 Wien, Treustraﬂe Treustraﬂe";"1991";"1992";"";"Josef Krawina";"nein";"";"";"58";"1";"https://www.wwpipe.at/web-portal/complex-description/2120368"
"Hartlgasse 40";"1200 Wien, Hartlgasse Hartlgasse";"1992";"1994";"";"Robert Labi";"nein";"";"";"13";"1";"https://www.wwpipe.at/web-portal/complex-description/2120369"
"Hellwagstraﬂe 16a";"1200 Wien, Hellwagstraﬂe Hellwagstraﬂe";"1993";"1995";"";"Gerhard Moﬂburger, Christa Partsch, Otto Kucera, Helmut Partsch";"nein";"";"";"27";"2";"https://www.wwpipe.at/web-portal/complex-description/2320370"
"Mengergasse 66-70";"1210 Wien, Mengergasse Mengergasse";"1962";"1963";"";"Roland Wagner, Raoul Lavaulx";"nein";"";"";"90";"0";"https://www.wwpipe.at/web-portal/complex-description/0321025"
"Leopoldauer Straﬂe 79-81";"1210 Wien, Leopoldauer Straﬂe Leopoldauer Straﬂe";"1900";"1907";"";"Leopold Simony, Theodor Karl Bach";"nein";"";"";"121";"18";"https://www.wwpipe.at/web-portal/complex-description/0321032"
"Schloﬂhofer Straﬂe 42";"1210 Wien, Schloﬂhofer Straﬂe Schloﬂhofer Straﬂe";"1955";"1956";"";"Eduard Berger";"nein";"";"";"17";"0";"https://www.wwpipe.at/web-portal/complex-description/0321072"
"Pregartengasse 6-8";"1210 Wien, Pregartengasse Pregartengasse";"1957";"1958";"";"Rudolf Grigkar";"nein";"";"";"28";"0";"https://www.wwpipe.at/web-portal/complex-description/0321084"
"Kirchhoffgasse 6";"1210 Wien, Kirchhoffgasse Kirchhoffgasse";"1962";"1962";"";"Alfred Viktor Pal";"nein";"";"";"11";"0";"https://www.wwpipe.at/web-portal/complex-description/0321096"
"Kirchhoffgasse 3";"1210 Wien, Kirchhoffgasse Kirchhoffgasse";"1961";"1961";"";"Alfred Viktor Pal";"nein";"";"";"12";"1";"https://www.wwpipe.at/web-portal/complex-description/0321099"
"Br¸nner Straﬂe 130-134";"1210 Wien, Br¸nner Straﬂe Br¸nner Straﬂe";"1924";"1925";"";"Konstantin Peller, Adolf Stˆckl, Karl Julius Stoik";"nein";"";"";"106";"22";"https://www.wwpipe.at/web-portal/complex-description/0821301"
"Justgasse 9-27";"1210 Wien, Justgasse Justgasse";"1923";"1924";"";"Karl Julius Stoik, Adolf Stˆckl, Konstantin Peller";"ja";"";"";"112";"13";"https://www.wwpipe.at/web-portal/complex-description/0821302"
"M¸hlsch¸ttelgasse 55-57";"1210 Wien, M¸hlsch¸ttelgasse M¸hlsch¸ttelgasse";"1936";"1936";"";"Engelbert Mang";"ja";"";"";"73";"5";"https://www.wwpipe.at/web-portal/complex-description/0821305"
"Berzeliusgasse 9-13";"1210 Wien, Berzeliusgasse Berzeliusgasse";"1924";"1925";"";"Karl Julius Stoik, Adolf Stˆckl, Konstantin Peller";"nein";"";"";"134";"18";"https://www.wwpipe.at/web-portal/complex-description/0821307"
"Margarethe-Trappl-Hof";"1210 Wien, Stammersdorfer Straﬂe Stammersdorfer Straﬂe";"1957";"1959";"";"Friedrich Mimra";"ja";"";"";"25";"3";"https://www.wwpipe.at/web-portal/complex-description/0821308"
"Prager Straﬂe 56-58";"1210 Wien, Prager Straﬂe Prager Straﬂe";"1925";"1926";"";"Karl Hofmann, Felix Augenfeld, Hans Adolf Vetter";"nein";"";"";"64";"6";"https://www.wwpipe.at/web-portal/complex-description/0821309"
"Br¸nner Straﬂe 108-110";"1210 Wien, Br¸nner Straﬂe Br¸nner Straﬂe";"1964";"1965";"";"Fritz Purr, Anton Josef Osika";"ja";"";"";"98";"5";"https://www.wwpipe.at/web-portal/complex-description/0521310"
"Carrogasse 1-5";"1210 Wien, Carrogasse Carrogasse";"1925";"1926";"";"Karl Julius Stoik, Adolf Stˆckl, Konstantin Peller";"nein";"";"";"167";"12";"https://www.wwpipe.at/web-portal/complex-description/0821311"
"Aistgasse 8-30";"1210 Wien, Aistgasse Aistgasse";"1967";"1969";"";"Fritz Oberdorfer, Adolf Svancar, Harald Woisetschl‰ger, Richard Duschel, Wilhelm Foltin, Franz Zajicek, Rudolf Jarosch, Leopold Tˆpfer";"ja";"";"";"380";"9";"https://www.wwpipe.at/web-portal/complex-description/0421314"
"Fultonstraﬂe 5-11";"1210 Wien, Fultonstraﬂe Fultonstraﬂe";"1930";"1931";"";"Adolf Paar, Hans Paar";"ja";"";"";"134";"16";"https://www.wwpipe.at/web-portal/complex-description/0821315"
"Franklinstraﬂe 20";"1210 Wien, Franklinstraﬂe Franklinstraﬂe";"1930";"1931";"";"Leopold Bauer";"nein";"";"";"241";"16";"https://www.wwpipe.at/web-portal/complex-description/0821316"
"Ringelseegasse 11-15";"1210 Wien, Ringelseegasse Ringelseegasse";"1968";"1970";"";"Friedrich Punzmann";"nein";"";"";"113";"7";"https://www.wwpipe.at/web-portal/complex-description/0421317"
"Scheydgasse 3-15";"1210 Wien, Scheydgasse Scheydgasse";"1928";"1929";"";"Hans Richter, Fritz Sammer";"nein";"";"";"34";"6";"https://www.wwpipe.at/web-portal/complex-description/0821318"
"Anton-Stˆrck-Gasse 53-55";"1210 Wien, Anton-Stˆrck-Gasse Anton-Stˆrck-Gasse";"1929";"1930";"";"Richard Weisse";"nein";"";"";"53";"4";"https://www.wwpipe.at/web-portal/complex-description/0821319"
"Gebauergasse 10";"1210 Wien, Gebauergasse Gebauergasse";"1928";"1930";"";"Hermann Stiegholzer";"nein";"";"";"23";"0";"https://www.wwpipe.at/web-portal/complex-description/0821320"
"Josef-Baumann-Gasse 65-67";"1210 Wien, Josef-Baumann-Gasse Josef-Baumann-Gasse";"1929";"1930";"";"Karl Alois Krist";"nein";"";"";"49";"6";"https://www.wwpipe.at/web-portal/complex-description/0821321"
"Ruthnergasse 56-60";"1210 Wien, Ruthnergasse Ruthnergasse";"1969";"1970";"";"Elisabeth Gass, Hans Gass, Ulrich Lipp-Terler, Herta Jerzabek, Egon Fraundorfer, Kurt Buchta, Otto Nadel, Rudolf Wawrik, Franz Trˆdhan";"nein";"";"";"553";"15";"https://www.wwpipe.at/web-portal/complex-description/0021323"
"Beethoven-Hof";"1210 Wien, O'Brien-Gasse O'Brien-Gasse";"1930";"1931";"";"Franz Zabza, Otto Nadel";"nein";"";"";"62";"3";"https://www.wwpipe.at/web-portal/complex-description/0821326"
"Donaufelder Straﬂe 44";"1210 Wien, Donaufelder Straﬂe Donaufelder Straﬂe";"1931";"1932";"";"Walter Sobotka";"nein";"";"";"92";"6";"https://www.wwpipe.at/web-portal/complex-description/0821327"
"Werndlgasse 11-19";"1210 Wien, Werndlgasse Werndlgasse";"1930";"1932";"";"Heinrich Schmid, Hermann Aichinger";"nein";"";"";"155";"6";"https://www.wwpipe.at/web-portal/complex-description/0821328"
"Schˆpfleuthnergasse 8-16";"1210 Wien, Schˆpfleuthnergasse Schˆpfleuthnergasse";"1968";"1970";"";"Alfred Bartosch, Dietrich Wolf, Jakob Strauss, Anton Schmid";"nein";"";"";"137";"8";"https://www.wwpipe.at/web-portal/complex-description/0421330"
"Bessemerstraﬂe 10-16";"1210 Wien, Bessemerstraﬂe Bessemerstraﬂe";"1957";"1959";"";"Rudolf Bazalka, Othmar Augustin";"ja";"";"";"128";"6";"https://www.wwpipe.at/web-portal/complex-description/0821331"
"Werndlgasse 14-18";"1210 Wien, Werndlgasse Werndlgasse";"1933";"1934";"";"Hermann Aichinger, Heinrich Schmid";"ja";"";"";"526";"13";"https://www.wwpipe.at/web-portal/complex-description/0821332"
"Frˆmmlgasse 30-32";"1210 Wien, Frˆmmlgasse Frˆmmlgasse";"1941";"1942";"";"Theodor Schˆll";"nein";"";"";"16";"0";"https://www.wwpipe.at/web-portal/complex-description/0821335"
"O'Brien-Gasse 25-27";"1210 Wien, O'Brien-Gasse O'Brien-Gasse";"1948";"1949";"";"Karl Maria Lang";"ja";"";"";"22";"0";"https://www.wwpipe.at/web-portal/complex-description/0821336"
"Scheffelstraﬂe 24";"1210 Wien, Scheffelstraﬂe Scheffelstraﬂe";"1949";"1950";"";"Kurt Braun, Hans Zeiler";"nein";"";"";"31";"2";"https://www.wwpipe.at/web-portal/complex-description/0821337"
"Jedleseer Straﬂe 79-95";"1210 Wien, Jedleseer Straﬂe Jedleseer Straﬂe";"1949";"1955";"";"Lois Welzenbacher, Norbert Mandl, Heinrich Schmid, Hermann Aichinger, Richard Pfob, Leo Nikolaus Bolldorf";"ja";"";"";"1246";"83";"https://www.wwpipe.at/web-portal/complex-description/0821338"
"Gm¸ndstraﬂe 1";"1210 Wien, Gm¸ndstraﬂe Gm¸ndstraﬂe";"1950";"1952";"";"Josef Horacek";"nein";"";"";"193";"11";"https://www.wwpipe.at/web-portal/complex-description/0821339"
"Justgasse 6-14";"1210 Wien, Justgasse Justgasse";"1950";"1951";"";"Rudolf Kolowrath, Wilhelm Kaiser";"ja";"";"";"148";"9";"https://www.wwpipe.at/web-portal/complex-description/0821340"
"Siemensstraﬂe 21-55";"1210 Wien, Siemensstraﬂe Siemensstraﬂe";"1950";"1954";"";"Franz Schuster";"ja";"";"";"1573";"128";"https://www.wwpipe.at/web-portal/complex-description/0821341"
"Ostmarkgasse 48";"1210 Wien, Ostmarkgasse Ostmarkgasse";"1951";"1952";"";"Rudolf Karl Peschel, Johann (Hanns) Hack";"nein";"";"";"95";"1";"https://www.wwpipe.at/web-portal/complex-description/0821342"
"Leopoldauer Straﬂe 107-113";"1210 Wien, Leopoldauer Straﬂe Leopoldauer Straﬂe";"1951";"1952";"";"Fritz Z¸gner, Emil Dietrich";"ja";"";"";"99";"3";"https://www.wwpipe.at/web-portal/complex-description/0821343"
"Stammersdorfer Straﬂe 116-120";"1210 Wien, Stammersdorfer Straﬂe Stammersdorfer Straﬂe";"1951";"1952";"";"Franz Klimscha";"nein";"";"";"33";"5";"https://www.wwpipe.at/web-portal/complex-description/0821344"
"Gerichtsgasse 10";"1210 Wien, Gerichtsgasse Gerichtsgasse";"1923";"1923";"";"Friedrich J‰ckel, Johann (Hans) Stˆhr, Wilhelm Peterle";"nein";"";"";"13";"0";"https://www.wwpipe.at/web-portal/complex-description/0821346"
"Morelligasse 1-3";"1210 Wien, Morelligasse Morelligasse";"1968";"1971";"";"Robert Tuma";"ja";"";"";"113";"5";"https://www.wwpipe.at/web-portal/complex-description/0421347"
"Kahlgasse 9-11";"1210 Wien, Kahlgasse Kahlgasse";"1952";"1953";"";"Rudolf Bazalka";"nein";"";"";"32";"0";"https://www.wwpipe.at/web-portal/complex-description/0821348"
"Donaufelder Straﬂe 20";"1210 Wien, Donaufelder Straﬂe Donaufelder Straﬂe";"1952";"1953";"";"Fritz Waage";"nein";"";"";"20";"1";"https://www.wwpipe.at/web-portal/complex-description/0821349"
"Kirchhoffgasse 13";"1210 Wien, Kirchhoffgasse Kirchhoffgasse";"1968";"1971";"";"Robert Tuma";"nein";"";"";"20";"0";"https://www.wwpipe.at/web-portal/complex-description/0421350"
"Josef-Flandorfer-Straﬂe 75";"1210 Wien, Josef-Flandorfer-Straﬂe Josef-Flandorfer-Straﬂe";"1969";"1970";"";"Hans Steindl";"nein";"";"";"18";"0";"https://www.wwpipe.at/web-portal/complex-description/0421351"
"Schenkendorfgasse 49-53";"1210 Wien, Schenkendorfgasse Schenkendorfgasse";"1954";"1955";"";"Otto Schˆnthal";"ja";"";"";"63";"2";"https://www.wwpipe.at/web-portal/complex-description/0821352"
"Voltagasse 55-63";"1210 Wien, Voltagasse Voltagasse";"1954";"1956";"";"Emil Dietrich, Florian Omasta, Fritz Z¸gner";"ja";"";"";"179";"4";"https://www.wwpipe.at/web-portal/complex-description/0821354"
"Wenhartgasse 20";"1210 Wien, Wenhartgasse Wenhartgasse";"1954";"1955";"";"Rudolf Brandst‰tter";"nein";"";"";"25";"1";"https://www.wwpipe.at/web-portal/complex-description/0821355"
"Franz-Jonas-Hof";"1210 Wien, Prager Straﬂe Prager Straﬂe";"1954";"1957";"";"Josef Czapka, Otto Ludwig Schottenberger, Albrecht F. Hrzan, Fritz Bˆhm-Raffay, Rudolf Wawrik, Franz Lax, Rudolf Hˆnig";"ja";"";"";"338";"17";"https://www.wwpipe.at/web-portal/complex-description/0821356"
"Br¸nner Straﬂe 97-99";"1210 Wien, Br¸nner Straﬂe Br¸nner Straﬂe";"1956";"1957";"";"Andreas Trˆster, Anneliese Trˆster";"nein";"";"";"66";"3";"https://www.wwpipe.at/web-portal/complex-description/0821357"
"Amtsstraﬂe 42";"1210 Wien, Amtsstraﬂe Amtsstraﬂe";"1956";"1957";"";"Rudolf Wesecky";"nein";"";"";"31";"2";"https://www.wwpipe.at/web-portal/complex-description/0821358"
"Ruﬂbergstraﬂe 24";"1210 Wien, Ruﬂbergstraﬂe Ruﬂbergstraﬂe";"1957";"1959";"";"Kurt Zˆhrer, Franz Gomsi";"ja";"";"";"142";"10";"https://www.wwpipe.at/web-portal/complex-description/0821360"
"Roda-Roda-Gasse 4";"1210 Wien, Roda-Roda-Gasse Roda-Roda-Gasse";"1958";"1960";"";"Leopoldine Schwarzinger, Erika Hotzy-Peters, Otto Gruber, Friedrich Hintermayr, Leopold Stefl";"ja";"";"";"191";"8";"https://www.wwpipe.at/web-portal/complex-description/0621361"
"Roda-Roda-Gasse 6";"1210 Wien, Roda-Roda-Gasse Roda-Roda-Gasse";"1958";"1960";"";"Erika Hotzy-Peters, Leopoldine Schwarzinger, Friedrich Hintermayr, Otto Gruber, Leopold Stefl";"ja";"";"";"24";"0";"https://www.wwpipe.at/web-portal/complex-description/0821362"
"Frˆmmlgasse 2-4";"1210 Wien, Frˆmmlgasse Frˆmmlgasse";"1960";"1961";"";"Rudolf Sorgo, Viktor Kraft, Rudolf Katterschafka, Ernst W. Irsigler";"ja";"";"";"171";"6";"https://www.wwpipe.at/web-portal/complex-description/0621366"
"Roggegasse 44-46";"1210 Wien, Roggegasse Roggegasse";"1960";"1961";"";"Anna Fembˆck";"ja";"";"";"51";"2";"https://www.wwpipe.at/web-portal/complex-description/0621367"
"÷denburger Straﬂe 73-85";"1210 Wien, ÷denburger Straﬂe ÷denburger Straﬂe";"1961";"1962";"";"Maximilian (Max) Bauer, Elfriede Beissel, Hans Zahlbruckner, Robert Steinhardt, Karl Musel";"ja";"";"";"320";"7";"https://www.wwpipe.at/web-portal/complex-description/0621369"
"Nordmanngasse 14-16";"1210 Wien, Nordmanngasse Nordmanngasse";"1961";"1962";"";"Josef Promintzer, Karl Zepke";"nein";"";"";"74";"0";"https://www.wwpipe.at/web-portal/complex-description/0621371"
"Frˆmmlgasse 1";"1210 Wien, Frˆmmlgasse Frˆmmlgasse";"1963";"1964";"";"Viktor Kraft";"nein";"";"";"14";"0";"https://www.wwpipe.at/web-portal/complex-description/0821373"
"Edergasse 1-3";"1210 Wien, Edergasse Edergasse";"1962";"1964";"";"Josef Ludwig Kalbac, Karl Eder, Leopold Liebl, Alexis Franken, Josef Hirner, Richard Gach, Josef Vytiska, Karl Wegscheider, Kurt Steiner, Ilse Vana-Schiffmann";"nein";"";"";"131";"12";"https://www.wwpipe.at/web-portal/complex-description/0621375"
"Berlagasse 1";"1210 Wien, Berlagasse Berlagasse";"1962";"1965";"";"Julius Bergmann, Alfred Lechner, Michael Pribitzer, Johannes (Hannes) Lintl, Georg Malai, Erna Grigkar-Kapinus";"ja";"";"";"282";"6";"https://www.wwpipe.at/web-portal/complex-description/0621376"
"Franz-Petritsch-Hof";"1210 Wien, Jedleseer Straﬂe Jedleseer Straﬂe";"1963";"1965";"";"Heinrich Schwetter, Kurt Buchta, Rudolf Goder, Stefan Karabiberoff, Josef Wenzel";"ja";"";"";"247";"6";"https://www.wwpipe.at/web-portal/complex-description/0621377"
"Justgasse 29";"1210 Wien, Justgasse Justgasse";"1964";"1966";"";"Alexis Franken";"ja";"";"";"695";"15";"https://www.wwpipe.at/web-portal/complex-description/0621379"
"M¸hlweg 43";"1210 Wien, M¸hlweg M¸hlweg";"1963";"1965";"";"Erna Grigkar-Kapinus, Alfred Lechner, Michael Pribitzer, Georg Malai, Julius Bergmann, Johannes (Hannes) Lintl";"nein";"";"";"273";"2";"https://www.wwpipe.at/web-portal/complex-description/0621381"
"Ruﬂbergstraﬂe 11";"1210 Wien, Ruﬂbergstraﬂe Ruﬂbergstraﬂe";"1966";"1967";"";"Ernst Lederer-Ponzer";"ja";"";"";"92";"10";"https://www.wwpipe.at/web-portal/complex-description/0621382"
"M¸hlsch¸ttelgasse 7-11";"1210 Wien, M¸hlsch¸ttelgasse M¸hlsch¸ttelgasse";"1969";"1971";"";"unbekannt unbekannt";"nein";"";"";"53";"0";"https://www.wwpipe.at/web-portal/complex-description/0421385"
"Theodor-Kˆrner-Gasse 28";"1210 Wien, Theodor-Kˆrner-Gasse Theodor-Kˆrner-Gasse";"1977";"1978";"";"Hans Zeiler, Kurt Braun";"nein";"";"";"16";"2";"https://www.wwpipe.at/web-portal/complex-description/1521406"
"Donaufelder Straﬂe 22";"1210 Wien, Donaufelder Straﬂe Donaufelder Straﬂe";"1977";"1979";"";"Hans Zeiler, Kurt Braun";"nein";"";"";"27";"13";"https://www.wwpipe.at/web-portal/complex-description/1521407"
"Ruﬂbergstraﬂe 94-100";"1210 Wien, Ruﬂbergstraﬂe Ruﬂbergstraﬂe";"1981";"1983";"";"Joseph Zimmel";"nein";"";"";"23";"5";"https://www.wwpipe.at/web-portal/complex-description/1621410"
"Pastorstraﬂe 22";"1210 Wien, Pastorstraﬂe Pastorstraﬂe";"1982";"1984";"";"Harry Gl¸ck, Johannes (Hannes) Lintl";"nein";"";"";"145";"2";"https://www.wwpipe.at/web-portal/complex-description/1721422"
"Oswald-Redlich-Straﬂe 36";"1210 Wien, Oswald-Redlich-Straﬂe Oswald-Redlich-Straﬂe";"1982";"1984";"";"Johannes (Hannes) Lintl, Harry Gl¸ck";"ja";"";"";"180";"15";"https://www.wwpipe.at/web-portal/complex-description/1721423"
"Br¸nner Straﬂe 188";"1210 Wien, Br¸nner Straﬂe Br¸nner Straﬂe";"1996";"1997";"";"Gabor Fettik, Johannes Bieber";"nein";"";"";"217";"1";"https://www.wwpipe.at/web-portal/complex-description/2121424"
"Otto-Felix-Kanitz-Hof";"1210 Wien, Kummergasse Kummergasse";"1993";"1995";"";"Josef F¸rstl, Viktor Hufnagl";"ja";"";"";"189";"6";"https://www.wwpipe.at/web-portal/complex-description/2321425"
"Jedlersdorfer Straﬂe 294";"1210 Wien, Jedlersdorfer Straﬂe Jedlersdorfer Straﬂe";"1994";"1995";"";"Gerhard Kroj";"ja";"";"";"70";"8";"https://www.wwpipe.at/web-portal/complex-description/2321426"
"Hanreitergasse 3";"1210 Wien, Hanreitergasse Hanreitergasse";"1993";"1996";"";"Othmar Augustin, Gerd Schlˆgl";"nein";"";"";"289";"6";"https://www.wwpipe.at/web-portal/complex-description/2321427"
"Konstanziagasse 44";"1220 Wien, Konstanziagasse Konstanziagasse";"1924";"1925";"";"Peter Behrens";"nein";"";"";"122";"10";"https://www.wwpipe.at/web-portal/complex-description/0822301"
"Sch¸ttaustraﬂe 14";"1220 Wien, Sch¸ttaustraﬂe Sch¸ttaustraﬂe";"";"";"2007";"";"nein";"";"";"0";"0";"https://www.wwpipe.at/web-portal/complex-description/0622302"
"Langobardenstraﬂe 207";"1220 Wien, Langobardenstraﬂe Langobardenstraﬂe";"1932";"1933";"";"Adolf Stˆckl";"ja";"";"";"16";"1";"https://www.wwpipe.at/web-portal/complex-description/0822303"
"Rudolf-Huber-Hof";"1220 Wien, Quadenstraﬂe Quadenstraﬂe";"1968";"1970";"";"Oskar Payer, Peter Payer";"ja";"";"";"743";"5";"https://www.wwpipe.at/web-portal/complex-description/0022304"
"Meiﬂnergasse 4-6";"1220 Wien, Meiﬂnergasse Meiﬂnergasse";"1925";"1926";"";"Karl Felsenstein, Hans Seitl";"ja";"";"";"123";"4";"https://www.wwpipe.at/web-portal/complex-description/0822305"
"Wagramer Straﬂe 97-103";"1220 Wien, Wagramer Straﬂe Wagramer Straﬂe";"1925";"1926";"";"Rudolf Krausz";"nein";"";"";"349";"14";"https://www.wwpipe.at/web-portal/complex-description/0822306"
"Albert-Schultz-Hof";"1220 Wien, Erzherzog-Karl-Straﬂe Erzherzog-Karl-Straﬂe";"1927";"1928";"";"George Karau";"nein";"";"";"185";"29";"https://www.wwpipe.at/web-portal/complex-description/0822307"
"Moissigasse 19";"1220 Wien, Moissigasse Moissigasse";"1939";"1940";"";"Erich Franz Leischner";"nein";"";"";"209";"19";"https://www.wwpipe.at/web-portal/complex-description/0822308"
"Steigenteschgasse 11";"1220 Wien, Steigenteschgasse Steigenteschgasse";"1950";"1951";"";"Kurt Nehrer";"nein";"";"";"15";"5";"https://www.wwpipe.at/web-portal/complex-description/0822311"
"Kraygasse 89";"1220 Wien, Kraygasse Kraygasse";"1950";"1951";"";"Wilhelm Hubatsch";"nein";"";"";"27";"1";"https://www.wwpipe.at/web-portal/complex-description/0822312"
"Langobardenstraﬂe 23-27";"1220 Wien, Langobardenstraﬂe Langobardenstraﬂe";"1950";"1959";"";"Alfred Schˆmer, Walter ProchÈ, Rudolf Pamlitschka, Walter H¸bner";"ja";"";"";"219";"7";"https://www.wwpipe.at/web-portal/complex-description/0822313"
"Erzherzog-Karl-Straﬂe 84-88";"1220 Wien, Erzherzog-Karl-Straﬂe Erzherzog-Karl-Straﬂe";"1951";"1952";"";"Otmar Brunner";"ja";"";"";"98";"7";"https://www.wwpipe.at/web-portal/complex-description/0822314"
"Donaustadtstraﬂe 44";"1220 Wien, Donaustadtstraﬂe Donaustadtstraﬂe";"1951";"1952";"";"Franz Thajer, Karl Brandner";"ja";"";"";"85";"1";"https://www.wwpipe.at/web-portal/complex-description/0822315"
"Donaufelder Straﬂe 208-214";"1220 Wien, Donaufelder Straﬂe Donaufelder Straﬂe";"1951";"1952";"";"Jakob Zachar, Josef Fleischer";"nein";"";"";"102";"1";"https://www.wwpipe.at/web-portal/complex-description/0822316"
"Baschgasse 21";"1220 Wien, Baschgasse Baschgasse";"1964";"1965";"";"Wenzl - Hartl";"nein";"";"";"12";"1";"https://www.wwpipe.at/web-portal/complex-description/0622317"
"Stallarngasse 34-40";"1220 Wien, Stallarngasse Stallarngasse";"1964";"1965";"";"Wenzl - Hartl";"nein";"";"";"24";"3";"https://www.wwpipe.at/web-portal/complex-description/0822318"
"Pirquetgasse 9";"1220 Wien, Pirquetgasse Pirquetgasse";"1972";"1975";"";"Oskar Payer";"ja";"";"";"308";"0";"https://www.wwpipe.at/web-portal/complex-description/1122319"
"Eﬂlinger Hauptstraﬂe 76";"1220 Wien, Eﬂlinger Hauptstraﬂe Eﬂlinger Hauptstraﬂe";"1953";"1958";"";"Camillo Fritz Discher";"nein";"";"";"79";"5";"https://www.wwpipe.at/web-portal/complex-description/0822320"
"Oberdorfstraﬂe 4-8";"1220 Wien, Oberdorfstraﬂe Oberdorfstraﬂe";"1953";"1954";"";"Andreas Trˆster";"nein";"";"";"75";"6";"https://www.wwpipe.at/web-portal/complex-description/0822321"
"Agavenweg 26";"1220 Wien, Agavenweg Agavenweg";"1953";"1955";"";"Hans Hoppenberger";"nein";"";"";"23";"2";"https://www.wwpipe.at/web-portal/complex-description/0822322"
"Sch¸ttaustraﬂe 20-40";"1220 Wien, Sch¸ttaustraﬂe Sch¸ttaustraﬂe";"1954";"1956";"";"Walter Vasa, Hans MuttonÈ, Johann (Hanns) Hack, Gustav Hoppe, Erwin Bˆck, Josef Fleischer, Wolfgang Schwarzacher";"ja";"";"";"414";"16";"https://www.wwpipe.at/web-portal/complex-description/0822324"
"Mendelssohngasse 2";"1220 Wien, Mendelssohngasse Mendelssohngasse";"1955";"1956";"";"Richard Praun";"nein";"";"";"37";"2";"https://www.wwpipe.at/web-portal/complex-description/0822325"
"Wimpffengasse 37-39";"1220 Wien, Wimpffengasse Wimpffengasse";"1957";"1959";"";"Franz Stechauner";"ja";"";"";"59";"0";"https://www.wwpipe.at/web-portal/complex-description/0822333"
"Hirschstettner Straﬂe 2-4";"1220 Wien, Hirschstettner Straﬂe Hirschstettner Straﬂe";"1958";"1959";"";"Josef Baudys";"nein";"";"";"45";"2";"https://www.wwpipe.at/web-portal/complex-description/0622334"
"Sch¸ttaustraﬂe 4-18";"1220 Wien, Sch¸ttaustraﬂe Sch¸ttaustraﬂe";"1957";"1959";"";"Herta Jerzabek, Wolfgang Horak, Friedrich (Fritz) Novotny, Ladislaus Hrdlicka, Hans MuttonÈ";"nein";"";"";"246";"25";"https://www.wwpipe.at/web-portal/complex-description/0822335"
"Wagramer Straﬂe 55-61";"1220 Wien, Wagramer Straﬂe Wagramer Straﬂe";"1958";"1960";"";"Fritz Weber, RenÈe Wagner-Rosendorfsky, Georg Conditt, Anton Wichtl, Viktor Ruczka";"ja";"";"";"231";"17";"https://www.wwpipe.at/web-portal/complex-description/0622337"
"Wagramer Straﬂe 164-168";"1220 Wien, Wagramer Straﬂe Wagramer Straﬂe";"1959";"1960";"";"Karl H. Brunner";"ja";"";"";"82";"3";"https://www.wwpipe.at/web-portal/complex-description/0622338"
"Viktor-Kaplan-Straﬂe 1-9";"1220 Wien, Viktor-Kaplan-Straﬂe Viktor-Kaplan-Straﬂe";"1959";"1960";"";"Ceno Kosak";"ja";"";"";"127";"0";"https://www.wwpipe.at/web-portal/complex-description/0622339"
"Meiﬂauergasse 2";"1220 Wien, Meiﬂauergasse Meiﬂauergasse";"1960";"1961";"";"Anny Beranek, Friedrich Schlossberg";"ja";"";"";"117";"2";"https://www.wwpipe.at/web-portal/complex-description/0622340"
"Hirschstettner Straﬂe 12-20";"1220 Wien, Hirschstettner Straﬂe Hirschstettner Straﬂe";"1962";"1964";"";"Josef Seeberger, Ferdinand Riedl, Alfred Wanko, Hubert Steinhauer";"ja";"";"";"332";"8";"https://www.wwpipe.at/web-portal/complex-description/0622343"
"Siebenb¸rgerstraﬂe 2-12";"1220 Wien, Siebenb¸rgerstraﬂe Siebenb¸rgerstraﬂe";"1962";"1964";"";"Peter Payer, Oskar Payer";"ja";"";"";"855";"10";"https://www.wwpipe.at/web-portal/complex-description/0622344"
"Spargelfeldstraﬂe 194-198";"1220 Wien, Spargelfeldstraﬂe Spargelfeldstraﬂe";"1964";"1965";"";"Wenzl - Hartl";"nein";"";"";"35";"3";"https://www.wwpipe.at/web-portal/complex-description/0622345"
"Siebenb¸rgerstraﬂe 28-48";"1220 Wien, Siebenb¸rgerstrasse Siebenb¸rgerstrasse";"1963";"1964";"";"Peter Payer, Oskar Payer";"ja";"";"";"222";"1";"https://www.wwpipe.at/web-portal/complex-description/0622346"
"Rugierstraﬂe 30-42";"1220 Wien, Rugierstrasse Rugierstrasse";"1963";"1964";"";"Peter Payer, Oskar Payer";"ja";"";"";"126";"1";"https://www.wwpipe.at/web-portal/complex-description/0622347"
"Tietzestraﬂe 2";"1220 Wien, Tietzestraﬂe Tietzestraﬂe";"1964";"1965";"";"Peter Payer, Oskar Payer";"ja";"";"";"523";"6";"https://www.wwpipe.at/web-portal/complex-description/0622348"
"Aribogasse 28";"1220 Wien, Aribogasse Aribogasse";"1963";"1963";"";"Carl Reinhardt, Slawa Coen-Walewa, Robert Kapeller, Rudolf Scherer, Hermann Stiegholzer, Robert Kanfer, Ferdinand Zimmermann, Kurt Neugebauer";"ja";"";"";"470";"6";"https://www.wwpipe.at/web-portal/complex-description/0622350"
"Langobardenstraﬂe 63a";"1220 Wien, Langobardenstraﬂe Langobardenstraﬂe";"1965";"1965";"";"Peter Koban, Walter Schmutzer, Walter Totz, Franz Kahrer, Wolfgang Horak";"nein";"";"";"32";"4";"https://www.wwpipe.at/web-portal/complex-description/0822351"
"Rugierstraﬂe 26";"1220 Wien, Rugierstraﬂe Rugierstraﬂe";"1967";"1968";"";"Oskar Payer, Peter Payer";"ja";"";"";"166";"4";"https://www.wwpipe.at/web-portal/complex-description/0622353"
"Hans-Steger-Gasse 13";"1220 Wien, Hans-Steger-Gasse Hans-Steger-Gasse";"1966";"1967";"";"Raimund Haintz";"nein";"";"";"54";"4";"https://www.wwpipe.at/web-portal/complex-description/0422355"
"Anton-Sattler-Gasse 82-84";"1220 Wien, Anton-Sattler-Gasse Anton-Sattler-Gasse";"1965";"1967";"";"Klaus Schmidt, Berthold Gabriel, Helmut Franz Ohner";"ja";"";"";"166";"1";"https://www.wwpipe.at/web-portal/complex-description/0622356"
"Pogrelzstraﬂe 2";"1220 Wien, Pogrelzstraﬂe Pogrelzstraﬂe";"1967";"1968";"";"Peter Payer, Oskar Payer";"nein";"";"";"125";"2";"https://www.wwpipe.at/web-portal/complex-description/0422357"
"Mergenthalerplatz 1";"1220 Wien, Mergenthalerplatz Mergenthalerplatz";"1923";"1923";"";"Karl Schartelm¸ller";"nein";"";"";"16";"8";"https://www.wwpipe.at/web-portal/complex-description/0822358"
"Steigenteschgasse 136-140";"1220 Wien, Steigenteschgasse Steigenteschgasse";"1924";"1924";"";"Karl Schartelm¸ller";"nein";"";"";"24";"3";"https://www.wwpipe.at/web-portal/complex-description/0822359"
"Karl-Gr¸bl-Weg 39-41";"1220 Wien, Karl-Gr¸bl-Weg Karl-Gr¸bl-Weg";"1929";"1953";"";"Franz Schuster, Franz Schacherl";"nein";"";"";"26";"0";"https://www.wwpipe.at/web-portal/complex-description/0822360"
"Wagramer Straﬂe 95";"1220 Wien, Wagramer Straﬂe Wagramer Straﬂe";"1966";"1968";"";"Herbert Prehsler, Eduard F. Sekler";"ja";"";"";"202";"9";"https://www.wwpipe.at/web-portal/complex-description/0522362"
"Polgarstraﬂe 25";"1220 Wien, Polgarstraﬂe Polgarstraﬂe";"1967";"1968";"";"Oskar Payer, Peter Payer";"nein";"";"";"135";"0";"https://www.wwpipe.at/web-portal/complex-description/0422363"
"Franz-Karl-Effenberg-Hof";"1220 Wien, Ziegelhofstraﬂe Ziegelhofstraﬂe";"1972";"1974";"";"Peter Payer, Oskar Payer";"ja";"";"";"480";"14";"https://www.wwpipe.at/web-portal/complex-description/1222364"
"Quadenstraﬂe 65-67";"1220 Wien, Quadenstraﬂe Quadenstraﬂe";"1972";"1974";"";"Peter Payer, Oskar Payer";"ja";"";"";"376";"7";"https://www.wwpipe.at/web-portal/complex-description/1222365"
"Pirquetgasse 6";"1220 Wien, Pirquetgasse Pirquetgasse";"1972";"1974";"";"Oskar Payer, Peter Payer";"nein";"";"";"72";"2";"https://www.wwpipe.at/web-portal/complex-description/1222368"
"Rennbahnweg 27";"1220 Wien, Rennbahnweg Rennbahnweg";"1973";"1977";"";"Brigitte Wiedmann, Fritz Gerhard Mayr, Walter Vasa";"ja";"";"";"2422";"76";"https://www.wwpipe.at/web-portal/complex-description/1222369"
"Wagramer Straﬂe 162";"1220 Wien, Wagramer Straﬂe Wagramer Straﬂe";"1980";"1982";"";"Bernd Neubauer";"nein";"";"";"43";"3";"https://www.wwpipe.at/web-portal/complex-description/1622372"
"Melangasse 1-5";"1220 Wien, Melangasse Melangasse";"1981";"1983";"";"Karl Mang, Alfred Viktor Pal, Johann Georg Gsteu, Manfred Stein, Egon Fraundorfer, G¸nther Schuster, Udo Schrittwieser, Annemarie Obermann, Eva Mang";"nein";"";"";"179";"9";"https://www.wwpipe.at/web-portal/complex-description/1622377"
"Am Heidjˆchl 14";"1220 Wien, Am Heidjˆchl Am Heidjˆchl";"1981";"1983";"";"Hans H‰usler, Friedrich (Fritz) Gr¸nberger, Wolfgang Horak, Wilfried Haertl, Eduard Ebner";"ja";"";"";"641";"23";"https://www.wwpipe.at/web-portal/complex-description/1622378"
"Pogrelzstraﬂe 25";"1220 Wien, Pogrelzstraﬂe Pogrelzstraﬂe";"1989";"1990";"";"unbekannt unbekannt";"nein";"";"";"49";"0";"https://www.wwpipe.at/web-portal/complex-description/1922379"
"Markomannenstraﬂe 27-31";"1220 Wien, Markomannenstraﬂe Markomannenstraﬂe";"1991";"1992";"";"Hans H‰usler, Friedrich Moser";"nein";"";"";"44";"0";"https://www.wwpipe.at/web-portal/complex-description/2122381"
"Langobardenstraﬂe 128";"1220 Wien, Langobardenstraﬂe Langobardenstraﬂe";"1994";"1996";"";"Diether S. Hoppe, Heinrich Eidenbˆck";"nein";"";"";"253";"7";"https://www.wwpipe.at/web-portal/complex-description/2322383"
"Jakob-Sommerbauer-Straﬂe 3";"1230 Wien, Jakob-Sommerbauer-Straﬂe Jakob-Sommerbauer-Straﬂe";"";"";"1850";"unbekannt unbekannt";"nein";"";"";"3";"1";"https://www.wwpipe.at/web-portal/complex-description/0323029"
"Leo-Mathauser-Gasse 73";"1230 Wien, Leo-Mathauser-Gasse Leo-Mathauser-Gasse";"1964";"1964";"";"Anton Ceplecha";"ja";"";"";"8";"0";"https://www.wwpipe.at/web-portal/complex-description/0323060"
"Levasseurgasse 5";"1230 Wien, Levasseurgasse Levasseurgasse";"1956";"1957";"";"Josef Seeberger";"ja";"";"";"34";"4";"https://www.wwpipe.at/web-portal/complex-description/0323068"
"Anton-Freunschlag-Gasse 80";"1230 Wien, Anton-Freunschlag-Gasse Anton-Freunschlag-Gasse";"1962";"1964";"";"Anton Ceplecha";"nein";"";"";"11";"0";"https://www.wwpipe.at/web-portal/complex-description/0323114"
"Hans-Werndl-Hof";"1230 Wien, Breitenfurter Straﬂe Breitenfurter Straﬂe";"1928";"1928";"";"Leopold Schumm";"nein";"";"";"11";"5";"https://www.wwpipe.at/web-portal/complex-description/0823301"
"Brunner Straﬂe 18";"1230 Wien, Brunner Straﬂe Brunner Straﬂe";"1952";"1953";"";"Josef Leitner, Emil Nibio";"ja";"";"";"42";"2";"https://www.wwpipe.at/web-portal/complex-description/0823302"
"Carlbergergasse 43";"1230 Wien, Carlbergergasse Carlbergergasse";"1958";"1959";"";"Johann Staber";"nein";"";"";"10";"0";"https://www.wwpipe.at/web-portal/complex-description/0623304"
"Ziedlergasse 5";"1230 Wien, Ziedlergasse Ziedlergasse";"1927";"1928";"";"Wilhelm Mucha";"ja";"";"";"27";"0";"https://www.wwpipe.at/web-portal/complex-description/0823305"
"Klostermanngasse 13";"1230 Wien, Klostermanngasse Klostermanngasse";"1958";"1959";"";"Johann Staber";"ja";"";"";"14";"1";"https://www.wwpipe.at/web-portal/complex-description/0623306"
"Canavesegasse 6-8";"1230 Wien, Canavesegasse Canavesegasse";"1949";"1950";"";"Jakob Unterberger";"ja";"";"";"87";"5";"https://www.wwpipe.at/web-portal/complex-description/0823307"
"Erlaaer Straﬂe 125-129";"1230 Wien, Erlaaer Straﬂe Erlaaer Straﬂe";"1951";"1952";"";"Nadia Artmann, Paul Artmann";"nein";"";"";"40";"2";"https://www.wwpipe.at/web-portal/complex-description/0823308"
"Erlaaer Straﬂe 154-158";"1230 Wien, Erlaaer Straﬂe Erlaaer Straﬂe";"1954";"1955";"";"Karl Haschek";"ja";"";"";"35";"4";"https://www.wwpipe.at/web-portal/complex-description/0823309"
"F‰rberm¸hlgasse 11";"1230 Wien, F‰rberm¸hlgasse F‰rberm¸hlgasse";"1964";"1966";"";"Rudolf Bazalka, Viktor Hufnagl";"ja";"";"";"34";"2";"https://www.wwpipe.at/web-portal/complex-description/0623310"
"Kolbegasse 30-32";"1230 Wien, Kolbegasse Kolbegasse";"1951";"1952";"";"Walter Majores, Erich Majores";"nein";"";"";"51";"2";"https://www.wwpipe.at/web-portal/complex-description/0823311"
"Karl-Krestan-Gasse 5";"1230 Wien, Karl-Krestan-Gasse Karl-Krestan-Gasse";"1951";"1952";"";"Anny Beranek";"nein";"";"";"47";"1";"https://www.wwpipe.at/web-portal/complex-description/0823312"
"Triester Straﬂe 205";"1230 Wien, Triester Straﬂe Triester Straﬂe";"1954";"1956";"";"Hans Zahlbruckner";"nein";"";"";"58";"1";"https://www.wwpipe.at/web-portal/complex-description/0823313"
"Dr.-Neumann-Gasse 8-10";"1230 Wien, Dr.-Neumann-Gasse Dr.-Neumann-Gasse";"1950";"1951";"";"Hans Schimitzek, Arnold Goldberger";"nein";"";"";"48";"2";"https://www.wwpipe.at/web-portal/complex-description/0823314"
"Elisenstraﬂe 28-30";"1230 Wien, Elisenstraﬂe Elisenstraﬂe";"1958";"1959";"";"Anton Dolenz";"ja";"";"";"23";"0";"https://www.wwpipe.at/web-portal/complex-description/0623315"
"F‰rberm¸hlgasse 5";"1230 Wien, F‰rberm¸hlgasse F‰rberm¸hlgasse";"1951";"1952";"";"Oskar Trubel";"nein";"";"";"29";"2";"https://www.wwpipe.at/web-portal/complex-description/0823316"
"Rudolf-Zeller-Gasse 67";"1230 Wien, Rudolf-Zeller-Gasse Rudolf-Zeller-Gasse";"1967";"1968";"";"PORR AG";"nein";"";"";"82";"1";"https://www.wwpipe.at/web-portal/complex-description/0423317"
"Haeckelstraﬂe 4";"1230 Wien, Haeckelstraﬂe Haeckelstraﬂe";"1953";"1954";"";"Lutz Lernhart, Rudolf Angelides";"ja";"";"";"51";"5";"https://www.wwpipe.at/web-portal/complex-description/0823319"
"Elisenstraﬂe 24-26";"1230 Wien, Elisenstraﬂe Elisenstraﬂe";"1949";"1950";"";"Camillo Fritz Discher, Engelbert Mang";"nein";"";"";"37";"3";"https://www.wwpipe.at/web-portal/complex-description/0823320"
"Seybelgasse 3a";"1230 Wien, Seybelgasse Seybelgasse";"1955";"1956";"";"Karl F. Wieninger";"ja";"";"";"65";"1";"https://www.wwpipe.at/web-portal/complex-description/0823321"
"Erlaaer Straﬂe 123";"1230 Wien, Erlaaer Straﬂe Erlaaer Straﬂe";"1967";"1969";"";"Friedrich Schlossberg";"nein";"";"";"42";"3";"https://www.wwpipe.at/web-portal/complex-description/0423322"
"Gregorygasse 47";"1230 Wien, Gregorygasse Gregorygasse";"1967";"1969";"";"Wiener Stadtbauamt, MA19";"ja";"";"";"221";"0";"https://www.wwpipe.at/web-portal/complex-description/0423323"
"Peterlinigasse 12-16";"1230 Wien, Peterlinigasse Peterlinigasse";"1953";"1956";"";"Anton (Toni) Lenhardt, Josef Dobrowolny";"ja";"";"";"148";"6";"https://www.wwpipe.at/web-portal/complex-description/0823324"
"Kanitzgasse 2-6";"1230 Wien, Kanitzgasse Kanitzgasse";"1951";"1956";"";"Alfred Wanko, Wilhelm Glattes";"ja";"";"";"48";"3";"https://www.wwpipe.at/web-portal/complex-description/0823325"
"Marktgemeindegasse 44-50";"1230 Wien, Marktgemeindegasse Marktgemeindegasse";"1968";"1970";"";"Otto Niedermoser";"ja";"";"";"87";"15";"https://www.wwpipe.at/web-portal/complex-description/0423326"
"Ziedlergasse 28";"1230 Wien, Ziedlergasse Ziedlergasse";"1967";"1969";"";"Anton Steflicek, Fritz Judtmann, Joachim Peters";"nein";"";"";"156";"0";"https://www.wwpipe.at/web-portal/complex-description/0423328"
"Hochwassergasse 58";"1230 Wien, Hochwassergasse Hochwassergasse";"1957";"1958";"";"Valerie Wild, Walter Foral";"nein";"";"";"79";"6";"https://www.wwpipe.at/web-portal/complex-description/0823329"
"Kaiser-Franz-Josef-Straﬂe 23-25";"1230 Wien, Kaiser-Franz-Josef-Straﬂe Kaiser-Franz-Josef-Straﬂe";"1957";"1958";"";"Heinrich Schwetter";"ja";"";"";"33";"0";"https://www.wwpipe.at/web-portal/complex-description/0823330"
"Elisenstraﬂe 110-116";"1230 Wien, Elisenstraﬂe Elisenstraﬂe";"1953";"1954";"";"Karl Lehrmann, Adolf Benedikt";"ja";"";"";"132";"0";"https://www.wwpipe.at/web-portal/complex-description/0823331"
"Ketzergasse 42";"1230 Wien, Ketzergasse Ketzergasse";"1949";"1950";"";"Eduard F. Sekler";"ja";"";"";"38";"6";"https://www.wwpipe.at/web-portal/complex-description/0823333"
"Kaltenleutgebner Straﬂe 1";"1230 Wien, Kaltenleutgebner Straﬂe Kaltenleutgebner Straﬂe";"1955";"1956";"";"Wilhelm Kˆrner";"ja";"";"";"23";"2";"https://www.wwpipe.at/web-portal/complex-description/0823334"
"P¸lslgasse 10";"1230 Wien, P¸lslgasse P¸lslgasse";"1955";"1956";"";"Fritz Stachl";"nein";"";"";"25";"0";"https://www.wwpipe.at/web-portal/complex-description/0823335"
"Canavesegasse 9-15";"1230 Wien, Canavesegasse Canavesegasse";"1956";"1957";"";"Josef Seeberger, Karl Lehrmann";"ja";"";"";"72";"1";"https://www.wwpipe.at/web-portal/complex-description/0823336"
"Valentingasse 7";"1230 Wien, Valentingasse Valentingasse";"1956";"1957";"";"Raymund Sch¸ller";"nein";"";"";"59";"4";"https://www.wwpipe.at/web-portal/complex-description/0823337"
"F‰rberm¸hlgasse 9";"1230 Wien, F‰rberm¸hlgasse F‰rberm¸hlgasse";"1954";"1955";"";"Johann (Hans) Stˆhr, Ludwig Schmid";"nein";"";"";"14";"1";"https://www.wwpipe.at/web-portal/complex-description/0823338"
"Josef-Endlweber-Gasse 3-5";"1230 Wien, Josef-Endlweber-Gasse Josef-Endlweber-Gasse";"1956";"1957";"";"Moritz ServÈ";"nein";"";"";"28";"3";"https://www.wwpipe.at/web-portal/complex-description/0823339"
"Breitenfurter Straﬂe 556";"1230 Wien, Breitenfurter Straﬂe Breitenfurter Straﬂe";"1956";"1958";"";"Rosa (Rosl) Weiser";"ja";"";"";"30";"3";"https://www.wwpipe.at/web-portal/complex-description/0823340"
"Johann-Hˆrbiger-Gasse 24-28";"1230 Wien, Johann-Hˆrbiger-Gasse Johann-Hˆrbiger-Gasse";"1956";"1958";"";"Karl Kaill, Paul Artmann, Kurt Russo, Erna Grigkar-Kapinus";"ja";"";"";"184";"12";"https://www.wwpipe.at/web-portal/complex-description/0523341"
"Karl-Heinz-Straﬂe 22a";"1230 Wien, Karl-Heinz-Straﬂe Karl-Heinz-Straﬂe";"1956";"1957";"";"Ludwig Schmid, Johann (Hans) Stˆhr";"nein";"";"";"10";"0";"https://www.wwpipe.at/web-portal/complex-description/0823343"
"Maurer Hauptplatz 5";"1230 Wien, Maurer Hauptplatz Maurer Hauptplatz";"1956";"1958";"";"Edith Lessel";"ja";"";"";"22";"5";"https://www.wwpipe.at/web-portal/complex-description/0823344"
"Breitenfurter Straﬂe 477-485";"1230 Wien, Breitenfurter Straﬂe Breitenfurter Straﬂe";"1957";"1959";"";"Frank Schl‰ger, Richard Putsch";"ja";"";"";"138";"12";"https://www.wwpipe.at/web-portal/complex-description/0523345"
"Arabellagasse 2-10";"1230 Wien, Arabellagasse Arabellagasse";"1957";"1959";"";"Hans Bolek, Leopold Scheibl, Fritz Nollert";"ja";"";"";"181";"15";"https://www.wwpipe.at/web-portal/complex-description/0823346"
"Maurer Hauptplatz 2";"1230 Wien, Maurer Hauptplatz Maurer Hauptplatz";"1957";"1959";"";"Anton Kralik";"ja";"";"";"40";"10";"https://www.wwpipe.at/web-portal/complex-description/0623347"
"Gutheil-Schoder-Gasse 68-76";"1230 Wien, Gutheil-Schoder-Gasse Gutheil-Schoder-Gasse";"1958";"1960";"";"Martin Sauer, Hans Steindl, Robert Zeidner";"ja";"";"";"218";"13";"https://www.wwpipe.at/web-portal/complex-description/0623349"
"Rudolf-Zeller-Gasse 14a";"1230 Wien, Rudolf-Zeller-Gasse Rudolf-Zeller-Gasse";"1958";"1960";"";"Karl Hauschka";"ja";"";"";"16";"0";"https://www.wwpipe.at/web-portal/complex-description/0823353"
"Ketzergasse 101-103";"1230 Wien, Ketzergasse Ketzergasse";"1960";"1962";"";"Camillo Fritz Discher";"nein";"";"";"40";"5";"https://www.wwpipe.at/web-portal/complex-description/0623354"
"Altmannsdorfer Straﬂe 164-182";"1230 Wien, Altmannsdorfer Straﬂe Altmannsdorfer Straﬂe";"1961";"1965";"";"Otto Ceska, Elise Sundt, Robert Ulrich, Karl Musil, Josef Fleischer, Anton Wiltschnig, Kurt Walder, Erwin Weissenbˆck, Karl Vodak sen., Kurt Schimak, Hans Reichmann";"ja";"";"";"1172";"31";"https://www.wwpipe.at/web-portal/complex-description/0623355"
"Gregorygasse 35-45";"1230 Wien, Gregorygasse Gregorygasse";"1962";"1964";"";"Walter Vasa, Johannes Daum, Alois Machatschek";"nein";"";"";"220";"11";"https://www.wwpipe.at/web-portal/complex-description/0523357"
"Hochwassergasse 60";"1230 Wien, Hochwassergasse Hochwassergasse";"1962";"1964";"";"Kurt Russo, Helmut Kern";"ja";"";"";"99";"5";"https://www.wwpipe.at/web-portal/complex-description/0623358"
"Rudolf-Zeller-Gasse 69";"1230 Wien, Rudolf-Zeller-Gasse Rudolf-Zeller-Gasse";"1969";"1970";"";"Brigitte Wiedmann, Friedrich Albrecht";"ja";"";"";"180";"1";"https://www.wwpipe.at/web-portal/complex-description/0423359"
"Breitenfurter Straﬂe 299-303";"1230 Wien, Breitenfurter Straﬂe Breitenfurter Straﬂe";"1963";"1965";"";"Walter Prutscher, Richard Siedek";"nein";"";"";"72";"4";"https://www.wwpipe.at/web-portal/complex-description/0523360"
"Erlaaer Straﬂe 131-133";"1230 Wien, Erlaaer Straﬂe Erlaaer Straﬂe";"1963";"1965";"";"Hans Steindl, Reinhold Gabriel";"ja";"";"";"128";"4";"https://www.wwpipe.at/web-portal/complex-description/0623361"
"Ketzergasse 56";"1230 Wien, Ketzergasse Ketzergasse";"1964";"1966";"";"Martin Sauer, Robert Zeidner";"nein";"";"";"3";"2";"https://www.wwpipe.at/web-portal/complex-description/0623362"
"Erlaaer Straﬂe 6-10";"1230 Wien, Erlaaer Straﬂe Erlaaer Straﬂe";"1964";"1965";"";"Hilde Filas";"nein";"";"";"27";"4";"https://www.wwpipe.at/web-portal/complex-description/0623363"
"Hˆpflergasse 6";"1230 Wien, Hˆpflergasse Hˆpflergasse";"1964";"1965";"";"Wolfram Schindler";"nein";"";"";"131";"50";"https://www.wwpipe.at/web-portal/complex-description/0623364"
"Ketzergasse 26";"1230 Wien, Ketzergasse Ketzergasse";"1964";"1966";"";"Robert Zeidner, Martin Sauer";"nein";"";"";"117";"4";"https://www.wwpipe.at/web-portal/complex-description/0523365"
"Gregorygasse 20-26";"1230 Wien, Gregorygasse Gregorygasse";"1964";"1966";"";"Wolfram Schindler";"nein";"";"";"129";"7";"https://www.wwpipe.at/web-portal/complex-description/0623366"
"F‰rberm¸hlgasse 8";"1230 Wien, F‰rberm¸hlgasse F‰rberm¸hlgasse";"1964";"1966";"";"Anton Herrgesell";"nein";"";"";"32";"0";"https://www.wwpipe.at/web-portal/complex-description/0623367"
"Karl-Schwed-Gasse 48-50";"1230 Wien, Karl-Schwed-Gasse Karl-Schwed-Gasse";"1965";"1967";"";"Otto Niedermoser";"ja";"";"";"334";"34";"https://www.wwpipe.at/web-portal/complex-description/0523368"
"F‰rberm¸hlgasse 12-14";"1230 Wien, F‰rberm¸hlgasse F‰rberm¸hlgasse";"1964";"1966";"";"Rudolf Bazalka";"ja";"";"";"60";"0";"https://www.wwpipe.at/web-portal/complex-description/0623369"
"Erlaaer Straﬂe 55-63";"1230 Wien, Erlaaer Straﬂe Erlaaer Straﬂe";"1964";"1966";"";"Maria Albrecht, Stephan A. Kraft, Anna Fembˆck";"ja";"";"";"207";"13";"https://www.wwpipe.at/web-portal/complex-description/0623370"
"F‰rberm¸hlgasse 15";"1230 Wien, F‰rberm¸hlgasse F‰rberm¸hlgasse";"1964";"1966";"";"Rudolf Bazalka";"ja";"";"";"59";"2";"https://www.wwpipe.at/web-portal/complex-description/0623371"
"P¸lslgasse 3";"1230 Wien, P¸lslgasse P¸lslgasse";"1966";"1967";"";"Rudolf Dinner";"ja";"";"";"39";"3";"https://www.wwpipe.at/web-portal/complex-description/0623372"
"Dirmhirngasse 16-18";"1230 Wien, Dirmhirngasse Dirmhirngasse";"1966";"1967";"";"Vinzenz Herrmann, Helmut Frisch, Friedrich Albrecht, Brigitte Wiedmann, Karl Burian, Ernst Arthofer, Leopold Ledwinka";"ja";"";"";"388";"12";"https://www.wwpipe.at/web-portal/complex-description/0423373"
"Breitenfurter Straﬂe 338";"1230 Wien, Breitenfurter Straﬂe Breitenfurter Straﬂe";"1967";"1968";"";"Felix Hasenˆhrl";"ja";"";"";"98";"19";"https://www.wwpipe.at/web-portal/complex-description/0423374"
"Khekgasse 41";"1230 Wien, Khekgasse Khekgasse";"1966";"1967";"";"Rudolf Dinner";"nein";"";"";"15";"1";"https://www.wwpipe.at/web-portal/complex-description/0623375"
"Khekgasse 45";"1230 Wien, Khekgasse Khekgasse";"1966";"1967";"";"Rudolf Dinner";"ja";"";"";"26";"2";"https://www.wwpipe.at/web-portal/complex-description/0623376"
"Brunner Straﬂe 21";"1230 Wien, Brunner Straﬂe Brunner Straﬂe";"1969";"1971";"";"Helmut Lindner";"ja";"";"";"70";"7";"https://www.wwpipe.at/web-portal/complex-description/0023378"
"Wagenmanngasse 3";"1230 Wien, Wagenmanngasse Wagenmanngasse";"1969";"1970";"";"Brigitte Ottel";"nein";"";"";"33";"1";"https://www.wwpipe.at/web-portal/complex-description/0423379"
"Breitenfurter Straﬂe 360-368";"1230 Wien, Breitenfurter Straﬂe Breitenfurter Straﬂe";"1972";"1975";"";"Robert Zeidner";"nein";"";"";"89";"30";"https://www.wwpipe.at/web-portal/complex-description/1123380"
"Breitenfurter Straﬂe 519-521";"1230 Wien, Breitenfurter Straﬂe Breitenfurter Straﬂe";"1973";"1974";"";"Karl Kotal";"ja";"";"";"63";"1";"https://www.wwpipe.at/web-portal/complex-description/1223381"
"Breitenfurter Straﬂe 555-557";"1230 Wien, Breitenfurter Straﬂe Breitenfurter Straﬂe";"1973";"1975";"";"Erna Grigkar-Kapinus";"ja";"";"";"24";"5";"https://www.wwpipe.at/web-portal/complex-description/1223382"
"Rudolf-Zeller-Gasse 71";"1230 Wien, Rudolf-Zeller-Gasse Rudolf-Zeller-Gasse";"1972";"1975";"";"Friedrich Lang, Ernst Plojhar";"ja";"";"";"146";"3";"https://www.wwpipe.at/web-portal/complex-description/1223383"
"Mehlf¸hrergasse 26-28";"1230 Wien, Mehlf¸hrergasse Mehlf¸hrergasse";"1975";"1978";"";"Walter Lagler, Hilde Filas, Lucia Aichinger";"ja";"";"";"147";"1";"https://www.wwpipe.at/web-portal/complex-description/1423384"
"Amstergasse 1";"1230 Wien, Amstergasse Amstergasse";"1977";"1979";"";"Walter Schneider, Rudolf Weichinger";"ja";"";"";"98";"7";"https://www.wwpipe.at/web-portal/complex-description/1523385"
"Breitenfurter Straﬂe 291-297";"1230 Wien, Breitenfurter Straﬂe Breitenfurter Straﬂe";"1976";"1978";"";"Jan Koci, Ilse Koci";"ja";"";"";"63";"20";"https://www.wwpipe.at/web-portal/complex-description/1523387"
"Ketzergasse 376-382";"1230 Wien, Ketzergasse Ketzergasse";"1977";"1979";"";"Alois Machatschek, Gerhard Molzbichler";"nein";"";"";"50";"12";"https://www.wwpipe.at/web-portal/complex-description/1523388"
"Ketzergasse 435-437";"1230 Wien, Ketzergasse Ketzergasse";"1976";"1978";"";"Alois Machatschek";"nein";"";"";"23";"4";"https://www.wwpipe.at/web-portal/complex-description/1423389"
"Meisgeyergasse 18";"1230 Wien, Meisgeyergasse Meisgeyergasse";"1976";"1978";"";"Peter Gebhart";"nein";"";"";"10";"0";"https://www.wwpipe.at/web-portal/complex-description/1523390"
"Keltengasse 4";"1230 Wien, Keltengasse Keltengasse";"1975";"1978";"";"Lucia Aichinger, Walter Lagler, Hilde Filas";"ja";"";"";"215";"4";"https://www.wwpipe.at/web-portal/complex-description/1523391"
"Erlaaer Straﬂe 11-15";"1230 Wien, Erlaaer Straﬂe Erlaaer Straﬂe";"1982";"1984";"";"Gunther Wawrik, Hans Puchhammer";"nein";"";"";"27";"0";"https://www.wwpipe.at/web-portal/complex-description/1723392"
"Knotzenbachgasse 39-45";"1230 Wien, Knotzenbachgasse Knotzenbachgasse";"1980";"1982";"";"Helmut Hasendorfer, Klaus Buben";"nein";"";"";"34";"1";"https://www.wwpipe.at/web-portal/complex-description/1523393"
"Karl-Tornay-Gasse 37-43";"1230 Wien, Karl-Tornay-Gasse Karl-Tornay-Gasse";"1978";"1980";"";"Rupert Falkner, Rudolf Hautmann, Friedrich Rollwagen, Klara Hautmann-Kiss";"ja";"";"";"822";"22";"https://www.wwpipe.at/web-portal/complex-description/1523394"
"Josef-÷sterreicher-Gasse 20-22";"1230 Wien, Josef-÷sterreicher-Gasse Josef-÷sterreicher-Gasse";"1980";"1982";"";"August Kastner";"nein";"";"";"30";"2";"https://www.wwpipe.at/web-portal/complex-description/1523396"
"Johann-Gottek-Gasse 18";"1230 Wien, Johann-Gottek-Gasse Johann-Gottek-Gasse";"1980";"1982";"";"Ernst-Helmar Zwick";"nein";"";"";"25";"1";"https://www.wwpipe.at/web-portal/complex-description/1623397"
"Maurer Hauptplatz 11";"1230 Wien, Maurer Hauptplatz Maurer Hauptplatz";"1979";"1979";"";"Rolf Thomas Lauterbach";"ja";"";"";"19";"3";"https://www.wwpipe.at/web-portal/complex-description/1523398"
"Pfarrgasse 61";"1230 Wien, Pfarrgasse Pfarrgasse";"1980";"1982";"";"Leopold Huber, Peter Deiss";"ja";"";"";"185";"2";"https://www.wwpipe.at/web-portal/complex-description/1623399"
"Mehlf¸hrergasse 22-24";"1230 Wien, Mehlf¸hrergasse Mehlf¸hrergasse";"1975";"1978";"";"Hilde Filas, Walter Lagler, Lucia Aichinger";"ja";"";"";"39";"0";"https://www.wwpipe.at/web-portal/complex-description/1623400"
"Kellerberggasse 55-57";"1230 Wien, Kellerberggasse Kellerberggasse";"1982";"1983";"";"Bruno Hampel";"nein";"";"";"24";"2";"https://www.wwpipe.at/web-portal/complex-description/1723401"
"Rudolf-Zeller-Gasse 4-8";"1230 Wien, Rudolf-Zeller-Gasse Rudolf-Zeller-Gasse";"1982";"1984";"";"Josef Hinterhˆlzl";"nein";"";"";"23";"1";"https://www.wwpipe.at/web-portal/complex-description/1723402"
"Breitenfurter Straﬂe 401-413";"1230 Wien, Breitenfurter Straﬂe Breitenfurter Straﬂe";"1984";"1987";"";"Robert (Rob) Krier, Hedwig (Hedy) Wachberger, Peter Gebhart";"ja";"";"";"323";"26";"https://www.wwpipe.at/web-portal/complex-description/1723404"
"Pfarrgasse 34-44";"1230 Wien, Pfarrgasse Pfarrgasse";"1986";"1988";"";"Wilhelm Kleyhons, Dieter Schˆn, Frank Mayr, Albert Wimmer, Peter H. Ortner, Walter Lagler, Sepp Frank, Reinhard Gieselmann";"nein";"";"";"457";"14";"https://www.wwpipe.at/web-portal/complex-description/1923405"
"Kolbegasse 44";"1230 Wien, Kolbegasse Kolbegasse";"1984";"1987";"";"Othmar Augustin, Maria Hurka";"ja";"";"";"304";"11";"https://www.wwpipe.at/web-portal/complex-description/1723406"
"Oldenburggasse 13-27";"1230 Wien, Oldenburggasse Oldenburggasse";"1988";"1990";"";"Erich Millbacher, Peter Bitschnau, Gerd Schlˆgl, Gerhard Kroj";"nein";"";"";"217";"9";"https://www.wwpipe.at/web-portal/complex-description/1923408"
"Traviatagasse 12-16";"1230 Wien, Traviatagasse Traviatagasse";"1990";"1992";"";"Othmar Augustin, Gerd Schlˆgl";"nein";"";"";"171";"7";"https://www.wwpipe.at/web-portal/complex-description/2123411"
"Weyprechtgasse 7";"1160 Wien, Weyprechtgasse Weyprechtgasse";"1994";"1995";"";"Roland Schmid, Karl Heinz Huber";"nein";"";"";"12";"1";"https://www.wwpipe.at/web-portal/complex-description/2316412"
"Gallgasse 71";"1130 Wien, Gallgasse Gallgasse";"1995";"1996";"";"Bruno Echerer";"nein";"";"";"56";"2";"https://www.wwpipe.at/web-portal/complex-description/2313357"
"Gaﬂmannstraﬂe 41";"1120 Wien, Gaﬂmannstraﬂe Gaﬂmannstraﬂe";"1994";"1995";"";"R¸diger Lainer";"nein";"";"";"17";"0";"https://www.wwpipe.at/web-portal/complex-description/2312409"
"Leidesdorfgasse 1";"1190 Wien, Leidesdorfgasse Leidesdorfgasse";"1995";"1995";"";"Erich Amon";"nein";"";"";"7";"0";"https://www.wwpipe.at/web-portal/complex-description/2319399"
"Margaretenstraﬂe 108";"1050 Wien, Margaretenstraﬂe Margaretenstraﬂe";"1994";"1996";"";"Werner Obermann";"nein";"";"";"24";"2";"https://www.wwpipe.at/web-portal/complex-description/2105353"
"Grieshofgasse 12";"1120 Wien, Grieshofgasse Grieshofgasse";"1995";"1996";"";"Helmut Wimmer";"nein";"";"";"9";"0";"https://www.wwpipe.at/web-portal/complex-description/2312410"
"Polgarstraﬂe 1-3";"1220 Wien, Polgarstraﬂe Polgarstraﬂe";"1995";"1996";"";"Frank C. Demblin, Peter Casapicola";"nein";"";"";"192";"7";"https://www.wwpipe.at/web-portal/complex-description/2322387"
"Koppstraﬂe 11";"1160 Wien, Koppstraﬂe Koppstraﬂe";"1994";"1996";"";"Planungsgesellschaft Peter & Fuhrmann";"nein";"";"";"29";"3";"https://www.wwpipe.at/web-portal/complex-description/2316411"
"Franz-Glaser-Gasse 1-3";"1170 Wien, Franz-Glaser-Gasse Franz-Glaser-Gasse";"1995";"1997";"";"Franz Haiden";"nein";"";"";"13";"2";"https://www.wwpipe.at/web-portal/complex-description/2317364"
"Rosa-Jochmann-Ring 3";"1110 Wien, Rosa-Jochmann-Ring Rosa-Jochmann-Ring";"1995";"1997";"";"Karl Mang, Peter Bitschnau, Fritz Waclawek";"nein";"";"";"254";"5";"https://www.wwpipe.at/web-portal/complex-description/2311415"
"Rosa-Jochmann-Ring 1";"1110 Wien, Rosa-Jochmann-Ring Rosa-Jochmann-Ring";"1995";"1997";"";"Walter Stelzhammer";"nein";"";"";"108";"3";"https://www.wwpipe.at/web-portal/complex-description/2311416"
"Viehtriftgasse 9, 11, 12, 14";"1210 Wien, Viehtriftgasse Viehtriftgasse";"1995";"1997";"";"Manfred Schuster, Walter Ifsits, Herbert Prehsler, Helmut Schultmeyer";"nein";"";"";"250";"3";"https://www.wwpipe.at/web-portal/complex-description/2321431"
"Linzer Straﬂe 386-390";"1140 Wien, Linzer Straﬂe Linzer Straﬂe";"1995";"1996";"";"Michael A. Hein";"ja";"";"";"24";"3";"https://www.wwpipe.at/web-portal/complex-description/2314385"
"Bachgasse 12";"1160 Wien, Bachgasse Bachgasse";"1995";"1996";"";"Wolfram Schindler";"nein";"";"";"18";"1";"https://www.wwpipe.at/web-portal/complex-description/2316413"
"W¸rffelgasse 6-8";"1150 Wien, W¸rffelgasse W¸rffelgasse";"1996";"1997";"";"Gabor Fettik";"nein";"";"";"24";"2";"https://www.wwpipe.at/web-portal/complex-description/2315428"
"Hanreitergasse 13";"1210 Wien, Hanreitergasse Hanreitergasse";"1996";"1997";"";"Gabor Fettik, Erich Raith, Paul Giuliani, Michael Haiko";"ja";"";"";"159";"1";"https://www.wwpipe.at/web-portal/complex-description/2321429"
"Rosa-Jochmann-Ring 5";"1110 Wien, Rosa-Jochmann-Ring Rosa-Jochmann-Ring";"1994";"1996";"";"Margarethe Cufer, Roland Hagm¸ller, Otmar Hasler, Helmut K¸ffel, Reinhard Gieselmann, Pekka Janhunen";"nein";"";"";"542";"40";"https://www.wwpipe.at/web-portal/complex-description/2311413"
"Am Hofgartel 3-7";"1110 Wien, Am Hofgartel Am Hofgartel";"1995";"1997";"";"Georg Lisner, Edgar Gˆth, Georg Popper";"nein";"";"";"275";"6";"https://www.wwpipe.at/web-portal/complex-description/2311418"
"Am Hofgartel 8-10";"1110 Wien, Am Hofgartel Am Hofgartel";"1995";"1997";"";"Josef Krawina, Hilde Filas, Sylvia Fritz-Anhalt";"nein";"";"";"182";"3";"https://www.wwpipe.at/web-portal/complex-description/2311419"
"Dr.-Eberle-Gasse 2-8";"1100 Wien, Dr.-Eberle-Gasse Dr.-Eberle-Gasse";"1967";"1968";"";"Dietlind Erschen, Arthur Reichel";"nein";"";"";"107";"0";"https://www.wwpipe.at/web-portal/complex-description/0410353"
"Dernjacgasse 10";"1230 Wien, Dernjacgasse Dernjacgasse";"1999";"2000";"";"Adolf Krischanitz";"nein";"";"";"45";"3";"https://www.wwpipe.at/web-portal/complex-description/2323418"
"Dernjacgasse 4";"1230 Wien, Dernjacgasse Dernjacgasse";"1999";"2000";"";"Hans Puchhammer";"nein";"";"";"47";"2";"https://www.wwpipe.at/web-portal/complex-description/2323417"
"Rudolf-Nurejew-Promenade 9";"1220 Wien, Rudolf-Nurejew-Promenade Rudolf-Nurejew-Promenade";"1996";"1998";"";"Manfred Nehrer, Reinhard Medek, Harry Seidler";"ja";"";"";"0";"0";"https://www.wwpipe.at/web-portal/complex-description/0322336"
"Haslingergasse 35";"1170 Wien, Haslingergasse Haslingergasse";"1993";"1995";"";"Walter Kral";"nein";"";"";"17";"2";"https://www.wwpipe.at/web-portal/complex-description/2317365"
"Simmeringer Hauptstraﬂe 108 A";"1110 Wien, Simmeringer Hauptstraﬂe Simmeringer Hauptstraﬂe";"1999";"2000";"";"Architektenguppe U-Bahn";"nein";"";"";"16";"6";"https://www.wwpipe.at/web-portal/complex-description/2311420"
"Arndtstraﬂe 74-76";"1120 Wien, Arndtstraﬂe Arndtstraﬂe";"1997";"1999";"";"Rudolf Lamprecht, Gregor Pribek";"nein";"";"";"27";"2";"https://www.wwpipe.at/web-portal/complex-description/2312411"
"Reithofferplatz 10";"1150 Wien, Reithofferplatz Reithofferplatz";"1998";"1999";"";"Brigitte Ottel";"nein";"";"";"16";"1";"https://www.wwpipe.at/web-portal/complex-description/2315438"
"Allerheiligengasse 5";"1200 Wien, Allerheiligengasse Allerheiligengasse";"1999";"1999";"";"Erika Hotzy-Peters, Erich Amon";"nein";"";"";"40";"1";"https://www.wwpipe.at/web-portal/complex-description/2320371"
"Albertisgasse 3";"1210 Wien, Albertisgasse Albertisgasse";"1997";"1998";"";"Michael A. Hein";"nein";"";"";"26";"2";"https://www.wwpipe.at/web-portal/complex-description/2321433"
"Ferdinand-K‰s-Gasse 3";"1210 Wien, Ferdinand-K‰s-Gasse Ferdinand-K‰s-Gasse";"1997";"1998";"";"Egon Hentze, Herbert Beier";"nein";"";"";"164";"2";"https://www.wwpipe.at/web-portal/complex-description/2321432"
"Prandaugasse 3";"1220 Wien, Prandaugasse Prandaugasse";"1998";"2000";"";"Reinhard Medek, Manfred Nehrer";"nein";"";"";"149";"5";"https://www.wwpipe.at/web-portal/complex-description/2322397"
"Markgraf-Gerold-Gasse 18";"1220 Wien, Markgraf-Gerold-Gasse Markgraf-Gerold-Gasse";"1997";"1999";"";"Michael A. Hein";"nein";"";"";"80";"1";"https://www.wwpipe.at/web-portal/complex-description/2322393"
"M¸llnermaisgasse 11";"1220 Wien, M¸llnermaisgasse M¸llnermaisgasse";"1997";"1999";"";"Georg W. Reinberg";"nein";"";"";"89";"2";"https://www.wwpipe.at/web-portal/complex-description/2322391"
"Ketzergasse 312-314";"1230 Wien, Ketzergasse Ketzergasse";"1997";"1998";"";"Johannes Zieser";"nein";"";"";"18";"0";"https://www.wwpipe.at/web-portal/complex-description/2323412"
"Jedlersdorfer Straﬂe 180";"1210 Wien, Jedlersdorfer Straﬂe Jedlersdorfer Straﬂe";"1997";"1999";"";"Erich Amon";"nein";"";"";"58";"0";"https://www.wwpipe.at/web-portal/complex-description/2321434"
"Wankl‰ckergasse 36";"1210 Wien, Wankl‰ckergasse Wankl‰ckergasse";"1997";"1998";"";"Roland C‰sar";"nein";"";"";"46";"0";"https://www.wwpipe.at/web-portal/complex-description/2321436"
"Korbergasse 4-6";"1120 Wien, Korbergasse Korbergasse";"2000";"2001";"";"Miroslaw Zawila";"nein";"";"";"17";"1";"https://www.wwpipe.at/web-portal/complex-description/2312413"
"Geiselbergstraﬂe 54";"1110 Wien, Geiselbergstraﬂe Geiselbergstraﬂe";"";"";"1900";"unbekannt unbekannt";"nein";"";"";"8";"1";"https://www.wwpipe.at/web-portal/complex-description/1311421"
"Gerasdorfer Straﬂe 332";"1210 Wien, Gerasdorfer Straﬂe Gerasdorfer Straﬂe";"2000";"2001";"";"Eduard Neversal";"nein";"";"";"19";"3";"https://www.wwpipe.at/web-portal/complex-description/2321439"
"Hahnemanngasse 3";"1210 Wien, Hahnemanngasse Hahnemanngasse";"1996";"1997";"";"Erich Amon";"nein";"";"";"47";"0";"https://www.wwpipe.at/web-portal/complex-description/2321438"
"Opfermanngasse 1";"1160 Wien, Opfermanngasse Opfermanngasse";"1998";"1999";"";"Wilhelm Holzbauer, Georg Ladst‰tter, Bert Gantar, Heinz Marschalek, Andreas Jerabek";"nein";"";"";"20";"2";"https://www.wwpipe.at/web-portal/complex-description/2316415"
"Hartlebengasse 1-17";"1220 Wien, Hartlebengasse Hartlebengasse";"1961";"1963";"";"Rudolf Dinner, Gustav Peichl, Egon Fraundorfer, Raimund Haintz, Ernst Hiesmayr";"ja";"";"";"1017";"19";"https://www.wwpipe.at/web-portal/complex-description/0622341"
"Rˆﬂlergasse 15";"1230 Wien, Rˆﬂlergasse Rˆﬂlergasse";"2002";"2004";"";"Christoph Mayrhofer, Michael A. Hein";"nein";"";"";"74";"4";"https://www.wwpipe.at/web-portal/complex-description/2323415"
"Otto-Probst-Straﬂe 12";"1100 Wien, Otto-Probst-Straﬂe Otto-Probst-Straﬂe";"1989";"1991";"";"";"nein";"";"";"77";"0";"https://www.wwpipe.at/web-portal/complex-description/2110448"
"Otto-Probst-Platz 1";"1100 Wien, Otto-Probst-Platz Otto-Probst-Platz";"1990";"1991";"";"";"nein";"";"";"122";"9";"https://www.wwpipe.at/web-portal/complex-description/2110450"
"Sch‰ffergasse 10";"1040 Wien, Sch‰ffergasse Sch‰ffergasse";"2021";"2023";"";"";"nein";"";"";"33";"1";"https://www.wwpipe.at/web-portal/complex-description/2704309"
"Geringergasse 22";"1110 Wien, Geringergasse Geringergasse";"";"";"2024";"";"nein";"";"";"0";"2";"https://www.wwpipe.at/web-portal/complex-description/0311496"
"Geringergasse 27";"1110 Wien, Geringergasse Geringergasse";"";"";"2024";"";"nein";"";"";"0";"9";"https://www.wwpipe.at/web-portal/complex-description/0311497"
"Sagedergasse 11";"1120 Wien, Sagedergasse Sagedergasse";"";"";"2024";"";"nein";"";"";"0";"2";"https://www.wwpipe.at/web-portal/complex-description/0312414"
"Emichgasse 4";"1220 Wien, Emichgasse Emichgasse";"";"";"2024";"";"nein";"";"";"0";"8";"https://www.wwpipe.at/web-portal/complex-description/0322400"
"Siebenb¸rgerstraﬂe 14";"1220 Wien, Siebenb¸rgerstraﬂe Siebenb¸rgerstraﬂe";"";"";"2024";"";"nein";"";"";"0";"25";"https://www.wwpipe.at/web-portal/complex-description/0322401"
